2026-06-12 01:18:18.859 - [DEBUG] ||| build_switch_IOmap ||| Switch_IOmap = [[0, 32, 1, 33, 2, 34, 3, 35, 4, 36, 5, 37, 6, 38, 7, 39, 8, 40, 9, 41, 10, 42, 11, 43, 12, 44, 13, 45, 14, 46, 15, 47, 16, 48, 17, 49, 18, 50, 19, 51, 20, 52, 21, 53, 22, 54, 23, 55, 24, 56, 25, 57, 26, 58, 27, 59, 28, 60, 29, 61, 30, 62, 31, 63], [0, 16, 1, 17, 2, 18, 3, 19, 4, 20, 5, 21, 6, 22, 7, 23, 8, 24, 9, 25, 10, 26, 11, 27, 12, 28, 13, 29, 14, 30, 15, 31, 32, 48, 33, 49, 34, 50, 35, 51, 36, 52, 37, 53, 38, 54, 39, 55, 40, 56, 41, 57, 42, 58, 43, 59, 44, 60, 45, 61, 46, 62, 47, 63], [0, 8, 1, 9, 2, 10, 3, 11, 4, 12, 5, 13, 6, 14, 7, 15, 16, 24, 17, 25, 18, 26, 19, 27, 20, 28, 21, 29, 22, 30, 23, 31, 32, 40, 33, 41, 34, 42, 35, 43, 36, 44, 37, 45, 38, 46, 39, 47, 48, 56, 49, 57, 50, 58, 51, 59, 52, 60, 53, 61, 54, 62, 55, 63], [0, 4, 1, 5, 2, 6, 3, 7, 8, 12, 9, 13, 10, 14, 11, 15, 16, 20, 17, 21, 18, 22, 19, 23, 24, 28, 25, 29, 26, 30, 27, 31, 32, 36, 33, 37, 34, 38, 35, 39, 40, 44, 41, 45, 42, 46, 43, 47, 48, 52, 49, 53, 50, 54, 51, 55, 56, 60, 57, 61, 58, 62, 59, 63], [0, 2, 1, 3, 4, 6, 5, 7, 8, 10, 9, 11, 12, 14, 13, 15, 16, 18, 17, 19, 20, 22, 21, 23, 24, 26, 25, 27, 28, 30, 29, 31, 32, 34, 33, 35, 36, 38, 37, 39, 40, 42, 41, 43, 44, 46, 45, 47, 48, 50, 49, 51, 52, 54, 53, 55, 56, 58, 57, 59, 60, 62, 61, 63]]
2026-06-12 01:18:20.560 - [DEBUG] ||| run ||| Attempting to route Benes permutation = [(0, 0), (1, 2), (2, 4), (3, 6), (4, 5), (5, 3), (6, 1), (7, 7), (20, 8), (21, 10), (22, 12), (23, 14), (24, 13), (25, 11), (26, 9), (27, 15), (28, 16), (29, 18), (30, 20), (31, 22), (32, 21), (33, 19), (34, 17), (35, 23)]
2026-06-12 01:18:20.561 - [DEBUG] ||| balance_perm ||| almost-balanced_perm = [0, 2, 4, 6, 5, 3, 1, 7, None, None, None, None, None, None, None, None, None, None, None, None, 8, 10, 12, 14, 13, 11, 9, 15, 16, 18, 20, 22, 21, 19, 17, 23, None, None, None, None, None, None, None, None, None, None, None, None, None, None, None, None, None, None, None, None, None, None, None, None, None, None, None, None]; free_dest = [24, 25, 26, 27, 28, 29, 30, 31, 32, 33, 34, 35, 36, 37, 38, 39, 40, 41, 42, 43, 44, 45, 46, 47, 48, 49, 50, 51, 52, 53, 54, 55, 56, 57, 58, 59, 60, 61, 62, 63]
2026-06-12 01:18:20.561 - [DEBUG] ||| balance_perm ||| balanced_perm = [0, 2, 4, 6, 5, 3, 1, 7, 63, 62, 61, 60, 59, 58, 57, 56, 55, 54, 53, 52, 8, 10, 12, 14, 13, 11, 9, 15, 16, 18, 20, 22, 21, 19, 17, 23, 51, 50, 49, 48, 47, 46, 45, 44, 43, 42, 41, 40, 39, 38, 37, 36, 35, 34, 33, 32, 31, 30, 29, 28, 27, 26, 25, 24]
2026-06-12 01:18:20.562 - [DEBUG] ||| run ||| Stage[0] || perm_split = 1, split_len = 64, sw_split = 32, sub_perms = [[0, 2, 4, 6, 5, 3, 1, 7, 63, 62, 61, 60, 59, 58, 57, 56, 55, 54, 53, 52, 8, 10, 12, 14, 13, 11, 9, 15, 16, 18, 20, 22, 21, 19, 17, 23, 51, 50, 49, 48, 47, 46, 45, 44, 43, 42, 41, 40, 39, 38, 37, 36, 35, 34, 33, 32, 31, 30, 29, 28, 27, 26, 25, 24]]
2026-06-12 01:18:20.562 - [DEBUG] ||| normalize_perm ||| Permutation post normalization = [0, 2, 4, 6, 5, 3, 1, 7, 63, 62, 61, 60, 59, 58, 57, 56, 55, 54, 53, 52, 8, 10, 12, 14, 13, 11, 9, 15, 16, 18, 20, 22, 21, 19, 17, 23, 51, 50, 49, 48, 47, 46, 45, 44, 43, 42, 41, 40, 39, 38, 37, 36, 35, 34, 33, 32, 31, 30, 29, 28, 27, 26, 25, 24]
2026-06-12 01:18:20.563 - [DEBUG] ||| run ||| pending_perm = [0, 2, 4, 6, 5, 3, 1, 7, 63, 62, 61, 60, 59, 58, 57, 56, 55, 54, 53, 52, 8, 10, 12, 14, 13, 11, 9, 15, 16, 18, 20, 22, 21, 19, 17, 23, 51, 50, 49, 48, 47, 46, 45, 44, 43, 42, 41, 40, 39, 38, 37, 36, 35, 34, 33, 32, 31, 30, 29, 28, 27, 26, 25, 24] | src = 0, dest = 0
2026-06-12 01:18:20.563 - [DEBUG] ||| prep_pass ||| Next permutation = [None, None, 4, 6, 5, 3, 1, 7, 63, 62, 61, 60, 59, 58, 57, 56, 55, 54, 53, 52, 8, 10, 12, 14, 13, 11, 9, 15, 16, 18, 20, 22, 21, 19, 17, 23, 51, 50, 49, 48, 47, 46, 45, 44, 43, 42, 41, 40, 39, 38, 37, 36, 35, 34, 33, 32, 31, 30, 29, 28, 27, 26, 25, 24]
2026-06-12 01:18:20.564 - [DEBUG] ||| prep_pass ||| rb_src = 7, rb_dest = 7
2026-06-12 01:18:20.564 - [DEBUG] ||| prep_pass ||| Next permutation = [None, None, 4, 6, 5, 3, None, None, 63, 62, 61, 60, 59, 58, 57, 56, 55, 54, 53, 52, 8, 10, 12, 14, 13, 11, 9, 15, 16, 18, 20, 22, 21, 19, 17, 23, 51, 50, 49, 48, 47, 46, 45, 44, 43, 42, 41, 40, 39, 38, 37, 36, 35, 34, 33, 32, 31, 30, 29, 28, 27, 26, 25, 24]
2026-06-12 01:18:20.565 - [DEBUG] ||| prep_pass ||| rb_src = 2, rb_dest = 4
2026-06-12 01:18:20.565 - [DEBUG] ||| prep_pass ||| Next permutation = [None, None, None, None, 5, 3, None, None, 63, 62, 61, 60, 59, 58, 57, 56, 55, 54, 53, 52, 8, 10, 12, 14, 13, 11, 9, 15, 16, 18, 20, 22, 21, 19, 17, 23, 51, 50, 49, 48, 47, 46, 45, 44, 43, 42, 41, 40, 39, 38, 37, 36, 35, 34, 33, 32, 31, 30, 29, 28, 27, 26, 25, 24]
2026-06-12 01:18:20.566 - [DEBUG] ||| prep_pass ||| rb_src = 5, rb_dest = 3
2026-06-12 01:18:20.566 - [DEBUG] ||| prep_pass ||| Next permutation = [None, None, None, None, None, None, None, None, 63, 62, 61, 60, 59, 58, 57, 56, 55, 54, 53, 52, 8, 10, 12, 14, 13, 11, 9, 15, 16, 18, 20, 22, 21, 19, 17, 23, 51, 50, 49, 48, 47, 46, 45, 44, 43, 42, 41, 40, 39, 38, 37, 36, 35, 34, 33, 32, 31, 30, 29, 28, 27, 26, 25, 24]
2026-06-12 01:18:20.566 - [DEBUG] ||| prep_pass ||| Chain complete
2026-06-12 01:18:20.567 - [DEBUG] ||| run ||| pending_perm = [None, None, None, None, None, None, None, None, 63, 62, 61, 60, 59, 58, 57, 56, 55, 54, 53, 52, 8, 10, 12, 14, 13, 11, 9, 15, 16, 18, 20, 22, 21, 19, 17, 23, 51, 50, 49, 48, 47, 46, 45, 44, 43, 42, 41, 40, 39, 38, 37, 36, 35, 34, 33, 32, 31, 30, 29, 28, 27, 26, 25, 24] | src = 8, dest = 63
2026-06-12 01:18:20.567 - [DEBUG] ||| prep_pass ||| Next permutation = [None, None, None, None, None, None, None, None, None, None, 61, 60, 59, 58, 57, 56, 55, 54, 53, 52, 8, 10, 12, 14, 13, 11, 9, 15, 16, 18, 20, 22, 21, 19, 17, 23, 51, 50, 49, 48, 47, 46, 45, 44, 43, 42, 41, 40, 39, 38, 37, 36, 35, 34, 33, 32, 31, 30, 29, 28, 27, 26, 25, 24]
2026-06-12 01:18:20.568 - [DEBUG] ||| prep_pass ||| Chain complete
2026-06-12 01:18:20.568 - [DEBUG] ||| run ||| pending_perm = [None, None, None, None, None, None, None, None, None, None, 61, 60, 59, 58, 57, 56, 55, 54, 53, 52, 8, 10, 12, 14, 13, 11, 9, 15, 16, 18, 20, 22, 21, 19, 17, 23, 51, 50, 49, 48, 47, 46, 45, 44, 43, 42, 41, 40, 39, 38, 37, 36, 35, 34, 33, 32, 31, 30, 29, 28, 27, 26, 25, 24] | src = 10, dest = 61
2026-06-12 01:18:20.568 - [DEBUG] ||| prep_pass ||| Next permutation = [None, None, None, None, None, None, None, None, None, None, None, None, 59, 58, 57, 56, 55, 54, 53, 52, 8, 10, 12, 14, 13, 11, 9, 15, 16, 18, 20, 22, 21, 19, 17, 23, 51, 50, 49, 48, 47, 46, 45, 44, 43, 42, 41, 40, 39, 38, 37, 36, 35, 34, 33, 32, 31, 30, 29, 28, 27, 26, 25, 24]
2026-06-12 01:18:20.569 - [DEBUG] ||| prep_pass ||| Chain complete
2026-06-12 01:18:20.569 - [DEBUG] ||| run ||| pending_perm = [None, None, None, None, None, None, None, None, None, None, None, None, 59, 58, 57, 56, 55, 54, 53, 52, 8, 10, 12, 14, 13, 11, 9, 15, 16, 18, 20, 22, 21, 19, 17, 23, 51, 50, 49, 48, 47, 46, 45, 44, 43, 42, 41, 40, 39, 38, 37, 36, 35, 34, 33, 32, 31, 30, 29, 28, 27, 26, 25, 24] | src = 12, dest = 59
2026-06-12 01:18:20.570 - [DEBUG] ||| prep_pass ||| Next permutation = [None, None, None, None, None, None, None, None, None, None, None, None, None, None, 57, 56, 55, 54, 53, 52, 8, 10, 12, 14, 13, 11, 9, 15, 16, 18, 20, 22, 21, 19, 17, 23, 51, 50, 49, 48, 47, 46, 45, 44, 43, 42, 41, 40, 39, 38, 37, 36, 35, 34, 33, 32, 31, 30, 29, 28, 27, 26, 25, 24]
2026-06-12 01:18:20.570 - [DEBUG] ||| prep_pass ||| Chain complete
2026-06-12 01:18:20.570 - [DEBUG] ||| run ||| pending_perm = [None, None, None, None, None, None, None, None, None, None, None, None, None, None, 57, 56, 55, 54, 53, 52, 8, 10, 12, 14, 13, 11, 9, 15, 16, 18, 20, 22, 21, 19, 17, 23, 51, 50, 49, 48, 47, 46, 45, 44, 43, 42, 41, 40, 39, 38, 37, 36, 35, 34, 33, 32, 31, 30, 29, 28, 27, 26, 25, 24] | src = 14, dest = 57
2026-06-12 01:18:20.571 - [DEBUG] ||| prep_pass ||| Next permutation = [None, None, None, None, None, None, None, None, None, None, None, None, None, None, None, None, 55, 54, 53, 52, 8, 10, 12, 14, 13, 11, 9, 15, 16, 18, 20, 22, 21, 19, 17, 23, 51, 50, 49, 48, 47, 46, 45, 44, 43, 42, 41, 40, 39, 38, 37, 36, 35, 34, 33, 32, 31, 30, 29, 28, 27, 26, 25, 24]
2026-06-12 01:18:20.571 - [DEBUG] ||| prep_pass ||| Chain complete
2026-06-12 01:18:20.572 - [DEBUG] ||| run ||| pending_perm = [None, None, None, None, None, None, None, None, None, None, None, None, None, None, None, None, 55, 54, 53, 52, 8, 10, 12, 14, 13, 11, 9, 15, 16, 18, 20, 22, 21, 19, 17, 23, 51, 50, 49, 48, 47, 46, 45, 44, 43, 42, 41, 40, 39, 38, 37, 36, 35, 34, 33, 32, 31, 30, 29, 28, 27, 26, 25, 24] | src = 16, dest = 55
2026-06-12 01:18:20.572 - [DEBUG] ||| prep_pass ||| Next permutation = [None, None, None, None, None, None, None, None, None, None, None, None, None, None, None, None, None, None, 53, 52, 8, 10, 12, 14, 13, 11, 9, 15, 16, 18, 20, 22, 21, 19, 17, 23, 51, 50, 49, 48, 47, 46, 45, 44, 43, 42, 41, 40, 39, 38, 37, 36, 35, 34, 33, 32, 31, 30, 29, 28, 27, 26, 25, 24]
2026-06-12 01:18:20.573 - [DEBUG] ||| prep_pass ||| Chain complete
2026-06-12 01:18:20.573 - [DEBUG] ||| run ||| pending_perm = [None, None, None, None, None, None, None, None, None, None, None, None, None, None, None, None, None, None, 53, 52, 8, 10, 12, 14, 13, 11, 9, 15, 16, 18, 20, 22, 21, 19, 17, 23, 51, 50, 49, 48, 47, 46, 45, 44, 43, 42, 41, 40, 39, 38, 37, 36, 35, 34, 33, 32, 31, 30, 29, 28, 27, 26, 25, 24] | src = 18, dest = 53
2026-06-12 01:18:20.573 - [DEBUG] ||| prep_pass ||| Next permutation = [None, None, None, None, None, None, None, None, None, None, None, None, None, None, None, None, None, None, None, None, 8, 10, 12, 14, 13, 11, 9, 15, 16, 18, 20, 22, 21, 19, 17, 23, 51, 50, 49, 48, 47, 46, 45, 44, 43, 42, 41, 40, 39, 38, 37, 36, 35, 34, 33, 32, 31, 30, 29, 28, 27, 26, 25, 24]
2026-06-12 01:18:20.574 - [DEBUG] ||| prep_pass ||| Chain complete
2026-06-12 01:18:20.575 - [DEBUG] ||| run ||| pending_perm = [None, None, None, None, None, None, None, None, None, None, None, None, None, None, None, None, None, None, None, None, 8, 10, 12, 14, 13, 11, 9, 15, 16, 18, 20, 22, 21, 19, 17, 23, 51, 50, 49, 48, 47, 46, 45, 44, 43, 42, 41, 40, 39, 38, 37, 36, 35, 34, 33, 32, 31, 30, 29, 28, 27, 26, 25, 24] | src = 20, dest = 8
2026-06-12 01:18:20.575 - [DEBUG] ||| prep_pass ||| Next permutation = [None, None, None, None, None, None, None, None, None, None, None, None, None, None, None, None, None, None, None, None, None, None, 12, 14, 13, 11, 9, 15, 16, 18, 20, 22, 21, 19, 17, 23, 51, 50, 49, 48, 47, 46, 45, 44, 43, 42, 41, 40, 39, 38, 37, 36, 35, 34, 33, 32, 31, 30, 29, 28, 27, 26, 25, 24]
2026-06-12 01:18:20.576 - [DEBUG] ||| prep_pass ||| rb_src = 27, rb_dest = 15
2026-06-12 01:18:20.576 - [DEBUG] ||| prep_pass ||| Next permutation = [None, None, None, None, None, None, None, None, None, None, None, None, None, None, None, None, None, None, None, None, None, None, 12, 14, 13, 11, None, None, 16, 18, 20, 22, 21, 19, 17, 23, 51, 50, 49, 48, 47, 46, 45, 44, 43, 42, 41, 40, 39, 38, 37, 36, 35, 34, 33, 32, 31, 30, 29, 28, 27, 26, 25, 24]
2026-06-12 01:18:20.577 - [DEBUG] ||| prep_pass ||| rb_src = 22, rb_dest = 12
2026-06-12 01:18:20.577 - [DEBUG] ||| prep_pass ||| Next permutation = [None, None, None, None, None, None, None, None, None, None, None, None, None, None, None, None, None, None, None, None, None, None, None, None, 13, 11, None, None, 16, 18, 20, 22, 21, 19, 17, 23, 51, 50, 49, 48, 47, 46, 45, 44, 43, 42, 41, 40, 39, 38, 37, 36, 35, 34, 33, 32, 31, 30, 29, 28, 27, 26, 25, 24]
2026-06-12 01:18:20.577 - [DEBUG] ||| prep_pass ||| rb_src = 25, rb_dest = 11
2026-06-12 01:18:20.578 - [DEBUG] ||| prep_pass ||| Next permutation = [None, None, None, None, None, None, None, None, None, None, None, None, None, None, None, None, None, None, None, None, None, None, None, None, None, None, None, None, 16, 18, 20, 22, 21, 19, 17, 23, 51, 50, 49, 48, 47, 46, 45, 44, 43, 42, 41, 40, 39, 38, 37, 36, 35, 34, 33, 32, 31, 30, 29, 28, 27, 26, 25, 24]
2026-06-12 01:18:20.578 - [DEBUG] ||| prep_pass ||| Chain complete
2026-06-12 01:18:20.578 - [DEBUG] ||| run ||| pending_perm = [None, None, None, None, None, None, None, None, None, None, None, None, None, None, None, None, None, None, None, None, None, None, None, None, None, None, None, None, 16, 18, 20, 22, 21, 19, 17, 23, 51, 50, 49, 48, 47, 46, 45, 44, 43, 42, 41, 40, 39, 38, 37, 36, 35, 34, 33, 32, 31, 30, 29, 28, 27, 26, 25, 24] | src = 28, dest = 16
2026-06-12 01:18:20.579 - [DEBUG] ||| prep_pass ||| Next permutation = [None, None, None, None, None, None, None, None, None, None, None, None, None, None, None, None, None, None, None, None, None, None, None, None, None, None, None, None, None, None, 20, 22, 21, 19, 17, 23, 51, 50, 49, 48, 47, 46, 45, 44, 43, 42, 41, 40, 39, 38, 37, 36, 35, 34, 33, 32, 31, 30, 29, 28, 27, 26, 25, 24]
2026-06-12 01:18:20.579 - [DEBUG] ||| prep_pass ||| rb_src = 35, rb_dest = 23
2026-06-12 01:18:20.579 - [DEBUG] ||| prep_pass ||| Next permutation = [None, None, None, None, None, None, None, None, None, None, None, None, None, None, None, None, None, None, None, None, None, None, None, None, None, None, None, None, None, None, 20, 22, 21, 19, None, None, 51, 50, 49, 48, 47, 46, 45, 44, 43, 42, 41, 40, 39, 38, 37, 36, 35, 34, 33, 32, 31, 30, 29, 28, 27, 26, 25, 24]
2026-06-12 01:18:20.580 - [DEBUG] ||| prep_pass ||| rb_src = 30, rb_dest = 20
2026-06-12 01:18:20.580 - [DEBUG] ||| prep_pass ||| Next permutation = [None, None, None, None, None, None, None, None, None, None, None, None, None, None, None, None, None, None, None, None, None, None, None, None, None, None, None, None, None, None, None, None, 21, 19, None, None, 51, 50, 49, 48, 47, 46, 45, 44, 43, 42, 41, 40, 39, 38, 37, 36, 35, 34, 33, 32, 31, 30, 29, 28, 27, 26, 25, 24]
2026-06-12 01:18:20.580 - [DEBUG] ||| prep_pass ||| rb_src = 33, rb_dest = 19
2026-06-12 01:18:20.581 - [DEBUG] ||| prep_pass ||| Next permutation = [None, None, None, None, None, None, None, None, None, None, None, None, None, None, None, None, None, None, None, None, None, None, None, None, None, None, None, None, None, None, None, None, None, None, None, None, 51, 50, 49, 48, 47, 46, 45, 44, 43, 42, 41, 40, 39, 38, 37, 36, 35, 34, 33, 32, 31, 30, 29, 28, 27, 26, 25, 24]
2026-06-12 01:18:20.581 - [DEBUG] ||| prep_pass ||| Chain complete
2026-06-12 01:18:20.581 - [DEBUG] ||| run ||| pending_perm = [None, None, None, None, None, None, None, None, None, None, None, None, None, None, None, None, None, None, None, None, None, None, None, None, None, None, None, None, None, None, None, None, None, None, None, None, 51, 50, 49, 48, 47, 46, 45, 44, 43, 42, 41, 40, 39, 38, 37, 36, 35, 34, 33, 32, 31, 30, 29, 28, 27, 26, 25, 24] | src = 36, dest = 51
2026-06-12 01:18:20.582 - [DEBUG] ||| prep_pass ||| Next permutation = [None, None, None, None, None, None, None, None, None, None, None, None, None, None, None, None, None, None, None, None, None, None, None, None, None, None, None, None, None, None, None, None, None, None, None, None, None, None, 49, 48, 47, 46, 45, 44, 43, 42, 41, 40, 39, 38, 37, 36, 35, 34, 33, 32, 31, 30, 29, 28, 27, 26, 25, 24]
2026-06-12 01:18:20.582 - [DEBUG] ||| prep_pass ||| Chain complete
2026-06-12 01:18:20.582 - [DEBUG] ||| run ||| pending_perm = [None, None, None, None, None, None, None, None, None, None, None, None, None, None, None, None, None, None, None, None, None, None, None, None, None, None, None, None, None, None, None, None, None, None, None, None, None, None, 49, 48, 47, 46, 45, 44, 43, 42, 41, 40, 39, 38, 37, 36, 35, 34, 33, 32, 31, 30, 29, 28, 27, 26, 25, 24] | src = 38, dest = 49
2026-06-12 01:18:20.583 - [DEBUG] ||| prep_pass ||| Next permutation = [None, None, None, None, None, None, None, None, None, None, None, None, None, None, None, None, None, None, None, None, None, None, None, None, None, None, None, None, None, None, None, None, None, None, None, None, None, None, None, None, 47, 46, 45, 44, 43, 42, 41, 40, 39, 38, 37, 36, 35, 34, 33, 32, 31, 30, 29, 28, 27, 26, 25, 24]
2026-06-12 01:18:20.583 - [DEBUG] ||| prep_pass ||| Chain complete
2026-06-12 01:18:20.583 - [DEBUG] ||| run ||| pending_perm = [None, None, None, None, None, None, None, None, None, None, None, None, None, None, None, None, None, None, None, None, None, None, None, None, None, None, None, None, None, None, None, None, None, None, None, None, None, None, None, None, 47, 46, 45, 44, 43, 42, 41, 40, 39, 38, 37, 36, 35, 34, 33, 32, 31, 30, 29, 28, 27, 26, 25, 24] | src = 40, dest = 47
2026-06-12 01:18:20.584 - [DEBUG] ||| prep_pass ||| Next permutation = [None, None, None, None, None, None, None, None, None, None, None, None, None, None, None, None, None, None, None, None, None, None, None, None, None, None, None, None, None, None, None, None, None, None, None, None, None, None, None, None, None, None, 45, 44, 43, 42, 41, 40, 39, 38, 37, 36, 35, 34, 33, 32, 31, 30, 29, 28, 27, 26, 25, 24]
2026-06-12 01:18:20.584 - [DEBUG] ||| prep_pass ||| Chain complete
2026-06-12 01:18:20.584 - [DEBUG] ||| run ||| pending_perm = [None, None, None, None, None, None, None, None, None, None, None, None, None, None, None, None, None, None, None, None, None, None, None, None, None, None, None, None, None, None, None, None, None, None, None, None, None, None, None, None, None, None, 45, 44, 43, 42, 41, 40, 39, 38, 37, 36, 35, 34, 33, 32, 31, 30, 29, 28, 27, 26, 25, 24] | src = 42, dest = 45
2026-06-12 01:18:20.585 - [DEBUG] ||| prep_pass ||| Next permutation = [None, None, None, None, None, None, None, None, None, None, None, None, None, None, None, None, None, None, None, None, None, None, None, None, None, None, None, None, None, None, None, None, None, None, None, None, None, None, None, None, None, None, None, None, 43, 42, 41, 40, 39, 38, 37, 36, 35, 34, 33, 32, 31, 30, 29, 28, 27, 26, 25, 24]
2026-06-12 01:18:20.585 - [DEBUG] ||| prep_pass ||| Chain complete
2026-06-12 01:18:20.585 - [DEBUG] ||| run ||| pending_perm = [None, None, None, None, None, None, None, None, None, None, None, None, None, None, None, None, None, None, None, None, None, None, None, None, None, None, None, None, None, None, None, None, None, None, None, None, None, None, None, None, None, None, None, None, 43, 42, 41, 40, 39, 38, 37, 36, 35, 34, 33, 32, 31, 30, 29, 28, 27, 26, 25, 24] | src = 44, dest = 43
2026-06-12 01:18:20.586 - [DEBUG] ||| prep_pass ||| Next permutation = [None, None, None, None, None, None, None, None, None, None, None, None, None, None, None, None, None, None, None, None, None, None, None, None, None, None, None, None, None, None, None, None, None, None, None, None, None, None, None, None, None, None, None, None, None, None, 41, 40, 39, 38, 37, 36, 35, 34, 33, 32, 31, 30, 29, 28, 27, 26, 25, 24]
2026-06-12 01:18:20.586 - [DEBUG] ||| prep_pass ||| Chain complete
2026-06-12 01:18:20.587 - [DEBUG] ||| run ||| pending_perm = [None, None, None, None, None, None, None, None, None, None, None, None, None, None, None, None, None, None, None, None, None, None, None, None, None, None, None, None, None, None, None, None, None, None, None, None, None, None, None, None, None, None, None, None, None, None, 41, 40, 39, 38, 37, 36, 35, 34, 33, 32, 31, 30, 29, 28, 27, 26, 25, 24] | src = 46, dest = 41
2026-06-12 01:18:20.587 - [DEBUG] ||| prep_pass ||| Next permutation = [None, None, None, None, None, None, None, None, None, None, None, None, None, None, None, None, None, None, None, None, None, None, None, None, None, None, None, None, None, None, None, None, None, None, None, None, None, None, None, None, None, None, None, None, None, None, None, None, 39, 38, 37, 36, 35, 34, 33, 32, 31, 30, 29, 28, 27, 26, 25, 24]
2026-06-12 01:18:20.587 - [DEBUG] ||| prep_pass ||| Chain complete
2026-06-12 01:18:20.588 - [DEBUG] ||| run ||| pending_perm = [None, None, None, None, None, None, None, None, None, None, None, None, None, None, None, None, None, None, None, None, None, None, None, None, None, None, None, None, None, None, None, None, None, None, None, None, None, None, None, None, None, None, None, None, None, None, None, None, 39, 38, 37, 36, 35, 34, 33, 32, 31, 30, 29, 28, 27, 26, 25, 24] | src = 48, dest = 39
2026-06-12 01:18:20.588 - [DEBUG] ||| prep_pass ||| Next permutation = [None, None, None, None, None, None, None, None, None, None, None, None, None, None, None, None, None, None, None, None, None, None, None, None, None, None, None, None, None, None, None, None, None, None, None, None, None, None, None, None, None, None, None, None, None, None, None, None, None, None, 37, 36, 35, 34, 33, 32, 31, 30, 29, 28, 27, 26, 25, 24]
2026-06-12 01:18:20.589 - [DEBUG] ||| prep_pass ||| Chain complete
2026-06-12 01:18:20.589 - [DEBUG] ||| run ||| pending_perm = [None, None, None, None, None, None, None, None, None, None, None, None, None, None, None, None, None, None, None, None, None, None, None, None, None, None, None, None, None, None, None, None, None, None, None, None, None, None, None, None, None, None, None, None, None, None, None, None, None, None, 37, 36, 35, 34, 33, 32, 31, 30, 29, 28, 27, 26, 25, 24] | src = 50, dest = 37
2026-06-12 01:18:20.590 - [DEBUG] ||| prep_pass ||| Next permutation = [None, None, None, None, None, None, None, None, None, None, None, None, None, None, None, None, None, None, None, None, None, None, None, None, None, None, None, None, None, None, None, None, None, None, None, None, None, None, None, None, None, None, None, None, None, None, None, None, None, None, None, None, 35, 34, 33, 32, 31, 30, 29, 28, 27, 26, 25, 24]
2026-06-12 01:18:20.590 - [DEBUG] ||| prep_pass ||| Chain complete
2026-06-12 01:18:20.590 - [DEBUG] ||| run ||| pending_perm = [None, None, None, None, None, None, None, None, None, None, None, None, None, None, None, None, None, None, None, None, None, None, None, None, None, None, None, None, None, None, None, None, None, None, None, None, None, None, None, None, None, None, None, None, None, None, None, None, None, None, None, None, 35, 34, 33, 32, 31, 30, 29, 28, 27, 26, 25, 24] | src = 52, dest = 35
2026-06-12 01:18:20.591 - [DEBUG] ||| prep_pass ||| Next permutation = [None, None, None, None, None, None, None, None, None, None, None, None, None, None, None, None, None, None, None, None, None, None, None, None, None, None, None, None, None, None, None, None, None, None, None, None, None, None, None, None, None, None, None, None, None, None, None, None, None, None, None, None, None, None, 33, 32, 31, 30, 29, 28, 27, 26, 25, 24]
2026-06-12 01:18:20.591 - [DEBUG] ||| prep_pass ||| Chain complete
2026-06-12 01:18:20.592 - [DEBUG] ||| run ||| pending_perm = [None, None, None, None, None, None, None, None, None, None, None, None, None, None, None, None, None, None, None, None, None, None, None, None, None, None, None, None, None, None, None, None, None, None, None, None, None, None, None, None, None, None, None, None, None, None, None, None, None, None, None, None, None, None, 33, 32, 31, 30, 29, 28, 27, 26, 25, 24] | src = 54, dest = 33
2026-06-12 01:18:20.592 - [DEBUG] ||| prep_pass ||| Next permutation = [None, None, None, None, None, None, None, None, None, None, None, None, None, None, None, None, None, None, None, None, None, None, None, None, None, None, None, None, None, None, None, None, None, None, None, None, None, None, None, None, None, None, None, None, None, None, None, None, None, None, None, None, None, None, None, None, 31, 30, 29, 28, 27, 26, 25, 24]
2026-06-12 01:18:20.593 - [DEBUG] ||| prep_pass ||| Chain complete
2026-06-12 01:18:20.593 - [DEBUG] ||| run ||| pending_perm = [None, None, None, None, None, None, None, None, None, None, None, None, None, None, None, None, None, None, None, None, None, None, None, None, None, None, None, None, None, None, None, None, None, None, None, None, None, None, None, None, None, None, None, None, None, None, None, None, None, None, None, None, None, None, None, None, 31, 30, 29, 28, 27, 26, 25, 24] | src = 56, dest = 31
2026-06-12 01:18:20.593 - [DEBUG] ||| prep_pass ||| Next permutation = [None, None, None, None, None, None, None, None, None, None, None, None, None, None, None, None, None, None, None, None, None, None, None, None, None, None, None, None, None, None, None, None, None, None, None, None, None, None, None, None, None, None, None, None, None, None, None, None, None, None, None, None, None, None, None, None, None, None, 29, 28, 27, 26, 25, 24]
2026-06-12 01:18:20.594 - [DEBUG] ||| prep_pass ||| Chain complete
2026-06-12 01:18:20.594 - [DEBUG] ||| run ||| pending_perm = [None, None, None, None, None, None, None, None, None, None, None, None, None, None, None, None, None, None, None, None, None, None, None, None, None, None, None, None, None, None, None, None, None, None, None, None, None, None, None, None, None, None, None, None, None, None, None, None, None, None, None, None, None, None, None, None, None, None, 29, 28, 27, 26, 25, 24] | src = 58, dest = 29
2026-06-12 01:18:20.595 - [DEBUG] ||| prep_pass ||| Next permutation = [None, None, None, None, None, None, None, None, None, None, None, None, None, None, None, None, None, None, None, None, None, None, None, None, None, None, None, None, None, None, None, None, None, None, None, None, None, None, None, None, None, None, None, None, None, None, None, None, None, None, None, None, None, None, None, None, None, None, None, None, 27, 26, 25, 24]
2026-06-12 01:18:20.595 - [DEBUG] ||| prep_pass ||| Chain complete
2026-06-12 01:18:20.596 - [DEBUG] ||| run ||| pending_perm = [None, None, None, None, None, None, None, None, None, None, None, None, None, None, None, None, None, None, None, None, None, None, None, None, None, None, None, None, None, None, None, None, None, None, None, None, None, None, None, None, None, None, None, None, None, None, None, None, None, None, None, None, None, None, None, None, None, None, None, None, 27, 26, 25, 24] | src = 60, dest = 27
2026-06-12 01:18:20.596 - [DEBUG] ||| prep_pass ||| Next permutation = [None, None, None, None, None, None, None, None, None, None, None, None, None, None, None, None, None, None, None, None, None, None, None, None, None, None, None, None, None, None, None, None, None, None, None, None, None, None, None, None, None, None, None, None, None, None, None, None, None, None, None, None, None, None, None, None, None, None, None, None, None, None, 25, 24]
2026-06-12 01:18:20.596 - [DEBUG] ||| prep_pass ||| Chain complete
2026-06-12 01:18:20.597 - [DEBUG] ||| run ||| pending_perm = [None, None, None, None, None, None, None, None, None, None, None, None, None, None, None, None, None, None, None, None, None, None, None, None, None, None, None, None, None, None, None, None, None, None, None, None, None, None, None, None, None, None, None, None, None, None, None, None, None, None, None, None, None, None, None, None, None, None, None, None, None, None, 25, 24] | src = 62, dest = 25
2026-06-12 01:18:20.597 - [DEBUG] ||| prep_pass ||| Next permutation = [None, None, None, None, None, None, None, None, None, None, None, None, None, None, None, None, None, None, None, None, None, None, None, None, None, None, None, None, None, None, None, None, None, None, None, None, None, None, None, None, None, None, None, None, None, None, None, None, None, None, None, None, None, None, None, None, None, None, None, None, None, None, None, None]
2026-06-12 01:18:20.598 - [DEBUG] ||| prep_pass ||| Chain complete
2026-06-12 01:18:20.598 - [DEBUG] ||| propogate ||| stage = 0, input perm = [0, 2, 4, 6, 5, 3, 1, 7, 63, 62, 61, 60, 59, 58, 57, 56, 55, 54, 53, 52, 8, 10, 12, 14, 13, 11, 9, 15, 16, 18, 20, 22, 21, 19, 17, 23, 51, 50, 49, 48, 47, 46, 45, 44, 43, 42, 41, 40, 39, 38, 37, 36, 35, 34, 33, 32, 31, 30, 29, 28, 27, 26, 25, 24]
2026-06-12 01:18:20.598 - [DEBUG] ||| run ||| Stage[0] | Output permutation = [0, 4, 3, 7, 63, 61, 59, 57, 55, 53, 8, 12, 11, 15, 16, 20, 19, 23, 51, 49, 47, 45, 43, 41, 39, 37, 35, 33, 31, 29, 27, 25, 2, 6, 5, 1, 62, 60, 58, 56, 54, 52, 10, 14, 13, 9, 18, 22, 21, 17, 50, 48, 46, 44, 42, 40, 38, 36, 34, 32, 30, 28, 26, 24]
2026-06-12 01:18:20.599 - [DEBUG] ||| run ||| Stage[1] || perm_split = 2, split_len = 32, sw_split = 16, sub_perms = [[0, 4, 3, 7, 63, 61, 59, 57, 55, 53, 8, 12, 11, 15, 16, 20, 19, 23, 51, 49, 47, 45, 43, 41, 39, 37, 35, 33, 31, 29, 27, 25], [2, 6, 5, 1, 62, 60, 58, 56, 54, 52, 10, 14, 13, 9, 18, 22, 21, 17, 50, 48, 46, 44, 42, 40, 38, 36, 34, 32, 30, 28, 26, 24]]
2026-06-12 01:18:20.599 - [DEBUG] ||| normalize_perm ||| Permutation post normalization = [0, 2, 1, 3, 31, 30, 29, 28, 27, 26, 4, 6, 5, 7, 8, 10, 9, 11, 25, 24, 23, 22, 21, 20, 19, 18, 17, 16, 15, 14, 13, 12]
2026-06-12 01:18:20.600 - [DEBUG] ||| run ||| pending_perm = [0, 2, 1, 3, 31, 30, 29, 28, 27, 26, 4, 6, 5, 7, 8, 10, 9, 11, 25, 24, 23, 22, 21, 20, 19, 18, 17, 16, 15, 14, 13, 12] | src = 0, dest = 0
2026-06-12 01:18:20.600 - [DEBUG] ||| prep_pass ||| Next permutation = [None, None, 1, 3, 31, 30, 29, 28, 27, 26, 4, 6, 5, 7, 8, 10, 9, 11, 25, 24, 23, 22, 21, 20, 19, 18, 17, 16, 15, 14, 13, 12]
2026-06-12 01:18:20.601 - [DEBUG] ||| prep_pass ||| rb_src = 3, rb_dest = 3
2026-06-12 01:18:20.601 - [DEBUG] ||| prep_pass ||| Next permutation = [None, None, None, None, 31, 30, 29, 28, 27, 26, 4, 6, 5, 7, 8, 10, 9, 11, 25, 24, 23, 22, 21, 20, 19, 18, 17, 16, 15, 14, 13, 12]
2026-06-12 01:18:20.601 - [DEBUG] ||| prep_pass ||| Chain complete
2026-06-12 01:18:20.602 - [DEBUG] ||| run ||| pending_perm = [None, None, None, None, 31, 30, 29, 28, 27, 26, 4, 6, 5, 7, 8, 10, 9, 11, 25, 24, 23, 22, 21, 20, 19, 18, 17, 16, 15, 14, 13, 12] | src = 4, dest = 31
2026-06-12 01:18:20.602 - [DEBUG] ||| prep_pass ||| Next permutation = [None, None, None, None, None, None, 29, 28, 27, 26, 4, 6, 5, 7, 8, 10, 9, 11, 25, 24, 23, 22, 21, 20, 19, 18, 17, 16, 15, 14, 13, 12]
2026-06-12 01:18:20.602 - [DEBUG] ||| prep_pass ||| Chain complete
2026-06-12 01:18:20.603 - [DEBUG] ||| run ||| pending_perm = [None, None, None, None, None, None, 29, 28, 27, 26, 4, 6, 5, 7, 8, 10, 9, 11, 25, 24, 23, 22, 21, 20, 19, 18, 17, 16, 15, 14, 13, 12] | src = 6, dest = 29
2026-06-12 01:18:20.603 - [DEBUG] ||| prep_pass ||| Next permutation = [None, None, None, None, None, None, None, None, 27, 26, 4, 6, 5, 7, 8, 10, 9, 11, 25, 24, 23, 22, 21, 20, 19, 18, 17, 16, 15, 14, 13, 12]
2026-06-12 01:18:20.604 - [DEBUG] ||| prep_pass ||| Chain complete
2026-06-12 01:18:20.604 - [DEBUG] ||| run ||| pending_perm = [None, None, None, None, None, None, None, None, 27, 26, 4, 6, 5, 7, 8, 10, 9, 11, 25, 24, 23, 22, 21, 20, 19, 18, 17, 16, 15, 14, 13, 12] | src = 8, dest = 27
2026-06-12 01:18:20.605 - [DEBUG] ||| prep_pass ||| Next permutation = [None, None, None, None, None, None, None, None, None, None, 4, 6, 5, 7, 8, 10, 9, 11, 25, 24, 23, 22, 21, 20, 19, 18, 17, 16, 15, 14, 13, 12]
2026-06-12 01:18:20.605 - [DEBUG] ||| prep_pass ||| Chain complete
2026-06-12 01:18:20.605 - [DEBUG] ||| run ||| pending_perm = [None, None, None, None, None, None, None, None, None, None, 4, 6, 5, 7, 8, 10, 9, 11, 25, 24, 23, 22, 21, 20, 19, 18, 17, 16, 15, 14, 13, 12] | src = 10, dest = 4
2026-06-12 01:18:20.606 - [DEBUG] ||| prep_pass ||| Next permutation = [None, None, None, None, None, None, None, None, None, None, None, None, 5, 7, 8, 10, 9, 11, 25, 24, 23, 22, 21, 20, 19, 18, 17, 16, 15, 14, 13, 12]
2026-06-12 01:18:20.606 - [DEBUG] ||| prep_pass ||| rb_src = 13, rb_dest = 7
2026-06-12 01:18:20.607 - [DEBUG] ||| prep_pass ||| Next permutation = [None, None, None, None, None, None, None, None, None, None, None, None, None, None, 8, 10, 9, 11, 25, 24, 23, 22, 21, 20, 19, 18, 17, 16, 15, 14, 13, 12]
2026-06-12 01:18:20.607 - [DEBUG] ||| prep_pass ||| Chain complete
2026-06-12 01:18:20.608 - [DEBUG] ||| run ||| pending_perm = [None, None, None, None, None, None, None, None, None, None, None, None, None, None, 8, 10, 9, 11, 25, 24, 23, 22, 21, 20, 19, 18, 17, 16, 15, 14, 13, 12] | src = 14, dest = 8
2026-06-12 01:18:20.608 - [DEBUG] ||| prep_pass ||| Next permutation = [None, None, None, None, None, None, None, None, None, None, None, None, None, None, None, None, 9, 11, 25, 24, 23, 22, 21, 20, 19, 18, 17, 16, 15, 14, 13, 12]
2026-06-12 01:18:20.609 - [DEBUG] ||| prep_pass ||| rb_src = 17, rb_dest = 11
2026-06-12 01:18:20.609 - [DEBUG] ||| prep_pass ||| Next permutation = [None, None, None, None, None, None, None, None, None, None, None, None, None, None, None, None, None, None, 25, 24, 23, 22, 21, 20, 19, 18, 17, 16, 15, 14, 13, 12]
2026-06-12 01:18:20.610 - [DEBUG] ||| prep_pass ||| Chain complete
2026-06-12 01:18:20.610 - [DEBUG] ||| run ||| pending_perm = [None, None, None, None, None, None, None, None, None, None, None, None, None, None, None, None, None, None, 25, 24, 23, 22, 21, 20, 19, 18, 17, 16, 15, 14, 13, 12] | src = 18, dest = 25
2026-06-12 01:18:20.611 - [DEBUG] ||| prep_pass ||| Next permutation = [None, None, None, None, None, None, None, None, None, None, None, None, None, None, None, None, None, None, None, None, 23, 22, 21, 20, 19, 18, 17, 16, 15, 14, 13, 12]
2026-06-12 01:18:20.611 - [DEBUG] ||| prep_pass ||| Chain complete
2026-06-12 01:18:20.611 - [DEBUG] ||| run ||| pending_perm = [None, None, None, None, None, None, None, None, None, None, None, None, None, None, None, None, None, None, None, None, 23, 22, 21, 20, 19, 18, 17, 16, 15, 14, 13, 12] | src = 20, dest = 23
2026-06-12 01:18:20.612 - [DEBUG] ||| prep_pass ||| Next permutation = [None, None, None, None, None, None, None, None, None, None, None, None, None, None, None, None, None, None, None, None, None, None, 21, 20, 19, 18, 17, 16, 15, 14, 13, 12]
2026-06-12 01:18:20.612 - [DEBUG] ||| prep_pass ||| Chain complete
2026-06-12 01:18:20.613 - [DEBUG] ||| run ||| pending_perm = [None, None, None, None, None, None, None, None, None, None, None, None, None, None, None, None, None, None, None, None, None, None, 21, 20, 19, 18, 17, 16, 15, 14, 13, 12] | src = 22, dest = 21
2026-06-12 01:18:20.613 - [DEBUG] ||| prep_pass ||| Next permutation = [None, None, None, None, None, None, None, None, None, None, None, None, None, None, None, None, None, None, None, None, None, None, None, None, 19, 18, 17, 16, 15, 14, 13, 12]
2026-06-12 01:18:20.614 - [DEBUG] ||| prep_pass ||| Chain complete
2026-06-12 01:18:20.614 - [DEBUG] ||| run ||| pending_perm = [None, None, None, None, None, None, None, None, None, None, None, None, None, None, None, None, None, None, None, None, None, None, None, None, 19, 18, 17, 16, 15, 14, 13, 12] | src = 24, dest = 19
2026-06-12 01:18:20.615 - [DEBUG] ||| prep_pass ||| Next permutation = [None, None, None, None, None, None, None, None, None, None, None, None, None, None, None, None, None, None, None, None, None, None, None, None, None, None, 17, 16, 15, 14, 13, 12]
2026-06-12 01:18:20.615 - [DEBUG] ||| prep_pass ||| Chain complete
2026-06-12 01:18:20.616 - [DEBUG] ||| run ||| pending_perm = [None, None, None, None, None, None, None, None, None, None, None, None, None, None, None, None, None, None, None, None, None, None, None, None, None, None, 17, 16, 15, 14, 13, 12] | src = 26, dest = 17
2026-06-12 01:18:20.616 - [DEBUG] ||| prep_pass ||| Next permutation = [None, None, None, None, None, None, None, None, None, None, None, None, None, None, None, None, None, None, None, None, None, None, None, None, None, None, None, None, 15, 14, 13, 12]
2026-06-12 01:18:20.616 - [DEBUG] ||| prep_pass ||| Chain complete
2026-06-12 01:18:20.617 - [DEBUG] ||| run ||| pending_perm = [None, None, None, None, None, None, None, None, None, None, None, None, None, None, None, None, None, None, None, None, None, None, None, None, None, None, None, None, 15, 14, 13, 12] | src = 28, dest = 15
2026-06-12 01:18:20.617 - [DEBUG] ||| prep_pass ||| Next permutation = [None, None, None, None, None, None, None, None, None, None, None, None, None, None, None, None, None, None, None, None, None, None, None, None, None, None, None, None, None, None, 13, 12]
2026-06-12 01:18:20.617 - [DEBUG] ||| prep_pass ||| Chain complete
2026-06-12 01:18:20.618 - [DEBUG] ||| run ||| pending_perm = [None, None, None, None, None, None, None, None, None, None, None, None, None, None, None, None, None, None, None, None, None, None, None, None, None, None, None, None, None, None, 13, 12] | src = 30, dest = 13
2026-06-12 01:18:20.618 - [DEBUG] ||| prep_pass ||| Next permutation = [None, None, None, None, None, None, None, None, None, None, None, None, None, None, None, None, None, None, None, None, None, None, None, None, None, None, None, None, None, None, None, None]
2026-06-12 01:18:20.619 - [DEBUG] ||| prep_pass ||| Chain complete
2026-06-12 01:18:20.619 - [DEBUG] ||| normalize_perm ||| Permutation post normalization = [1, 3, 2, 0, 31, 30, 29, 28, 27, 26, 5, 7, 6, 4, 9, 11, 10, 8, 25, 24, 23, 22, 21, 20, 19, 18, 17, 16, 15, 14, 13, 12]
2026-06-12 01:18:20.620 - [DEBUG] ||| run ||| pending_perm = [1, 3, 2, 0, 31, 30, 29, 28, 27, 26, 5, 7, 6, 4, 9, 11, 10, 8, 25, 24, 23, 22, 21, 20, 19, 18, 17, 16, 15, 14, 13, 12] | src = 0, dest = 1
2026-06-12 01:18:20.620 - [DEBUG] ||| prep_pass ||| Next permutation = [None, None, 2, 0, 31, 30, 29, 28, 27, 26, 5, 7, 6, 4, 9, 11, 10, 8, 25, 24, 23, 22, 21, 20, 19, 18, 17, 16, 15, 14, 13, 12]
2026-06-12 01:18:20.620 - [DEBUG] ||| prep_pass ||| rb_src = 2, rb_dest = 2
2026-06-12 01:18:20.621 - [DEBUG] ||| prep_pass ||| Next permutation = [None, None, None, None, 31, 30, 29, 28, 27, 26, 5, 7, 6, 4, 9, 11, 10, 8, 25, 24, 23, 22, 21, 20, 19, 18, 17, 16, 15, 14, 13, 12]
2026-06-12 01:18:20.621 - [DEBUG] ||| prep_pass ||| Chain complete
2026-06-12 01:18:20.622 - [DEBUG] ||| run ||| pending_perm = [None, None, None, None, 31, 30, 29, 28, 27, 26, 5, 7, 6, 4, 9, 11, 10, 8, 25, 24, 23, 22, 21, 20, 19, 18, 17, 16, 15, 14, 13, 12] | src = 4, dest = 31
2026-06-12 01:18:20.622 - [DEBUG] ||| prep_pass ||| Next permutation = [None, None, None, None, None, None, 29, 28, 27, 26, 5, 7, 6, 4, 9, 11, 10, 8, 25, 24, 23, 22, 21, 20, 19, 18, 17, 16, 15, 14, 13, 12]
2026-06-12 01:18:20.623 - [DEBUG] ||| prep_pass ||| Chain complete
2026-06-12 01:18:20.623 - [DEBUG] ||| run ||| pending_perm = [None, None, None, None, None, None, 29, 28, 27, 26, 5, 7, 6, 4, 9, 11, 10, 8, 25, 24, 23, 22, 21, 20, 19, 18, 17, 16, 15, 14, 13, 12] | src = 6, dest = 29
2026-06-12 01:18:20.623 - [DEBUG] ||| prep_pass ||| Next permutation = [None, None, None, None, None, None, None, None, 27, 26, 5, 7, 6, 4, 9, 11, 10, 8, 25, 24, 23, 22, 21, 20, 19, 18, 17, 16, 15, 14, 13, 12]
2026-06-12 01:18:20.624 - [DEBUG] ||| prep_pass ||| Chain complete
2026-06-12 01:18:20.624 - [DEBUG] ||| run ||| pending_perm = [None, None, None, None, None, None, None, None, 27, 26, 5, 7, 6, 4, 9, 11, 10, 8, 25, 24, 23, 22, 21, 20, 19, 18, 17, 16, 15, 14, 13, 12] | src = 8, dest = 27
2026-06-12 01:18:20.625 - [DEBUG] ||| prep_pass ||| Next permutation = [None, None, None, None, None, None, None, None, None, None, 5, 7, 6, 4, 9, 11, 10, 8, 25, 24, 23, 22, 21, 20, 19, 18, 17, 16, 15, 14, 13, 12]
2026-06-12 01:18:20.625 - [DEBUG] ||| prep_pass ||| Chain complete
2026-06-12 01:18:20.626 - [DEBUG] ||| run ||| pending_perm = [None, None, None, None, None, None, None, None, None, None, 5, 7, 6, 4, 9, 11, 10, 8, 25, 24, 23, 22, 21, 20, 19, 18, 17, 16, 15, 14, 13, 12] | src = 10, dest = 5
2026-06-12 01:18:20.626 - [DEBUG] ||| prep_pass ||| Next permutation = [None, None, None, None, None, None, None, None, None, None, None, None, 6, 4, 9, 11, 10, 8, 25, 24, 23, 22, 21, 20, 19, 18, 17, 16, 15, 14, 13, 12]
2026-06-12 01:18:20.627 - [DEBUG] ||| prep_pass ||| rb_src = 12, rb_dest = 6
2026-06-12 01:18:20.627 - [DEBUG] ||| prep_pass ||| Next permutation = [None, None, None, None, None, None, None, None, None, None, None, None, None, None, 9, 11, 10, 8, 25, 24, 23, 22, 21, 20, 19, 18, 17, 16, 15, 14, 13, 12]
2026-06-12 01:18:20.628 - [DEBUG] ||| prep_pass ||| Chain complete
2026-06-12 01:18:20.628 - [DEBUG] ||| run ||| pending_perm = [None, None, None, None, None, None, None, None, None, None, None, None, None, None, 9, 11, 10, 8, 25, 24, 23, 22, 21, 20, 19, 18, 17, 16, 15, 14, 13, 12] | src = 14, dest = 9
2026-06-12 01:18:20.629 - [DEBUG] ||| prep_pass ||| Next permutation = [None, None, None, None, None, None, None, None, None, None, None, None, None, None, None, None, 10, 8, 25, 24, 23, 22, 21, 20, 19, 18, 17, 16, 15, 14, 13, 12]
2026-06-12 01:18:20.629 - [DEBUG] ||| prep_pass ||| rb_src = 16, rb_dest = 10
2026-06-12 01:18:20.630 - [DEBUG] ||| prep_pass ||| Next permutation = [None, None, None, None, None, None, None, None, None, None, None, None, None, None, None, None, None, None, 25, 24, 23, 22, 21, 20, 19, 18, 17, 16, 15, 14, 13, 12]
2026-06-12 01:18:20.630 - [DEBUG] ||| prep_pass ||| Chain complete
2026-06-12 01:18:20.631 - [DEBUG] ||| run ||| pending_perm = [None, None, None, None, None, None, None, None, None, None, None, None, None, None, None, None, None, None, 25, 24, 23, 22, 21, 20, 19, 18, 17, 16, 15, 14, 13, 12] | src = 18, dest = 25
2026-06-12 01:18:20.631 - [DEBUG] ||| prep_pass ||| Next permutation = [None, None, None, None, None, None, None, None, None, None, None, None, None, None, None, None, None, None, None, None, 23, 22, 21, 20, 19, 18, 17, 16, 15, 14, 13, 12]
2026-06-12 01:18:20.631 - [DEBUG] ||| prep_pass ||| Chain complete
2026-06-12 01:18:20.632 - [DEBUG] ||| run ||| pending_perm = [None, None, None, None, None, None, None, None, None, None, None, None, None, None, None, None, None, None, None, None, 23, 22, 21, 20, 19, 18, 17, 16, 15, 14, 13, 12] | src = 20, dest = 23
2026-06-12 01:18:20.632 - [DEBUG] ||| prep_pass ||| Next permutation = [None, None, None, None, None, None, None, None, None, None, None, None, None, None, None, None, None, None, None, None, None, None, 21, 20, 19, 18, 17, 16, 15, 14, 13, 12]
2026-06-12 01:18:20.633 - [DEBUG] ||| prep_pass ||| Chain complete
2026-06-12 01:18:20.633 - [DEBUG] ||| run ||| pending_perm = [None, None, None, None, None, None, None, None, None, None, None, None, None, None, None, None, None, None, None, None, None, None, 21, 20, 19, 18, 17, 16, 15, 14, 13, 12] | src = 22, dest = 21
2026-06-12 01:18:20.634 - [DEBUG] ||| prep_pass ||| Next permutation = [None, None, None, None, None, None, None, None, None, None, None, None, None, None, None, None, None, None, None, None, None, None, None, None, 19, 18, 17, 16, 15, 14, 13, 12]
2026-06-12 01:18:20.634 - [DEBUG] ||| prep_pass ||| Chain complete
2026-06-12 01:18:20.635 - [DEBUG] ||| run ||| pending_perm = [None, None, None, None, None, None, None, None, None, None, None, None, None, None, None, None, None, None, None, None, None, None, None, None, 19, 18, 17, 16, 15, 14, 13, 12] | src = 24, dest = 19
2026-06-12 01:18:20.636 - [DEBUG] ||| prep_pass ||| Next permutation = [None, None, None, None, None, None, None, None, None, None, None, None, None, None, None, None, None, None, None, None, None, None, None, None, None, None, 17, 16, 15, 14, 13, 12]
2026-06-12 01:18:20.636 - [DEBUG] ||| prep_pass ||| Chain complete
2026-06-12 01:18:20.637 - [DEBUG] ||| run ||| pending_perm = [None, None, None, None, None, None, None, None, None, None, None, None, None, None, None, None, None, None, None, None, None, None, None, None, None, None, 17, 16, 15, 14, 13, 12] | src = 26, dest = 17
2026-06-12 01:18:20.637 - [DEBUG] ||| prep_pass ||| Next permutation = [None, None, None, None, None, None, None, None, None, None, None, None, None, None, None, None, None, None, None, None, None, None, None, None, None, None, None, None, 15, 14, 13, 12]
2026-06-12 01:18:20.638 - [DEBUG] ||| prep_pass ||| Chain complete
2026-06-12 01:18:20.638 - [DEBUG] ||| run ||| pending_perm = [None, None, None, None, None, None, None, None, None, None, None, None, None, None, None, None, None, None, None, None, None, None, None, None, None, None, None, None, 15, 14, 13, 12] | src = 28, dest = 15
2026-06-12 01:18:20.639 - [DEBUG] ||| prep_pass ||| Next permutation = [None, None, None, None, None, None, None, None, None, None, None, None, None, None, None, None, None, None, None, None, None, None, None, None, None, None, None, None, None, None, 13, 12]
2026-06-12 01:18:20.639 - [DEBUG] ||| prep_pass ||| Chain complete
2026-06-12 01:18:20.640 - [DEBUG] ||| run ||| pending_perm = [None, None, None, None, None, None, None, None, None, None, None, None, None, None, None, None, None, None, None, None, None, None, None, None, None, None, None, None, None, None, 13, 12] | src = 30, dest = 13
2026-06-12 01:18:20.640 - [DEBUG] ||| prep_pass ||| Next permutation = [None, None, None, None, None, None, None, None, None, None, None, None, None, None, None, None, None, None, None, None, None, None, None, None, None, None, None, None, None, None, None, None]
2026-06-12 01:18:20.640 - [DEBUG] ||| prep_pass ||| Chain complete
2026-06-12 01:18:20.641 - [DEBUG] ||| propogate ||| stage = 1, input perm = [0, 4, 3, 7, 63, 61, 59, 57, 55, 53, 8, 12, 11, 15, 16, 20, 19, 23, 51, 49, 47, 45, 43, 41, 39, 37, 35, 33, 31, 29, 27, 25, 2, 6, 5, 1, 62, 60, 58, 56, 54, 52, 10, 14, 13, 9, 18, 22, 21, 17, 50, 48, 46, 44, 42, 40, 38, 36, 34, 32, 30, 28, 26, 24]
2026-06-12 01:18:20.641 - [DEBUG] ||| run ||| Stage[1] | Output permutation = [0, 7, 63, 59, 55, 8, 15, 16, 23, 51, 47, 43, 39, 35, 31, 27, 4, 3, 61, 57, 53, 12, 11, 20, 19, 49, 45, 41, 37, 33, 29, 25, 2, 5, 62, 58, 54, 10, 13, 18, 21, 50, 46, 42, 38, 34, 30, 26, 6, 1, 60, 56, 52, 14, 9, 22, 17, 48, 44, 40, 36, 32, 28, 24]
2026-06-12 01:18:20.642 - [DEBUG] ||| run ||| Stage[2] || perm_split = 4, split_len = 16, sw_split = 8, sub_perms = [[0, 7, 63, 59, 55, 8, 15, 16, 23, 51, 47, 43, 39, 35, 31, 27], [4, 3, 61, 57, 53, 12, 11, 20, 19, 49, 45, 41, 37, 33, 29, 25], [2, 5, 62, 58, 54, 10, 13, 18, 21, 50, 46, 42, 38, 34, 30, 26], [6, 1, 60, 56, 52, 14, 9, 22, 17, 48, 44, 40, 36, 32, 28, 24]]
2026-06-12 01:18:20.642 - [DEBUG] ||| normalize_perm ||| Permutation post normalization = [0, 1, 15, 14, 13, 2, 3, 4, 5, 12, 11, 10, 9, 8, 7, 6]
2026-06-12 01:18:20.643 - [DEBUG] ||| run ||| pending_perm = [0, 1, 15, 14, 13, 2, 3, 4, 5, 12, 11, 10, 9, 8, 7, 6] | src = 0, dest = 0
2026-06-12 01:18:20.643 - [DEBUG] ||| prep_pass ||| Next permutation = [None, None, 15, 14, 13, 2, 3, 4, 5, 12, 11, 10, 9, 8, 7, 6]
2026-06-12 01:18:20.644 - [DEBUG] ||| prep_pass ||| Chain complete
2026-06-12 01:18:20.644 - [DEBUG] ||| run ||| pending_perm = [None, None, 15, 14, 13, 2, 3, 4, 5, 12, 11, 10, 9, 8, 7, 6] | src = 2, dest = 15
2026-06-12 01:18:20.644 - [DEBUG] ||| prep_pass ||| Next permutation = [None, None, None, None, 13, 2, 3, 4, 5, 12, 11, 10, 9, 8, 7, 6]
2026-06-12 01:18:20.645 - [DEBUG] ||| prep_pass ||| Chain complete
2026-06-12 01:18:20.645 - [DEBUG] ||| run ||| pending_perm = [None, None, None, None, 13, 2, 3, 4, 5, 12, 11, 10, 9, 8, 7, 6] | src = 4, dest = 13
2026-06-12 01:18:20.646 - [DEBUG] ||| prep_pass ||| Next permutation = [None, None, None, None, None, None, 3, 4, 5, 12, 11, 10, 9, 8, 7, 6]
2026-06-12 01:18:20.646 - [DEBUG] ||| prep_pass ||| rb_src = 8, rb_dest = 5
2026-06-12 01:18:20.647 - [DEBUG] ||| prep_pass ||| Next permutation = [None, None, None, None, None, None, 3, 4, None, None, 11, 10, 9, 8, 7, 6]
2026-06-12 01:18:20.647 - [DEBUG] ||| prep_pass ||| rb_src = 6, rb_dest = 3
2026-06-12 01:18:20.648 - [DEBUG] ||| prep_pass ||| Next permutation = [None, None, None, None, None, None, None, None, None, None, 11, 10, 9, 8, 7, 6]
2026-06-12 01:18:20.648 - [DEBUG] ||| prep_pass ||| Chain complete
2026-06-12 01:18:20.649 - [DEBUG] ||| run ||| pending_perm = [None, None, None, None, None, None, None, None, None, None, 11, 10, 9, 8, 7, 6] | src = 10, dest = 11
2026-06-12 01:18:20.649 - [DEBUG] ||| prep_pass ||| Next permutation = [None, None, None, None, None, None, None, None, None, None, None, None, 9, 8, 7, 6]
2026-06-12 01:18:20.649 - [DEBUG] ||| prep_pass ||| Chain complete
2026-06-12 01:18:20.650 - [DEBUG] ||| run ||| pending_perm = [None, None, None, None, None, None, None, None, None, None, None, None, 9, 8, 7, 6] | src = 12, dest = 9
2026-06-12 01:18:20.650 - [DEBUG] ||| prep_pass ||| Next permutation = [None, None, None, None, None, None, None, None, None, None, None, None, None, None, 7, 6]
2026-06-12 01:18:20.651 - [DEBUG] ||| prep_pass ||| Chain complete
2026-06-12 01:18:20.651 - [DEBUG] ||| run ||| pending_perm = [None, None, None, None, None, None, None, None, None, None, None, None, None, None, 7, 6] | src = 14, dest = 7
2026-06-12 01:18:20.652 - [DEBUG] ||| prep_pass ||| Next permutation = [None, None, None, None, None, None, None, None, None, None, None, None, None, None, None, None]
2026-06-12 01:18:20.652 - [DEBUG] ||| prep_pass ||| Chain complete
2026-06-12 01:18:20.652 - [DEBUG] ||| normalize_perm ||| Permutation post normalization = [1, 0, 15, 14, 13, 3, 2, 5, 4, 12, 11, 10, 9, 8, 7, 6]
2026-06-12 01:18:20.653 - [DEBUG] ||| run ||| pending_perm = [1, 0, 15, 14, 13, 3, 2, 5, 4, 12, 11, 10, 9, 8, 7, 6] | src = 0, dest = 1
2026-06-12 01:18:20.653 - [DEBUG] ||| prep_pass ||| Next permutation = [None, None, 15, 14, 13, 3, 2, 5, 4, 12, 11, 10, 9, 8, 7, 6]
2026-06-12 01:18:20.654 - [DEBUG] ||| prep_pass ||| Chain complete
2026-06-12 01:18:20.654 - [DEBUG] ||| run ||| pending_perm = [None, None, 15, 14, 13, 3, 2, 5, 4, 12, 11, 10, 9, 8, 7, 6] | src = 2, dest = 15
2026-06-12 01:18:20.655 - [DEBUG] ||| prep_pass ||| Next permutation = [None, None, None, None, 13, 3, 2, 5, 4, 12, 11, 10, 9, 8, 7, 6]
2026-06-12 01:18:20.655 - [DEBUG] ||| prep_pass ||| Chain complete
2026-06-12 01:18:20.656 - [DEBUG] ||| run ||| pending_perm = [None, None, None, None, 13, 3, 2, 5, 4, 12, 11, 10, 9, 8, 7, 6] | src = 4, dest = 13
2026-06-12 01:18:20.656 - [DEBUG] ||| prep_pass ||| Next permutation = [None, None, None, None, None, None, 2, 5, 4, 12, 11, 10, 9, 8, 7, 6]
2026-06-12 01:18:20.657 - [DEBUG] ||| prep_pass ||| rb_src = 8, rb_dest = 4
2026-06-12 01:18:20.658 - [DEBUG] ||| prep_pass ||| Next permutation = [None, None, None, None, None, None, 2, 5, None, None, 11, 10, 9, 8, 7, 6]
2026-06-12 01:18:20.658 - [DEBUG] ||| prep_pass ||| rb_src = 6, rb_dest = 2
2026-06-12 01:18:20.659 - [DEBUG] ||| prep_pass ||| Next permutation = [None, None, None, None, None, None, None, None, None, None, 11, 10, 9, 8, 7, 6]
2026-06-12 01:18:20.659 - [DEBUG] ||| prep_pass ||| Chain complete
2026-06-12 01:18:20.660 - [DEBUG] ||| run ||| pending_perm = [None, None, None, None, None, None, None, None, None, None, 11, 10, 9, 8, 7, 6] | src = 10, dest = 11
2026-06-12 01:18:20.660 - [DEBUG] ||| prep_pass ||| Next permutation = [None, None, None, None, None, None, None, None, None, None, None, None, 9, 8, 7, 6]
2026-06-12 01:18:20.661 - [DEBUG] ||| prep_pass ||| Chain complete
2026-06-12 01:18:20.661 - [DEBUG] ||| run ||| pending_perm = [None, None, None, None, None, None, None, None, None, None, None, None, 9, 8, 7, 6] | src = 12, dest = 9
2026-06-12 01:18:20.661 - [DEBUG] ||| prep_pass ||| Next permutation = [None, None, None, None, None, None, None, None, None, None, None, None, None, None, 7, 6]
2026-06-12 01:18:20.662 - [DEBUG] ||| prep_pass ||| Chain complete
2026-06-12 01:18:20.663 - [DEBUG] ||| run ||| pending_perm = [None, None, None, None, None, None, None, None, None, None, None, None, None, None, 7, 6] | src = 14, dest = 7
2026-06-12 01:18:20.663 - [DEBUG] ||| prep_pass ||| Next permutation = [None, None, None, None, None, None, None, None, None, None, None, None, None, None, None, None]
2026-06-12 01:18:20.663 - [DEBUG] ||| prep_pass ||| Chain complete
2026-06-12 01:18:20.664 - [DEBUG] ||| normalize_perm ||| Permutation post normalization = [0, 1, 15, 14, 13, 2, 3, 4, 5, 12, 11, 10, 9, 8, 7, 6]
2026-06-12 01:18:20.664 - [DEBUG] ||| run ||| pending_perm = [0, 1, 15, 14, 13, 2, 3, 4, 5, 12, 11, 10, 9, 8, 7, 6] | src = 0, dest = 0
2026-06-12 01:18:20.665 - [DEBUG] ||| prep_pass ||| Next permutation = [None, None, 15, 14, 13, 2, 3, 4, 5, 12, 11, 10, 9, 8, 7, 6]
2026-06-12 01:18:20.665 - [DEBUG] ||| prep_pass ||| Chain complete
2026-06-12 01:18:20.665 - [DEBUG] ||| run ||| pending_perm = [None, None, 15, 14, 13, 2, 3, 4, 5, 12, 11, 10, 9, 8, 7, 6] | src = 2, dest = 15
2026-06-12 01:18:20.666 - [DEBUG] ||| prep_pass ||| Next permutation = [None, None, None, None, 13, 2, 3, 4, 5, 12, 11, 10, 9, 8, 7, 6]
2026-06-12 01:18:20.666 - [DEBUG] ||| prep_pass ||| Chain complete
2026-06-12 01:18:20.666 - [DEBUG] ||| run ||| pending_perm = [None, None, None, None, 13, 2, 3, 4, 5, 12, 11, 10, 9, 8, 7, 6] | src = 4, dest = 13
2026-06-12 01:18:20.667 - [DEBUG] ||| prep_pass ||| Next permutation = [None, None, None, None, None, None, 3, 4, 5, 12, 11, 10, 9, 8, 7, 6]
2026-06-12 01:18:20.667 - [DEBUG] ||| prep_pass ||| rb_src = 8, rb_dest = 5
2026-06-12 01:18:20.668 - [DEBUG] ||| prep_pass ||| Next permutation = [None, None, None, None, None, None, 3, 4, None, None, 11, 10, 9, 8, 7, 6]
2026-06-12 01:18:20.668 - [DEBUG] ||| prep_pass ||| rb_src = 6, rb_dest = 3
2026-06-12 01:18:20.669 - [DEBUG] ||| prep_pass ||| Next permutation = [None, None, None, None, None, None, None, None, None, None, 11, 10, 9, 8, 7, 6]
2026-06-12 01:18:20.669 - [DEBUG] ||| prep_pass ||| Chain complete
2026-06-12 01:18:20.670 - [DEBUG] ||| run ||| pending_perm = [None, None, None, None, None, None, None, None, None, None, 11, 10, 9, 8, 7, 6] | src = 10, dest = 11
2026-06-12 01:18:20.670 - [DEBUG] ||| prep_pass ||| Next permutation = [None, None, None, None, None, None, None, None, None, None, None, None, 9, 8, 7, 6]
2026-06-12 01:18:20.671 - [DEBUG] ||| prep_pass ||| Chain complete
2026-06-12 01:18:20.671 - [DEBUG] ||| run ||| pending_perm = [None, None, None, None, None, None, None, None, None, None, None, None, 9, 8, 7, 6] | src = 12, dest = 9
2026-06-12 01:18:20.672 - [DEBUG] ||| prep_pass ||| Next permutation = [None, None, None, None, None, None, None, None, None, None, None, None, None, None, 7, 6]
2026-06-12 01:18:20.672 - [DEBUG] ||| prep_pass ||| Chain complete
2026-06-12 01:18:20.672 - [DEBUG] ||| run ||| pending_perm = [None, None, None, None, None, None, None, None, None, None, None, None, None, None, 7, 6] | src = 14, dest = 7
2026-06-12 01:18:20.673 - [DEBUG] ||| prep_pass ||| Next permutation = [None, None, None, None, None, None, None, None, None, None, None, None, None, None, None, None]
2026-06-12 01:18:20.673 - [DEBUG] ||| prep_pass ||| Chain complete
2026-06-12 01:18:20.674 - [DEBUG] ||| normalize_perm ||| Permutation post normalization = [1, 0, 15, 14, 13, 3, 2, 5, 4, 12, 11, 10, 9, 8, 7, 6]
2026-06-12 01:18:20.674 - [DEBUG] ||| run ||| pending_perm = [1, 0, 15, 14, 13, 3, 2, 5, 4, 12, 11, 10, 9, 8, 7, 6] | src = 0, dest = 1
2026-06-12 01:18:20.674 - [DEBUG] ||| prep_pass ||| Next permutation = [None, None, 15, 14, 13, 3, 2, 5, 4, 12, 11, 10, 9, 8, 7, 6]
2026-06-12 01:18:20.675 - [DEBUG] ||| prep_pass ||| Chain complete
2026-06-12 01:18:20.675 - [DEBUG] ||| run ||| pending_perm = [None, None, 15, 14, 13, 3, 2, 5, 4, 12, 11, 10, 9, 8, 7, 6] | src = 2, dest = 15
2026-06-12 01:18:20.675 - [DEBUG] ||| prep_pass ||| Next permutation = [None, None, None, None, 13, 3, 2, 5, 4, 12, 11, 10, 9, 8, 7, 6]
2026-06-12 01:18:20.676 - [DEBUG] ||| prep_pass ||| Chain complete
2026-06-12 01:18:20.676 - [DEBUG] ||| run ||| pending_perm = [None, None, None, None, 13, 3, 2, 5, 4, 12, 11, 10, 9, 8, 7, 6] | src = 4, dest = 13
2026-06-12 01:18:20.677 - [DEBUG] ||| prep_pass ||| Next permutation = [None, None, None, None, None, None, 2, 5, 4, 12, 11, 10, 9, 8, 7, 6]
2026-06-12 01:18:20.677 - [DEBUG] ||| prep_pass ||| rb_src = 8, rb_dest = 4
2026-06-12 01:18:20.678 - [DEBUG] ||| prep_pass ||| Next permutation = [None, None, None, None, None, None, 2, 5, None, None, 11, 10, 9, 8, 7, 6]
2026-06-12 01:18:20.678 - [DEBUG] ||| prep_pass ||| rb_src = 6, rb_dest = 2
2026-06-12 01:18:20.679 - [DEBUG] ||| prep_pass ||| Next permutation = [None, None, None, None, None, None, None, None, None, None, 11, 10, 9, 8, 7, 6]
2026-06-12 01:18:20.679 - [DEBUG] ||| prep_pass ||| Chain complete
2026-06-12 01:18:20.680 - [DEBUG] ||| run ||| pending_perm = [None, None, None, None, None, None, None, None, None, None, 11, 10, 9, 8, 7, 6] | src = 10, dest = 11
2026-06-12 01:18:20.680 - [DEBUG] ||| prep_pass ||| Next permutation = [None, None, None, None, None, None, None, None, None, None, None, None, 9, 8, 7, 6]
2026-06-12 01:18:20.680 - [DEBUG] ||| prep_pass ||| Chain complete
2026-06-12 01:18:20.681 - [DEBUG] ||| run ||| pending_perm = [None, None, None, None, None, None, None, None, None, None, None, None, 9, 8, 7, 6] | src = 12, dest = 9
2026-06-12 01:18:20.681 - [DEBUG] ||| prep_pass ||| Next permutation = [None, None, None, None, None, None, None, None, None, None, None, None, None, None, 7, 6]
2026-06-12 01:18:20.682 - [DEBUG] ||| prep_pass ||| Chain complete
2026-06-12 01:18:20.682 - [DEBUG] ||| run ||| pending_perm = [None, None, None, None, None, None, None, None, None, None, None, None, None, None, 7, 6] | src = 14, dest = 7
2026-06-12 01:18:20.682 - [DEBUG] ||| prep_pass ||| Next permutation = [None, None, None, None, None, None, None, None, None, None, None, None, None, None, None, None]
2026-06-12 01:18:20.683 - [DEBUG] ||| prep_pass ||| Chain complete
2026-06-12 01:18:20.683 - [DEBUG] ||| propogate ||| stage = 2, input perm = [0, 7, 63, 59, 55, 8, 15, 16, 23, 51, 47, 43, 39, 35, 31, 27, 4, 3, 61, 57, 53, 12, 11, 20, 19, 49, 45, 41, 37, 33, 29, 25, 2, 5, 62, 58, 54, 10, 13, 18, 21, 50, 46, 42, 38, 34, 30, 26, 6, 1, 60, 56, 52, 14, 9, 22, 17, 48, 44, 40, 36, 32, 28, 24]
2026-06-12 01:18:20.684 - [DEBUG] ||| run ||| Stage[2] | Output permutation = [0, 63, 55, 15, 23, 47, 39, 31, 7, 59, 8, 16, 51, 43, 35, 27, 4, 61, 53, 11, 19, 45, 37, 29, 3, 57, 12, 20, 49, 41, 33, 25, 2, 62, 54, 13, 21, 46, 38, 30, 5, 58, 10, 18, 50, 42, 34, 26, 6, 60, 52, 9, 17, 44, 36, 28, 1, 56, 14, 22, 48, 40, 32, 24]
2026-06-12 01:18:20.684 - [DEBUG] ||| run ||| Stage[3] || perm_split = 8, split_len = 8, sw_split = 4, sub_perms = [[0, 63, 55, 15, 23, 47, 39, 31], [7, 59, 8, 16, 51, 43, 35, 27], [4, 61, 53, 11, 19, 45, 37, 29], [3, 57, 12, 20, 49, 41, 33, 25], [2, 62, 54, 13, 21, 46, 38, 30], [5, 58, 10, 18, 50, 42, 34, 26], [6, 60, 52, 9, 17, 44, 36, 28], [1, 56, 14, 22, 48, 40, 32, 24]]
2026-06-12 01:18:20.685 - [DEBUG] ||| normalize_perm ||| Permutation post normalization = [0, 7, 6, 1, 2, 5, 4, 3]
2026-06-12 01:18:20.685 - [DEBUG] ||| run ||| pending_perm = [0, 7, 6, 1, 2, 5, 4, 3] | src = 0, dest = 0
2026-06-12 01:18:20.686 - [DEBUG] ||| prep_pass ||| Next permutation = [None, None, 6, 1, 2, 5, 4, 3]
2026-06-12 01:18:20.686 - [DEBUG] ||| prep_pass ||| rb_src = 2, rb_dest = 6
2026-06-12 01:18:20.687 - [DEBUG] ||| prep_pass ||| Next permutation = [None, None, None, None, 2, 5, 4, 3]
2026-06-12 01:18:20.687 - [DEBUG] ||| prep_pass ||| Chain complete
2026-06-12 01:18:20.687 - [DEBUG] ||| run ||| pending_perm = [None, None, None, None, 2, 5, 4, 3] | src = 4, dest = 2
2026-06-12 01:18:20.688 - [DEBUG] ||| prep_pass ||| Next permutation = [None, None, None, None, None, None, 4, 3]
2026-06-12 01:18:20.688 - [DEBUG] ||| prep_pass ||| rb_src = 6, rb_dest = 4
2026-06-12 01:18:20.688 - [DEBUG] ||| prep_pass ||| Next permutation = [None, None, None, None, None, None, None, None]
2026-06-12 01:18:20.689 - [DEBUG] ||| prep_pass ||| Chain complete
2026-06-12 01:18:20.689 - [DEBUG] ||| normalize_perm ||| Permutation post normalization = [0, 7, 1, 2, 6, 5, 4, 3]
2026-06-12 01:18:20.690 - [DEBUG] ||| run ||| pending_perm = [0, 7, 1, 2, 6, 5, 4, 3] | src = 0, dest = 0
2026-06-12 01:18:20.690 - [DEBUG] ||| prep_pass ||| Next permutation = [None, None, 1, 2, 6, 5, 4, 3]
2026-06-12 01:18:20.690 - [DEBUG] ||| prep_pass ||| rb_src = 3, rb_dest = 2
2026-06-12 01:18:20.691 - [DEBUG] ||| prep_pass ||| Next permutation = [None, None, None, None, 6, 5, 4, 3]
2026-06-12 01:18:20.691 - [DEBUG] ||| prep_pass ||| rb_src = 6, rb_dest = 4
2026-06-12 01:18:20.692 - [DEBUG] ||| prep_pass ||| Next permutation = [None, None, None, None, 6, 5, None, None]
2026-06-12 01:18:20.693 - [DEBUG] ||| prep_pass ||| rb_src = 4, rb_dest = 6
2026-06-12 01:18:20.694 - [DEBUG] ||| prep_pass ||| Next permutation = [None, None, None, None, None, None, None, None]
2026-06-12 01:18:20.694 - [DEBUG] ||| prep_pass ||| Chain complete
2026-06-12 01:18:20.695 - [DEBUG] ||| normalize_perm ||| Permutation post normalization = [0, 7, 6, 1, 2, 5, 4, 3]
2026-06-12 01:18:20.696 - [DEBUG] ||| run ||| pending_perm = [0, 7, 6, 1, 2, 5, 4, 3] | src = 0, dest = 0
2026-06-12 01:18:20.696 - [DEBUG] ||| prep_pass ||| Next permutation = [None, None, 6, 1, 2, 5, 4, 3]
2026-06-12 01:18:20.697 - [DEBUG] ||| prep_pass ||| rb_src = 2, rb_dest = 6
2026-06-12 01:18:20.697 - [DEBUG] ||| prep_pass ||| Next permutation = [None, None, None, None, 2, 5, 4, 3]
2026-06-12 01:18:20.698 - [DEBUG] ||| prep_pass ||| Chain complete
2026-06-12 01:18:20.698 - [DEBUG] ||| run ||| pending_perm = [None, None, None, None, 2, 5, 4, 3] | src = 4, dest = 2
2026-06-12 01:18:20.699 - [DEBUG] ||| prep_pass ||| Next permutation = [None, None, None, None, None, None, 4, 3]
2026-06-12 01:18:20.699 - [DEBUG] ||| prep_pass ||| rb_src = 6, rb_dest = 4
2026-06-12 01:18:20.700 - [DEBUG] ||| prep_pass ||| Next permutation = [None, None, None, None, None, None, None, None]
2026-06-12 01:18:20.700 - [DEBUG] ||| prep_pass ||| Chain complete
2026-06-12 01:18:20.700 - [DEBUG] ||| normalize_perm ||| Permutation post normalization = [0, 7, 1, 2, 6, 5, 4, 3]
2026-06-12 01:18:20.701 - [DEBUG] ||| run ||| pending_perm = [0, 7, 1, 2, 6, 5, 4, 3] | src = 0, dest = 0
2026-06-12 01:18:20.701 - [DEBUG] ||| prep_pass ||| Next permutation = [None, None, 1, 2, 6, 5, 4, 3]
2026-06-12 01:18:20.702 - [DEBUG] ||| prep_pass ||| rb_src = 3, rb_dest = 2
2026-06-12 01:18:20.703 - [DEBUG] ||| prep_pass ||| Next permutation = [None, None, None, None, 6, 5, 4, 3]
2026-06-12 01:18:20.703 - [DEBUG] ||| prep_pass ||| rb_src = 6, rb_dest = 4
2026-06-12 01:18:20.704 - [DEBUG] ||| prep_pass ||| Next permutation = [None, None, None, None, 6, 5, None, None]
2026-06-12 01:18:20.704 - [DEBUG] ||| prep_pass ||| rb_src = 4, rb_dest = 6
2026-06-12 01:18:20.705 - [DEBUG] ||| prep_pass ||| Next permutation = [None, None, None, None, None, None, None, None]
2026-06-12 01:18:20.706 - [DEBUG] ||| prep_pass ||| Chain complete
2026-06-12 01:18:20.706 - [DEBUG] ||| normalize_perm ||| Permutation post normalization = [0, 7, 6, 1, 2, 5, 4, 3]
2026-06-12 01:18:20.707 - [DEBUG] ||| run ||| pending_perm = [0, 7, 6, 1, 2, 5, 4, 3] | src = 0, dest = 0
2026-06-12 01:18:20.708 - [DEBUG] ||| prep_pass ||| Next permutation = [None, None, 6, 1, 2, 5, 4, 3]
2026-06-12 01:18:20.708 - [DEBUG] ||| prep_pass ||| rb_src = 2, rb_dest = 6
2026-06-12 01:18:20.709 - [DEBUG] ||| prep_pass ||| Next permutation = [None, None, None, None, 2, 5, 4, 3]
2026-06-12 01:18:20.709 - [DEBUG] ||| prep_pass ||| Chain complete
2026-06-12 01:18:20.710 - [DEBUG] ||| run ||| pending_perm = [None, None, None, None, 2, 5, 4, 3] | src = 4, dest = 2
2026-06-12 01:18:20.710 - [DEBUG] ||| prep_pass ||| Next permutation = [None, None, None, None, None, None, 4, 3]
2026-06-12 01:18:20.711 - [DEBUG] ||| prep_pass ||| rb_src = 6, rb_dest = 4
2026-06-12 01:18:20.711 - [DEBUG] ||| prep_pass ||| Next permutation = [None, None, None, None, None, None, None, None]
2026-06-12 01:18:20.712 - [DEBUG] ||| prep_pass ||| Chain complete
2026-06-12 01:18:20.712 - [DEBUG] ||| normalize_perm ||| Permutation post normalization = [0, 7, 1, 2, 6, 5, 4, 3]
2026-06-12 01:18:20.712 - [DEBUG] ||| run ||| pending_perm = [0, 7, 1, 2, 6, 5, 4, 3] | src = 0, dest = 0
2026-06-12 01:18:20.713 - [DEBUG] ||| prep_pass ||| Next permutation = [None, None, 1, 2, 6, 5, 4, 3]
2026-06-12 01:18:20.713 - [DEBUG] ||| prep_pass ||| rb_src = 3, rb_dest = 2
2026-06-12 01:18:20.714 - [DEBUG] ||| prep_pass ||| Next permutation = [None, None, None, None, 6, 5, 4, 3]
2026-06-12 01:18:20.714 - [DEBUG] ||| prep_pass ||| rb_src = 6, rb_dest = 4
2026-06-12 01:18:20.715 - [DEBUG] ||| prep_pass ||| Next permutation = [None, None, None, None, 6, 5, None, None]
2026-06-12 01:18:20.715 - [DEBUG] ||| prep_pass ||| rb_src = 4, rb_dest = 6
2026-06-12 01:18:20.715 - [DEBUG] ||| prep_pass ||| Next permutation = [None, None, None, None, None, None, None, None]
2026-06-12 01:18:20.716 - [DEBUG] ||| prep_pass ||| Chain complete
2026-06-12 01:18:20.716 - [DEBUG] ||| normalize_perm ||| Permutation post normalization = [0, 7, 6, 1, 2, 5, 4, 3]
2026-06-12 01:18:20.717 - [DEBUG] ||| run ||| pending_perm = [0, 7, 6, 1, 2, 5, 4, 3] | src = 0, dest = 0
2026-06-12 01:18:20.717 - [DEBUG] ||| prep_pass ||| Next permutation = [None, None, 6, 1, 2, 5, 4, 3]
2026-06-12 01:18:20.718 - [DEBUG] ||| prep_pass ||| rb_src = 2, rb_dest = 6
2026-06-12 01:18:20.718 - [DEBUG] ||| prep_pass ||| Next permutation = [None, None, None, None, 2, 5, 4, 3]
2026-06-12 01:18:20.718 - [DEBUG] ||| prep_pass ||| Chain complete
2026-06-12 01:18:20.719 - [DEBUG] ||| run ||| pending_perm = [None, None, None, None, 2, 5, 4, 3] | src = 4, dest = 2
2026-06-12 01:18:20.719 - [DEBUG] ||| prep_pass ||| Next permutation = [None, None, None, None, None, None, 4, 3]
2026-06-12 01:18:20.719 - [DEBUG] ||| prep_pass ||| rb_src = 6, rb_dest = 4
2026-06-12 01:18:20.720 - [DEBUG] ||| prep_pass ||| Next permutation = [None, None, None, None, None, None, None, None]
2026-06-12 01:18:20.720 - [DEBUG] ||| prep_pass ||| Chain complete
2026-06-12 01:18:20.721 - [DEBUG] ||| normalize_perm ||| Permutation post normalization = [0, 7, 1, 2, 6, 5, 4, 3]
2026-06-12 01:18:20.721 - [DEBUG] ||| run ||| pending_perm = [0, 7, 1, 2, 6, 5, 4, 3] | src = 0, dest = 0
2026-06-12 01:18:20.722 - [DEBUG] ||| prep_pass ||| Next permutation = [None, None, 1, 2, 6, 5, 4, 3]
2026-06-12 01:18:20.722 - [DEBUG] ||| prep_pass ||| rb_src = 3, rb_dest = 2
2026-06-12 01:18:20.723 - [DEBUG] ||| prep_pass ||| Next permutation = [None, None, None, None, 6, 5, 4, 3]
2026-06-12 01:18:20.724 - [DEBUG] ||| prep_pass ||| rb_src = 6, rb_dest = 4
2026-06-12 01:18:20.724 - [DEBUG] ||| prep_pass ||| Next permutation = [None, None, None, None, 6, 5, None, None]
2026-06-12 01:18:20.725 - [DEBUG] ||| prep_pass ||| rb_src = 4, rb_dest = 6
2026-06-12 01:18:20.725 - [DEBUG] ||| prep_pass ||| Next permutation = [None, None, None, None, None, None, None, None]
2026-06-12 01:18:20.726 - [DEBUG] ||| prep_pass ||| Chain complete
2026-06-12 01:18:20.726 - [DEBUG] ||| propogate ||| stage = 3, input perm = [0, 63, 55, 15, 23, 47, 39, 31, 7, 59, 8, 16, 51, 43, 35, 27, 4, 61, 53, 11, 19, 45, 37, 29, 3, 57, 12, 20, 49, 41, 33, 25, 2, 62, 54, 13, 21, 46, 38, 30, 5, 58, 10, 18, 50, 42, 34, 26, 6, 60, 52, 9, 17, 44, 36, 28, 1, 56, 14, 22, 48, 40, 32, 24]
2026-06-12 01:18:20.727 - [DEBUG] ||| run ||| Stage[3] | Output permutation = [0, 55, 23, 39, 63, 15, 47, 31, 7, 16, 51, 35, 59, 8, 43, 27, 4, 53, 19, 37, 61, 11, 45, 29, 3, 20, 49, 33, 57, 12, 41, 25, 2, 54, 21, 38, 62, 13, 46, 30, 5, 18, 50, 34, 58, 10, 42, 26, 6, 52, 17, 36, 60, 9, 44, 28, 1, 22, 48, 32, 56, 14, 40, 24]
2026-06-12 01:18:20.727 - [DEBUG] ||| run ||| Stage[4] || perm_split = 16, split_len = 4, sw_split = 2, sub_perms = [[0, 55, 23, 39], [63, 15, 47, 31], [7, 16, 51, 35], [59, 8, 43, 27], [4, 53, 19, 37], [61, 11, 45, 29], [3, 20, 49, 33], [57, 12, 41, 25], [2, 54, 21, 38], [62, 13, 46, 30], [5, 18, 50, 34], [58, 10, 42, 26], [6, 52, 17, 36], [60, 9, 44, 28], [1, 22, 48, 32], [56, 14, 40, 24]]
2026-06-12 01:18:20.728 - [DEBUG] ||| normalize_perm ||| Permutation post normalization = [0, 3, 1, 2]
2026-06-12 01:18:20.728 - [DEBUG] ||| run ||| pending_perm = [0, 3, 1, 2] | src = 0, dest = 0
2026-06-12 01:18:20.729 - [DEBUG] ||| prep_pass ||| Next permutation = [None, None, 1, 2]
2026-06-12 01:18:20.729 - [DEBUG] ||| prep_pass ||| rb_src = 3, rb_dest = 2
2026-06-12 01:18:20.729 - [DEBUG] ||| prep_pass ||| Next permutation = [None, None, None, None]
2026-06-12 01:18:20.730 - [DEBUG] ||| prep_pass ||| Chain complete
2026-06-12 01:18:20.730 - [DEBUG] ||| normalize_perm ||| Permutation post normalization = [3, 0, 2, 1]
2026-06-12 01:18:20.731 - [DEBUG] ||| run ||| pending_perm = [3, 0, 2, 1] | src = 0, dest = 3
2026-06-12 01:18:20.731 - [DEBUG] ||| prep_pass ||| Next permutation = [None, None, 2, 1]
2026-06-12 01:18:20.732 - [DEBUG] ||| prep_pass ||| rb_src = 3, rb_dest = 1
2026-06-12 01:18:20.732 - [DEBUG] ||| prep_pass ||| Next permutation = [None, None, None, None]
2026-06-12 01:18:20.732 - [DEBUG] ||| prep_pass ||| Chain complete
2026-06-12 01:18:20.733 - [DEBUG] ||| normalize_perm ||| Permutation post normalization = [0, 1, 3, 2]
2026-06-12 01:18:20.733 - [DEBUG] ||| run ||| pending_perm = [0, 1, 3, 2] | src = 0, dest = 0
2026-06-12 01:18:20.734 - [DEBUG] ||| prep_pass ||| Next permutation = [None, None, 3, 2]
2026-06-12 01:18:20.734 - [DEBUG] ||| prep_pass ||| Chain complete
2026-06-12 01:18:20.735 - [DEBUG] ||| run ||| pending_perm = [None, None, 3, 2] | src = 2, dest = 3
2026-06-12 01:18:20.735 - [DEBUG] ||| prep_pass ||| Next permutation = [None, None, None, None]
2026-06-12 01:18:20.736 - [DEBUG] ||| prep_pass ||| Chain complete
2026-06-12 01:18:20.737 - [DEBUG] ||| normalize_perm ||| Permutation post normalization = [3, 0, 2, 1]
2026-06-12 01:18:20.737 - [DEBUG] ||| run ||| pending_perm = [3, 0, 2, 1] | src = 0, dest = 3
2026-06-12 01:18:20.738 - [DEBUG] ||| prep_pass ||| Next permutation = [None, None, 2, 1]
2026-06-12 01:18:20.738 - [DEBUG] ||| prep_pass ||| rb_src = 3, rb_dest = 1
2026-06-12 01:18:20.739 - [DEBUG] ||| prep_pass ||| Next permutation = [None, None, None, None]
2026-06-12 01:18:20.739 - [DEBUG] ||| prep_pass ||| Chain complete
2026-06-12 01:18:20.740 - [DEBUG] ||| normalize_perm ||| Permutation post normalization = [0, 3, 1, 2]
2026-06-12 01:18:20.740 - [DEBUG] ||| run ||| pending_perm = [0, 3, 1, 2] | src = 0, dest = 0
2026-06-12 01:18:20.741 - [DEBUG] ||| prep_pass ||| Next permutation = [None, None, 1, 2]
2026-06-12 01:18:20.741 - [DEBUG] ||| prep_pass ||| rb_src = 3, rb_dest = 2
2026-06-12 01:18:20.742 - [DEBUG] ||| prep_pass ||| Next permutation = [None, None, None, None]
2026-06-12 01:18:20.742 - [DEBUG] ||| prep_pass ||| Chain complete
2026-06-12 01:18:20.743 - [DEBUG] ||| normalize_perm ||| Permutation post normalization = [3, 0, 2, 1]
2026-06-12 01:18:20.743 - [DEBUG] ||| run ||| pending_perm = [3, 0, 2, 1] | src = 0, dest = 3
2026-06-12 01:18:20.744 - [DEBUG] ||| prep_pass ||| Next permutation = [None, None, 2, 1]
2026-06-12 01:18:20.744 - [DEBUG] ||| prep_pass ||| rb_src = 3, rb_dest = 1
2026-06-12 01:18:20.745 - [DEBUG] ||| prep_pass ||| Next permutation = [None, None, None, None]
2026-06-12 01:18:20.745 - [DEBUG] ||| prep_pass ||| Chain complete
2026-06-12 01:18:20.746 - [DEBUG] ||| normalize_perm ||| Permutation post normalization = [0, 1, 3, 2]
2026-06-12 01:18:20.747 - [DEBUG] ||| run ||| pending_perm = [0, 1, 3, 2] | src = 0, dest = 0
2026-06-12 01:18:20.747 - [DEBUG] ||| prep_pass ||| Next permutation = [None, None, 3, 2]
2026-06-12 01:18:20.748 - [DEBUG] ||| prep_pass ||| Chain complete
2026-06-12 01:18:20.748 - [DEBUG] ||| run ||| pending_perm = [None, None, 3, 2] | src = 2, dest = 3
2026-06-12 01:18:20.749 - [DEBUG] ||| prep_pass ||| Next permutation = [None, None, None, None]
2026-06-12 01:18:20.749 - [DEBUG] ||| prep_pass ||| Chain complete
2026-06-12 01:18:20.750 - [DEBUG] ||| normalize_perm ||| Permutation post normalization = [3, 0, 2, 1]
2026-06-12 01:18:20.750 - [DEBUG] ||| run ||| pending_perm = [3, 0, 2, 1] | src = 0, dest = 3
2026-06-12 01:18:20.751 - [DEBUG] ||| prep_pass ||| Next permutation = [None, None, 2, 1]
2026-06-12 01:18:20.752 - [DEBUG] ||| prep_pass ||| rb_src = 3, rb_dest = 1
2026-06-12 01:18:20.752 - [DEBUG] ||| prep_pass ||| Next permutation = [None, None, None, None]
2026-06-12 01:18:20.753 - [DEBUG] ||| prep_pass ||| Chain complete
2026-06-12 01:18:20.754 - [DEBUG] ||| normalize_perm ||| Permutation post normalization = [0, 3, 1, 2]
2026-06-12 01:18:20.754 - [DEBUG] ||| run ||| pending_perm = [0, 3, 1, 2] | src = 0, dest = 0
2026-06-12 01:18:20.755 - [DEBUG] ||| prep_pass ||| Next permutation = [None, None, 1, 2]
2026-06-12 01:18:20.756 - [DEBUG] ||| prep_pass ||| rb_src = 3, rb_dest = 2
2026-06-12 01:18:20.757 - [DEBUG] ||| prep_pass ||| Next permutation = [None, None, None, None]
2026-06-12 01:18:20.757 - [DEBUG] ||| prep_pass ||| Chain complete
2026-06-12 01:18:20.758 - [DEBUG] ||| normalize_perm ||| Permutation post normalization = [3, 0, 2, 1]
2026-06-12 01:18:20.758 - [DEBUG] ||| run ||| pending_perm = [3, 0, 2, 1] | src = 0, dest = 3
2026-06-12 01:18:20.759 - [DEBUG] ||| prep_pass ||| Next permutation = [None, None, 2, 1]
2026-06-12 01:18:20.760 - [DEBUG] ||| prep_pass ||| rb_src = 3, rb_dest = 1
2026-06-12 01:18:20.760 - [DEBUG] ||| prep_pass ||| Next permutation = [None, None, None, None]
2026-06-12 01:18:20.761 - [DEBUG] ||| prep_pass ||| Chain complete
2026-06-12 01:18:20.761 - [DEBUG] ||| normalize_perm ||| Permutation post normalization = [0, 1, 3, 2]
2026-06-12 01:18:20.762 - [DEBUG] ||| run ||| pending_perm = [0, 1, 3, 2] | src = 0, dest = 0
2026-06-12 01:18:20.763 - [DEBUG] ||| prep_pass ||| Next permutation = [None, None, 3, 2]
2026-06-12 01:18:20.763 - [DEBUG] ||| prep_pass ||| Chain complete
2026-06-12 01:18:20.764 - [DEBUG] ||| run ||| pending_perm = [None, None, 3, 2] | src = 2, dest = 3
2026-06-12 01:18:20.764 - [DEBUG] ||| prep_pass ||| Next permutation = [None, None, None, None]
2026-06-12 01:18:20.765 - [DEBUG] ||| prep_pass ||| Chain complete
2026-06-12 01:18:20.766 - [DEBUG] ||| normalize_perm ||| Permutation post normalization = [3, 0, 2, 1]
2026-06-12 01:18:20.766 - [DEBUG] ||| run ||| pending_perm = [3, 0, 2, 1] | src = 0, dest = 3
2026-06-12 01:18:20.767 - [DEBUG] ||| prep_pass ||| Next permutation = [None, None, 2, 1]
2026-06-12 01:18:20.767 - [DEBUG] ||| prep_pass ||| rb_src = 3, rb_dest = 1
2026-06-12 01:18:20.768 - [DEBUG] ||| prep_pass ||| Next permutation = [None, None, None, None]
2026-06-12 01:18:20.769 - [DEBUG] ||| prep_pass ||| Chain complete
2026-06-12 01:18:20.769 - [DEBUG] ||| normalize_perm ||| Permutation post normalization = [0, 3, 1, 2]
2026-06-12 01:18:20.770 - [DEBUG] ||| run ||| pending_perm = [0, 3, 1, 2] | src = 0, dest = 0
2026-06-12 01:18:20.771 - [DEBUG] ||| prep_pass ||| Next permutation = [None, None, 1, 2]
2026-06-12 01:18:20.771 - [DEBUG] ||| prep_pass ||| rb_src = 3, rb_dest = 2
2026-06-12 01:18:20.772 - [DEBUG] ||| prep_pass ||| Next permutation = [None, None, None, None]
2026-06-12 01:18:20.772 - [DEBUG] ||| prep_pass ||| Chain complete
2026-06-12 01:18:20.773 - [DEBUG] ||| normalize_perm ||| Permutation post normalization = [3, 0, 2, 1]
2026-06-12 01:18:20.774 - [DEBUG] ||| run ||| pending_perm = [3, 0, 2, 1] | src = 0, dest = 3
2026-06-12 01:18:20.774 - [DEBUG] ||| prep_pass ||| Next permutation = [None, None, 2, 1]
2026-06-12 01:18:20.775 - [DEBUG] ||| prep_pass ||| rb_src = 3, rb_dest = 1
2026-06-12 01:18:20.775 - [DEBUG] ||| prep_pass ||| Next permutation = [None, None, None, None]
2026-06-12 01:18:20.776 - [DEBUG] ||| prep_pass ||| Chain complete
2026-06-12 01:18:20.777 - [DEBUG] ||| normalize_perm ||| Permutation post normalization = [0, 1, 3, 2]
2026-06-12 01:18:20.777 - [DEBUG] ||| run ||| pending_perm = [0, 1, 3, 2] | src = 0, dest = 0
2026-06-12 01:18:20.778 - [DEBUG] ||| prep_pass ||| Next permutation = [None, None, 3, 2]
2026-06-12 01:18:20.778 - [DEBUG] ||| prep_pass ||| Chain complete
2026-06-12 01:18:20.779 - [DEBUG] ||| run ||| pending_perm = [None, None, 3, 2] | src = 2, dest = 3
2026-06-12 01:18:20.780 - [DEBUG] ||| prep_pass ||| Next permutation = [None, None, None, None]
2026-06-12 01:18:20.780 - [DEBUG] ||| prep_pass ||| Chain complete
2026-06-12 01:18:20.781 - [DEBUG] ||| normalize_perm ||| Permutation post normalization = [3, 0, 2, 1]
2026-06-12 01:18:20.782 - [DEBUG] ||| run ||| pending_perm = [3, 0, 2, 1] | src = 0, dest = 3
2026-06-12 01:18:20.782 - [DEBUG] ||| prep_pass ||| Next permutation = [None, None, 2, 1]
2026-06-12 01:18:20.783 - [DEBUG] ||| prep_pass ||| rb_src = 3, rb_dest = 1
2026-06-12 01:18:20.783 - [DEBUG] ||| prep_pass ||| Next permutation = [None, None, None, None]
2026-06-12 01:18:20.784 - [DEBUG] ||| prep_pass ||| Chain complete
2026-06-12 01:18:20.785 - [DEBUG] ||| propogate ||| stage = 4, input perm = [0, 55, 23, 39, 63, 15, 47, 31, 7, 16, 51, 35, 59, 8, 43, 27, 4, 53, 19, 37, 61, 11, 45, 29, 3, 20, 49, 33, 57, 12, 41, 25, 2, 54, 21, 38, 62, 13, 46, 30, 5, 18, 50, 34, 58, 10, 42, 26, 6, 52, 17, 36, 60, 9, 44, 28, 1, 22, 48, 32, 56, 14, 40, 24]
2026-06-12 01:18:20.785 - [DEBUG] ||| run ||| Stage[4] | Output permutation = [0, 39, 55, 23, 63, 31, 15, 47, 7, 51, 16, 35, 59, 27, 8, 43, 4, 37, 53, 19, 61, 29, 11, 45, 3, 49, 20, 33, 57, 25, 12, 41, 2, 38, 54, 21, 62, 30, 13, 46, 5, 50, 18, 34, 58, 26, 10, 42, 6, 36, 52, 17, 60, 28, 9, 44, 1, 48, 22, 32, 56, 24, 14, 40]
2026-06-12 01:18:20.786 - [DEBUG] ||| propogate ||| stage = 5, input perm = [0, 39, 55, 23, 63, 31, 15, 47, 7, 51, 16, 35, 59, 27, 8, 43, 4, 37, 53, 19, 61, 29, 11, 45, 3, 49, 20, 33, 57, 25, 12, 41, 2, 38, 54, 21, 62, 30, 13, 46, 5, 50, 18, 34, 58, 26, 10, 42, 6, 36, 52, 17, 60, 28, 9, 44, 1, 48, 22, 32, 56, 24, 14, 40]
2026-06-12 01:18:20.787 - [DEBUG] ||| run ||| Stage[5] | Output permutation = [0, 23, 39, 55, 31, 15, 63, 47, 7, 16, 51, 35, 27, 8, 59, 43, 4, 19, 37, 53, 29, 11, 61, 45, 3, 20, 49, 33, 25, 12, 57, 41, 2, 21, 38, 54, 30, 13, 62, 46, 5, 18, 50, 34, 26, 10, 58, 42, 6, 17, 36, 52, 28, 9, 60, 44, 1, 22, 48, 32, 24, 14, 56, 40]
2026-06-12 01:18:20.787 - [DEBUG] ||| propogate ||| stage = 6, input perm = [0, 23, 39, 55, 31, 15, 63, 47, 7, 16, 51, 35, 27, 8, 59, 43, 4, 19, 37, 53, 29, 11, 61, 45, 3, 20, 49, 33, 25, 12, 57, 41, 2, 21, 38, 54, 30, 13, 62, 46, 5, 18, 50, 34, 26, 10, 58, 42, 6, 17, 36, 52, 28, 9, 60, 44, 1, 22, 48, 32, 24, 14, 56, 40]
2026-06-12 01:18:20.788 - [DEBUG] ||| run ||| Stage[6] | Output permutation = [0, 15, 23, 31, 39, 47, 55, 63, 7, 8, 16, 27, 35, 43, 51, 59, 4, 11, 19, 29, 37, 45, 53, 61, 3, 12, 20, 25, 33, 41, 49, 57, 2, 13, 21, 30, 38, 46, 54, 62, 5, 10, 18, 26, 34, 42, 50, 58, 6, 9, 17, 28, 36, 44, 52, 60, 1, 14, 22, 24, 32, 40, 48, 56]
2026-06-12 01:18:20.789 - [DEBUG] ||| propogate ||| stage = 7, input perm = [0, 15, 23, 31, 39, 47, 55, 63, 7, 8, 16, 27, 35, 43, 51, 59, 4, 11, 19, 29, 37, 45, 53, 61, 3, 12, 20, 25, 33, 41, 49, 57, 2, 13, 21, 30, 38, 46, 54, 62, 5, 10, 18, 26, 34, 42, 50, 58, 6, 9, 17, 28, 36, 44, 52, 60, 1, 14, 22, 24, 32, 40, 48, 56]
2026-06-12 01:18:20.789 - [DEBUG] ||| run ||| Stage[7] | Output permutation = [0, 7, 15, 8, 23, 16, 31, 27, 39, 35, 47, 43, 55, 51, 63, 59, 4, 3, 11, 12, 19, 20, 29, 25, 37, 33, 45, 41, 53, 49, 61, 57, 2, 5, 13, 10, 21, 18, 30, 26, 38, 34, 46, 42, 54, 50, 62, 58, 6, 1, 9, 14, 17, 22, 28, 24, 36, 32, 44, 40, 52, 48, 60, 56]
2026-06-12 01:18:20.790 - [DEBUG] ||| propogate ||| stage = 8, input perm = [0, 7, 15, 8, 23, 16, 31, 27, 39, 35, 47, 43, 55, 51, 63, 59, 4, 3, 11, 12, 19, 20, 29, 25, 37, 33, 45, 41, 53, 49, 61, 57, 2, 5, 13, 10, 21, 18, 30, 26, 38, 34, 46, 42, 54, 50, 62, 58, 6, 1, 9, 14, 17, 22, 28, 24, 36, 32, 44, 40, 52, 48, 60, 56]
2026-06-12 01:18:20.791 - [DEBUG] ||| run ||| Stage[8] | Output permutation = [0, 3, 7, 4, 8, 11, 15, 12, 16, 19, 23, 20, 27, 25, 31, 29, 35, 33, 39, 37, 43, 41, 47, 45, 51, 49, 55, 53, 59, 57, 63, 61, 2, 1, 5, 6, 10, 9, 13, 14, 18, 17, 21, 22, 26, 24, 30, 28, 34, 32, 38, 36, 42, 40, 46, 44, 50, 48, 54, 52, 58, 56, 62, 60]
2026-06-12 01:18:20.792 - [DEBUG] ||| propogate ||| stage = 9, input perm = [0, 3, 7, 4, 8, 11, 15, 12, 16, 19, 23, 20, 27, 25, 31, 29, 35, 33, 39, 37, 43, 41, 47, 45, 51, 49, 55, 53, 59, 57, 63, 61, 2, 1, 5, 6, 10, 9, 13, 14, 18, 17, 21, 22, 26, 24, 30, 28, 34, 32, 38, 36, 42, 40, 46, 44, 50, 48, 54, 52, 58, 56, 62, 60]
2026-06-12 01:18:20.792 - [DEBUG] ||| run ||| Stage[9] | Output permutation = [0, 1, 3, 2, 4, 5, 7, 6, 8, 9, 11, 10, 12, 13, 15, 14, 16, 17, 19, 18, 20, 21, 23, 22, 25, 24, 27, 26, 29, 28, 31, 30, 33, 32, 35, 34, 37, 36, 39, 38, 41, 40, 43, 42, 45, 44, 47, 46, 49, 48, 51, 50, 53, 52, 55, 54, 57, 56, 59, 58, 61, 60, 63, 62]
2026-06-12 01:18:20.793 - [DEBUG] ||| propogate ||| stage = 10, input perm = [0, 1, 3, 2, 4, 5, 7, 6, 8, 9, 11, 10, 12, 13, 15, 14, 16, 17, 19, 18, 20, 21, 23, 22, 25, 24, 27, 26, 29, 28, 31, 30, 33, 32, 35, 34, 37, 36, 39, 38, 41, 40, 43, 42, 45, 44, 47, 46, 49, 48, 51, 50, 53, 52, 55, 54, 57, 56, 59, 58, 61, 60, 63, 62]
2026-06-12 01:18:20.794 - [DEBUG] ||| run ||| Stage[10] | Output permutation = [0, 1, 2, 3, 4, 5, 6, 7, 8, 9, 10, 11, 12, 13, 14, 15, 16, 17, 18, 19, 20, 21, 22, 23, 24, 25, 26, 27, 28, 29, 30, 31, 32, 33, 34, 35, 36, 37, 38, 39, 40, 41, 42, 43, 44, 45, 46, 47, 48, 49, 50, 51, 52, 53, 54, 55, 56, 57, 58, 59, 60, 61, 62, 63]
2026-06-12 01:18:20.794 - [DEBUG] ||| run ||| Benes Routing: PASSED
2026-06-12 01:18:20.796 - [DEBUG] ||| run ||| Attempting to route Benes permutation = [(0, 1), (1, 3), (2, 5), (3, 7), (4, 4), (5, 2), (6, 0), (7, 6), (20, 9), (21, 11), (22, 13), (23, 15), (24, 12), (25, 10), (26, 8), (27, 14), (28, 17), (29, 19), (30, 21), (31, 23), (32, 20), (33, 18), (34, 16), (35, 22)]
2026-06-12 01:18:20.797 - [DEBUG] ||| balance_perm ||| almost-balanced_perm = [1, 3, 5, 7, 4, 2, 0, 6, None, None, None, None, None, None, None, None, None, None, None, None, 9, 11, 13, 15, 12, 10, 8, 14, 17, 19, 21, 23, 20, 18, 16, 22, None, None, None, None, None, None, None, None, None, None, None, None, None, None, None, None, None, None, None, None, None, None, None, None, None, None, None, None]; free_dest = [24, 25, 26, 27, 28, 29, 30, 31, 32, 33, 34, 35, 36, 37, 38, 39, 40, 41, 42, 43, 44, 45, 46, 47, 48, 49, 50, 51, 52, 53, 54, 55, 56, 57, 58, 59, 60, 61, 62, 63]
2026-06-12 01:18:20.797 - [DEBUG] ||| balance_perm ||| balanced_perm = [1, 3, 5, 7, 4, 2, 0, 6, 63, 62, 61, 60, 59, 58, 57, 56, 55, 54, 53, 52, 9, 11, 13, 15, 12, 10, 8, 14, 17, 19, 21, 23, 20, 18, 16, 22, 51, 50, 49, 48, 47, 46, 45, 44, 43, 42, 41, 40, 39, 38, 37, 36, 35, 34, 33, 32, 31, 30, 29, 28, 27, 26, 25, 24]
2026-06-12 01:18:20.798 - [DEBUG] ||| run ||| Stage[0] || perm_split = 1, split_len = 64, sw_split = 32, sub_perms = [[1, 3, 5, 7, 4, 2, 0, 6, 63, 62, 61, 60, 59, 58, 57, 56, 55, 54, 53, 52, 9, 11, 13, 15, 12, 10, 8, 14, 17, 19, 21, 23, 20, 18, 16, 22, 51, 50, 49, 48, 47, 46, 45, 44, 43, 42, 41, 40, 39, 38, 37, 36, 35, 34, 33, 32, 31, 30, 29, 28, 27, 26, 25, 24]]
2026-06-12 01:18:20.799 - [DEBUG] ||| normalize_perm ||| Permutation post normalization = [1, 3, 5, 7, 4, 2, 0, 6, 63, 62, 61, 60, 59, 58, 57, 56, 55, 54, 53, 52, 9, 11, 13, 15, 12, 10, 8, 14, 17, 19, 21, 23, 20, 18, 16, 22, 51, 50, 49, 48, 47, 46, 45, 44, 43, 42, 41, 40, 39, 38, 37, 36, 35, 34, 33, 32, 31, 30, 29, 28, 27, 26, 25, 24]
2026-06-12 01:18:20.800 - [DEBUG] ||| run ||| pending_perm = [1, 3, 5, 7, 4, 2, 0, 6, 63, 62, 61, 60, 59, 58, 57, 56, 55, 54, 53, 52, 9, 11, 13, 15, 12, 10, 8, 14, 17, 19, 21, 23, 20, 18, 16, 22, 51, 50, 49, 48, 47, 46, 45, 44, 43, 42, 41, 40, 39, 38, 37, 36, 35, 34, 33, 32, 31, 30, 29, 28, 27, 26, 25, 24] | src = 0, dest = 1
2026-06-12 01:18:20.800 - [DEBUG] ||| prep_pass ||| Next permutation = [None, None, 5, 7, 4, 2, 0, 6, 63, 62, 61, 60, 59, 58, 57, 56, 55, 54, 53, 52, 9, 11, 13, 15, 12, 10, 8, 14, 17, 19, 21, 23, 20, 18, 16, 22, 51, 50, 49, 48, 47, 46, 45, 44, 43, 42, 41, 40, 39, 38, 37, 36, 35, 34, 33, 32, 31, 30, 29, 28, 27, 26, 25, 24]
2026-06-12 01:18:20.801 - [DEBUG] ||| prep_pass ||| rb_src = 7, rb_dest = 6
2026-06-12 01:18:20.802 - [DEBUG] ||| prep_pass ||| Next permutation = [None, None, 5, 7, 4, 2, None, None, 63, 62, 61, 60, 59, 58, 57, 56, 55, 54, 53, 52, 9, 11, 13, 15, 12, 10, 8, 14, 17, 19, 21, 23, 20, 18, 16, 22, 51, 50, 49, 48, 47, 46, 45, 44, 43, 42, 41, 40, 39, 38, 37, 36, 35, 34, 33, 32, 31, 30, 29, 28, 27, 26, 25, 24]
2026-06-12 01:18:20.802 - [DEBUG] ||| prep_pass ||| rb_src = 2, rb_dest = 5
2026-06-12 01:18:20.803 - [DEBUG] ||| prep_pass ||| Next permutation = [None, None, None, None, 4, 2, None, None, 63, 62, 61, 60, 59, 58, 57, 56, 55, 54, 53, 52, 9, 11, 13, 15, 12, 10, 8, 14, 17, 19, 21, 23, 20, 18, 16, 22, 51, 50, 49, 48, 47, 46, 45, 44, 43, 42, 41, 40, 39, 38, 37, 36, 35, 34, 33, 32, 31, 30, 29, 28, 27, 26, 25, 24]
2026-06-12 01:18:20.803 - [DEBUG] ||| prep_pass ||| rb_src = 5, rb_dest = 2
2026-06-12 01:18:20.804 - [DEBUG] ||| prep_pass ||| Next permutation = [None, None, None, None, None, None, None, None, 63, 62, 61, 60, 59, 58, 57, 56, 55, 54, 53, 52, 9, 11, 13, 15, 12, 10, 8, 14, 17, 19, 21, 23, 20, 18, 16, 22, 51, 50, 49, 48, 47, 46, 45, 44, 43, 42, 41, 40, 39, 38, 37, 36, 35, 34, 33, 32, 31, 30, 29, 28, 27, 26, 25, 24]
2026-06-12 01:18:20.805 - [DEBUG] ||| prep_pass ||| Chain complete
2026-06-12 01:18:20.805 - [DEBUG] ||| run ||| pending_perm = [None, None, None, None, None, None, None, None, 63, 62, 61, 60, 59, 58, 57, 56, 55, 54, 53, 52, 9, 11, 13, 15, 12, 10, 8, 14, 17, 19, 21, 23, 20, 18, 16, 22, 51, 50, 49, 48, 47, 46, 45, 44, 43, 42, 41, 40, 39, 38, 37, 36, 35, 34, 33, 32, 31, 30, 29, 28, 27, 26, 25, 24] | src = 8, dest = 63
2026-06-12 01:18:20.806 - [DEBUG] ||| prep_pass ||| Next permutation = [None, None, None, None, None, None, None, None, None, None, 61, 60, 59, 58, 57, 56, 55, 54, 53, 52, 9, 11, 13, 15, 12, 10, 8, 14, 17, 19, 21, 23, 20, 18, 16, 22, 51, 50, 49, 48, 47, 46, 45, 44, 43, 42, 41, 40, 39, 38, 37, 36, 35, 34, 33, 32, 31, 30, 29, 28, 27, 26, 25, 24]
2026-06-12 01:18:20.806 - [DEBUG] ||| prep_pass ||| Chain complete
2026-06-12 01:18:20.807 - [DEBUG] ||| run ||| pending_perm = [None, None, None, None, None, None, None, None, None, None, 61, 60, 59, 58, 57, 56, 55, 54, 53, 52, 9, 11, 13, 15, 12, 10, 8, 14, 17, 19, 21, 23, 20, 18, 16, 22, 51, 50, 49, 48, 47, 46, 45, 44, 43, 42, 41, 40, 39, 38, 37, 36, 35, 34, 33, 32, 31, 30, 29, 28, 27, 26, 25, 24] | src = 10, dest = 61
2026-06-12 01:18:20.807 - [DEBUG] ||| prep_pass ||| Next permutation = [None, None, None, None, None, None, None, None, None, None, None, None, 59, 58, 57, 56, 55, 54, 53, 52, 9, 11, 13, 15, 12, 10, 8, 14, 17, 19, 21, 23, 20, 18, 16, 22, 51, 50, 49, 48, 47, 46, 45, 44, 43, 42, 41, 40, 39, 38, 37, 36, 35, 34, 33, 32, 31, 30, 29, 28, 27, 26, 25, 24]
2026-06-12 01:18:20.808 - [DEBUG] ||| prep_pass ||| Chain complete
2026-06-12 01:18:20.808 - [DEBUG] ||| run ||| pending_perm = [None, None, None, None, None, None, None, None, None, None, None, None, 59, 58, 57, 56, 55, 54, 53, 52, 9, 11, 13, 15, 12, 10, 8, 14, 17, 19, 21, 23, 20, 18, 16, 22, 51, 50, 49, 48, 47, 46, 45, 44, 43, 42, 41, 40, 39, 38, 37, 36, 35, 34, 33, 32, 31, 30, 29, 28, 27, 26, 25, 24] | src = 12, dest = 59
2026-06-12 01:18:20.809 - [DEBUG] ||| prep_pass ||| Next permutation = [None, None, None, None, None, None, None, None, None, None, None, None, None, None, 57, 56, 55, 54, 53, 52, 9, 11, 13, 15, 12, 10, 8, 14, 17, 19, 21, 23, 20, 18, 16, 22, 51, 50, 49, 48, 47, 46, 45, 44, 43, 42, 41, 40, 39, 38, 37, 36, 35, 34, 33, 32, 31, 30, 29, 28, 27, 26, 25, 24]
2026-06-12 01:18:20.810 - [DEBUG] ||| prep_pass ||| Chain complete
2026-06-12 01:18:20.810 - [DEBUG] ||| run ||| pending_perm = [None, None, None, None, None, None, None, None, None, None, None, None, None, None, 57, 56, 55, 54, 53, 52, 9, 11, 13, 15, 12, 10, 8, 14, 17, 19, 21, 23, 20, 18, 16, 22, 51, 50, 49, 48, 47, 46, 45, 44, 43, 42, 41, 40, 39, 38, 37, 36, 35, 34, 33, 32, 31, 30, 29, 28, 27, 26, 25, 24] | src = 14, dest = 57
2026-06-12 01:18:20.811 - [DEBUG] ||| prep_pass ||| Next permutation = [None, None, None, None, None, None, None, None, None, None, None, None, None, None, None, None, 55, 54, 53, 52, 9, 11, 13, 15, 12, 10, 8, 14, 17, 19, 21, 23, 20, 18, 16, 22, 51, 50, 49, 48, 47, 46, 45, 44, 43, 42, 41, 40, 39, 38, 37, 36, 35, 34, 33, 32, 31, 30, 29, 28, 27, 26, 25, 24]
2026-06-12 01:18:20.812 - [DEBUG] ||| prep_pass ||| Chain complete
2026-06-12 01:18:20.813 - [DEBUG] ||| run ||| pending_perm = [None, None, None, None, None, None, None, None, None, None, None, None, None, None, None, None, 55, 54, 53, 52, 9, 11, 13, 15, 12, 10, 8, 14, 17, 19, 21, 23, 20, 18, 16, 22, 51, 50, 49, 48, 47, 46, 45, 44, 43, 42, 41, 40, 39, 38, 37, 36, 35, 34, 33, 32, 31, 30, 29, 28, 27, 26, 25, 24] | src = 16, dest = 55
2026-06-12 01:18:20.813 - [DEBUG] ||| prep_pass ||| Next permutation = [None, None, None, None, None, None, None, None, None, None, None, None, None, None, None, None, None, None, 53, 52, 9, 11, 13, 15, 12, 10, 8, 14, 17, 19, 21, 23, 20, 18, 16, 22, 51, 50, 49, 48, 47, 46, 45, 44, 43, 42, 41, 40, 39, 38, 37, 36, 35, 34, 33, 32, 31, 30, 29, 28, 27, 26, 25, 24]
2026-06-12 01:18:20.814 - [DEBUG] ||| prep_pass ||| Chain complete
2026-06-12 01:18:20.815 - [DEBUG] ||| run ||| pending_perm = [None, None, None, None, None, None, None, None, None, None, None, None, None, None, None, None, None, None, 53, 52, 9, 11, 13, 15, 12, 10, 8, 14, 17, 19, 21, 23, 20, 18, 16, 22, 51, 50, 49, 48, 47, 46, 45, 44, 43, 42, 41, 40, 39, 38, 37, 36, 35, 34, 33, 32, 31, 30, 29, 28, 27, 26, 25, 24] | src = 18, dest = 53
2026-06-12 01:18:20.815 - [DEBUG] ||| prep_pass ||| Next permutation = [None, None, None, None, None, None, None, None, None, None, None, None, None, None, None, None, None, None, None, None, 9, 11, 13, 15, 12, 10, 8, 14, 17, 19, 21, 23, 20, 18, 16, 22, 51, 50, 49, 48, 47, 46, 45, 44, 43, 42, 41, 40, 39, 38, 37, 36, 35, 34, 33, 32, 31, 30, 29, 28, 27, 26, 25, 24]
2026-06-12 01:18:20.816 - [DEBUG] ||| prep_pass ||| Chain complete
2026-06-12 01:18:20.816 - [DEBUG] ||| run ||| pending_perm = [None, None, None, None, None, None, None, None, None, None, None, None, None, None, None, None, None, None, None, None, 9, 11, 13, 15, 12, 10, 8, 14, 17, 19, 21, 23, 20, 18, 16, 22, 51, 50, 49, 48, 47, 46, 45, 44, 43, 42, 41, 40, 39, 38, 37, 36, 35, 34, 33, 32, 31, 30, 29, 28, 27, 26, 25, 24] | src = 20, dest = 9
2026-06-12 01:18:20.817 - [DEBUG] ||| prep_pass ||| Next permutation = [None, None, None, None, None, None, None, None, None, None, None, None, None, None, None, None, None, None, None, None, None, None, 13, 15, 12, 10, 8, 14, 17, 19, 21, 23, 20, 18, 16, 22, 51, 50, 49, 48, 47, 46, 45, 44, 43, 42, 41, 40, 39, 38, 37, 36, 35, 34, 33, 32, 31, 30, 29, 28, 27, 26, 25, 24]
2026-06-12 01:18:20.818 - [DEBUG] ||| prep_pass ||| rb_src = 27, rb_dest = 14
2026-06-12 01:18:20.818 - [DEBUG] ||| prep_pass ||| Next permutation = [None, None, None, None, None, None, None, None, None, None, None, None, None, None, None, None, None, None, None, None, None, None, 13, 15, 12, 10, None, None, 17, 19, 21, 23, 20, 18, 16, 22, 51, 50, 49, 48, 47, 46, 45, 44, 43, 42, 41, 40, 39, 38, 37, 36, 35, 34, 33, 32, 31, 30, 29, 28, 27, 26, 25, 24]
2026-06-12 01:18:20.819 - [DEBUG] ||| prep_pass ||| rb_src = 22, rb_dest = 13
2026-06-12 01:18:20.819 - [DEBUG] ||| prep_pass ||| Next permutation = [None, None, None, None, None, None, None, None, None, None, None, None, None, None, None, None, None, None, None, None, None, None, None, None, 12, 10, None, None, 17, 19, 21, 23, 20, 18, 16, 22, 51, 50, 49, 48, 47, 46, 45, 44, 43, 42, 41, 40, 39, 38, 37, 36, 35, 34, 33, 32, 31, 30, 29, 28, 27, 26, 25, 24]
2026-06-12 01:18:20.820 - [DEBUG] ||| prep_pass ||| rb_src = 25, rb_dest = 10
2026-06-12 01:18:20.821 - [DEBUG] ||| prep_pass ||| Next permutation = [None, None, None, None, None, None, None, None, None, None, None, None, None, None, None, None, None, None, None, None, None, None, None, None, None, None, None, None, 17, 19, 21, 23, 20, 18, 16, 22, 51, 50, 49, 48, 47, 46, 45, 44, 43, 42, 41, 40, 39, 38, 37, 36, 35, 34, 33, 32, 31, 30, 29, 28, 27, 26, 25, 24]
2026-06-12 01:18:20.821 - [DEBUG] ||| prep_pass ||| Chain complete
2026-06-12 01:18:20.822 - [DEBUG] ||| run ||| pending_perm = [None, None, None, None, None, None, None, None, None, None, None, None, None, None, None, None, None, None, None, None, None, None, None, None, None, None, None, None, 17, 19, 21, 23, 20, 18, 16, 22, 51, 50, 49, 48, 47, 46, 45, 44, 43, 42, 41, 40, 39, 38, 37, 36, 35, 34, 33, 32, 31, 30, 29, 28, 27, 26, 25, 24] | src = 28, dest = 17
2026-06-12 01:18:20.823 - [DEBUG] ||| prep_pass ||| Next permutation = [None, None, None, None, None, None, None, None, None, None, None, None, None, None, None, None, None, None, None, None, None, None, None, None, None, None, None, None, None, None, 21, 23, 20, 18, 16, 22, 51, 50, 49, 48, 47, 46, 45, 44, 43, 42, 41, 40, 39, 38, 37, 36, 35, 34, 33, 32, 31, 30, 29, 28, 27, 26, 25, 24]
2026-06-12 01:18:20.823 - [DEBUG] ||| prep_pass ||| rb_src = 35, rb_dest = 22
2026-06-12 01:18:20.825 - [DEBUG] ||| prep_pass ||| Next permutation = [None, None, None, None, None, None, None, None, None, None, None, None, None, None, None, None, None, None, None, None, None, None, None, None, None, None, None, None, None, None, 21, 23, 20, 18, None, None, 51, 50, 49, 48, 47, 46, 45, 44, 43, 42, 41, 40, 39, 38, 37, 36, 35, 34, 33, 32, 31, 30, 29, 28, 27, 26, 25, 24]
2026-06-12 01:18:20.825 - [DEBUG] ||| prep_pass ||| rb_src = 30, rb_dest = 21
2026-06-12 01:18:20.826 - [DEBUG] ||| prep_pass ||| Next permutation = [None, None, None, None, None, None, None, None, None, None, None, None, None, None, None, None, None, None, None, None, None, None, None, None, None, None, None, None, None, None, None, None, 20, 18, None, None, 51, 50, 49, 48, 47, 46, 45, 44, 43, 42, 41, 40, 39, 38, 37, 36, 35, 34, 33, 32, 31, 30, 29, 28, 27, 26, 25, 24]
2026-06-12 01:18:20.827 - [DEBUG] ||| prep_pass ||| rb_src = 33, rb_dest = 18
2026-06-12 01:18:20.827 - [DEBUG] ||| prep_pass ||| Next permutation = [None, None, None, None, None, None, None, None, None, None, None, None, None, None, None, None, None, None, None, None, None, None, None, None, None, None, None, None, None, None, None, None, None, None, None, None, 51, 50, 49, 48, 47, 46, 45, 44, 43, 42, 41, 40, 39, 38, 37, 36, 35, 34, 33, 32, 31, 30, 29, 28, 27, 26, 25, 24]
2026-06-12 01:18:20.828 - [DEBUG] ||| prep_pass ||| Chain complete
2026-06-12 01:18:20.828 - [DEBUG] ||| run ||| pending_perm = [None, None, None, None, None, None, None, None, None, None, None, None, None, None, None, None, None, None, None, None, None, None, None, None, None, None, None, None, None, None, None, None, None, None, None, None, 51, 50, 49, 48, 47, 46, 45, 44, 43, 42, 41, 40, 39, 38, 37, 36, 35, 34, 33, 32, 31, 30, 29, 28, 27, 26, 25, 24] | src = 36, dest = 51
2026-06-12 01:18:20.829 - [DEBUG] ||| prep_pass ||| Next permutation = [None, None, None, None, None, None, None, None, None, None, None, None, None, None, None, None, None, None, None, None, None, None, None, None, None, None, None, None, None, None, None, None, None, None, None, None, None, None, 49, 48, 47, 46, 45, 44, 43, 42, 41, 40, 39, 38, 37, 36, 35, 34, 33, 32, 31, 30, 29, 28, 27, 26, 25, 24]
2026-06-12 01:18:20.830 - [DEBUG] ||| prep_pass ||| Chain complete
2026-06-12 01:18:20.830 - [DEBUG] ||| run ||| pending_perm = [None, None, None, None, None, None, None, None, None, None, None, None, None, None, None, None, None, None, None, None, None, None, None, None, None, None, None, None, None, None, None, None, None, None, None, None, None, None, 49, 48, 47, 46, 45, 44, 43, 42, 41, 40, 39, 38, 37, 36, 35, 34, 33, 32, 31, 30, 29, 28, 27, 26, 25, 24] | src = 38, dest = 49
2026-06-12 01:18:20.831 - [DEBUG] ||| prep_pass ||| Next permutation = [None, None, None, None, None, None, None, None, None, None, None, None, None, None, None, None, None, None, None, None, None, None, None, None, None, None, None, None, None, None, None, None, None, None, None, None, None, None, None, None, 47, 46, 45, 44, 43, 42, 41, 40, 39, 38, 37, 36, 35, 34, 33, 32, 31, 30, 29, 28, 27, 26, 25, 24]
2026-06-12 01:18:20.832 - [DEBUG] ||| prep_pass ||| Chain complete
2026-06-12 01:18:20.833 - [DEBUG] ||| run ||| pending_perm = [None, None, None, None, None, None, None, None, None, None, None, None, None, None, None, None, None, None, None, None, None, None, None, None, None, None, None, None, None, None, None, None, None, None, None, None, None, None, None, None, 47, 46, 45, 44, 43, 42, 41, 40, 39, 38, 37, 36, 35, 34, 33, 32, 31, 30, 29, 28, 27, 26, 25, 24] | src = 40, dest = 47
2026-06-12 01:18:20.833 - [DEBUG] ||| prep_pass ||| Next permutation = [None, None, None, None, None, None, None, None, None, None, None, None, None, None, None, None, None, None, None, None, None, None, None, None, None, None, None, None, None, None, None, None, None, None, None, None, None, None, None, None, None, None, 45, 44, 43, 42, 41, 40, 39, 38, 37, 36, 35, 34, 33, 32, 31, 30, 29, 28, 27, 26, 25, 24]
2026-06-12 01:18:20.834 - [DEBUG] ||| prep_pass ||| Chain complete
2026-06-12 01:18:20.835 - [DEBUG] ||| run ||| pending_perm = [None, None, None, None, None, None, None, None, None, None, None, None, None, None, None, None, None, None, None, None, None, None, None, None, None, None, None, None, None, None, None, None, None, None, None, None, None, None, None, None, None, None, 45, 44, 43, 42, 41, 40, 39, 38, 37, 36, 35, 34, 33, 32, 31, 30, 29, 28, 27, 26, 25, 24] | src = 42, dest = 45
2026-06-12 01:18:20.836 - [DEBUG] ||| prep_pass ||| Next permutation = [None, None, None, None, None, None, None, None, None, None, None, None, None, None, None, None, None, None, None, None, None, None, None, None, None, None, None, None, None, None, None, None, None, None, None, None, None, None, None, None, None, None, None, None, 43, 42, 41, 40, 39, 38, 37, 36, 35, 34, 33, 32, 31, 30, 29, 28, 27, 26, 25, 24]
2026-06-12 01:18:20.837 - [DEBUG] ||| prep_pass ||| Chain complete
2026-06-12 01:18:20.837 - [DEBUG] ||| run ||| pending_perm = [None, None, None, None, None, None, None, None, None, None, None, None, None, None, None, None, None, None, None, None, None, None, None, None, None, None, None, None, None, None, None, None, None, None, None, None, None, None, None, None, None, None, None, None, 43, 42, 41, 40, 39, 38, 37, 36, 35, 34, 33, 32, 31, 30, 29, 28, 27, 26, 25, 24] | src = 44, dest = 43
2026-06-12 01:18:20.838 - [DEBUG] ||| prep_pass ||| Next permutation = [None, None, None, None, None, None, None, None, None, None, None, None, None, None, None, None, None, None, None, None, None, None, None, None, None, None, None, None, None, None, None, None, None, None, None, None, None, None, None, None, None, None, None, None, None, None, 41, 40, 39, 38, 37, 36, 35, 34, 33, 32, 31, 30, 29, 28, 27, 26, 25, 24]
2026-06-12 01:18:20.838 - [DEBUG] ||| prep_pass ||| Chain complete
2026-06-12 01:18:20.839 - [DEBUG] ||| run ||| pending_perm = [None, None, None, None, None, None, None, None, None, None, None, None, None, None, None, None, None, None, None, None, None, None, None, None, None, None, None, None, None, None, None, None, None, None, None, None, None, None, None, None, None, None, None, None, None, None, 41, 40, 39, 38, 37, 36, 35, 34, 33, 32, 31, 30, 29, 28, 27, 26, 25, 24] | src = 46, dest = 41
2026-06-12 01:18:20.840 - [DEBUG] ||| prep_pass ||| Next permutation = [None, None, None, None, None, None, None, None, None, None, None, None, None, None, None, None, None, None, None, None, None, None, None, None, None, None, None, None, None, None, None, None, None, None, None, None, None, None, None, None, None, None, None, None, None, None, None, None, 39, 38, 37, 36, 35, 34, 33, 32, 31, 30, 29, 28, 27, 26, 25, 24]
2026-06-12 01:18:20.840 - [DEBUG] ||| prep_pass ||| Chain complete
2026-06-12 01:18:20.841 - [DEBUG] ||| run ||| pending_perm = [None, None, None, None, None, None, None, None, None, None, None, None, None, None, None, None, None, None, None, None, None, None, None, None, None, None, None, None, None, None, None, None, None, None, None, None, None, None, None, None, None, None, None, None, None, None, None, None, 39, 38, 37, 36, 35, 34, 33, 32, 31, 30, 29, 28, 27, 26, 25, 24] | src = 48, dest = 39
2026-06-12 01:18:20.841 - [DEBUG] ||| prep_pass ||| Next permutation = [None, None, None, None, None, None, None, None, None, None, None, None, None, None, None, None, None, None, None, None, None, None, None, None, None, None, None, None, None, None, None, None, None, None, None, None, None, None, None, None, None, None, None, None, None, None, None, None, None, None, 37, 36, 35, 34, 33, 32, 31, 30, 29, 28, 27, 26, 25, 24]
2026-06-12 01:18:20.842 - [DEBUG] ||| prep_pass ||| Chain complete
2026-06-12 01:18:20.843 - [DEBUG] ||| run ||| pending_perm = [None, None, None, None, None, None, None, None, None, None, None, None, None, None, None, None, None, None, None, None, None, None, None, None, None, None, None, None, None, None, None, None, None, None, None, None, None, None, None, None, None, None, None, None, None, None, None, None, None, None, 37, 36, 35, 34, 33, 32, 31, 30, 29, 28, 27, 26, 25, 24] | src = 50, dest = 37
2026-06-12 01:18:20.843 - [DEBUG] ||| prep_pass ||| Next permutation = [None, None, None, None, None, None, None, None, None, None, None, None, None, None, None, None, None, None, None, None, None, None, None, None, None, None, None, None, None, None, None, None, None, None, None, None, None, None, None, None, None, None, None, None, None, None, None, None, None, None, None, None, 35, 34, 33, 32, 31, 30, 29, 28, 27, 26, 25, 24]
2026-06-12 01:18:20.844 - [DEBUG] ||| prep_pass ||| Chain complete
2026-06-12 01:18:20.844 - [DEBUG] ||| run ||| pending_perm = [None, None, None, None, None, None, None, None, None, None, None, None, None, None, None, None, None, None, None, None, None, None, None, None, None, None, None, None, None, None, None, None, None, None, None, None, None, None, None, None, None, None, None, None, None, None, None, None, None, None, None, None, 35, 34, 33, 32, 31, 30, 29, 28, 27, 26, 25, 24] | src = 52, dest = 35
2026-06-12 01:18:20.845 - [DEBUG] ||| prep_pass ||| Next permutation = [None, None, None, None, None, None, None, None, None, None, None, None, None, None, None, None, None, None, None, None, None, None, None, None, None, None, None, None, None, None, None, None, None, None, None, None, None, None, None, None, None, None, None, None, None, None, None, None, None, None, None, None, None, None, 33, 32, 31, 30, 29, 28, 27, 26, 25, 24]
2026-06-12 01:18:20.845 - [DEBUG] ||| prep_pass ||| Chain complete
2026-06-12 01:18:20.846 - [DEBUG] ||| run ||| pending_perm = [None, None, None, None, None, None, None, None, None, None, None, None, None, None, None, None, None, None, None, None, None, None, None, None, None, None, None, None, None, None, None, None, None, None, None, None, None, None, None, None, None, None, None, None, None, None, None, None, None, None, None, None, None, None, 33, 32, 31, 30, 29, 28, 27, 26, 25, 24] | src = 54, dest = 33
2026-06-12 01:18:20.846 - [DEBUG] ||| prep_pass ||| Next permutation = [None, None, None, None, None, None, None, None, None, None, None, None, None, None, None, None, None, None, None, None, None, None, None, None, None, None, None, None, None, None, None, None, None, None, None, None, None, None, None, None, None, None, None, None, None, None, None, None, None, None, None, None, None, None, None, None, 31, 30, 29, 28, 27, 26, 25, 24]
2026-06-12 01:18:20.847 - [DEBUG] ||| prep_pass ||| Chain complete
2026-06-12 01:18:20.848 - [DEBUG] ||| run ||| pending_perm = [None, None, None, None, None, None, None, None, None, None, None, None, None, None, None, None, None, None, None, None, None, None, None, None, None, None, None, None, None, None, None, None, None, None, None, None, None, None, None, None, None, None, None, None, None, None, None, None, None, None, None, None, None, None, None, None, 31, 30, 29, 28, 27, 26, 25, 24] | src = 56, dest = 31
2026-06-12 01:18:20.849 - [DEBUG] ||| prep_pass ||| Next permutation = [None, None, None, None, None, None, None, None, None, None, None, None, None, None, None, None, None, None, None, None, None, None, None, None, None, None, None, None, None, None, None, None, None, None, None, None, None, None, None, None, None, None, None, None, None, None, None, None, None, None, None, None, None, None, None, None, None, None, 29, 28, 27, 26, 25, 24]
2026-06-12 01:18:20.849 - [DEBUG] ||| prep_pass ||| Chain complete
2026-06-12 01:18:20.850 - [DEBUG] ||| run ||| pending_perm = [None, None, None, None, None, None, None, None, None, None, None, None, None, None, None, None, None, None, None, None, None, None, None, None, None, None, None, None, None, None, None, None, None, None, None, None, None, None, None, None, None, None, None, None, None, None, None, None, None, None, None, None, None, None, None, None, None, None, 29, 28, 27, 26, 25, 24] | src = 58, dest = 29
2026-06-12 01:18:20.850 - [DEBUG] ||| prep_pass ||| Next permutation = [None, None, None, None, None, None, None, None, None, None, None, None, None, None, None, None, None, None, None, None, None, None, None, None, None, None, None, None, None, None, None, None, None, None, None, None, None, None, None, None, None, None, None, None, None, None, None, None, None, None, None, None, None, None, None, None, None, None, None, None, 27, 26, 25, 24]
2026-06-12 01:18:20.851 - [DEBUG] ||| prep_pass ||| Chain complete
2026-06-12 01:18:20.851 - [DEBUG] ||| run ||| pending_perm = [None, None, None, None, None, None, None, None, None, None, None, None, None, None, None, None, None, None, None, None, None, None, None, None, None, None, None, None, None, None, None, None, None, None, None, None, None, None, None, None, None, None, None, None, None, None, None, None, None, None, None, None, None, None, None, None, None, None, None, None, 27, 26, 25, 24] | src = 60, dest = 27
2026-06-12 01:18:20.852 - [DEBUG] ||| prep_pass ||| Next permutation = [None, None, None, None, None, None, None, None, None, None, None, None, None, None, None, None, None, None, None, None, None, None, None, None, None, None, None, None, None, None, None, None, None, None, None, None, None, None, None, None, None, None, None, None, None, None, None, None, None, None, None, None, None, None, None, None, None, None, None, None, None, None, 25, 24]
2026-06-12 01:18:20.853 - [DEBUG] ||| prep_pass ||| Chain complete
2026-06-12 01:18:20.853 - [DEBUG] ||| run ||| pending_perm = [None, None, None, None, None, None, None, None, None, None, None, None, None, None, None, None, None, None, None, None, None, None, None, None, None, None, None, None, None, None, None, None, None, None, None, None, None, None, None, None, None, None, None, None, None, None, None, None, None, None, None, None, None, None, None, None, None, None, None, None, None, None, 25, 24] | src = 62, dest = 25
2026-06-12 01:18:20.853 - [DEBUG] ||| prep_pass ||| Next permutation = [None, None, None, None, None, None, None, None, None, None, None, None, None, None, None, None, None, None, None, None, None, None, None, None, None, None, None, None, None, None, None, None, None, None, None, None, None, None, None, None, None, None, None, None, None, None, None, None, None, None, None, None, None, None, None, None, None, None, None, None, None, None, None, None]
2026-06-12 01:18:20.854 - [DEBUG] ||| prep_pass ||| Chain complete
2026-06-12 01:18:20.854 - [DEBUG] ||| propogate ||| stage = 0, input perm = [1, 3, 5, 7, 4, 2, 0, 6, 63, 62, 61, 60, 59, 58, 57, 56, 55, 54, 53, 52, 9, 11, 13, 15, 12, 10, 8, 14, 17, 19, 21, 23, 20, 18, 16, 22, 51, 50, 49, 48, 47, 46, 45, 44, 43, 42, 41, 40, 39, 38, 37, 36, 35, 34, 33, 32, 31, 30, 29, 28, 27, 26, 25, 24]
2026-06-12 01:18:20.855 - [DEBUG] ||| run ||| Stage[0] | Output permutation = [1, 5, 2, 6, 63, 61, 59, 57, 55, 53, 9, 13, 10, 14, 17, 21, 18, 22, 51, 49, 47, 45, 43, 41, 39, 37, 35, 33, 31, 29, 27, 25, 3, 7, 4, 0, 62, 60, 58, 56, 54, 52, 11, 15, 12, 8, 19, 23, 20, 16, 50, 48, 46, 44, 42, 40, 38, 36, 34, 32, 30, 28, 26, 24]
2026-06-12 01:18:20.855 - [DEBUG] ||| run ||| Stage[1] || perm_split = 2, split_len = 32, sw_split = 16, sub_perms = [[1, 5, 2, 6, 63, 61, 59, 57, 55, 53, 9, 13, 10, 14, 17, 21, 18, 22, 51, 49, 47, 45, 43, 41, 39, 37, 35, 33, 31, 29, 27, 25], [3, 7, 4, 0, 62, 60, 58, 56, 54, 52, 11, 15, 12, 8, 19, 23, 20, 16, 50, 48, 46, 44, 42, 40, 38, 36, 34, 32, 30, 28, 26, 24]]
2026-06-12 01:18:20.856 - [DEBUG] ||| normalize_perm ||| Permutation post normalization = [0, 2, 1, 3, 31, 30, 29, 28, 27, 26, 4, 6, 5, 7, 8, 10, 9, 11, 25, 24, 23, 22, 21, 20, 19, 18, 17, 16, 15, 14, 13, 12]
2026-06-12 01:18:20.857 - [DEBUG] ||| run ||| pending_perm = [0, 2, 1, 3, 31, 30, 29, 28, 27, 26, 4, 6, 5, 7, 8, 10, 9, 11, 25, 24, 23, 22, 21, 20, 19, 18, 17, 16, 15, 14, 13, 12] | src = 0, dest = 0
2026-06-12 01:18:20.857 - [DEBUG] ||| prep_pass ||| Next permutation = [None, None, 1, 3, 31, 30, 29, 28, 27, 26, 4, 6, 5, 7, 8, 10, 9, 11, 25, 24, 23, 22, 21, 20, 19, 18, 17, 16, 15, 14, 13, 12]
2026-06-12 01:18:20.858 - [DEBUG] ||| prep_pass ||| rb_src = 3, rb_dest = 3
2026-06-12 01:18:20.858 - [DEBUG] ||| prep_pass ||| Next permutation = [None, None, None, None, 31, 30, 29, 28, 27, 26, 4, 6, 5, 7, 8, 10, 9, 11, 25, 24, 23, 22, 21, 20, 19, 18, 17, 16, 15, 14, 13, 12]
2026-06-12 01:18:20.859 - [DEBUG] ||| prep_pass ||| Chain complete
2026-06-12 01:18:20.859 - [DEBUG] ||| run ||| pending_perm = [None, None, None, None, 31, 30, 29, 28, 27, 26, 4, 6, 5, 7, 8, 10, 9, 11, 25, 24, 23, 22, 21, 20, 19, 18, 17, 16, 15, 14, 13, 12] | src = 4, dest = 31
2026-06-12 01:18:20.860 - [DEBUG] ||| prep_pass ||| Next permutation = [None, None, None, None, None, None, 29, 28, 27, 26, 4, 6, 5, 7, 8, 10, 9, 11, 25, 24, 23, 22, 21, 20, 19, 18, 17, 16, 15, 14, 13, 12]
2026-06-12 01:18:20.861 - [DEBUG] ||| prep_pass ||| Chain complete
2026-06-12 01:18:20.861 - [DEBUG] ||| run ||| pending_perm = [None, None, None, None, None, None, 29, 28, 27, 26, 4, 6, 5, 7, 8, 10, 9, 11, 25, 24, 23, 22, 21, 20, 19, 18, 17, 16, 15, 14, 13, 12] | src = 6, dest = 29
2026-06-12 01:18:20.862 - [DEBUG] ||| prep_pass ||| Next permutation = [None, None, None, None, None, None, None, None, 27, 26, 4, 6, 5, 7, 8, 10, 9, 11, 25, 24, 23, 22, 21, 20, 19, 18, 17, 16, 15, 14, 13, 12]
2026-06-12 01:18:20.863 - [DEBUG] ||| prep_pass ||| Chain complete
2026-06-12 01:18:20.863 - [DEBUG] ||| run ||| pending_perm = [None, None, None, None, None, None, None, None, 27, 26, 4, 6, 5, 7, 8, 10, 9, 11, 25, 24, 23, 22, 21, 20, 19, 18, 17, 16, 15, 14, 13, 12] | src = 8, dest = 27
2026-06-12 01:18:20.864 - [DEBUG] ||| prep_pass ||| Next permutation = [None, None, None, None, None, None, None, None, None, None, 4, 6, 5, 7, 8, 10, 9, 11, 25, 24, 23, 22, 21, 20, 19, 18, 17, 16, 15, 14, 13, 12]
2026-06-12 01:18:20.865 - [DEBUG] ||| prep_pass ||| Chain complete
2026-06-12 01:18:20.865 - [DEBUG] ||| run ||| pending_perm = [None, None, None, None, None, None, None, None, None, None, 4, 6, 5, 7, 8, 10, 9, 11, 25, 24, 23, 22, 21, 20, 19, 18, 17, 16, 15, 14, 13, 12] | src = 10, dest = 4
2026-06-12 01:18:20.866 - [DEBUG] ||| prep_pass ||| Next permutation = [None, None, None, None, None, None, None, None, None, None, None, None, 5, 7, 8, 10, 9, 11, 25, 24, 23, 22, 21, 20, 19, 18, 17, 16, 15, 14, 13, 12]
2026-06-12 01:18:20.866 - [DEBUG] ||| prep_pass ||| rb_src = 13, rb_dest = 7
2026-06-12 01:18:20.867 - [DEBUG] ||| prep_pass ||| Next permutation = [None, None, None, None, None, None, None, None, None, None, None, None, None, None, 8, 10, 9, 11, 25, 24, 23, 22, 21, 20, 19, 18, 17, 16, 15, 14, 13, 12]
2026-06-12 01:18:20.867 - [DEBUG] ||| prep_pass ||| Chain complete
2026-06-12 01:18:20.868 - [DEBUG] ||| run ||| pending_perm = [None, None, None, None, None, None, None, None, None, None, None, None, None, None, 8, 10, 9, 11, 25, 24, 23, 22, 21, 20, 19, 18, 17, 16, 15, 14, 13, 12] | src = 14, dest = 8
2026-06-12 01:18:20.868 - [DEBUG] ||| prep_pass ||| Next permutation = [None, None, None, None, None, None, None, None, None, None, None, None, None, None, None, None, 9, 11, 25, 24, 23, 22, 21, 20, 19, 18, 17, 16, 15, 14, 13, 12]
2026-06-12 01:18:20.869 - [DEBUG] ||| prep_pass ||| rb_src = 17, rb_dest = 11
2026-06-12 01:18:20.870 - [DEBUG] ||| prep_pass ||| Next permutation = [None, None, None, None, None, None, None, None, None, None, None, None, None, None, None, None, None, None, 25, 24, 23, 22, 21, 20, 19, 18, 17, 16, 15, 14, 13, 12]
2026-06-12 01:18:20.871 - [DEBUG] ||| prep_pass ||| Chain complete
2026-06-12 01:18:20.871 - [DEBUG] ||| run ||| pending_perm = [None, None, None, None, None, None, None, None, None, None, None, None, None, None, None, None, None, None, 25, 24, 23, 22, 21, 20, 19, 18, 17, 16, 15, 14, 13, 12] | src = 18, dest = 25
2026-06-12 01:18:20.872 - [DEBUG] ||| prep_pass ||| Next permutation = [None, None, None, None, None, None, None, None, None, None, None, None, None, None, None, None, None, None, None, None, 23, 22, 21, 20, 19, 18, 17, 16, 15, 14, 13, 12]
2026-06-12 01:18:20.872 - [DEBUG] ||| prep_pass ||| Chain complete
2026-06-12 01:18:20.873 - [DEBUG] ||| run ||| pending_perm = [None, None, None, None, None, None, None, None, None, None, None, None, None, None, None, None, None, None, None, None, 23, 22, 21, 20, 19, 18, 17, 16, 15, 14, 13, 12] | src = 20, dest = 23
2026-06-12 01:18:20.874 - [DEBUG] ||| prep_pass ||| Next permutation = [None, None, None, None, None, None, None, None, None, None, None, None, None, None, None, None, None, None, None, None, None, None, 21, 20, 19, 18, 17, 16, 15, 14, 13, 12]
2026-06-12 01:18:20.874 - [DEBUG] ||| prep_pass ||| Chain complete
2026-06-12 01:18:20.875 - [DEBUG] ||| run ||| pending_perm = [None, None, None, None, None, None, None, None, None, None, None, None, None, None, None, None, None, None, None, None, None, None, 21, 20, 19, 18, 17, 16, 15, 14, 13, 12] | src = 22, dest = 21
2026-06-12 01:18:20.875 - [DEBUG] ||| prep_pass ||| Next permutation = [None, None, None, None, None, None, None, None, None, None, None, None, None, None, None, None, None, None, None, None, None, None, None, None, 19, 18, 17, 16, 15, 14, 13, 12]
2026-06-12 01:18:20.876 - [DEBUG] ||| prep_pass ||| Chain complete
2026-06-12 01:18:20.877 - [DEBUG] ||| run ||| pending_perm = [None, None, None, None, None, None, None, None, None, None, None, None, None, None, None, None, None, None, None, None, None, None, None, None, 19, 18, 17, 16, 15, 14, 13, 12] | src = 24, dest = 19
2026-06-12 01:18:20.877 - [DEBUG] ||| prep_pass ||| Next permutation = [None, None, None, None, None, None, None, None, None, None, None, None, None, None, None, None, None, None, None, None, None, None, None, None, None, None, 17, 16, 15, 14, 13, 12]
2026-06-12 01:18:20.878 - [DEBUG] ||| prep_pass ||| Chain complete
2026-06-12 01:18:20.878 - [DEBUG] ||| run ||| pending_perm = [None, None, None, None, None, None, None, None, None, None, None, None, None, None, None, None, None, None, None, None, None, None, None, None, None, None, 17, 16, 15, 14, 13, 12] | src = 26, dest = 17
2026-06-12 01:18:20.879 - [DEBUG] ||| prep_pass ||| Next permutation = [None, None, None, None, None, None, None, None, None, None, None, None, None, None, None, None, None, None, None, None, None, None, None, None, None, None, None, None, 15, 14, 13, 12]
2026-06-12 01:18:20.879 - [DEBUG] ||| prep_pass ||| Chain complete
2026-06-12 01:18:20.880 - [DEBUG] ||| run ||| pending_perm = [None, None, None, None, None, None, None, None, None, None, None, None, None, None, None, None, None, None, None, None, None, None, None, None, None, None, None, None, 15, 14, 13, 12] | src = 28, dest = 15
2026-06-12 01:18:20.880 - [DEBUG] ||| prep_pass ||| Next permutation = [None, None, None, None, None, None, None, None, None, None, None, None, None, None, None, None, None, None, None, None, None, None, None, None, None, None, None, None, None, None, 13, 12]
2026-06-12 01:18:20.881 - [DEBUG] ||| prep_pass ||| Chain complete
2026-06-12 01:18:20.882 - [DEBUG] ||| run ||| pending_perm = [None, None, None, None, None, None, None, None, None, None, None, None, None, None, None, None, None, None, None, None, None, None, None, None, None, None, None, None, None, None, 13, 12] | src = 30, dest = 13
2026-06-12 01:18:20.882 - [DEBUG] ||| prep_pass ||| Next permutation = [None, None, None, None, None, None, None, None, None, None, None, None, None, None, None, None, None, None, None, None, None, None, None, None, None, None, None, None, None, None, None, None]
2026-06-12 01:18:20.883 - [DEBUG] ||| prep_pass ||| Chain complete
2026-06-12 01:18:20.883 - [DEBUG] ||| normalize_perm ||| Permutation post normalization = [1, 3, 2, 0, 31, 30, 29, 28, 27, 26, 5, 7, 6, 4, 9, 11, 10, 8, 25, 24, 23, 22, 21, 20, 19, 18, 17, 16, 15, 14, 13, 12]
2026-06-12 01:18:20.884 - [DEBUG] ||| run ||| pending_perm = [1, 3, 2, 0, 31, 30, 29, 28, 27, 26, 5, 7, 6, 4, 9, 11, 10, 8, 25, 24, 23, 22, 21, 20, 19, 18, 17, 16, 15, 14, 13, 12] | src = 0, dest = 1
2026-06-12 01:18:20.885 - [DEBUG] ||| prep_pass ||| Next permutation = [None, None, 2, 0, 31, 30, 29, 28, 27, 26, 5, 7, 6, 4, 9, 11, 10, 8, 25, 24, 23, 22, 21, 20, 19, 18, 17, 16, 15, 14, 13, 12]
2026-06-12 01:18:20.885 - [DEBUG] ||| prep_pass ||| rb_src = 2, rb_dest = 2
2026-06-12 01:18:20.886 - [DEBUG] ||| prep_pass ||| Next permutation = [None, None, None, None, 31, 30, 29, 28, 27, 26, 5, 7, 6, 4, 9, 11, 10, 8, 25, 24, 23, 22, 21, 20, 19, 18, 17, 16, 15, 14, 13, 12]
2026-06-12 01:18:20.886 - [DEBUG] ||| prep_pass ||| Chain complete
2026-06-12 01:18:20.887 - [DEBUG] ||| run ||| pending_perm = [None, None, None, None, 31, 30, 29, 28, 27, 26, 5, 7, 6, 4, 9, 11, 10, 8, 25, 24, 23, 22, 21, 20, 19, 18, 17, 16, 15, 14, 13, 12] | src = 4, dest = 31
2026-06-12 01:18:20.887 - [DEBUG] ||| prep_pass ||| Next permutation = [None, None, None, None, None, None, 29, 28, 27, 26, 5, 7, 6, 4, 9, 11, 10, 8, 25, 24, 23, 22, 21, 20, 19, 18, 17, 16, 15, 14, 13, 12]
2026-06-12 01:18:20.888 - [DEBUG] ||| prep_pass ||| Chain complete
2026-06-12 01:18:20.889 - [DEBUG] ||| run ||| pending_perm = [None, None, None, None, None, None, 29, 28, 27, 26, 5, 7, 6, 4, 9, 11, 10, 8, 25, 24, 23, 22, 21, 20, 19, 18, 17, 16, 15, 14, 13, 12] | src = 6, dest = 29
2026-06-12 01:18:20.889 - [DEBUG] ||| prep_pass ||| Next permutation = [None, None, None, None, None, None, None, None, 27, 26, 5, 7, 6, 4, 9, 11, 10, 8, 25, 24, 23, 22, 21, 20, 19, 18, 17, 16, 15, 14, 13, 12]
2026-06-12 01:18:20.890 - [DEBUG] ||| prep_pass ||| Chain complete
2026-06-12 01:18:20.890 - [DEBUG] ||| run ||| pending_perm = [None, None, None, None, None, None, None, None, 27, 26, 5, 7, 6, 4, 9, 11, 10, 8, 25, 24, 23, 22, 21, 20, 19, 18, 17, 16, 15, 14, 13, 12] | src = 8, dest = 27
2026-06-12 01:18:20.891 - [DEBUG] ||| prep_pass ||| Next permutation = [None, None, None, None, None, None, None, None, None, None, 5, 7, 6, 4, 9, 11, 10, 8, 25, 24, 23, 22, 21, 20, 19, 18, 17, 16, 15, 14, 13, 12]
2026-06-12 01:18:20.891 - [DEBUG] ||| prep_pass ||| Chain complete
2026-06-12 01:18:20.892 - [DEBUG] ||| run ||| pending_perm = [None, None, None, None, None, None, None, None, None, None, 5, 7, 6, 4, 9, 11, 10, 8, 25, 24, 23, 22, 21, 20, 19, 18, 17, 16, 15, 14, 13, 12] | src = 10, dest = 5
2026-06-12 01:18:20.892 - [DEBUG] ||| prep_pass ||| Next permutation = [None, None, None, None, None, None, None, None, None, None, None, None, 6, 4, 9, 11, 10, 8, 25, 24, 23, 22, 21, 20, 19, 18, 17, 16, 15, 14, 13, 12]
2026-06-12 01:18:20.893 - [DEBUG] ||| prep_pass ||| rb_src = 12, rb_dest = 6
2026-06-12 01:18:20.893 - [DEBUG] ||| prep_pass ||| Next permutation = [None, None, None, None, None, None, None, None, None, None, None, None, None, None, 9, 11, 10, 8, 25, 24, 23, 22, 21, 20, 19, 18, 17, 16, 15, 14, 13, 12]
2026-06-12 01:18:20.894 - [DEBUG] ||| prep_pass ||| Chain complete
2026-06-12 01:18:20.895 - [DEBUG] ||| run ||| pending_perm = [None, None, None, None, None, None, None, None, None, None, None, None, None, None, 9, 11, 10, 8, 25, 24, 23, 22, 21, 20, 19, 18, 17, 16, 15, 14, 13, 12] | src = 14, dest = 9
2026-06-12 01:18:20.895 - [DEBUG] ||| prep_pass ||| Next permutation = [None, None, None, None, None, None, None, None, None, None, None, None, None, None, None, None, 10, 8, 25, 24, 23, 22, 21, 20, 19, 18, 17, 16, 15, 14, 13, 12]
2026-06-12 01:18:20.896 - [DEBUG] ||| prep_pass ||| rb_src = 16, rb_dest = 10
2026-06-12 01:18:20.897 - [DEBUG] ||| prep_pass ||| Next permutation = [None, None, None, None, None, None, None, None, None, None, None, None, None, None, None, None, None, None, 25, 24, 23, 22, 21, 20, 19, 18, 17, 16, 15, 14, 13, 12]
2026-06-12 01:18:20.897 - [DEBUG] ||| prep_pass ||| Chain complete
2026-06-12 01:18:20.898 - [DEBUG] ||| run ||| pending_perm = [None, None, None, None, None, None, None, None, None, None, None, None, None, None, None, None, None, None, 25, 24, 23, 22, 21, 20, 19, 18, 17, 16, 15, 14, 13, 12] | src = 18, dest = 25
2026-06-12 01:18:20.898 - [DEBUG] ||| prep_pass ||| Next permutation = [None, None, None, None, None, None, None, None, None, None, None, None, None, None, None, None, None, None, None, None, 23, 22, 21, 20, 19, 18, 17, 16, 15, 14, 13, 12]
2026-06-12 01:18:20.899 - [DEBUG] ||| prep_pass ||| Chain complete
2026-06-12 01:18:20.899 - [DEBUG] ||| run ||| pending_perm = [None, None, None, None, None, None, None, None, None, None, None, None, None, None, None, None, None, None, None, None, 23, 22, 21, 20, 19, 18, 17, 16, 15, 14, 13, 12] | src = 20, dest = 23
2026-06-12 01:18:20.900 - [DEBUG] ||| prep_pass ||| Next permutation = [None, None, None, None, None, None, None, None, None, None, None, None, None, None, None, None, None, None, None, None, None, None, 21, 20, 19, 18, 17, 16, 15, 14, 13, 12]
2026-06-12 01:18:20.901 - [DEBUG] ||| prep_pass ||| Chain complete
2026-06-12 01:18:20.901 - [DEBUG] ||| run ||| pending_perm = [None, None, None, None, None, None, None, None, None, None, None, None, None, None, None, None, None, None, None, None, None, None, 21, 20, 19, 18, 17, 16, 15, 14, 13, 12] | src = 22, dest = 21
2026-06-12 01:18:20.902 - [DEBUG] ||| prep_pass ||| Next permutation = [None, None, None, None, None, None, None, None, None, None, None, None, None, None, None, None, None, None, None, None, None, None, None, None, 19, 18, 17, 16, 15, 14, 13, 12]
2026-06-12 01:18:20.902 - [DEBUG] ||| prep_pass ||| Chain complete
2026-06-12 01:18:20.903 - [DEBUG] ||| run ||| pending_perm = [None, None, None, None, None, None, None, None, None, None, None, None, None, None, None, None, None, None, None, None, None, None, None, None, 19, 18, 17, 16, 15, 14, 13, 12] | src = 24, dest = 19
2026-06-12 01:18:20.904 - [DEBUG] ||| prep_pass ||| Next permutation = [None, None, None, None, None, None, None, None, None, None, None, None, None, None, None, None, None, None, None, None, None, None, None, None, None, None, 17, 16, 15, 14, 13, 12]
2026-06-12 01:18:20.904 - [DEBUG] ||| prep_pass ||| Chain complete
2026-06-12 01:18:20.905 - [DEBUG] ||| run ||| pending_perm = [None, None, None, None, None, None, None, None, None, None, None, None, None, None, None, None, None, None, None, None, None, None, None, None, None, None, 17, 16, 15, 14, 13, 12] | src = 26, dest = 17
2026-06-12 01:18:20.906 - [DEBUG] ||| prep_pass ||| Next permutation = [None, None, None, None, None, None, None, None, None, None, None, None, None, None, None, None, None, None, None, None, None, None, None, None, None, None, None, None, 15, 14, 13, 12]
2026-06-12 01:18:20.906 - [DEBUG] ||| prep_pass ||| Chain complete
2026-06-12 01:18:20.907 - [DEBUG] ||| run ||| pending_perm = [None, None, None, None, None, None, None, None, None, None, None, None, None, None, None, None, None, None, None, None, None, None, None, None, None, None, None, None, 15, 14, 13, 12] | src = 28, dest = 15
2026-06-12 01:18:20.908 - [DEBUG] ||| prep_pass ||| Next permutation = [None, None, None, None, None, None, None, None, None, None, None, None, None, None, None, None, None, None, None, None, None, None, None, None, None, None, None, None, None, None, 13, 12]
2026-06-12 01:18:20.908 - [DEBUG] ||| prep_pass ||| Chain complete
2026-06-12 01:18:20.909 - [DEBUG] ||| run ||| pending_perm = [None, None, None, None, None, None, None, None, None, None, None, None, None, None, None, None, None, None, None, None, None, None, None, None, None, None, None, None, None, None, 13, 12] | src = 30, dest = 13
2026-06-12 01:18:20.910 - [DEBUG] ||| prep_pass ||| Next permutation = [None, None, None, None, None, None, None, None, None, None, None, None, None, None, None, None, None, None, None, None, None, None, None, None, None, None, None, None, None, None, None, None]
2026-06-12 01:18:20.910 - [DEBUG] ||| prep_pass ||| Chain complete
2026-06-12 01:18:20.911 - [DEBUG] ||| propogate ||| stage = 1, input perm = [1, 5, 2, 6, 63, 61, 59, 57, 55, 53, 9, 13, 10, 14, 17, 21, 18, 22, 51, 49, 47, 45, 43, 41, 39, 37, 35, 33, 31, 29, 27, 25, 3, 7, 4, 0, 62, 60, 58, 56, 54, 52, 11, 15, 12, 8, 19, 23, 20, 16, 50, 48, 46, 44, 42, 40, 38, 36, 34, 32, 30, 28, 26, 24]
2026-06-12 01:18:20.912 - [DEBUG] ||| run ||| Stage[1] | Output permutation = [1, 6, 63, 59, 55, 9, 14, 17, 22, 51, 47, 43, 39, 35, 31, 27, 5, 2, 61, 57, 53, 13, 10, 21, 18, 49, 45, 41, 37, 33, 29, 25, 3, 4, 62, 58, 54, 11, 12, 19, 20, 50, 46, 42, 38, 34, 30, 26, 7, 0, 60, 56, 52, 15, 8, 23, 16, 48, 44, 40, 36, 32, 28, 24]
2026-06-12 01:18:20.912 - [DEBUG] ||| run ||| Stage[2] || perm_split = 4, split_len = 16, sw_split = 8, sub_perms = [[1, 6, 63, 59, 55, 9, 14, 17, 22, 51, 47, 43, 39, 35, 31, 27], [5, 2, 61, 57, 53, 13, 10, 21, 18, 49, 45, 41, 37, 33, 29, 25], [3, 4, 62, 58, 54, 11, 12, 19, 20, 50, 46, 42, 38, 34, 30, 26], [7, 0, 60, 56, 52, 15, 8, 23, 16, 48, 44, 40, 36, 32, 28, 24]]
2026-06-12 01:18:20.913 - [DEBUG] ||| normalize_perm ||| Permutation post normalization = [0, 1, 15, 14, 13, 2, 3, 4, 5, 12, 11, 10, 9, 8, 7, 6]
2026-06-12 01:18:20.913 - [DEBUG] ||| run ||| pending_perm = [0, 1, 15, 14, 13, 2, 3, 4, 5, 12, 11, 10, 9, 8, 7, 6] | src = 0, dest = 0
2026-06-12 01:18:20.914 - [DEBUG] ||| prep_pass ||| Next permutation = [None, None, 15, 14, 13, 2, 3, 4, 5, 12, 11, 10, 9, 8, 7, 6]
2026-06-12 01:18:20.914 - [DEBUG] ||| prep_pass ||| Chain complete
2026-06-12 01:18:20.915 - [DEBUG] ||| run ||| pending_perm = [None, None, 15, 14, 13, 2, 3, 4, 5, 12, 11, 10, 9, 8, 7, 6] | src = 2, dest = 15
2026-06-12 01:18:20.915 - [DEBUG] ||| prep_pass ||| Next permutation = [None, None, None, None, 13, 2, 3, 4, 5, 12, 11, 10, 9, 8, 7, 6]
2026-06-12 01:18:20.916 - [DEBUG] ||| prep_pass ||| Chain complete
2026-06-12 01:18:20.916 - [DEBUG] ||| run ||| pending_perm = [None, None, None, None, 13, 2, 3, 4, 5, 12, 11, 10, 9, 8, 7, 6] | src = 4, dest = 13
2026-06-12 01:18:20.917 - [DEBUG] ||| prep_pass ||| Next permutation = [None, None, None, None, None, None, 3, 4, 5, 12, 11, 10, 9, 8, 7, 6]
2026-06-12 01:18:20.917 - [DEBUG] ||| prep_pass ||| rb_src = 8, rb_dest = 5
2026-06-12 01:18:20.918 - [DEBUG] ||| prep_pass ||| Next permutation = [None, None, None, None, None, None, 3, 4, None, None, 11, 10, 9, 8, 7, 6]
2026-06-12 01:18:20.919 - [DEBUG] ||| prep_pass ||| rb_src = 6, rb_dest = 3
2026-06-12 01:18:20.919 - [DEBUG] ||| prep_pass ||| Next permutation = [None, None, None, None, None, None, None, None, None, None, 11, 10, 9, 8, 7, 6]
2026-06-12 01:18:20.920 - [DEBUG] ||| prep_pass ||| Chain complete
2026-06-12 01:18:20.920 - [DEBUG] ||| run ||| pending_perm = [None, None, None, None, None, None, None, None, None, None, 11, 10, 9, 8, 7, 6] | src = 10, dest = 11
2026-06-12 01:18:20.921 - [DEBUG] ||| prep_pass ||| Next permutation = [None, None, None, None, None, None, None, None, None, None, None, None, 9, 8, 7, 6]
2026-06-12 01:18:20.922 - [DEBUG] ||| prep_pass ||| Chain complete
2026-06-12 01:18:20.922 - [DEBUG] ||| run ||| pending_perm = [None, None, None, None, None, None, None, None, None, None, None, None, 9, 8, 7, 6] | src = 12, dest = 9
2026-06-12 01:18:20.923 - [DEBUG] ||| prep_pass ||| Next permutation = [None, None, None, None, None, None, None, None, None, None, None, None, None, None, 7, 6]
2026-06-12 01:18:20.923 - [DEBUG] ||| prep_pass ||| Chain complete
2026-06-12 01:18:20.924 - [DEBUG] ||| run ||| pending_perm = [None, None, None, None, None, None, None, None, None, None, None, None, None, None, 7, 6] | src = 14, dest = 7
2026-06-12 01:18:20.924 - [DEBUG] ||| prep_pass ||| Next permutation = [None, None, None, None, None, None, None, None, None, None, None, None, None, None, None, None]
2026-06-12 01:18:20.925 - [DEBUG] ||| prep_pass ||| Chain complete
2026-06-12 01:18:20.926 - [DEBUG] ||| normalize_perm ||| Permutation post normalization = [1, 0, 15, 14, 13, 3, 2, 5, 4, 12, 11, 10, 9, 8, 7, 6]
2026-06-12 01:18:20.926 - [DEBUG] ||| run ||| pending_perm = [1, 0, 15, 14, 13, 3, 2, 5, 4, 12, 11, 10, 9, 8, 7, 6] | src = 0, dest = 1
2026-06-12 01:18:20.927 - [DEBUG] ||| prep_pass ||| Next permutation = [None, None, 15, 14, 13, 3, 2, 5, 4, 12, 11, 10, 9, 8, 7, 6]
2026-06-12 01:18:20.927 - [DEBUG] ||| prep_pass ||| Chain complete
2026-06-12 01:18:20.928 - [DEBUG] ||| run ||| pending_perm = [None, None, 15, 14, 13, 3, 2, 5, 4, 12, 11, 10, 9, 8, 7, 6] | src = 2, dest = 15
2026-06-12 01:18:20.928 - [DEBUG] ||| prep_pass ||| Next permutation = [None, None, None, None, 13, 3, 2, 5, 4, 12, 11, 10, 9, 8, 7, 6]
2026-06-12 01:18:20.929 - [DEBUG] ||| prep_pass ||| Chain complete
2026-06-12 01:18:20.929 - [DEBUG] ||| run ||| pending_perm = [None, None, None, None, 13, 3, 2, 5, 4, 12, 11, 10, 9, 8, 7, 6] | src = 4, dest = 13
2026-06-12 01:18:20.930 - [DEBUG] ||| prep_pass ||| Next permutation = [None, None, None, None, None, None, 2, 5, 4, 12, 11, 10, 9, 8, 7, 6]
2026-06-12 01:18:20.930 - [DEBUG] ||| prep_pass ||| rb_src = 8, rb_dest = 4
2026-06-12 01:18:20.931 - [DEBUG] ||| prep_pass ||| Next permutation = [None, None, None, None, None, None, 2, 5, None, None, 11, 10, 9, 8, 7, 6]
2026-06-12 01:18:20.931 - [DEBUG] ||| prep_pass ||| rb_src = 6, rb_dest = 2
2026-06-12 01:18:20.932 - [DEBUG] ||| prep_pass ||| Next permutation = [None, None, None, None, None, None, None, None, None, None, 11, 10, 9, 8, 7, 6]
2026-06-12 01:18:20.933 - [DEBUG] ||| prep_pass ||| Chain complete
2026-06-12 01:18:20.933 - [DEBUG] ||| run ||| pending_perm = [None, None, None, None, None, None, None, None, None, None, 11, 10, 9, 8, 7, 6] | src = 10, dest = 11
2026-06-12 01:18:20.933 - [DEBUG] ||| prep_pass ||| Next permutation = [None, None, None, None, None, None, None, None, None, None, None, None, 9, 8, 7, 6]
2026-06-12 01:18:20.934 - [DEBUG] ||| prep_pass ||| Chain complete
2026-06-12 01:18:20.934 - [DEBUG] ||| run ||| pending_perm = [None, None, None, None, None, None, None, None, None, None, None, None, 9, 8, 7, 6] | src = 12, dest = 9
2026-06-12 01:18:20.935 - [DEBUG] ||| prep_pass ||| Next permutation = [None, None, None, None, None, None, None, None, None, None, None, None, None, None, 7, 6]
2026-06-12 01:18:20.936 - [DEBUG] ||| prep_pass ||| Chain complete
2026-06-12 01:18:20.936 - [DEBUG] ||| run ||| pending_perm = [None, None, None, None, None, None, None, None, None, None, None, None, None, None, 7, 6] | src = 14, dest = 7
2026-06-12 01:18:20.937 - [DEBUG] ||| prep_pass ||| Next permutation = [None, None, None, None, None, None, None, None, None, None, None, None, None, None, None, None]
2026-06-12 01:18:20.937 - [DEBUG] ||| prep_pass ||| Chain complete
2026-06-12 01:18:20.938 - [DEBUG] ||| normalize_perm ||| Permutation post normalization = [0, 1, 15, 14, 13, 2, 3, 4, 5, 12, 11, 10, 9, 8, 7, 6]
2026-06-12 01:18:20.938 - [DEBUG] ||| run ||| pending_perm = [0, 1, 15, 14, 13, 2, 3, 4, 5, 12, 11, 10, 9, 8, 7, 6] | src = 0, dest = 0
2026-06-12 01:18:20.939 - [DEBUG] ||| prep_pass ||| Next permutation = [None, None, 15, 14, 13, 2, 3, 4, 5, 12, 11, 10, 9, 8, 7, 6]
2026-06-12 01:18:20.939 - [DEBUG] ||| prep_pass ||| Chain complete
2026-06-12 01:18:20.940 - [DEBUG] ||| run ||| pending_perm = [None, None, 15, 14, 13, 2, 3, 4, 5, 12, 11, 10, 9, 8, 7, 6] | src = 2, dest = 15
2026-06-12 01:18:20.940 - [DEBUG] ||| prep_pass ||| Next permutation = [None, None, None, None, 13, 2, 3, 4, 5, 12, 11, 10, 9, 8, 7, 6]
2026-06-12 01:18:20.941 - [DEBUG] ||| prep_pass ||| Chain complete
2026-06-12 01:18:20.941 - [DEBUG] ||| run ||| pending_perm = [None, None, None, None, 13, 2, 3, 4, 5, 12, 11, 10, 9, 8, 7, 6] | src = 4, dest = 13
2026-06-12 01:18:20.942 - [DEBUG] ||| prep_pass ||| Next permutation = [None, None, None, None, None, None, 3, 4, 5, 12, 11, 10, 9, 8, 7, 6]
2026-06-12 01:18:20.942 - [DEBUG] ||| prep_pass ||| rb_src = 8, rb_dest = 5
2026-06-12 01:18:20.943 - [DEBUG] ||| prep_pass ||| Next permutation = [None, None, None, None, None, None, 3, 4, None, None, 11, 10, 9, 8, 7, 6]
2026-06-12 01:18:20.943 - [DEBUG] ||| prep_pass ||| rb_src = 6, rb_dest = 3
2026-06-12 01:18:20.944 - [DEBUG] ||| prep_pass ||| Next permutation = [None, None, None, None, None, None, None, None, None, None, 11, 10, 9, 8, 7, 6]
2026-06-12 01:18:20.944 - [DEBUG] ||| prep_pass ||| Chain complete
2026-06-12 01:18:20.945 - [DEBUG] ||| run ||| pending_perm = [None, None, None, None, None, None, None, None, None, None, 11, 10, 9, 8, 7, 6] | src = 10, dest = 11
2026-06-12 01:18:20.946 - [DEBUG] ||| prep_pass ||| Next permutation = [None, None, None, None, None, None, None, None, None, None, None, None, 9, 8, 7, 6]
2026-06-12 01:18:20.946 - [DEBUG] ||| prep_pass ||| Chain complete
2026-06-12 01:18:20.946 - [DEBUG] ||| run ||| pending_perm = [None, None, None, None, None, None, None, None, None, None, None, None, 9, 8, 7, 6] | src = 12, dest = 9
2026-06-12 01:18:20.947 - [DEBUG] ||| prep_pass ||| Next permutation = [None, None, None, None, None, None, None, None, None, None, None, None, None, None, 7, 6]
2026-06-12 01:18:20.947 - [DEBUG] ||| prep_pass ||| Chain complete
2026-06-12 01:18:20.948 - [DEBUG] ||| run ||| pending_perm = [None, None, None, None, None, None, None, None, None, None, None, None, None, None, 7, 6] | src = 14, dest = 7
2026-06-12 01:18:20.948 - [DEBUG] ||| prep_pass ||| Next permutation = [None, None, None, None, None, None, None, None, None, None, None, None, None, None, None, None]
2026-06-12 01:18:20.949 - [DEBUG] ||| prep_pass ||| Chain complete
2026-06-12 01:18:20.949 - [DEBUG] ||| normalize_perm ||| Permutation post normalization = [1, 0, 15, 14, 13, 3, 2, 5, 4, 12, 11, 10, 9, 8, 7, 6]
2026-06-12 01:18:20.950 - [DEBUG] ||| run ||| pending_perm = [1, 0, 15, 14, 13, 3, 2, 5, 4, 12, 11, 10, 9, 8, 7, 6] | src = 0, dest = 1
2026-06-12 01:18:20.950 - [DEBUG] ||| prep_pass ||| Next permutation = [None, None, 15, 14, 13, 3, 2, 5, 4, 12, 11, 10, 9, 8, 7, 6]
2026-06-12 01:18:20.951 - [DEBUG] ||| prep_pass ||| Chain complete
2026-06-12 01:18:20.951 - [DEBUG] ||| run ||| pending_perm = [None, None, 15, 14, 13, 3, 2, 5, 4, 12, 11, 10, 9, 8, 7, 6] | src = 2, dest = 15
2026-06-12 01:18:20.952 - [DEBUG] ||| prep_pass ||| Next permutation = [None, None, None, None, 13, 3, 2, 5, 4, 12, 11, 10, 9, 8, 7, 6]
2026-06-12 01:18:20.952 - [DEBUG] ||| prep_pass ||| Chain complete
2026-06-12 01:18:20.953 - [DEBUG] ||| run ||| pending_perm = [None, None, None, None, 13, 3, 2, 5, 4, 12, 11, 10, 9, 8, 7, 6] | src = 4, dest = 13
2026-06-12 01:18:20.953 - [DEBUG] ||| prep_pass ||| Next permutation = [None, None, None, None, None, None, 2, 5, 4, 12, 11, 10, 9, 8, 7, 6]
2026-06-12 01:18:20.954 - [DEBUG] ||| prep_pass ||| rb_src = 8, rb_dest = 4
2026-06-12 01:18:20.954 - [DEBUG] ||| prep_pass ||| Next permutation = [None, None, None, None, None, None, 2, 5, None, None, 11, 10, 9, 8, 7, 6]
2026-06-12 01:18:20.955 - [DEBUG] ||| prep_pass ||| rb_src = 6, rb_dest = 2
2026-06-12 01:18:20.956 - [DEBUG] ||| prep_pass ||| Next permutation = [None, None, None, None, None, None, None, None, None, None, 11, 10, 9, 8, 7, 6]
2026-06-12 01:18:20.956 - [DEBUG] ||| prep_pass ||| Chain complete
2026-06-12 01:18:20.957 - [DEBUG] ||| run ||| pending_perm = [None, None, None, None, None, None, None, None, None, None, 11, 10, 9, 8, 7, 6] | src = 10, dest = 11
2026-06-12 01:18:20.957 - [DEBUG] ||| prep_pass ||| Next permutation = [None, None, None, None, None, None, None, None, None, None, None, None, 9, 8, 7, 6]
2026-06-12 01:18:20.958 - [DEBUG] ||| prep_pass ||| Chain complete
2026-06-12 01:18:20.958 - [DEBUG] ||| run ||| pending_perm = [None, None, None, None, None, None, None, None, None, None, None, None, 9, 8, 7, 6] | src = 12, dest = 9
2026-06-12 01:18:20.959 - [DEBUG] ||| prep_pass ||| Next permutation = [None, None, None, None, None, None, None, None, None, None, None, None, None, None, 7, 6]
2026-06-12 01:18:20.959 - [DEBUG] ||| prep_pass ||| Chain complete
2026-06-12 01:18:20.960 - [DEBUG] ||| run ||| pending_perm = [None, None, None, None, None, None, None, None, None, None, None, None, None, None, 7, 6] | src = 14, dest = 7
2026-06-12 01:18:20.960 - [DEBUG] ||| prep_pass ||| Next permutation = [None, None, None, None, None, None, None, None, None, None, None, None, None, None, None, None]
2026-06-12 01:18:20.961 - [DEBUG] ||| prep_pass ||| Chain complete
2026-06-12 01:18:20.961 - [DEBUG] ||| propogate ||| stage = 2, input perm = [1, 6, 63, 59, 55, 9, 14, 17, 22, 51, 47, 43, 39, 35, 31, 27, 5, 2, 61, 57, 53, 13, 10, 21, 18, 49, 45, 41, 37, 33, 29, 25, 3, 4, 62, 58, 54, 11, 12, 19, 20, 50, 46, 42, 38, 34, 30, 26, 7, 0, 60, 56, 52, 15, 8, 23, 16, 48, 44, 40, 36, 32, 28, 24]
2026-06-12 01:18:20.962 - [DEBUG] ||| run ||| Stage[2] | Output permutation = [1, 63, 55, 14, 22, 47, 39, 31, 6, 59, 9, 17, 51, 43, 35, 27, 5, 61, 53, 10, 18, 45, 37, 29, 2, 57, 13, 21, 49, 41, 33, 25, 3, 62, 54, 12, 20, 46, 38, 30, 4, 58, 11, 19, 50, 42, 34, 26, 7, 60, 52, 8, 16, 44, 36, 28, 0, 56, 15, 23, 48, 40, 32, 24]
2026-06-12 01:18:20.962 - [DEBUG] ||| run ||| Stage[3] || perm_split = 8, split_len = 8, sw_split = 4, sub_perms = [[1, 63, 55, 14, 22, 47, 39, 31], [6, 59, 9, 17, 51, 43, 35, 27], [5, 61, 53, 10, 18, 45, 37, 29], [2, 57, 13, 21, 49, 41, 33, 25], [3, 62, 54, 12, 20, 46, 38, 30], [4, 58, 11, 19, 50, 42, 34, 26], [7, 60, 52, 8, 16, 44, 36, 28], [0, 56, 15, 23, 48, 40, 32, 24]]
2026-06-12 01:18:20.963 - [DEBUG] ||| normalize_perm ||| Permutation post normalization = [0, 7, 6, 1, 2, 5, 4, 3]
2026-06-12 01:18:20.963 - [DEBUG] ||| run ||| pending_perm = [0, 7, 6, 1, 2, 5, 4, 3] | src = 0, dest = 0
2026-06-12 01:18:20.964 - [DEBUG] ||| prep_pass ||| Next permutation = [None, None, 6, 1, 2, 5, 4, 3]
2026-06-12 01:18:20.964 - [DEBUG] ||| prep_pass ||| rb_src = 2, rb_dest = 6
2026-06-12 01:18:20.965 - [DEBUG] ||| prep_pass ||| Next permutation = [None, None, None, None, 2, 5, 4, 3]
2026-06-12 01:18:20.965 - [DEBUG] ||| prep_pass ||| Chain complete
2026-06-12 01:18:20.966 - [DEBUG] ||| run ||| pending_perm = [None, None, None, None, 2, 5, 4, 3] | src = 4, dest = 2
2026-06-12 01:18:20.966 - [DEBUG] ||| prep_pass ||| Next permutation = [None, None, None, None, None, None, 4, 3]
2026-06-12 01:18:20.967 - [DEBUG] ||| prep_pass ||| rb_src = 6, rb_dest = 4
2026-06-12 01:18:20.968 - [DEBUG] ||| prep_pass ||| Next permutation = [None, None, None, None, None, None, None, None]
2026-06-12 01:18:20.969 - [DEBUG] ||| prep_pass ||| Chain complete
2026-06-12 01:18:20.969 - [DEBUG] ||| normalize_perm ||| Permutation post normalization = [0, 7, 1, 2, 6, 5, 4, 3]
2026-06-12 01:18:20.970 - [DEBUG] ||| run ||| pending_perm = [0, 7, 1, 2, 6, 5, 4, 3] | src = 0, dest = 0
2026-06-12 01:18:20.971 - [DEBUG] ||| prep_pass ||| Next permutation = [None, None, 1, 2, 6, 5, 4, 3]
2026-06-12 01:18:20.971 - [DEBUG] ||| prep_pass ||| rb_src = 3, rb_dest = 2
2026-06-12 01:18:20.972 - [DEBUG] ||| prep_pass ||| Next permutation = [None, None, None, None, 6, 5, 4, 3]
2026-06-12 01:18:20.972 - [DEBUG] ||| prep_pass ||| rb_src = 6, rb_dest = 4
2026-06-12 01:18:20.973 - [DEBUG] ||| prep_pass ||| Next permutation = [None, None, None, None, 6, 5, None, None]
2026-06-12 01:18:20.973 - [DEBUG] ||| prep_pass ||| rb_src = 4, rb_dest = 6
2026-06-12 01:18:20.973 - [DEBUG] ||| prep_pass ||| Next permutation = [None, None, None, None, None, None, None, None]
2026-06-12 01:18:20.974 - [DEBUG] ||| prep_pass ||| Chain complete
2026-06-12 01:18:20.974 - [DEBUG] ||| normalize_perm ||| Permutation post normalization = [0, 7, 6, 1, 2, 5, 4, 3]
2026-06-12 01:18:20.975 - [DEBUG] ||| run ||| pending_perm = [0, 7, 6, 1, 2, 5, 4, 3] | src = 0, dest = 0
2026-06-12 01:18:20.975 - [DEBUG] ||| prep_pass ||| Next permutation = [None, None, 6, 1, 2, 5, 4, 3]
2026-06-12 01:18:20.976 - [DEBUG] ||| prep_pass ||| rb_src = 2, rb_dest = 6
2026-06-12 01:18:20.976 - [DEBUG] ||| prep_pass ||| Next permutation = [None, None, None, None, 2, 5, 4, 3]
2026-06-12 01:18:20.977 - [DEBUG] ||| prep_pass ||| Chain complete
2026-06-12 01:18:20.977 - [DEBUG] ||| run ||| pending_perm = [None, None, None, None, 2, 5, 4, 3] | src = 4, dest = 2
2026-06-12 01:18:20.978 - [DEBUG] ||| prep_pass ||| Next permutation = [None, None, None, None, None, None, 4, 3]
2026-06-12 01:18:20.978 - [DEBUG] ||| prep_pass ||| rb_src = 6, rb_dest = 4
2026-06-12 01:18:20.979 - [DEBUG] ||| prep_pass ||| Next permutation = [None, None, None, None, None, None, None, None]
2026-06-12 01:18:20.980 - [DEBUG] ||| prep_pass ||| Chain complete
2026-06-12 01:18:20.980 - [DEBUG] ||| normalize_perm ||| Permutation post normalization = [0, 7, 1, 2, 6, 5, 4, 3]
2026-06-12 01:18:20.981 - [DEBUG] ||| run ||| pending_perm = [0, 7, 1, 2, 6, 5, 4, 3] | src = 0, dest = 0
2026-06-12 01:18:20.981 - [DEBUG] ||| prep_pass ||| Next permutation = [None, None, 1, 2, 6, 5, 4, 3]
2026-06-12 01:18:20.982 - [DEBUG] ||| prep_pass ||| rb_src = 3, rb_dest = 2
2026-06-12 01:18:20.982 - [DEBUG] ||| prep_pass ||| Next permutation = [None, None, None, None, 6, 5, 4, 3]
2026-06-12 01:18:20.983 - [DEBUG] ||| prep_pass ||| rb_src = 6, rb_dest = 4
2026-06-12 01:18:20.983 - [DEBUG] ||| prep_pass ||| Next permutation = [None, None, None, None, 6, 5, None, None]
2026-06-12 01:18:20.984 - [DEBUG] ||| prep_pass ||| rb_src = 4, rb_dest = 6
2026-06-12 01:18:20.984 - [DEBUG] ||| prep_pass ||| Next permutation = [None, None, None, None, None, None, None, None]
2026-06-12 01:18:20.985 - [DEBUG] ||| prep_pass ||| Chain complete
2026-06-12 01:18:20.985 - [DEBUG] ||| normalize_perm ||| Permutation post normalization = [0, 7, 6, 1, 2, 5, 4, 3]
2026-06-12 01:18:20.986 - [DEBUG] ||| run ||| pending_perm = [0, 7, 6, 1, 2, 5, 4, 3] | src = 0, dest = 0
2026-06-12 01:18:20.986 - [DEBUG] ||| prep_pass ||| Next permutation = [None, None, 6, 1, 2, 5, 4, 3]
2026-06-12 01:18:20.987 - [DEBUG] ||| prep_pass ||| rb_src = 2, rb_dest = 6
2026-06-12 01:18:20.987 - [DEBUG] ||| prep_pass ||| Next permutation = [None, None, None, None, 2, 5, 4, 3]
2026-06-12 01:18:20.988 - [DEBUG] ||| prep_pass ||| Chain complete
2026-06-12 01:18:20.988 - [DEBUG] ||| run ||| pending_perm = [None, None, None, None, 2, 5, 4, 3] | src = 4, dest = 2
2026-06-12 01:18:20.989 - [DEBUG] ||| prep_pass ||| Next permutation = [None, None, None, None, None, None, 4, 3]
2026-06-12 01:18:20.989 - [DEBUG] ||| prep_pass ||| rb_src = 6, rb_dest = 4
2026-06-12 01:18:20.990 - [DEBUG] ||| prep_pass ||| Next permutation = [None, None, None, None, None, None, None, None]
2026-06-12 01:18:20.990 - [DEBUG] ||| prep_pass ||| Chain complete
2026-06-12 01:18:20.991 - [DEBUG] ||| normalize_perm ||| Permutation post normalization = [0, 7, 1, 2, 6, 5, 4, 3]
2026-06-12 01:18:20.991 - [DEBUG] ||| run ||| pending_perm = [0, 7, 1, 2, 6, 5, 4, 3] | src = 0, dest = 0
2026-06-12 01:18:20.992 - [DEBUG] ||| prep_pass ||| Next permutation = [None, None, 1, 2, 6, 5, 4, 3]
2026-06-12 01:18:20.992 - [DEBUG] ||| prep_pass ||| rb_src = 3, rb_dest = 2
2026-06-12 01:18:20.993 - [DEBUG] ||| prep_pass ||| Next permutation = [None, None, None, None, 6, 5, 4, 3]
2026-06-12 01:18:20.993 - [DEBUG] ||| prep_pass ||| rb_src = 6, rb_dest = 4
2026-06-12 01:18:20.994 - [DEBUG] ||| prep_pass ||| Next permutation = [None, None, None, None, 6, 5, None, None]
2026-06-12 01:18:20.994 - [DEBUG] ||| prep_pass ||| rb_src = 4, rb_dest = 6
2026-06-12 01:18:20.995 - [DEBUG] ||| prep_pass ||| Next permutation = [None, None, None, None, None, None, None, None]
2026-06-12 01:18:20.996 - [DEBUG] ||| prep_pass ||| Chain complete
2026-06-12 01:18:20.996 - [DEBUG] ||| normalize_perm ||| Permutation post normalization = [0, 7, 6, 1, 2, 5, 4, 3]
2026-06-12 01:18:20.997 - [DEBUG] ||| run ||| pending_perm = [0, 7, 6, 1, 2, 5, 4, 3] | src = 0, dest = 0
2026-06-12 01:18:20.997 - [DEBUG] ||| prep_pass ||| Next permutation = [None, None, 6, 1, 2, 5, 4, 3]
2026-06-12 01:18:20.998 - [DEBUG] ||| prep_pass ||| rb_src = 2, rb_dest = 6
2026-06-12 01:18:20.998 - [DEBUG] ||| prep_pass ||| Next permutation = [None, None, None, None, 2, 5, 4, 3]
2026-06-12 01:18:20.999 - [DEBUG] ||| prep_pass ||| Chain complete
2026-06-12 01:18:21.000 - [DEBUG] ||| run ||| pending_perm = [None, None, None, None, 2, 5, 4, 3] | src = 4, dest = 2
2026-06-12 01:18:21.000 - [DEBUG] ||| prep_pass ||| Next permutation = [None, None, None, None, None, None, 4, 3]
2026-06-12 01:18:21.001 - [DEBUG] ||| prep_pass ||| rb_src = 6, rb_dest = 4
2026-06-12 01:18:21.002 - [DEBUG] ||| prep_pass ||| Next permutation = [None, None, None, None, None, None, None, None]
2026-06-12 01:18:21.002 - [DEBUG] ||| prep_pass ||| Chain complete
2026-06-12 01:18:21.003 - [DEBUG] ||| normalize_perm ||| Permutation post normalization = [0, 7, 1, 2, 6, 5, 4, 3]
2026-06-12 01:18:21.003 - [DEBUG] ||| run ||| pending_perm = [0, 7, 1, 2, 6, 5, 4, 3] | src = 0, dest = 0
2026-06-12 01:18:21.004 - [DEBUG] ||| prep_pass ||| Next permutation = [None, None, 1, 2, 6, 5, 4, 3]
2026-06-12 01:18:21.004 - [DEBUG] ||| prep_pass ||| rb_src = 3, rb_dest = 2
2026-06-12 01:18:21.005 - [DEBUG] ||| prep_pass ||| Next permutation = [None, None, None, None, 6, 5, 4, 3]
2026-06-12 01:18:21.006 - [DEBUG] ||| prep_pass ||| rb_src = 6, rb_dest = 4
2026-06-12 01:18:21.007 - [DEBUG] ||| prep_pass ||| Next permutation = [None, None, None, None, 6, 5, None, None]
2026-06-12 01:18:21.007 - [DEBUG] ||| prep_pass ||| rb_src = 4, rb_dest = 6
2026-06-12 01:18:21.008 - [DEBUG] ||| prep_pass ||| Next permutation = [None, None, None, None, None, None, None, None]
2026-06-12 01:18:21.008 - [DEBUG] ||| prep_pass ||| Chain complete
2026-06-12 01:18:21.009 - [DEBUG] ||| propogate ||| stage = 3, input perm = [1, 63, 55, 14, 22, 47, 39, 31, 6, 59, 9, 17, 51, 43, 35, 27, 5, 61, 53, 10, 18, 45, 37, 29, 2, 57, 13, 21, 49, 41, 33, 25, 3, 62, 54, 12, 20, 46, 38, 30, 4, 58, 11, 19, 50, 42, 34, 26, 7, 60, 52, 8, 16, 44, 36, 28, 0, 56, 15, 23, 48, 40, 32, 24]
2026-06-12 01:18:21.010 - [DEBUG] ||| run ||| Stage[3] | Output permutation = [1, 55, 22, 39, 63, 14, 47, 31, 6, 17, 51, 35, 59, 9, 43, 27, 5, 53, 18, 37, 61, 10, 45, 29, 2, 21, 49, 33, 57, 13, 41, 25, 3, 54, 20, 38, 62, 12, 46, 30, 4, 19, 50, 34, 58, 11, 42, 26, 7, 52, 16, 36, 60, 8, 44, 28, 0, 23, 48, 32, 56, 15, 40, 24]
2026-06-12 01:18:21.010 - [DEBUG] ||| run ||| Stage[4] || perm_split = 16, split_len = 4, sw_split = 2, sub_perms = [[1, 55, 22, 39], [63, 14, 47, 31], [6, 17, 51, 35], [59, 9, 43, 27], [5, 53, 18, 37], [61, 10, 45, 29], [2, 21, 49, 33], [57, 13, 41, 25], [3, 54, 20, 38], [62, 12, 46, 30], [4, 19, 50, 34], [58, 11, 42, 26], [7, 52, 16, 36], [60, 8, 44, 28], [0, 23, 48, 32], [56, 15, 40, 24]]
2026-06-12 01:18:21.011 - [DEBUG] ||| normalize_perm ||| Permutation post normalization = [0, 3, 1, 2]
2026-06-12 01:18:21.012 - [DEBUG] ||| run ||| pending_perm = [0, 3, 1, 2] | src = 0, dest = 0
2026-06-12 01:18:21.013 - [DEBUG] ||| prep_pass ||| Next permutation = [None, None, 1, 2]
2026-06-12 01:18:21.013 - [DEBUG] ||| prep_pass ||| rb_src = 3, rb_dest = 2
2026-06-12 01:18:21.014 - [DEBUG] ||| prep_pass ||| Next permutation = [None, None, None, None]
2026-06-12 01:18:21.015 - [DEBUG] ||| prep_pass ||| Chain complete
2026-06-12 01:18:21.015 - [DEBUG] ||| normalize_perm ||| Permutation post normalization = [3, 0, 2, 1]
2026-06-12 01:18:21.016 - [DEBUG] ||| run ||| pending_perm = [3, 0, 2, 1] | src = 0, dest = 3
2026-06-12 01:18:21.017 - [DEBUG] ||| prep_pass ||| Next permutation = [None, None, 2, 1]
2026-06-12 01:18:21.017 - [DEBUG] ||| prep_pass ||| rb_src = 3, rb_dest = 1
2026-06-12 01:18:21.018 - [DEBUG] ||| prep_pass ||| Next permutation = [None, None, None, None]
2026-06-12 01:18:21.018 - [DEBUG] ||| prep_pass ||| Chain complete
2026-06-12 01:18:21.019 - [DEBUG] ||| normalize_perm ||| Permutation post normalization = [0, 1, 3, 2]
2026-06-12 01:18:21.019 - [DEBUG] ||| run ||| pending_perm = [0, 1, 3, 2] | src = 0, dest = 0
2026-06-12 01:18:21.020 - [DEBUG] ||| prep_pass ||| Next permutation = [None, None, 3, 2]
2026-06-12 01:18:21.021 - [DEBUG] ||| prep_pass ||| Chain complete
2026-06-12 01:18:21.021 - [DEBUG] ||| run ||| pending_perm = [None, None, 3, 2] | src = 2, dest = 3
2026-06-12 01:18:21.022 - [DEBUG] ||| prep_pass ||| Next permutation = [None, None, None, None]
2026-06-12 01:18:21.022 - [DEBUG] ||| prep_pass ||| Chain complete
2026-06-12 01:18:21.023 - [DEBUG] ||| normalize_perm ||| Permutation post normalization = [3, 0, 2, 1]
2026-06-12 01:18:21.023 - [DEBUG] ||| run ||| pending_perm = [3, 0, 2, 1] | src = 0, dest = 3
2026-06-12 01:18:21.024 - [DEBUG] ||| prep_pass ||| Next permutation = [None, None, 2, 1]
2026-06-12 01:18:21.024 - [DEBUG] ||| prep_pass ||| rb_src = 3, rb_dest = 1
2026-06-12 01:18:21.025 - [DEBUG] ||| prep_pass ||| Next permutation = [None, None, None, None]
2026-06-12 01:18:21.026 - [DEBUG] ||| prep_pass ||| Chain complete
2026-06-12 01:18:21.026 - [DEBUG] ||| normalize_perm ||| Permutation post normalization = [0, 3, 1, 2]
2026-06-12 01:18:21.027 - [DEBUG] ||| run ||| pending_perm = [0, 3, 1, 2] | src = 0, dest = 0
2026-06-12 01:18:21.027 - [DEBUG] ||| prep_pass ||| Next permutation = [None, None, 1, 2]
2026-06-12 01:18:21.028 - [DEBUG] ||| prep_pass ||| rb_src = 3, rb_dest = 2
2026-06-12 01:18:21.028 - [DEBUG] ||| prep_pass ||| Next permutation = [None, None, None, None]
2026-06-12 01:18:21.029 - [DEBUG] ||| prep_pass ||| Chain complete
2026-06-12 01:18:21.029 - [DEBUG] ||| normalize_perm ||| Permutation post normalization = [3, 0, 2, 1]
2026-06-12 01:18:21.030 - [DEBUG] ||| run ||| pending_perm = [3, 0, 2, 1] | src = 0, dest = 3
2026-06-12 01:18:21.030 - [DEBUG] ||| prep_pass ||| Next permutation = [None, None, 2, 1]
2026-06-12 01:18:21.031 - [DEBUG] ||| prep_pass ||| rb_src = 3, rb_dest = 1
2026-06-12 01:18:21.032 - [DEBUG] ||| prep_pass ||| Next permutation = [None, None, None, None]
2026-06-12 01:18:21.032 - [DEBUG] ||| prep_pass ||| Chain complete
2026-06-12 01:18:21.033 - [DEBUG] ||| normalize_perm ||| Permutation post normalization = [0, 1, 3, 2]
2026-06-12 01:18:21.034 - [DEBUG] ||| run ||| pending_perm = [0, 1, 3, 2] | src = 0, dest = 0
2026-06-12 01:18:21.034 - [DEBUG] ||| prep_pass ||| Next permutation = [None, None, 3, 2]
2026-06-12 01:18:21.035 - [DEBUG] ||| prep_pass ||| Chain complete
2026-06-12 01:18:21.035 - [DEBUG] ||| run ||| pending_perm = [None, None, 3, 2] | src = 2, dest = 3
2026-06-12 01:18:21.036 - [DEBUG] ||| prep_pass ||| Next permutation = [None, None, None, None]
2026-06-12 01:18:21.036 - [DEBUG] ||| prep_pass ||| Chain complete
2026-06-12 01:18:21.037 - [DEBUG] ||| normalize_perm ||| Permutation post normalization = [3, 0, 2, 1]
2026-06-12 01:18:21.037 - [DEBUG] ||| run ||| pending_perm = [3, 0, 2, 1] | src = 0, dest = 3
2026-06-12 01:18:21.038 - [DEBUG] ||| prep_pass ||| Next permutation = [None, None, 2, 1]
2026-06-12 01:18:21.038 - [DEBUG] ||| prep_pass ||| rb_src = 3, rb_dest = 1
2026-06-12 01:18:21.039 - [DEBUG] ||| prep_pass ||| Next permutation = [None, None, None, None]
2026-06-12 01:18:21.039 - [DEBUG] ||| prep_pass ||| Chain complete
2026-06-12 01:18:21.040 - [DEBUG] ||| normalize_perm ||| Permutation post normalization = [0, 3, 1, 2]
2026-06-12 01:18:21.040 - [DEBUG] ||| run ||| pending_perm = [0, 3, 1, 2] | src = 0, dest = 0
2026-06-12 01:18:21.041 - [DEBUG] ||| prep_pass ||| Next permutation = [None, None, 1, 2]
2026-06-12 01:18:21.041 - [DEBUG] ||| prep_pass ||| rb_src = 3, rb_dest = 2
2026-06-12 01:18:21.042 - [DEBUG] ||| prep_pass ||| Next permutation = [None, None, None, None]
2026-06-12 01:18:21.042 - [DEBUG] ||| prep_pass ||| Chain complete
2026-06-12 01:18:21.043 - [DEBUG] ||| normalize_perm ||| Permutation post normalization = [3, 0, 2, 1]
2026-06-12 01:18:21.043 - [DEBUG] ||| run ||| pending_perm = [3, 0, 2, 1] | src = 0, dest = 3
2026-06-12 01:18:21.044 - [DEBUG] ||| prep_pass ||| Next permutation = [None, None, 2, 1]
2026-06-12 01:18:21.044 - [DEBUG] ||| prep_pass ||| rb_src = 3, rb_dest = 1
2026-06-12 01:18:21.045 - [DEBUG] ||| prep_pass ||| Next permutation = [None, None, None, None]
2026-06-12 01:18:21.045 - [DEBUG] ||| prep_pass ||| Chain complete
2026-06-12 01:18:21.046 - [DEBUG] ||| normalize_perm ||| Permutation post normalization = [0, 1, 3, 2]
2026-06-12 01:18:21.047 - [DEBUG] ||| run ||| pending_perm = [0, 1, 3, 2] | src = 0, dest = 0
2026-06-12 01:18:21.047 - [DEBUG] ||| prep_pass ||| Next permutation = [None, None, 3, 2]
2026-06-12 01:18:21.048 - [DEBUG] ||| prep_pass ||| Chain complete
2026-06-12 01:18:21.048 - [DEBUG] ||| run ||| pending_perm = [None, None, 3, 2] | src = 2, dest = 3
2026-06-12 01:18:21.049 - [DEBUG] ||| prep_pass ||| Next permutation = [None, None, None, None]
2026-06-12 01:18:21.049 - [DEBUG] ||| prep_pass ||| Chain complete
2026-06-12 01:18:21.050 - [DEBUG] ||| normalize_perm ||| Permutation post normalization = [3, 0, 2, 1]
2026-06-12 01:18:21.050 - [DEBUG] ||| run ||| pending_perm = [3, 0, 2, 1] | src = 0, dest = 3
2026-06-12 01:18:21.051 - [DEBUG] ||| prep_pass ||| Next permutation = [None, None, 2, 1]
2026-06-12 01:18:21.051 - [DEBUG] ||| prep_pass ||| rb_src = 3, rb_dest = 1
2026-06-12 01:18:21.052 - [DEBUG] ||| prep_pass ||| Next permutation = [None, None, None, None]
2026-06-12 01:18:21.052 - [DEBUG] ||| prep_pass ||| Chain complete
2026-06-12 01:18:21.053 - [DEBUG] ||| normalize_perm ||| Permutation post normalization = [0, 3, 1, 2]
2026-06-12 01:18:21.053 - [DEBUG] ||| run ||| pending_perm = [0, 3, 1, 2] | src = 0, dest = 0
2026-06-12 01:18:21.054 - [DEBUG] ||| prep_pass ||| Next permutation = [None, None, 1, 2]
2026-06-12 01:18:21.054 - [DEBUG] ||| prep_pass ||| rb_src = 3, rb_dest = 2
2026-06-12 01:18:21.055 - [DEBUG] ||| prep_pass ||| Next permutation = [None, None, None, None]
2026-06-12 01:18:21.055 - [DEBUG] ||| prep_pass ||| Chain complete
2026-06-12 01:18:21.056 - [DEBUG] ||| normalize_perm ||| Permutation post normalization = [3, 0, 2, 1]
2026-06-12 01:18:21.057 - [DEBUG] ||| run ||| pending_perm = [3, 0, 2, 1] | src = 0, dest = 3
2026-06-12 01:18:21.057 - [DEBUG] ||| prep_pass ||| Next permutation = [None, None, 2, 1]
2026-06-12 01:18:21.058 - [DEBUG] ||| prep_pass ||| rb_src = 3, rb_dest = 1
2026-06-12 01:18:21.058 - [DEBUG] ||| prep_pass ||| Next permutation = [None, None, None, None]
2026-06-12 01:18:21.059 - [DEBUG] ||| prep_pass ||| Chain complete
2026-06-12 01:18:21.059 - [DEBUG] ||| normalize_perm ||| Permutation post normalization = [0, 1, 3, 2]
2026-06-12 01:18:21.060 - [DEBUG] ||| run ||| pending_perm = [0, 1, 3, 2] | src = 0, dest = 0
2026-06-12 01:18:21.060 - [DEBUG] ||| prep_pass ||| Next permutation = [None, None, 3, 2]
2026-06-12 01:18:21.061 - [DEBUG] ||| prep_pass ||| Chain complete
2026-06-12 01:18:21.062 - [DEBUG] ||| run ||| pending_perm = [None, None, 3, 2] | src = 2, dest = 3
2026-06-12 01:18:21.063 - [DEBUG] ||| prep_pass ||| Next permutation = [None, None, None, None]
2026-06-12 01:18:21.063 - [DEBUG] ||| prep_pass ||| Chain complete
2026-06-12 01:18:21.064 - [DEBUG] ||| normalize_perm ||| Permutation post normalization = [3, 0, 2, 1]
2026-06-12 01:18:21.065 - [DEBUG] ||| run ||| pending_perm = [3, 0, 2, 1] | src = 0, dest = 3
2026-06-12 01:18:21.065 - [DEBUG] ||| prep_pass ||| Next permutation = [None, None, 2, 1]
2026-06-12 01:18:21.066 - [DEBUG] ||| prep_pass ||| rb_src = 3, rb_dest = 1
2026-06-12 01:18:21.066 - [DEBUG] ||| prep_pass ||| Next permutation = [None, None, None, None]
2026-06-12 01:18:21.067 - [DEBUG] ||| prep_pass ||| Chain complete
2026-06-12 01:18:21.067 - [DEBUG] ||| propogate ||| stage = 4, input perm = [1, 55, 22, 39, 63, 14, 47, 31, 6, 17, 51, 35, 59, 9, 43, 27, 5, 53, 18, 37, 61, 10, 45, 29, 2, 21, 49, 33, 57, 13, 41, 25, 3, 54, 20, 38, 62, 12, 46, 30, 4, 19, 50, 34, 58, 11, 42, 26, 7, 52, 16, 36, 60, 8, 44, 28, 0, 23, 48, 32, 56, 15, 40, 24]
2026-06-12 01:18:21.068 - [DEBUG] ||| run ||| Stage[4] | Output permutation = [1, 39, 55, 22, 63, 31, 14, 47, 6, 51, 17, 35, 59, 27, 9, 43, 5, 37, 53, 18, 61, 29, 10, 45, 2, 49, 21, 33, 57, 25, 13, 41, 3, 38, 54, 20, 62, 30, 12, 46, 4, 50, 19, 34, 58, 26, 11, 42, 7, 36, 52, 16, 60, 28, 8, 44, 0, 48, 23, 32, 56, 24, 15, 40]
2026-06-12 01:18:21.068 - [DEBUG] ||| propogate ||| stage = 5, input perm = [1, 39, 55, 22, 63, 31, 14, 47, 6, 51, 17, 35, 59, 27, 9, 43, 5, 37, 53, 18, 61, 29, 10, 45, 2, 49, 21, 33, 57, 25, 13, 41, 3, 38, 54, 20, 62, 30, 12, 46, 4, 50, 19, 34, 58, 26, 11, 42, 7, 36, 52, 16, 60, 28, 8, 44, 0, 48, 23, 32, 56, 24, 15, 40]
2026-06-12 01:18:21.069 - [DEBUG] ||| run ||| Stage[5] | Output permutation = [1, 22, 39, 55, 31, 14, 63, 47, 6, 17, 51, 35, 27, 9, 59, 43, 5, 18, 37, 53, 29, 10, 61, 45, 2, 21, 49, 33, 25, 13, 57, 41, 3, 20, 38, 54, 30, 12, 62, 46, 4, 19, 50, 34, 26, 11, 58, 42, 7, 16, 36, 52, 28, 8, 60, 44, 0, 23, 48, 32, 24, 15, 56, 40]
2026-06-12 01:18:21.069 - [DEBUG] ||| propogate ||| stage = 6, input perm = [1, 22, 39, 55, 31, 14, 63, 47, 6, 17, 51, 35, 27, 9, 59, 43, 5, 18, 37, 53, 29, 10, 61, 45, 2, 21, 49, 33, 25, 13, 57, 41, 3, 20, 38, 54, 30, 12, 62, 46, 4, 19, 50, 34, 26, 11, 58, 42, 7, 16, 36, 52, 28, 8, 60, 44, 0, 23, 48, 32, 24, 15, 56, 40]
2026-06-12 01:18:21.070 - [DEBUG] ||| run ||| Stage[6] | Output permutation = [1, 14, 22, 31, 39, 47, 55, 63, 6, 9, 17, 27, 35, 43, 51, 59, 5, 10, 18, 29, 37, 45, 53, 61, 2, 13, 21, 25, 33, 41, 49, 57, 3, 12, 20, 30, 38, 46, 54, 62, 4, 11, 19, 26, 34, 42, 50, 58, 7, 8, 16, 28, 36, 44, 52, 60, 0, 15, 23, 24, 32, 40, 48, 56]
2026-06-12 01:18:21.070 - [DEBUG] ||| propogate ||| stage = 7, input perm = [1, 14, 22, 31, 39, 47, 55, 63, 6, 9, 17, 27, 35, 43, 51, 59, 5, 10, 18, 29, 37, 45, 53, 61, 2, 13, 21, 25, 33, 41, 49, 57, 3, 12, 20, 30, 38, 46, 54, 62, 4, 11, 19, 26, 34, 42, 50, 58, 7, 8, 16, 28, 36, 44, 52, 60, 0, 15, 23, 24, 32, 40, 48, 56]
2026-06-12 01:18:21.071 - [DEBUG] ||| run ||| Stage[7] | Output permutation = [1, 6, 14, 9, 22, 17, 31, 27, 39, 35, 47, 43, 55, 51, 63, 59, 5, 2, 10, 13, 18, 21, 29, 25, 37, 33, 45, 41, 53, 49, 61, 57, 3, 4, 12, 11, 20, 19, 30, 26, 38, 34, 46, 42, 54, 50, 62, 58, 7, 0, 8, 15, 16, 23, 28, 24, 36, 32, 44, 40, 52, 48, 60, 56]
2026-06-12 01:18:21.072 - [DEBUG] ||| propogate ||| stage = 8, input perm = [1, 6, 14, 9, 22, 17, 31, 27, 39, 35, 47, 43, 55, 51, 63, 59, 5, 2, 10, 13, 18, 21, 29, 25, 37, 33, 45, 41, 53, 49, 61, 57, 3, 4, 12, 11, 20, 19, 30, 26, 38, 34, 46, 42, 54, 50, 62, 58, 7, 0, 8, 15, 16, 23, 28, 24, 36, 32, 44, 40, 52, 48, 60, 56]
2026-06-12 01:18:21.072 - [DEBUG] ||| run ||| Stage[8] | Output permutation = [1, 2, 6, 5, 9, 10, 14, 13, 17, 18, 22, 21, 27, 25, 31, 29, 35, 33, 39, 37, 43, 41, 47, 45, 51, 49, 55, 53, 59, 57, 63, 61, 3, 0, 4, 7, 11, 8, 12, 15, 19, 16, 20, 23, 26, 24, 30, 28, 34, 32, 38, 36, 42, 40, 46, 44, 50, 48, 54, 52, 58, 56, 62, 60]
2026-06-12 01:18:21.073 - [DEBUG] ||| propogate ||| stage = 9, input perm = [1, 2, 6, 5, 9, 10, 14, 13, 17, 18, 22, 21, 27, 25, 31, 29, 35, 33, 39, 37, 43, 41, 47, 45, 51, 49, 55, 53, 59, 57, 63, 61, 3, 0, 4, 7, 11, 8, 12, 15, 19, 16, 20, 23, 26, 24, 30, 28, 34, 32, 38, 36, 42, 40, 46, 44, 50, 48, 54, 52, 58, 56, 62, 60]
2026-06-12 01:18:21.073 - [DEBUG] ||| run ||| Stage[9] | Output permutation = [1, 0, 2, 3, 5, 4, 6, 7, 9, 8, 10, 11, 13, 12, 14, 15, 17, 16, 18, 19, 21, 20, 22, 23, 25, 24, 27, 26, 29, 28, 31, 30, 33, 32, 35, 34, 37, 36, 39, 38, 41, 40, 43, 42, 45, 44, 47, 46, 49, 48, 51, 50, 53, 52, 55, 54, 57, 56, 59, 58, 61, 60, 63, 62]
2026-06-12 01:18:21.074 - [DEBUG] ||| propogate ||| stage = 10, input perm = [1, 0, 2, 3, 5, 4, 6, 7, 9, 8, 10, 11, 13, 12, 14, 15, 17, 16, 18, 19, 21, 20, 22, 23, 25, 24, 27, 26, 29, 28, 31, 30, 33, 32, 35, 34, 37, 36, 39, 38, 41, 40, 43, 42, 45, 44, 47, 46, 49, 48, 51, 50, 53, 52, 55, 54, 57, 56, 59, 58, 61, 60, 63, 62]
2026-06-12 01:18:21.074 - [DEBUG] ||| run ||| Stage[10] | Output permutation = [0, 1, 2, 3, 4, 5, 6, 7, 8, 9, 10, 11, 12, 13, 14, 15, 16, 17, 18, 19, 20, 21, 22, 23, 24, 25, 26, 27, 28, 29, 30, 31, 32, 33, 34, 35, 36, 37, 38, 39, 40, 41, 42, 43, 44, 45, 46, 47, 48, 49, 50, 51, 52, 53, 54, 55, 56, 57, 58, 59, 60, 61, 62, 63]
2026-06-12 01:18:21.074 - [DEBUG] ||| run ||| Benes Routing: PASSED
2026-06-12 01:18:21.076 - [DEBUG] ||| run ||| Attempting to route Benes permutation = [(0, 1), (1, 3), (2, 4), (4, 6), (5, 8), (6, 11), (8, 13), (9, 15), (10, 16), (12, 18), (13, 20), (14, 23), (16, 25), (17, 27), (18, 28), (20, 30), (21, 32), (22, 35)]
2026-06-12 01:18:21.077 - [DEBUG] ||| balance_perm ||| almost-balanced_perm = [1, 3, 4, None, 6, 8, 11, None, 13, 15, 16, None, 18, 20, 23, None, 25, 27, 28, None, 30, 32, 35, None, None, None, None, None, None, None, None, None, None, None, None, None, None, None, None, None, None, None, None, None, None, None, None, None, None, None, None, None, None, None, None, None, None, None, None, None, None, None, None, None]; free_dest = [0, 2, 5, 7, 9, 10, 12, 14, 17, 19, 21, 22, 24, 26, 29, 31, 33, 34, 36, 37, 38, 39, 40, 41, 42, 43, 44, 45, 46, 47, 48, 49, 50, 51, 52, 53, 54, 55, 56, 57, 58, 59, 60, 61, 62, 63]
2026-06-12 01:18:21.077 - [DEBUG] ||| balance_perm ||| balanced_perm = [1, 3, 4, 63, 6, 8, 11, 62, 13, 15, 16, 61, 18, 20, 23, 60, 25, 27, 28, 59, 30, 32, 35, 58, 57, 56, 55, 54, 53, 52, 51, 50, 49, 48, 47, 46, 45, 44, 43, 42, 41, 40, 39, 38, 37, 36, 34, 33, 31, 29, 26, 24, 22, 21, 19, 17, 14, 12, 10, 9, 7, 5, 2, 0]
2026-06-12 01:18:21.078 - [DEBUG] ||| run ||| Stage[0] || perm_split = 1, split_len = 64, sw_split = 32, sub_perms = [[1, 3, 4, 63, 6, 8, 11, 62, 13, 15, 16, 61, 18, 20, 23, 60, 25, 27, 28, 59, 30, 32, 35, 58, 57, 56, 55, 54, 53, 52, 51, 50, 49, 48, 47, 46, 45, 44, 43, 42, 41, 40, 39, 38, 37, 36, 34, 33, 31, 29, 26, 24, 22, 21, 19, 17, 14, 12, 10, 9, 7, 5, 2, 0]]
2026-06-12 01:18:21.078 - [DEBUG] ||| normalize_perm ||| Permutation post normalization = [1, 3, 4, 63, 6, 8, 11, 62, 13, 15, 16, 61, 18, 20, 23, 60, 25, 27, 28, 59, 30, 32, 35, 58, 57, 56, 55, 54, 53, 52, 51, 50, 49, 48, 47, 46, 45, 44, 43, 42, 41, 40, 39, 38, 37, 36, 34, 33, 31, 29, 26, 24, 22, 21, 19, 17, 14, 12, 10, 9, 7, 5, 2, 0]
2026-06-12 01:18:21.079 - [DEBUG] ||| run ||| pending_perm = [1, 3, 4, 63, 6, 8, 11, 62, 13, 15, 16, 61, 18, 20, 23, 60, 25, 27, 28, 59, 30, 32, 35, 58, 57, 56, 55, 54, 53, 52, 51, 50, 49, 48, 47, 46, 45, 44, 43, 42, 41, 40, 39, 38, 37, 36, 34, 33, 31, 29, 26, 24, 22, 21, 19, 17, 14, 12, 10, 9, 7, 5, 2, 0] | src = 0, dest = 1
2026-06-12 01:18:21.080 - [DEBUG] ||| prep_pass ||| Next permutation = [None, None, 4, 63, 6, 8, 11, 62, 13, 15, 16, 61, 18, 20, 23, 60, 25, 27, 28, 59, 30, 32, 35, 58, 57, 56, 55, 54, 53, 52, 51, 50, 49, 48, 47, 46, 45, 44, 43, 42, 41, 40, 39, 38, 37, 36, 34, 33, 31, 29, 26, 24, 22, 21, 19, 17, 14, 12, 10, 9, 7, 5, 2, 0]
2026-06-12 01:18:21.081 - [DEBUG] ||| prep_pass ||| rb_src = 62, rb_dest = 2
2026-06-12 01:18:21.081 - [DEBUG] ||| prep_pass ||| Next permutation = [None, None, 4, 63, 6, 8, 11, 62, 13, 15, 16, 61, 18, 20, 23, 60, 25, 27, 28, 59, 30, 32, 35, 58, 57, 56, 55, 54, 53, 52, 51, 50, 49, 48, 47, 46, 45, 44, 43, 42, 41, 40, 39, 38, 37, 36, 34, 33, 31, 29, 26, 24, 22, 21, 19, 17, 14, 12, 10, 9, 7, 5, None, None]
2026-06-12 01:18:21.082 - [DEBUG] ||| prep_pass ||| Chain complete
2026-06-12 01:18:21.082 - [DEBUG] ||| run ||| pending_perm = [None, None, 4, 63, 6, 8, 11, 62, 13, 15, 16, 61, 18, 20, 23, 60, 25, 27, 28, 59, 30, 32, 35, 58, 57, 56, 55, 54, 53, 52, 51, 50, 49, 48, 47, 46, 45, 44, 43, 42, 41, 40, 39, 38, 37, 36, 34, 33, 31, 29, 26, 24, 22, 21, 19, 17, 14, 12, 10, 9, 7, 5, None, None] | src = 2, dest = 4
2026-06-12 01:18:21.083 - [DEBUG] ||| prep_pass ||| Next permutation = [None, None, None, None, 6, 8, 11, 62, 13, 15, 16, 61, 18, 20, 23, 60, 25, 27, 28, 59, 30, 32, 35, 58, 57, 56, 55, 54, 53, 52, 51, 50, 49, 48, 47, 46, 45, 44, 43, 42, 41, 40, 39, 38, 37, 36, 34, 33, 31, 29, 26, 24, 22, 21, 19, 17, 14, 12, 10, 9, 7, 5, None, None]
2026-06-12 01:18:21.083 - [DEBUG] ||| prep_pass ||| rb_src = 60, rb_dest = 7
2026-06-12 01:18:21.084 - [DEBUG] ||| prep_pass ||| Next permutation = [None, None, None, None, 6, 8, 11, 62, 13, 15, 16, 61, 18, 20, 23, 60, 25, 27, 28, 59, 30, 32, 35, 58, 57, 56, 55, 54, 53, 52, 51, 50, 49, 48, 47, 46, 45, 44, 43, 42, 41, 40, 39, 38, 37, 36, 34, 33, 31, 29, 26, 24, 22, 21, 19, 17, 14, 12, 10, 9, None, None, None, None]
2026-06-12 01:18:21.084 - [DEBUG] ||| prep_pass ||| rb_src = 5, rb_dest = 8
2026-06-12 01:18:21.085 - [DEBUG] ||| prep_pass ||| Next permutation = [None, None, None, None, None, None, 11, 62, 13, 15, 16, 61, 18, 20, 23, 60, 25, 27, 28, 59, 30, 32, 35, 58, 57, 56, 55, 54, 53, 52, 51, 50, 49, 48, 47, 46, 45, 44, 43, 42, 41, 40, 39, 38, 37, 36, 34, 33, 31, 29, 26, 24, 22, 21, 19, 17, 14, 12, 10, 9, None, None, None, None]
2026-06-12 01:18:21.085 - [DEBUG] ||| prep_pass ||| rb_src = 58, rb_dest = 10
2026-06-12 01:18:21.085 - [DEBUG] ||| prep_pass ||| Next permutation = [None, None, None, None, None, None, 11, 62, 13, 15, 16, 61, 18, 20, 23, 60, 25, 27, 28, 59, 30, 32, 35, 58, 57, 56, 55, 54, 53, 52, 51, 50, 49, 48, 47, 46, 45, 44, 43, 42, 41, 40, 39, 38, 37, 36, 34, 33, 31, 29, 26, 24, 22, 21, 19, 17, 14, 12, None, None, None, None, None, None]
2026-06-12 01:18:21.086 - [DEBUG] ||| prep_pass ||| rb_src = 7, rb_dest = 62
2026-06-12 01:18:21.086 - [DEBUG] ||| prep_pass ||| Next permutation = [None, None, None, None, None, None, None, None, 13, 15, 16, 61, 18, 20, 23, 60, 25, 27, 28, 59, 30, 32, 35, 58, 57, 56, 55, 54, 53, 52, 51, 50, 49, 48, 47, 46, 45, 44, 43, 42, 41, 40, 39, 38, 37, 36, 34, 33, 31, 29, 26, 24, 22, 21, 19, 17, 14, 12, None, None, None, None, None, None]
2026-06-12 01:18:21.087 - [DEBUG] ||| prep_pass ||| Chain complete
2026-06-12 01:18:21.087 - [DEBUG] ||| run ||| pending_perm = [None, None, None, None, None, None, None, None, 13, 15, 16, 61, 18, 20, 23, 60, 25, 27, 28, 59, 30, 32, 35, 58, 57, 56, 55, 54, 53, 52, 51, 50, 49, 48, 47, 46, 45, 44, 43, 42, 41, 40, 39, 38, 37, 36, 34, 33, 31, 29, 26, 24, 22, 21, 19, 17, 14, 12, None, None, None, None, None, None] | src = 8, dest = 13
2026-06-12 01:18:21.087 - [DEBUG] ||| prep_pass ||| Next permutation = [None, None, None, None, None, None, None, None, None, None, 16, 61, 18, 20, 23, 60, 25, 27, 28, 59, 30, 32, 35, 58, 57, 56, 55, 54, 53, 52, 51, 50, 49, 48, 47, 46, 45, 44, 43, 42, 41, 40, 39, 38, 37, 36, 34, 33, 31, 29, 26, 24, 22, 21, 19, 17, 14, 12, None, None, None, None, None, None]
2026-06-12 01:18:21.088 - [DEBUG] ||| prep_pass ||| rb_src = 56, rb_dest = 14
2026-06-12 01:18:21.088 - [DEBUG] ||| prep_pass ||| Next permutation = [None, None, None, None, None, None, None, None, None, None, 16, 61, 18, 20, 23, 60, 25, 27, 28, 59, 30, 32, 35, 58, 57, 56, 55, 54, 53, 52, 51, 50, 49, 48, 47, 46, 45, 44, 43, 42, 41, 40, 39, 38, 37, 36, 34, 33, 31, 29, 26, 24, 22, 21, 19, 17, None, None, None, None, None, None, None, None]
2026-06-12 01:18:21.089 - [DEBUG] ||| prep_pass ||| Chain complete
2026-06-12 01:18:21.089 - [DEBUG] ||| run ||| pending_perm = [None, None, None, None, None, None, None, None, None, None, 16, 61, 18, 20, 23, 60, 25, 27, 28, 59, 30, 32, 35, 58, 57, 56, 55, 54, 53, 52, 51, 50, 49, 48, 47, 46, 45, 44, 43, 42, 41, 40, 39, 38, 37, 36, 34, 33, 31, 29, 26, 24, 22, 21, 19, 17, None, None, None, None, None, None, None, None] | src = 10, dest = 16
2026-06-12 01:18:21.089 - [DEBUG] ||| prep_pass ||| Next permutation = [None, None, None, None, None, None, None, None, None, None, None, None, 18, 20, 23, 60, 25, 27, 28, 59, 30, 32, 35, 58, 57, 56, 55, 54, 53, 52, 51, 50, 49, 48, 47, 46, 45, 44, 43, 42, 41, 40, 39, 38, 37, 36, 34, 33, 31, 29, 26, 24, 22, 21, 19, 17, None, None, None, None, None, None, None, None]
2026-06-12 01:18:21.090 - [DEBUG] ||| prep_pass ||| rb_src = 54, rb_dest = 19
2026-06-12 01:18:21.091 - [DEBUG] ||| prep_pass ||| Next permutation = [None, None, None, None, None, None, None, None, None, None, None, None, 18, 20, 23, 60, 25, 27, 28, 59, 30, 32, 35, 58, 57, 56, 55, 54, 53, 52, 51, 50, 49, 48, 47, 46, 45, 44, 43, 42, 41, 40, 39, 38, 37, 36, 34, 33, 31, 29, 26, 24, 22, 21, None, None, None, None, None, None, None, None, None, None]
2026-06-12 01:18:21.091 - [DEBUG] ||| prep_pass ||| rb_src = 13, rb_dest = 20
2026-06-12 01:18:21.092 - [DEBUG] ||| prep_pass ||| Next permutation = [None, None, None, None, None, None, None, None, None, None, None, None, None, None, 23, 60, 25, 27, 28, 59, 30, 32, 35, 58, 57, 56, 55, 54, 53, 52, 51, 50, 49, 48, 47, 46, 45, 44, 43, 42, 41, 40, 39, 38, 37, 36, 34, 33, 31, 29, 26, 24, 22, 21, None, None, None, None, None, None, None, None, None, None]
2026-06-12 01:18:21.093 - [DEBUG] ||| prep_pass ||| rb_src = 52, rb_dest = 22
2026-06-12 01:18:21.093 - [DEBUG] ||| prep_pass ||| Next permutation = [None, None, None, None, None, None, None, None, None, None, None, None, None, None, 23, 60, 25, 27, 28, 59, 30, 32, 35, 58, 57, 56, 55, 54, 53, 52, 51, 50, 49, 48, 47, 46, 45, 44, 43, 42, 41, 40, 39, 38, 37, 36, 34, 33, 31, 29, 26, 24, None, None, None, None, None, None, None, None, None, None, None, None]
2026-06-12 01:18:21.094 - [DEBUG] ||| prep_pass ||| rb_src = 15, rb_dest = 60
2026-06-12 01:18:21.095 - [DEBUG] ||| prep_pass ||| Next permutation = [None, None, None, None, None, None, None, None, None, None, None, None, None, None, None, None, 25, 27, 28, 59, 30, 32, 35, 58, 57, 56, 55, 54, 53, 52, 51, 50, 49, 48, 47, 46, 45, 44, 43, 42, 41, 40, 39, 38, 37, 36, 34, 33, 31, 29, 26, 24, None, None, None, None, None, None, None, None, None, None, None, None]
2026-06-12 01:18:21.095 - [DEBUG] ||| prep_pass ||| Chain complete
2026-06-12 01:18:21.096 - [DEBUG] ||| run ||| pending_perm = [None, None, None, None, None, None, None, None, None, None, None, None, None, None, None, None, 25, 27, 28, 59, 30, 32, 35, 58, 57, 56, 55, 54, 53, 52, 51, 50, 49, 48, 47, 46, 45, 44, 43, 42, 41, 40, 39, 38, 37, 36, 34, 33, 31, 29, 26, 24, None, None, None, None, None, None, None, None, None, None, None, None] | src = 16, dest = 25
2026-06-12 01:18:21.096 - [DEBUG] ||| prep_pass ||| Next permutation = [None, None, None, None, None, None, None, None, None, None, None, None, None, None, None, None, None, None, 28, 59, 30, 32, 35, 58, 57, 56, 55, 54, 53, 52, 51, 50, 49, 48, 47, 46, 45, 44, 43, 42, 41, 40, 39, 38, 37, 36, 34, 33, 31, 29, 26, 24, None, None, None, None, None, None, None, None, None, None, None, None]
2026-06-12 01:18:21.097 - [DEBUG] ||| prep_pass ||| rb_src = 50, rb_dest = 26
2026-06-12 01:18:21.098 - [DEBUG] ||| prep_pass ||| Next permutation = [None, None, None, None, None, None, None, None, None, None, None, None, None, None, None, None, None, None, 28, 59, 30, 32, 35, 58, 57, 56, 55, 54, 53, 52, 51, 50, 49, 48, 47, 46, 45, 44, 43, 42, 41, 40, 39, 38, 37, 36, 34, 33, 31, 29, None, None, None, None, None, None, None, None, None, None, None, None, None, None]
2026-06-12 01:18:21.098 - [DEBUG] ||| prep_pass ||| Chain complete
2026-06-12 01:18:21.098 - [DEBUG] ||| run ||| pending_perm = [None, None, None, None, None, None, None, None, None, None, None, None, None, None, None, None, None, None, 28, 59, 30, 32, 35, 58, 57, 56, 55, 54, 53, 52, 51, 50, 49, 48, 47, 46, 45, 44, 43, 42, 41, 40, 39, 38, 37, 36, 34, 33, 31, 29, None, None, None, None, None, None, None, None, None, None, None, None, None, None] | src = 18, dest = 28
2026-06-12 01:18:21.099 - [DEBUG] ||| prep_pass ||| Next permutation = [None, None, None, None, None, None, None, None, None, None, None, None, None, None, None, None, None, None, None, None, 30, 32, 35, 58, 57, 56, 55, 54, 53, 52, 51, 50, 49, 48, 47, 46, 45, 44, 43, 42, 41, 40, 39, 38, 37, 36, 34, 33, 31, 29, None, None, None, None, None, None, None, None, None, None, None, None, None, None]
2026-06-12 01:18:21.099 - [DEBUG] ||| prep_pass ||| rb_src = 48, rb_dest = 31
2026-06-12 01:18:21.100 - [DEBUG] ||| prep_pass ||| Next permutation = [None, None, None, None, None, None, None, None, None, None, None, None, None, None, None, None, None, None, None, None, 30, 32, 35, 58, 57, 56, 55, 54, 53, 52, 51, 50, 49, 48, 47, 46, 45, 44, 43, 42, 41, 40, 39, 38, 37, 36, 34, 33, None, None, None, None, None, None, None, None, None, None, None, None, None, None, None, None]
2026-06-12 01:18:21.100 - [DEBUG] ||| prep_pass ||| rb_src = 21, rb_dest = 32
2026-06-12 01:18:21.100 - [DEBUG] ||| prep_pass ||| Next permutation = [None, None, None, None, None, None, None, None, None, None, None, None, None, None, None, None, None, None, None, None, None, None, 35, 58, 57, 56, 55, 54, 53, 52, 51, 50, 49, 48, 47, 46, 45, 44, 43, 42, 41, 40, 39, 38, 37, 36, 34, 33, None, None, None, None, None, None, None, None, None, None, None, None, None, None, None, None]
2026-06-12 01:18:21.101 - [DEBUG] ||| prep_pass ||| rb_src = 46, rb_dest = 34
2026-06-12 01:18:21.101 - [DEBUG] ||| prep_pass ||| Next permutation = [None, None, None, None, None, None, None, None, None, None, None, None, None, None, None, None, None, None, None, None, None, None, 35, 58, 57, 56, 55, 54, 53, 52, 51, 50, 49, 48, 47, 46, 45, 44, 43, 42, 41, 40, 39, 38, 37, 36, None, None, None, None, None, None, None, None, None, None, None, None, None, None, None, None, None, None]
2026-06-12 01:18:21.102 - [DEBUG] ||| prep_pass ||| rb_src = 23, rb_dest = 58
2026-06-12 01:18:21.102 - [DEBUG] ||| prep_pass ||| Next permutation = [None, None, None, None, None, None, None, None, None, None, None, None, None, None, None, None, None, None, None, None, None, None, None, None, 57, 56, 55, 54, 53, 52, 51, 50, 49, 48, 47, 46, 45, 44, 43, 42, 41, 40, 39, 38, 37, 36, None, None, None, None, None, None, None, None, None, None, None, None, None, None, None, None, None, None]
2026-06-12 01:18:21.103 - [DEBUG] ||| prep_pass ||| Chain complete
2026-06-12 01:18:21.104 - [DEBUG] ||| run ||| pending_perm = [None, None, None, None, None, None, None, None, None, None, None, None, None, None, None, None, None, None, None, None, None, None, None, None, 57, 56, 55, 54, 53, 52, 51, 50, 49, 48, 47, 46, 45, 44, 43, 42, 41, 40, 39, 38, 37, 36, None, None, None, None, None, None, None, None, None, None, None, None, None, None, None, None, None, None] | src = 24, dest = 57
2026-06-12 01:18:21.104 - [DEBUG] ||| prep_pass ||| Next permutation = [None, None, None, None, None, None, None, None, None, None, None, None, None, None, None, None, None, None, None, None, None, None, None, None, None, None, 55, 54, 53, 52, 51, 50, 49, 48, 47, 46, 45, 44, 43, 42, 41, 40, 39, 38, 37, 36, None, None, None, None, None, None, None, None, None, None, None, None, None, None, None, None, None, None]
2026-06-12 01:18:21.105 - [DEBUG] ||| prep_pass ||| Chain complete
2026-06-12 01:18:21.105 - [DEBUG] ||| run ||| pending_perm = [None, None, None, None, None, None, None, None, None, None, None, None, None, None, None, None, None, None, None, None, None, None, None, None, None, None, 55, 54, 53, 52, 51, 50, 49, 48, 47, 46, 45, 44, 43, 42, 41, 40, 39, 38, 37, 36, None, None, None, None, None, None, None, None, None, None, None, None, None, None, None, None, None, None] | src = 26, dest = 55
2026-06-12 01:18:21.105 - [DEBUG] ||| prep_pass ||| Next permutation = [None, None, None, None, None, None, None, None, None, None, None, None, None, None, None, None, None, None, None, None, None, None, None, None, None, None, None, None, 53, 52, 51, 50, 49, 48, 47, 46, 45, 44, 43, 42, 41, 40, 39, 38, 37, 36, None, None, None, None, None, None, None, None, None, None, None, None, None, None, None, None, None, None]
2026-06-12 01:18:21.106 - [DEBUG] ||| prep_pass ||| Chain complete
2026-06-12 01:18:21.106 - [DEBUG] ||| run ||| pending_perm = [None, None, None, None, None, None, None, None, None, None, None, None, None, None, None, None, None, None, None, None, None, None, None, None, None, None, None, None, 53, 52, 51, 50, 49, 48, 47, 46, 45, 44, 43, 42, 41, 40, 39, 38, 37, 36, None, None, None, None, None, None, None, None, None, None, None, None, None, None, None, None, None, None] | src = 28, dest = 53
2026-06-12 01:18:21.107 - [DEBUG] ||| prep_pass ||| Next permutation = [None, None, None, None, None, None, None, None, None, None, None, None, None, None, None, None, None, None, None, None, None, None, None, None, None, None, None, None, None, None, 51, 50, 49, 48, 47, 46, 45, 44, 43, 42, 41, 40, 39, 38, 37, 36, None, None, None, None, None, None, None, None, None, None, None, None, None, None, None, None, None, None]
2026-06-12 01:18:21.107 - [DEBUG] ||| prep_pass ||| Chain complete
2026-06-12 01:18:21.108 - [DEBUG] ||| run ||| pending_perm = [None, None, None, None, None, None, None, None, None, None, None, None, None, None, None, None, None, None, None, None, None, None, None, None, None, None, None, None, None, None, 51, 50, 49, 48, 47, 46, 45, 44, 43, 42, 41, 40, 39, 38, 37, 36, None, None, None, None, None, None, None, None, None, None, None, None, None, None, None, None, None, None] | src = 30, dest = 51
2026-06-12 01:18:21.108 - [DEBUG] ||| prep_pass ||| Next permutation = [None, None, None, None, None, None, None, None, None, None, None, None, None, None, None, None, None, None, None, None, None, None, None, None, None, None, None, None, None, None, None, None, 49, 48, 47, 46, 45, 44, 43, 42, 41, 40, 39, 38, 37, 36, None, None, None, None, None, None, None, None, None, None, None, None, None, None, None, None, None, None]
2026-06-12 01:18:21.109 - [DEBUG] ||| prep_pass ||| Chain complete
2026-06-12 01:18:21.109 - [DEBUG] ||| run ||| pending_perm = [None, None, None, None, None, None, None, None, None, None, None, None, None, None, None, None, None, None, None, None, None, None, None, None, None, None, None, None, None, None, None, None, 49, 48, 47, 46, 45, 44, 43, 42, 41, 40, 39, 38, 37, 36, None, None, None, None, None, None, None, None, None, None, None, None, None, None, None, None, None, None] | src = 32, dest = 49
2026-06-12 01:18:21.110 - [DEBUG] ||| prep_pass ||| Next permutation = [None, None, None, None, None, None, None, None, None, None, None, None, None, None, None, None, None, None, None, None, None, None, None, None, None, None, None, None, None, None, None, None, None, None, 47, 46, 45, 44, 43, 42, 41, 40, 39, 38, 37, 36, None, None, None, None, None, None, None, None, None, None, None, None, None, None, None, None, None, None]
2026-06-12 01:18:21.110 - [DEBUG] ||| prep_pass ||| Chain complete
2026-06-12 01:18:21.111 - [DEBUG] ||| run ||| pending_perm = [None, None, None, None, None, None, None, None, None, None, None, None, None, None, None, None, None, None, None, None, None, None, None, None, None, None, None, None, None, None, None, None, None, None, 47, 46, 45, 44, 43, 42, 41, 40, 39, 38, 37, 36, None, None, None, None, None, None, None, None, None, None, None, None, None, None, None, None, None, None] | src = 34, dest = 47
2026-06-12 01:18:21.111 - [DEBUG] ||| prep_pass ||| Next permutation = [None, None, None, None, None, None, None, None, None, None, None, None, None, None, None, None, None, None, None, None, None, None, None, None, None, None, None, None, None, None, None, None, None, None, None, None, 45, 44, 43, 42, 41, 40, 39, 38, 37, 36, None, None, None, None, None, None, None, None, None, None, None, None, None, None, None, None, None, None]
2026-06-12 01:18:21.111 - [DEBUG] ||| prep_pass ||| Chain complete
2026-06-12 01:18:21.112 - [DEBUG] ||| run ||| pending_perm = [None, None, None, None, None, None, None, None, None, None, None, None, None, None, None, None, None, None, None, None, None, None, None, None, None, None, None, None, None, None, None, None, None, None, None, None, 45, 44, 43, 42, 41, 40, 39, 38, 37, 36, None, None, None, None, None, None, None, None, None, None, None, None, None, None, None, None, None, None] | src = 36, dest = 45
2026-06-12 01:18:21.112 - [DEBUG] ||| prep_pass ||| Next permutation = [None, None, None, None, None, None, None, None, None, None, None, None, None, None, None, None, None, None, None, None, None, None, None, None, None, None, None, None, None, None, None, None, None, None, None, None, None, None, 43, 42, 41, 40, 39, 38, 37, 36, None, None, None, None, None, None, None, None, None, None, None, None, None, None, None, None, None, None]
2026-06-12 01:18:21.113 - [DEBUG] ||| prep_pass ||| Chain complete
2026-06-12 01:18:21.113 - [DEBUG] ||| run ||| pending_perm = [None, None, None, None, None, None, None, None, None, None, None, None, None, None, None, None, None, None, None, None, None, None, None, None, None, None, None, None, None, None, None, None, None, None, None, None, None, None, 43, 42, 41, 40, 39, 38, 37, 36, None, None, None, None, None, None, None, None, None, None, None, None, None, None, None, None, None, None] | src = 38, dest = 43
2026-06-12 01:18:21.114 - [DEBUG] ||| prep_pass ||| Next permutation = [None, None, None, None, None, None, None, None, None, None, None, None, None, None, None, None, None, None, None, None, None, None, None, None, None, None, None, None, None, None, None, None, None, None, None, None, None, None, None, None, 41, 40, 39, 38, 37, 36, None, None, None, None, None, None, None, None, None, None, None, None, None, None, None, None, None, None]
2026-06-12 01:18:21.114 - [DEBUG] ||| prep_pass ||| Chain complete
2026-06-12 01:18:21.115 - [DEBUG] ||| run ||| pending_perm = [None, None, None, None, None, None, None, None, None, None, None, None, None, None, None, None, None, None, None, None, None, None, None, None, None, None, None, None, None, None, None, None, None, None, None, None, None, None, None, None, 41, 40, 39, 38, 37, 36, None, None, None, None, None, None, None, None, None, None, None, None, None, None, None, None, None, None] | src = 40, dest = 41
2026-06-12 01:18:21.115 - [DEBUG] ||| prep_pass ||| Next permutation = [None, None, None, None, None, None, None, None, None, None, None, None, None, None, None, None, None, None, None, None, None, None, None, None, None, None, None, None, None, None, None, None, None, None, None, None, None, None, None, None, None, None, 39, 38, 37, 36, None, None, None, None, None, None, None, None, None, None, None, None, None, None, None, None, None, None]
2026-06-12 01:18:21.115 - [DEBUG] ||| prep_pass ||| Chain complete
2026-06-12 01:18:21.116 - [DEBUG] ||| run ||| pending_perm = [None, None, None, None, None, None, None, None, None, None, None, None, None, None, None, None, None, None, None, None, None, None, None, None, None, None, None, None, None, None, None, None, None, None, None, None, None, None, None, None, None, None, 39, 38, 37, 36, None, None, None, None, None, None, None, None, None, None, None, None, None, None, None, None, None, None] | src = 42, dest = 39
2026-06-12 01:18:21.116 - [DEBUG] ||| prep_pass ||| Next permutation = [None, None, None, None, None, None, None, None, None, None, None, None, None, None, None, None, None, None, None, None, None, None, None, None, None, None, None, None, None, None, None, None, None, None, None, None, None, None, None, None, None, None, None, None, 37, 36, None, None, None, None, None, None, None, None, None, None, None, None, None, None, None, None, None, None]
2026-06-12 01:18:21.117 - [DEBUG] ||| prep_pass ||| Chain complete
2026-06-12 01:18:21.117 - [DEBUG] ||| run ||| pending_perm = [None, None, None, None, None, None, None, None, None, None, None, None, None, None, None, None, None, None, None, None, None, None, None, None, None, None, None, None, None, None, None, None, None, None, None, None, None, None, None, None, None, None, None, None, 37, 36, None, None, None, None, None, None, None, None, None, None, None, None, None, None, None, None, None, None] | src = 44, dest = 37
2026-06-12 01:18:21.118 - [DEBUG] ||| prep_pass ||| Next permutation = [None, None, None, None, None, None, None, None, None, None, None, None, None, None, None, None, None, None, None, None, None, None, None, None, None, None, None, None, None, None, None, None, None, None, None, None, None, None, None, None, None, None, None, None, None, None, None, None, None, None, None, None, None, None, None, None, None, None, None, None, None, None, None, None]
2026-06-12 01:18:21.118 - [DEBUG] ||| prep_pass ||| Chain complete
2026-06-12 01:18:21.118 - [DEBUG] ||| propogate ||| stage = 0, input perm = [1, 3, 4, 63, 6, 8, 11, 62, 13, 15, 16, 61, 18, 20, 23, 60, 25, 27, 28, 59, 30, 32, 35, 58, 57, 56, 55, 54, 53, 52, 51, 50, 49, 48, 47, 46, 45, 44, 43, 42, 41, 40, 39, 38, 37, 36, 34, 33, 31, 29, 26, 24, 22, 21, 19, 17, 14, 12, 10, 9, 7, 5, 2, 0]
2026-06-12 01:18:21.119 - [DEBUG] ||| run ||| Stage[0] | Output permutation = [1, 4, 8, 62, 13, 16, 20, 60, 25, 28, 32, 58, 57, 55, 53, 51, 49, 47, 45, 43, 41, 39, 37, 34, 31, 26, 22, 19, 14, 10, 7, 2, 3, 63, 6, 11, 15, 61, 18, 23, 27, 59, 30, 35, 56, 54, 52, 50, 48, 46, 44, 42, 40, 38, 36, 33, 29, 24, 21, 17, 12, 9, 5, 0]
2026-06-12 01:18:21.119 - [DEBUG] ||| run ||| Stage[1] || perm_split = 2, split_len = 32, sw_split = 16, sub_perms = [[1, 4, 8, 62, 13, 16, 20, 60, 25, 28, 32, 58, 57, 55, 53, 51, 49, 47, 45, 43, 41, 39, 37, 34, 31, 26, 22, 19, 14, 10, 7, 2], [3, 63, 6, 11, 15, 61, 18, 23, 27, 59, 30, 35, 56, 54, 52, 50, 48, 46, 44, 42, 40, 38, 36, 33, 29, 24, 21, 17, 12, 9, 5, 0]]
2026-06-12 01:18:21.120 - [DEBUG] ||| normalize_perm ||| Permutation post normalization = [0, 2, 4, 31, 6, 8, 10, 30, 12, 14, 16, 29, 28, 27, 26, 25, 24, 23, 22, 21, 20, 19, 18, 17, 15, 13, 11, 9, 7, 5, 3, 1]
2026-06-12 01:18:21.120 - [DEBUG] ||| run ||| pending_perm = [0, 2, 4, 31, 6, 8, 10, 30, 12, 14, 16, 29, 28, 27, 26, 25, 24, 23, 22, 21, 20, 19, 18, 17, 15, 13, 11, 9, 7, 5, 3, 1] | src = 0, dest = 0
2026-06-12 01:18:21.120 - [DEBUG] ||| prep_pass ||| Next permutation = [None, None, 4, 31, 6, 8, 10, 30, 12, 14, 16, 29, 28, 27, 26, 25, 24, 23, 22, 21, 20, 19, 18, 17, 15, 13, 11, 9, 7, 5, 3, 1]
2026-06-12 01:18:21.121 - [DEBUG] ||| prep_pass ||| rb_src = 30, rb_dest = 3
2026-06-12 01:18:21.121 - [DEBUG] ||| prep_pass ||| Next permutation = [None, None, 4, 31, 6, 8, 10, 30, 12, 14, 16, 29, 28, 27, 26, 25, 24, 23, 22, 21, 20, 19, 18, 17, 15, 13, 11, 9, 7, 5, None, None]
2026-06-12 01:18:21.121 - [DEBUG] ||| prep_pass ||| Chain complete
2026-06-12 01:18:21.122 - [DEBUG] ||| run ||| pending_perm = [None, None, 4, 31, 6, 8, 10, 30, 12, 14, 16, 29, 28, 27, 26, 25, 24, 23, 22, 21, 20, 19, 18, 17, 15, 13, 11, 9, 7, 5, None, None] | src = 2, dest = 4
2026-06-12 01:18:21.122 - [DEBUG] ||| prep_pass ||| Next permutation = [None, None, None, None, 6, 8, 10, 30, 12, 14, 16, 29, 28, 27, 26, 25, 24, 23, 22, 21, 20, 19, 18, 17, 15, 13, 11, 9, 7, 5, None, None]
2026-06-12 01:18:21.123 - [DEBUG] ||| prep_pass ||| rb_src = 28, rb_dest = 7
2026-06-12 01:18:21.123 - [DEBUG] ||| prep_pass ||| Next permutation = [None, None, None, None, 6, 8, 10, 30, 12, 14, 16, 29, 28, 27, 26, 25, 24, 23, 22, 21, 20, 19, 18, 17, 15, 13, 11, 9, None, None, None, None]
2026-06-12 01:18:21.123 - [DEBUG] ||| prep_pass ||| rb_src = 5, rb_dest = 8
2026-06-12 01:18:21.124 - [DEBUG] ||| prep_pass ||| Next permutation = [None, None, None, None, None, None, 10, 30, 12, 14, 16, 29, 28, 27, 26, 25, 24, 23, 22, 21, 20, 19, 18, 17, 15, 13, 11, 9, None, None, None, None]
2026-06-12 01:18:21.124 - [DEBUG] ||| prep_pass ||| rb_src = 26, rb_dest = 11
2026-06-12 01:18:21.125 - [DEBUG] ||| prep_pass ||| Next permutation = [None, None, None, None, None, None, 10, 30, 12, 14, 16, 29, 28, 27, 26, 25, 24, 23, 22, 21, 20, 19, 18, 17, 15, 13, None, None, None, None, None, None]
2026-06-12 01:18:21.125 - [DEBUG] ||| prep_pass ||| rb_src = 7, rb_dest = 30
2026-06-12 01:18:21.126 - [DEBUG] ||| prep_pass ||| Next permutation = [None, None, None, None, None, None, None, None, 12, 14, 16, 29, 28, 27, 26, 25, 24, 23, 22, 21, 20, 19, 18, 17, 15, 13, None, None, None, None, None, None]
2026-06-12 01:18:21.126 - [DEBUG] ||| prep_pass ||| Chain complete
2026-06-12 01:18:21.127 - [DEBUG] ||| run ||| pending_perm = [None, None, None, None, None, None, None, None, 12, 14, 16, 29, 28, 27, 26, 25, 24, 23, 22, 21, 20, 19, 18, 17, 15, 13, None, None, None, None, None, None] | src = 8, dest = 12
2026-06-12 01:18:21.127 - [DEBUG] ||| prep_pass ||| Next permutation = [None, None, None, None, None, None, None, None, None, None, 16, 29, 28, 27, 26, 25, 24, 23, 22, 21, 20, 19, 18, 17, 15, 13, None, None, None, None, None, None]
2026-06-12 01:18:21.128 - [DEBUG] ||| prep_pass ||| rb_src = 24, rb_dest = 15
2026-06-12 01:18:21.129 - [DEBUG] ||| prep_pass ||| Next permutation = [None, None, None, None, None, None, None, None, None, None, 16, 29, 28, 27, 26, 25, 24, 23, 22, 21, 20, 19, 18, 17, None, None, None, None, None, None, None, None]
2026-06-12 01:18:21.129 - [DEBUG] ||| prep_pass ||| Chain complete
2026-06-12 01:18:21.130 - [DEBUG] ||| run ||| pending_perm = [None, None, None, None, None, None, None, None, None, None, 16, 29, 28, 27, 26, 25, 24, 23, 22, 21, 20, 19, 18, 17, None, None, None, None, None, None, None, None] | src = 10, dest = 16
2026-06-12 01:18:21.130 - [DEBUG] ||| prep_pass ||| Next permutation = [None, None, None, None, None, None, None, None, None, None, None, None, 28, 27, 26, 25, 24, 23, 22, 21, 20, 19, 18, 17, None, None, None, None, None, None, None, None]
2026-06-12 01:18:21.131 - [DEBUG] ||| prep_pass ||| rb_src = 22, rb_dest = 18
2026-06-12 01:18:21.132 - [DEBUG] ||| prep_pass ||| Next permutation = [None, None, None, None, None, None, None, None, None, None, None, None, 28, 27, 26, 25, 24, 23, 22, 21, 20, 19, None, None, None, None, None, None, None, None, None, None]
2026-06-12 01:18:21.132 - [DEBUG] ||| prep_pass ||| rb_src = 20, rb_dest = 20
2026-06-12 01:18:21.133 - [DEBUG] ||| prep_pass ||| Next permutation = [None, None, None, None, None, None, None, None, None, None, None, None, 28, 27, 26, 25, 24, 23, 22, 21, None, None, None, None, None, None, None, None, None, None, None, None]
2026-06-12 01:18:21.134 - [DEBUG] ||| prep_pass ||| rb_src = 18, rb_dest = 22
2026-06-12 01:18:21.134 - [DEBUG] ||| prep_pass ||| Next permutation = [None, None, None, None, None, None, None, None, None, None, None, None, 28, 27, 26, 25, 24, 23, None, None, None, None, None, None, None, None, None, None, None, None, None, None]
2026-06-12 01:18:21.135 - [DEBUG] ||| prep_pass ||| rb_src = 16, rb_dest = 24
2026-06-12 01:18:21.136 - [DEBUG] ||| prep_pass ||| Next permutation = [None, None, None, None, None, None, None, None, None, None, None, None, 28, 27, 26, 25, None, None, None, None, None, None, None, None, None, None, None, None, None, None, None, None]
2026-06-12 01:18:21.136 - [DEBUG] ||| prep_pass ||| rb_src = 14, rb_dest = 26
2026-06-12 01:18:21.137 - [DEBUG] ||| prep_pass ||| Next permutation = [None, None, None, None, None, None, None, None, None, None, None, None, 28, 27, None, None, None, None, None, None, None, None, None, None, None, None, None, None, None, None, None, None]
2026-06-12 01:18:21.138 - [DEBUG] ||| prep_pass ||| rb_src = 12, rb_dest = 28
2026-06-12 01:18:21.138 - [DEBUG] ||| prep_pass ||| Next permutation = [None, None, None, None, None, None, None, None, None, None, None, None, None, None, None, None, None, None, None, None, None, None, None, None, None, None, None, None, None, None, None, None]
2026-06-12 01:18:21.139 - [DEBUG] ||| prep_pass ||| Chain complete
2026-06-12 01:18:21.140 - [DEBUG] ||| normalize_perm ||| Permutation post normalization = [1, 31, 3, 5, 7, 30, 9, 11, 13, 29, 15, 17, 28, 27, 26, 25, 24, 23, 22, 21, 20, 19, 18, 16, 14, 12, 10, 8, 6, 4, 2, 0]
2026-06-12 01:18:21.141 - [DEBUG] ||| run ||| pending_perm = [1, 31, 3, 5, 7, 30, 9, 11, 13, 29, 15, 17, 28, 27, 26, 25, 24, 23, 22, 21, 20, 19, 18, 16, 14, 12, 10, 8, 6, 4, 2, 0] | src = 0, dest = 1
2026-06-12 01:18:21.141 - [DEBUG] ||| prep_pass ||| Next permutation = [None, None, 3, 5, 7, 30, 9, 11, 13, 29, 15, 17, 28, 27, 26, 25, 24, 23, 22, 21, 20, 19, 18, 16, 14, 12, 10, 8, 6, 4, 2, 0]
2026-06-12 01:18:21.142 - [DEBUG] ||| prep_pass ||| rb_src = 30, rb_dest = 2
2026-06-12 01:18:21.143 - [DEBUG] ||| prep_pass ||| Next permutation = [None, None, 3, 5, 7, 30, 9, 11, 13, 29, 15, 17, 28, 27, 26, 25, 24, 23, 22, 21, 20, 19, 18, 16, 14, 12, 10, 8, 6, 4, None, None]
2026-06-12 01:18:21.144 - [DEBUG] ||| prep_pass ||| rb_src = 3, rb_dest = 5
2026-06-12 01:18:21.144 - [DEBUG] ||| prep_pass ||| Next permutation = [None, None, None, None, 7, 30, 9, 11, 13, 29, 15, 17, 28, 27, 26, 25, 24, 23, 22, 21, 20, 19, 18, 16, 14, 12, 10, 8, 6, 4, None, None]
2026-06-12 01:18:21.145 - [DEBUG] ||| prep_pass ||| rb_src = 28, rb_dest = 6
2026-06-12 01:18:21.145 - [DEBUG] ||| prep_pass ||| Next permutation = [None, None, None, None, 7, 30, 9, 11, 13, 29, 15, 17, 28, 27, 26, 25, 24, 23, 22, 21, 20, 19, 18, 16, 14, 12, 10, 8, None, None, None, None]
2026-06-12 01:18:21.146 - [DEBUG] ||| prep_pass ||| rb_src = 5, rb_dest = 30
2026-06-12 01:18:21.146 - [DEBUG] ||| prep_pass ||| Next permutation = [None, None, None, None, None, None, 9, 11, 13, 29, 15, 17, 28, 27, 26, 25, 24, 23, 22, 21, 20, 19, 18, 16, 14, 12, 10, 8, None, None, None, None]
2026-06-12 01:18:21.147 - [DEBUG] ||| prep_pass ||| Chain complete
2026-06-12 01:18:21.147 - [DEBUG] ||| run ||| pending_perm = [None, None, None, None, None, None, 9, 11, 13, 29, 15, 17, 28, 27, 26, 25, 24, 23, 22, 21, 20, 19, 18, 16, 14, 12, 10, 8, None, None, None, None] | src = 6, dest = 9
2026-06-12 01:18:21.148 - [DEBUG] ||| prep_pass ||| Next permutation = [None, None, None, None, None, None, None, None, 13, 29, 15, 17, 28, 27, 26, 25, 24, 23, 22, 21, 20, 19, 18, 16, 14, 12, 10, 8, None, None, None, None]
2026-06-12 01:18:21.148 - [DEBUG] ||| prep_pass ||| rb_src = 26, rb_dest = 10
2026-06-12 01:18:21.149 - [DEBUG] ||| prep_pass ||| Next permutation = [None, None, None, None, None, None, None, None, 13, 29, 15, 17, 28, 27, 26, 25, 24, 23, 22, 21, 20, 19, 18, 16, 14, 12, None, None, None, None, None, None]
2026-06-12 01:18:21.150 - [DEBUG] ||| prep_pass ||| Chain complete
2026-06-12 01:18:21.150 - [DEBUG] ||| run ||| pending_perm = [None, None, None, None, None, None, None, None, 13, 29, 15, 17, 28, 27, 26, 25, 24, 23, 22, 21, 20, 19, 18, 16, 14, 12, None, None, None, None, None, None] | src = 8, dest = 13
2026-06-12 01:18:21.151 - [DEBUG] ||| prep_pass ||| Next permutation = [None, None, None, None, None, None, None, None, None, None, 15, 17, 28, 27, 26, 25, 24, 23, 22, 21, 20, 19, 18, 16, 14, 12, None, None, None, None, None, None]
2026-06-12 01:18:21.151 - [DEBUG] ||| prep_pass ||| rb_src = 24, rb_dest = 14
2026-06-12 01:18:21.152 - [DEBUG] ||| prep_pass ||| Next permutation = [None, None, None, None, None, None, None, None, None, None, 15, 17, 28, 27, 26, 25, 24, 23, 22, 21, 20, 19, 18, 16, None, None, None, None, None, None, None, None]
2026-06-12 01:18:21.152 - [DEBUG] ||| prep_pass ||| rb_src = 11, rb_dest = 17
2026-06-12 01:18:21.153 - [DEBUG] ||| prep_pass ||| Next permutation = [None, None, None, None, None, None, None, None, None, None, None, None, 28, 27, 26, 25, 24, 23, 22, 21, 20, 19, 18, 16, None, None, None, None, None, None, None, None]
2026-06-12 01:18:21.153 - [DEBUG] ||| prep_pass ||| rb_src = 22, rb_dest = 18
2026-06-12 01:18:21.154 - [DEBUG] ||| prep_pass ||| Next permutation = [None, None, None, None, None, None, None, None, None, None, None, None, 28, 27, 26, 25, 24, 23, 22, 21, 20, 19, None, None, None, None, None, None, None, None, None, None]
2026-06-12 01:18:21.155 - [DEBUG] ||| prep_pass ||| rb_src = 20, rb_dest = 20
2026-06-12 01:18:21.155 - [DEBUG] ||| prep_pass ||| Next permutation = [None, None, None, None, None, None, None, None, None, None, None, None, 28, 27, 26, 25, 24, 23, 22, 21, None, None, None, None, None, None, None, None, None, None, None, None]
2026-06-12 01:18:21.156 - [DEBUG] ||| prep_pass ||| rb_src = 18, rb_dest = 22
2026-06-12 01:18:21.156 - [DEBUG] ||| prep_pass ||| Next permutation = [None, None, None, None, None, None, None, None, None, None, None, None, 28, 27, 26, 25, 24, 23, None, None, None, None, None, None, None, None, None, None, None, None, None, None]
2026-06-12 01:18:21.157 - [DEBUG] ||| prep_pass ||| rb_src = 16, rb_dest = 24
2026-06-12 01:18:21.157 - [DEBUG] ||| prep_pass ||| Next permutation = [None, None, None, None, None, None, None, None, None, None, None, None, 28, 27, 26, 25, None, None, None, None, None, None, None, None, None, None, None, None, None, None, None, None]
2026-06-12 01:18:21.158 - [DEBUG] ||| prep_pass ||| rb_src = 14, rb_dest = 26
2026-06-12 01:18:21.159 - [DEBUG] ||| prep_pass ||| Next permutation = [None, None, None, None, None, None, None, None, None, None, None, None, 28, 27, None, None, None, None, None, None, None, None, None, None, None, None, None, None, None, None, None, None]
2026-06-12 01:18:21.159 - [DEBUG] ||| prep_pass ||| rb_src = 12, rb_dest = 28
2026-06-12 01:18:21.160 - [DEBUG] ||| prep_pass ||| Next permutation = [None, None, None, None, None, None, None, None, None, None, None, None, None, None, None, None, None, None, None, None, None, None, None, None, None, None, None, None, None, None, None, None]
2026-06-12 01:18:21.160 - [DEBUG] ||| prep_pass ||| Chain complete
2026-06-12 01:18:21.161 - [DEBUG] ||| propogate ||| stage = 1, input perm = [1, 4, 8, 62, 13, 16, 20, 60, 25, 28, 32, 58, 57, 55, 53, 51, 49, 47, 45, 43, 41, 39, 37, 34, 31, 26, 22, 19, 14, 10, 7, 2, 3, 63, 6, 11, 15, 61, 18, 23, 27, 59, 30, 35, 56, 54, 52, 50, 48, 46, 44, 42, 40, 38, 36, 33, 29, 24, 21, 17, 12, 9, 5, 0]
2026-06-12 01:18:21.161 - [DEBUG] ||| run ||| Stage[1] | Output permutation = [1, 8, 16, 60, 25, 32, 57, 53, 49, 45, 41, 37, 31, 22, 14, 7, 4, 62, 13, 20, 28, 58, 55, 51, 47, 43, 39, 34, 26, 19, 10, 2, 3, 11, 61, 18, 27, 35, 56, 52, 48, 44, 40, 36, 29, 21, 12, 5, 63, 6, 15, 23, 59, 30, 54, 50, 46, 42, 38, 33, 24, 17, 9, 0]
2026-06-12 01:18:21.162 - [DEBUG] ||| run ||| Stage[2] || perm_split = 4, split_len = 16, sw_split = 8, sub_perms = [[1, 8, 16, 60, 25, 32, 57, 53, 49, 45, 41, 37, 31, 22, 14, 7], [4, 62, 13, 20, 28, 58, 55, 51, 47, 43, 39, 34, 26, 19, 10, 2], [3, 11, 61, 18, 27, 35, 56, 52, 48, 44, 40, 36, 29, 21, 12, 5], [63, 6, 15, 23, 59, 30, 54, 50, 46, 42, 38, 33, 24, 17, 9, 0]]
2026-06-12 01:18:21.162 - [DEBUG] ||| normalize_perm ||| Permutation post normalization = [0, 2, 4, 15, 6, 8, 14, 13, 12, 11, 10, 9, 7, 5, 3, 1]
2026-06-12 01:18:21.163 - [DEBUG] ||| run ||| pending_perm = [0, 2, 4, 15, 6, 8, 14, 13, 12, 11, 10, 9, 7, 5, 3, 1] | src = 0, dest = 0
2026-06-12 01:18:21.164 - [DEBUG] ||| prep_pass ||| Next permutation = [None, None, 4, 15, 6, 8, 14, 13, 12, 11, 10, 9, 7, 5, 3, 1]
2026-06-12 01:18:21.164 - [DEBUG] ||| prep_pass ||| rb_src = 14, rb_dest = 3
2026-06-12 01:18:21.165 - [DEBUG] ||| prep_pass ||| Next permutation = [None, None, 4, 15, 6, 8, 14, 13, 12, 11, 10, 9, 7, 5, None, None]
2026-06-12 01:18:21.165 - [DEBUG] ||| prep_pass ||| Chain complete
2026-06-12 01:18:21.165 - [DEBUG] ||| run ||| pending_perm = [None, None, 4, 15, 6, 8, 14, 13, 12, 11, 10, 9, 7, 5, None, None] | src = 2, dest = 4
2026-06-12 01:18:21.166 - [DEBUG] ||| prep_pass ||| Next permutation = [None, None, None, None, 6, 8, 14, 13, 12, 11, 10, 9, 7, 5, None, None]
2026-06-12 01:18:21.166 - [DEBUG] ||| prep_pass ||| rb_src = 12, rb_dest = 7
2026-06-12 01:18:21.167 - [DEBUG] ||| prep_pass ||| Next permutation = [None, None, None, None, 6, 8, 14, 13, 12, 11, 10, 9, None, None, None, None]
2026-06-12 01:18:21.167 - [DEBUG] ||| prep_pass ||| rb_src = 5, rb_dest = 8
2026-06-12 01:18:21.168 - [DEBUG] ||| prep_pass ||| Next permutation = [None, None, None, None, None, None, 14, 13, 12, 11, 10, 9, None, None, None, None]
2026-06-12 01:18:21.169 - [DEBUG] ||| prep_pass ||| rb_src = 10, rb_dest = 10
2026-06-12 01:18:21.169 - [DEBUG] ||| prep_pass ||| Next permutation = [None, None, None, None, None, None, 14, 13, 12, 11, None, None, None, None, None, None]
2026-06-12 01:18:21.170 - [DEBUG] ||| prep_pass ||| rb_src = 8, rb_dest = 12
2026-06-12 01:18:21.170 - [DEBUG] ||| prep_pass ||| Next permutation = [None, None, None, None, None, None, 14, 13, None, None, None, None, None, None, None, None]
2026-06-12 01:18:21.171 - [DEBUG] ||| prep_pass ||| rb_src = 6, rb_dest = 14
2026-06-12 01:18:21.171 - [DEBUG] ||| prep_pass ||| Next permutation = [None, None, None, None, None, None, None, None, None, None, None, None, None, None, None, None]
2026-06-12 01:18:21.172 - [DEBUG] ||| prep_pass ||| Chain complete
2026-06-12 01:18:21.172 - [DEBUG] ||| normalize_perm ||| Permutation post normalization = [1, 15, 3, 5, 7, 14, 13, 12, 11, 10, 9, 8, 6, 4, 2, 0]
2026-06-12 01:18:21.173 - [DEBUG] ||| run ||| pending_perm = [1, 15, 3, 5, 7, 14, 13, 12, 11, 10, 9, 8, 6, 4, 2, 0] | src = 0, dest = 1
2026-06-12 01:18:21.173 - [DEBUG] ||| prep_pass ||| Next permutation = [None, None, 3, 5, 7, 14, 13, 12, 11, 10, 9, 8, 6, 4, 2, 0]
2026-06-12 01:18:21.173 - [DEBUG] ||| prep_pass ||| rb_src = 14, rb_dest = 2
2026-06-12 01:18:21.174 - [DEBUG] ||| prep_pass ||| Next permutation = [None, None, 3, 5, 7, 14, 13, 12, 11, 10, 9, 8, 6, 4, None, None]
2026-06-12 01:18:21.174 - [DEBUG] ||| prep_pass ||| rb_src = 3, rb_dest = 5
2026-06-12 01:18:21.175 - [DEBUG] ||| prep_pass ||| Next permutation = [None, None, None, None, 7, 14, 13, 12, 11, 10, 9, 8, 6, 4, None, None]
2026-06-12 01:18:21.175 - [DEBUG] ||| prep_pass ||| rb_src = 12, rb_dest = 6
2026-06-12 01:18:21.175 - [DEBUG] ||| prep_pass ||| Next permutation = [None, None, None, None, 7, 14, 13, 12, 11, 10, 9, 8, None, None, None, None]
2026-06-12 01:18:21.176 - [DEBUG] ||| prep_pass ||| rb_src = 5, rb_dest = 14
2026-06-12 01:18:21.176 - [DEBUG] ||| prep_pass ||| Next permutation = [None, None, None, None, None, None, 13, 12, 11, 10, 9, 8, None, None, None, None]
2026-06-12 01:18:21.177 - [DEBUG] ||| prep_pass ||| Chain complete
2026-06-12 01:18:21.177 - [DEBUG] ||| run ||| pending_perm = [None, None, None, None, None, None, 13, 12, 11, 10, 9, 8, None, None, None, None] | src = 6, dest = 13
2026-06-12 01:18:21.178 - [DEBUG] ||| prep_pass ||| Next permutation = [None, None, None, None, None, None, None, None, 11, 10, 9, 8, None, None, None, None]
2026-06-12 01:18:21.178 - [DEBUG] ||| prep_pass ||| Chain complete
2026-06-12 01:18:21.178 - [DEBUG] ||| run ||| pending_perm = [None, None, None, None, None, None, None, None, 11, 10, 9, 8, None, None, None, None] | src = 8, dest = 11
2026-06-12 01:18:21.179 - [DEBUG] ||| prep_pass ||| Next permutation = [None, None, None, None, None, None, None, None, None, None, 9, 8, None, None, None, None]
2026-06-12 01:18:21.179 - [DEBUG] ||| prep_pass ||| Chain complete
2026-06-12 01:18:21.180 - [DEBUG] ||| run ||| pending_perm = [None, None, None, None, None, None, None, None, None, None, 9, 8, None, None, None, None] | src = 10, dest = 9
2026-06-12 01:18:21.180 - [DEBUG] ||| prep_pass ||| Next permutation = [None, None, None, None, None, None, None, None, None, None, None, None, None, None, None, None]
2026-06-12 01:18:21.181 - [DEBUG] ||| prep_pass ||| Chain complete
2026-06-12 01:18:21.181 - [DEBUG] ||| normalize_perm ||| Permutation post normalization = [0, 2, 15, 4, 6, 8, 14, 13, 12, 11, 10, 9, 7, 5, 3, 1]
2026-06-12 01:18:21.181 - [DEBUG] ||| run ||| pending_perm = [0, 2, 15, 4, 6, 8, 14, 13, 12, 11, 10, 9, 7, 5, 3, 1] | src = 0, dest = 0
2026-06-12 01:18:21.182 - [DEBUG] ||| prep_pass ||| Next permutation = [None, None, 15, 4, 6, 8, 14, 13, 12, 11, 10, 9, 7, 5, 3, 1]
2026-06-12 01:18:21.182 - [DEBUG] ||| prep_pass ||| rb_src = 14, rb_dest = 3
2026-06-12 01:18:21.183 - [DEBUG] ||| prep_pass ||| Next permutation = [None, None, 15, 4, 6, 8, 14, 13, 12, 11, 10, 9, 7, 5, None, None]
2026-06-12 01:18:21.183 - [DEBUG] ||| prep_pass ||| Chain complete
2026-06-12 01:18:21.184 - [DEBUG] ||| run ||| pending_perm = [None, None, 15, 4, 6, 8, 14, 13, 12, 11, 10, 9, 7, 5, None, None] | src = 2, dest = 15
2026-06-12 01:18:21.185 - [DEBUG] ||| prep_pass ||| Next permutation = [None, None, None, None, 6, 8, 14, 13, 12, 11, 10, 9, 7, 5, None, None]
2026-06-12 01:18:21.185 - [DEBUG] ||| prep_pass ||| rb_src = 7, rb_dest = 13
2026-06-12 01:18:21.186 - [DEBUG] ||| prep_pass ||| Next permutation = [None, None, None, None, 6, 8, None, None, 12, 11, 10, 9, 7, 5, None, None]
2026-06-12 01:18:21.187 - [DEBUG] ||| prep_pass ||| rb_src = 9, rb_dest = 11
2026-06-12 01:18:21.187 - [DEBUG] ||| prep_pass ||| Next permutation = [None, None, None, None, 6, 8, None, None, None, None, 10, 9, 7, 5, None, None]
2026-06-12 01:18:21.188 - [DEBUG] ||| prep_pass ||| rb_src = 11, rb_dest = 9
2026-06-12 01:18:21.188 - [DEBUG] ||| prep_pass ||| Next permutation = [None, None, None, None, 6, 8, None, None, None, None, None, None, 7, 5, None, None]
2026-06-12 01:18:21.189 - [DEBUG] ||| prep_pass ||| rb_src = 4, rb_dest = 6
2026-06-12 01:18:21.189 - [DEBUG] ||| prep_pass ||| Next permutation = [None, None, None, None, None, None, None, None, None, None, None, None, 7, 5, None, None]
2026-06-12 01:18:21.190 - [DEBUG] ||| prep_pass ||| rb_src = 13, rb_dest = 5
2026-06-12 01:18:21.190 - [DEBUG] ||| prep_pass ||| Next permutation = [None, None, None, None, None, None, None, None, None, None, None, None, None, None, None, None]
2026-06-12 01:18:21.191 - [DEBUG] ||| prep_pass ||| Chain complete
2026-06-12 01:18:21.191 - [DEBUG] ||| normalize_perm ||| Permutation post normalization = [15, 1, 3, 5, 14, 7, 13, 12, 11, 10, 9, 8, 6, 4, 2, 0]
2026-06-12 01:18:21.192 - [DEBUG] ||| run ||| pending_perm = [15, 1, 3, 5, 14, 7, 13, 12, 11, 10, 9, 8, 6, 4, 2, 0] | src = 0, dest = 15
2026-06-12 01:18:21.192 - [DEBUG] ||| prep_pass ||| Next permutation = [None, None, 3, 5, 14, 7, 13, 12, 11, 10, 9, 8, 6, 4, 2, 0]
2026-06-12 01:18:21.193 - [DEBUG] ||| prep_pass ||| rb_src = 5, rb_dest = 7
2026-06-12 01:18:21.193 - [DEBUG] ||| prep_pass ||| Next permutation = [None, None, 3, 5, None, None, 13, 12, 11, 10, 9, 8, 6, 4, 2, 0]
2026-06-12 01:18:21.194 - [DEBUG] ||| prep_pass ||| rb_src = 13, rb_dest = 4
2026-06-12 01:18:21.194 - [DEBUG] ||| prep_pass ||| Next permutation = [None, None, 3, 5, None, None, 13, 12, 11, 10, 9, 8, None, None, 2, 0]
2026-06-12 01:18:21.195 - [DEBUG] ||| prep_pass ||| rb_src = 2, rb_dest = 3
2026-06-12 01:18:21.195 - [DEBUG] ||| prep_pass ||| Next permutation = [None, None, None, None, None, None, 13, 12, 11, 10, 9, 8, None, None, 2, 0]
2026-06-12 01:18:21.196 - [DEBUG] ||| prep_pass ||| rb_src = 15, rb_dest = 0
2026-06-12 01:18:21.196 - [DEBUG] ||| prep_pass ||| Next permutation = [None, None, None, None, None, None, 13, 12, 11, 10, 9, 8, None, None, None, None]
2026-06-12 01:18:21.197 - [DEBUG] ||| prep_pass ||| Chain complete
2026-06-12 01:18:21.197 - [DEBUG] ||| run ||| pending_perm = [None, None, None, None, None, None, 13, 12, 11, 10, 9, 8, None, None, None, None] | src = 6, dest = 13
2026-06-12 01:18:21.198 - [DEBUG] ||| prep_pass ||| Next permutation = [None, None, None, None, None, None, None, None, 11, 10, 9, 8, None, None, None, None]
2026-06-12 01:18:21.198 - [DEBUG] ||| prep_pass ||| Chain complete
2026-06-12 01:18:21.199 - [DEBUG] ||| run ||| pending_perm = [None, None, None, None, None, None, None, None, 11, 10, 9, 8, None, None, None, None] | src = 8, dest = 11
2026-06-12 01:18:21.199 - [DEBUG] ||| prep_pass ||| Next permutation = [None, None, None, None, None, None, None, None, None, None, 9, 8, None, None, None, None]
2026-06-12 01:18:21.200 - [DEBUG] ||| prep_pass ||| Chain complete
2026-06-12 01:18:21.200 - [DEBUG] ||| run ||| pending_perm = [None, None, None, None, None, None, None, None, None, None, 9, 8, None, None, None, None] | src = 10, dest = 9
2026-06-12 01:18:21.201 - [DEBUG] ||| prep_pass ||| Next permutation = [None, None, None, None, None, None, None, None, None, None, None, None, None, None, None, None]
2026-06-12 01:18:21.201 - [DEBUG] ||| prep_pass ||| Chain complete
2026-06-12 01:18:21.201 - [DEBUG] ||| propogate ||| stage = 2, input perm = [1, 8, 16, 60, 25, 32, 57, 53, 49, 45, 41, 37, 31, 22, 14, 7, 4, 62, 13, 20, 28, 58, 55, 51, 47, 43, 39, 34, 26, 19, 10, 2, 3, 11, 61, 18, 27, 35, 56, 52, 48, 44, 40, 36, 29, 21, 12, 5, 63, 6, 15, 23, 59, 30, 54, 50, 46, 42, 38, 33, 24, 17, 9, 0]
2026-06-12 01:18:21.202 - [DEBUG] ||| run ||| Stage[2] | Output permutation = [1, 16, 32, 57, 49, 41, 31, 14, 8, 60, 25, 53, 45, 37, 22, 7, 4, 20, 58, 55, 47, 39, 26, 10, 62, 13, 28, 51, 43, 34, 19, 2, 3, 61, 27, 52, 44, 36, 21, 12, 11, 18, 35, 56, 48, 40, 29, 5, 63, 15, 30, 54, 46, 38, 17, 0, 6, 23, 59, 50, 42, 33, 24, 9]
2026-06-12 01:18:21.202 - [DEBUG] ||| run ||| Stage[3] || perm_split = 8, split_len = 8, sw_split = 4, sub_perms = [[1, 16, 32, 57, 49, 41, 31, 14], [8, 60, 25, 53, 45, 37, 22, 7], [4, 20, 58, 55, 47, 39, 26, 10], [62, 13, 28, 51, 43, 34, 19, 2], [3, 61, 27, 52, 44, 36, 21, 12], [11, 18, 35, 56, 48, 40, 29, 5], [63, 15, 30, 54, 46, 38, 17, 0], [6, 23, 59, 50, 42, 33, 24, 9]]
2026-06-12 01:18:21.203 - [DEBUG] ||| normalize_perm ||| Permutation post normalization = [0, 2, 4, 7, 6, 5, 3, 1]
2026-06-12 01:18:21.203 - [DEBUG] ||| run ||| pending_perm = [0, 2, 4, 7, 6, 5, 3, 1] | src = 0, dest = 0
2026-06-12 01:18:21.204 - [DEBUG] ||| prep_pass ||| Next permutation = [None, None, 4, 7, 6, 5, 3, 1]
2026-06-12 01:18:21.204 - [DEBUG] ||| prep_pass ||| rb_src = 6, rb_dest = 3
2026-06-12 01:18:21.204 - [DEBUG] ||| prep_pass ||| Next permutation = [None, None, 4, 7, 6, 5, None, None]
2026-06-12 01:18:21.205 - [DEBUG] ||| prep_pass ||| Chain complete
2026-06-12 01:18:21.205 - [DEBUG] ||| run ||| pending_perm = [None, None, 4, 7, 6, 5, None, None] | src = 2, dest = 4
2026-06-12 01:18:21.206 - [DEBUG] ||| prep_pass ||| Next permutation = [None, None, None, None, 6, 5, None, None]
2026-06-12 01:18:21.206 - [DEBUG] ||| prep_pass ||| rb_src = 4, rb_dest = 6
2026-06-12 01:18:21.206 - [DEBUG] ||| prep_pass ||| Next permutation = [None, None, None, None, None, None, None, None]
2026-06-12 01:18:21.207 - [DEBUG] ||| prep_pass ||| Chain complete
2026-06-12 01:18:21.207 - [DEBUG] ||| normalize_perm ||| Permutation post normalization = [1, 7, 3, 6, 5, 4, 2, 0]
2026-06-12 01:18:21.208 - [DEBUG] ||| run ||| pending_perm = [1, 7, 3, 6, 5, 4, 2, 0] | src = 0, dest = 1
2026-06-12 01:18:21.208 - [DEBUG] ||| prep_pass ||| Next permutation = [None, None, 3, 6, 5, 4, 2, 0]
2026-06-12 01:18:21.209 - [DEBUG] ||| prep_pass ||| rb_src = 6, rb_dest = 2
2026-06-12 01:18:21.209 - [DEBUG] ||| prep_pass ||| Next permutation = [None, None, 3, 6, 5, 4, None, None]
2026-06-12 01:18:21.209 - [DEBUG] ||| prep_pass ||| rb_src = 3, rb_dest = 6
2026-06-12 01:18:21.210 - [DEBUG] ||| prep_pass ||| Next permutation = [None, None, None, None, 5, 4, None, None]
2026-06-12 01:18:21.210 - [DEBUG] ||| prep_pass ||| Chain complete
2026-06-12 01:18:21.211 - [DEBUG] ||| run ||| pending_perm = [None, None, None, None, 5, 4, None, None] | src = 4, dest = 5
2026-06-12 01:18:21.211 - [DEBUG] ||| prep_pass ||| Next permutation = [None, None, None, None, None, None, None, None]
2026-06-12 01:18:21.212 - [DEBUG] ||| prep_pass ||| Chain complete
2026-06-12 01:18:21.212 - [DEBUG] ||| normalize_perm ||| Permutation post normalization = [0, 2, 7, 6, 5, 4, 3, 1]
2026-06-12 01:18:21.212 - [DEBUG] ||| run ||| pending_perm = [0, 2, 7, 6, 5, 4, 3, 1] | src = 0, dest = 0
2026-06-12 01:18:21.213 - [DEBUG] ||| prep_pass ||| Next permutation = [None, None, 7, 6, 5, 4, 3, 1]
2026-06-12 01:18:21.213 - [DEBUG] ||| prep_pass ||| rb_src = 6, rb_dest = 3
2026-06-12 01:18:21.214 - [DEBUG] ||| prep_pass ||| Next permutation = [None, None, 7, 6, 5, 4, None, None]
2026-06-12 01:18:21.215 - [DEBUG] ||| prep_pass ||| Chain complete
2026-06-12 01:18:21.215 - [DEBUG] ||| run ||| pending_perm = [None, None, 7, 6, 5, 4, None, None] | src = 2, dest = 7
2026-06-12 01:18:21.216 - [DEBUG] ||| prep_pass ||| Next permutation = [None, None, None, None, 5, 4, None, None]
2026-06-12 01:18:21.216 - [DEBUG] ||| prep_pass ||| Chain complete
2026-06-12 01:18:21.217 - [DEBUG] ||| run ||| pending_perm = [None, None, None, None, 5, 4, None, None] | src = 4, dest = 5
2026-06-12 01:18:21.218 - [DEBUG] ||| prep_pass ||| Next permutation = [None, None, None, None, None, None, None, None]
2026-06-12 01:18:21.218 - [DEBUG] ||| prep_pass ||| Chain complete
2026-06-12 01:18:21.219 - [DEBUG] ||| normalize_perm ||| Permutation post normalization = [7, 1, 3, 6, 5, 4, 2, 0]
2026-06-12 01:18:21.219 - [DEBUG] ||| run ||| pending_perm = [7, 1, 3, 6, 5, 4, 2, 0] | src = 0, dest = 7
2026-06-12 01:18:21.220 - [DEBUG] ||| prep_pass ||| Next permutation = [None, None, 3, 6, 5, 4, 2, 0]
2026-06-12 01:18:21.220 - [DEBUG] ||| prep_pass ||| rb_src = 2, rb_dest = 3
2026-06-12 01:18:21.220 - [DEBUG] ||| prep_pass ||| Next permutation = [None, None, None, None, 5, 4, 2, 0]
2026-06-12 01:18:21.221 - [DEBUG] ||| prep_pass ||| rb_src = 7, rb_dest = 0
2026-06-12 01:18:21.221 - [DEBUG] ||| prep_pass ||| Next permutation = [None, None, None, None, 5, 4, None, None]
2026-06-12 01:18:21.222 - [DEBUG] ||| prep_pass ||| Chain complete
2026-06-12 01:18:21.222 - [DEBUG] ||| run ||| pending_perm = [None, None, None, None, 5, 4, None, None] | src = 4, dest = 5
2026-06-12 01:18:21.222 - [DEBUG] ||| prep_pass ||| Next permutation = [None, None, None, None, None, None, None, None]
2026-06-12 01:18:21.223 - [DEBUG] ||| prep_pass ||| Chain complete
2026-06-12 01:18:21.223 - [DEBUG] ||| normalize_perm ||| Permutation post normalization = [0, 7, 3, 6, 5, 4, 2, 1]
2026-06-12 01:18:21.224 - [DEBUG] ||| run ||| pending_perm = [0, 7, 3, 6, 5, 4, 2, 1] | src = 0, dest = 0
2026-06-12 01:18:21.224 - [DEBUG] ||| prep_pass ||| Next permutation = [None, None, 3, 6, 5, 4, 2, 1]
2026-06-12 01:18:21.224 - [DEBUG] ||| prep_pass ||| rb_src = 6, rb_dest = 2
2026-06-12 01:18:21.225 - [DEBUG] ||| prep_pass ||| Next permutation = [None, None, 3, 6, 5, 4, None, None]
2026-06-12 01:18:21.225 - [DEBUG] ||| prep_pass ||| rb_src = 3, rb_dest = 6
2026-06-12 01:18:21.226 - [DEBUG] ||| prep_pass ||| Next permutation = [None, None, None, None, 5, 4, None, None]
2026-06-12 01:18:21.226 - [DEBUG] ||| prep_pass ||| Chain complete
2026-06-12 01:18:21.226 - [DEBUG] ||| run ||| pending_perm = [None, None, None, None, 5, 4, None, None] | src = 4, dest = 5
2026-06-12 01:18:21.227 - [DEBUG] ||| prep_pass ||| Next permutation = [None, None, None, None, None, None, None, None]
2026-06-12 01:18:21.227 - [DEBUG] ||| prep_pass ||| Chain complete
2026-06-12 01:18:21.228 - [DEBUG] ||| normalize_perm ||| Permutation post normalization = [1, 2, 4, 7, 6, 5, 3, 0]
2026-06-12 01:18:21.229 - [DEBUG] ||| run ||| pending_perm = [1, 2, 4, 7, 6, 5, 3, 0] | src = 0, dest = 1
2026-06-12 01:18:21.229 - [DEBUG] ||| prep_pass ||| Next permutation = [None, None, 4, 7, 6, 5, 3, 0]
2026-06-12 01:18:21.230 - [DEBUG] ||| prep_pass ||| rb_src = 6, rb_dest = 3
2026-06-12 01:18:21.230 - [DEBUG] ||| prep_pass ||| Next permutation = [None, None, 4, 7, 6, 5, None, None]
2026-06-12 01:18:21.231 - [DEBUG] ||| prep_pass ||| Chain complete
2026-06-12 01:18:21.231 - [DEBUG] ||| run ||| pending_perm = [None, None, 4, 7, 6, 5, None, None] | src = 2, dest = 4
2026-06-12 01:18:21.232 - [DEBUG] ||| prep_pass ||| Next permutation = [None, None, None, None, 6, 5, None, None]
2026-06-12 01:18:21.232 - [DEBUG] ||| prep_pass ||| rb_src = 4, rb_dest = 6
2026-06-12 01:18:21.233 - [DEBUG] ||| prep_pass ||| Next permutation = [None, None, None, None, None, None, None, None]
2026-06-12 01:18:21.233 - [DEBUG] ||| prep_pass ||| Chain complete
2026-06-12 01:18:21.233 - [DEBUG] ||| normalize_perm ||| Permutation post normalization = [7, 1, 3, 6, 5, 4, 2, 0]
2026-06-12 01:18:21.234 - [DEBUG] ||| run ||| pending_perm = [7, 1, 3, 6, 5, 4, 2, 0] | src = 0, dest = 7
2026-06-12 01:18:21.234 - [DEBUG] ||| prep_pass ||| Next permutation = [None, None, 3, 6, 5, 4, 2, 0]
2026-06-12 01:18:21.235 - [DEBUG] ||| prep_pass ||| rb_src = 2, rb_dest = 3
2026-06-12 01:18:21.235 - [DEBUG] ||| prep_pass ||| Next permutation = [None, None, None, None, 5, 4, 2, 0]
2026-06-12 01:18:21.236 - [DEBUG] ||| prep_pass ||| rb_src = 7, rb_dest = 0
2026-06-12 01:18:21.236 - [DEBUG] ||| prep_pass ||| Next permutation = [None, None, None, None, 5, 4, None, None]
2026-06-12 01:18:21.236 - [DEBUG] ||| prep_pass ||| Chain complete
2026-06-12 01:18:21.237 - [DEBUG] ||| run ||| pending_perm = [None, None, None, None, 5, 4, None, None] | src = 4, dest = 5
2026-06-12 01:18:21.237 - [DEBUG] ||| prep_pass ||| Next permutation = [None, None, None, None, None, None, None, None]
2026-06-12 01:18:21.238 - [DEBUG] ||| prep_pass ||| Chain complete
2026-06-12 01:18:21.238 - [DEBUG] ||| normalize_perm ||| Permutation post normalization = [0, 2, 7, 6, 5, 4, 3, 1]
2026-06-12 01:18:21.239 - [DEBUG] ||| run ||| pending_perm = [0, 2, 7, 6, 5, 4, 3, 1] | src = 0, dest = 0
2026-06-12 01:18:21.239 - [DEBUG] ||| prep_pass ||| Next permutation = [None, None, 7, 6, 5, 4, 3, 1]
2026-06-12 01:18:21.240 - [DEBUG] ||| prep_pass ||| rb_src = 6, rb_dest = 3
2026-06-12 01:18:21.240 - [DEBUG] ||| prep_pass ||| Next permutation = [None, None, 7, 6, 5, 4, None, None]
2026-06-12 01:18:21.240 - [DEBUG] ||| prep_pass ||| Chain complete
2026-06-12 01:18:21.241 - [DEBUG] ||| run ||| pending_perm = [None, None, 7, 6, 5, 4, None, None] | src = 2, dest = 7
2026-06-12 01:18:21.241 - [DEBUG] ||| prep_pass ||| Next permutation = [None, None, None, None, 5, 4, None, None]
2026-06-12 01:18:21.242 - [DEBUG] ||| prep_pass ||| Chain complete
2026-06-12 01:18:21.242 - [DEBUG] ||| run ||| pending_perm = [None, None, None, None, 5, 4, None, None] | src = 4, dest = 5
2026-06-12 01:18:21.243 - [DEBUG] ||| prep_pass ||| Next permutation = [None, None, None, None, None, None, None, None]
2026-06-12 01:18:21.243 - [DEBUG] ||| prep_pass ||| Chain complete
2026-06-12 01:18:21.244 - [DEBUG] ||| propogate ||| stage = 3, input perm = [1, 16, 32, 57, 49, 41, 31, 14, 8, 60, 25, 53, 45, 37, 22, 7, 4, 20, 58, 55, 47, 39, 26, 10, 62, 13, 28, 51, 43, 34, 19, 2, 3, 61, 27, 52, 44, 36, 21, 12, 11, 18, 35, 56, 48, 40, 29, 5, 63, 15, 30, 54, 46, 38, 17, 0, 6, 23, 59, 50, 42, 33, 24, 9]
2026-06-12 01:18:21.245 - [DEBUG] ||| run ||| Stage[3] | Output permutation = [1, 32, 49, 31, 16, 57, 41, 14, 8, 53, 45, 22, 60, 25, 37, 7, 4, 58, 47, 26, 20, 55, 39, 10, 62, 28, 43, 2, 13, 51, 34, 19, 3, 52, 44, 21, 61, 27, 36, 12, 11, 35, 48, 29, 18, 56, 40, 5, 63, 30, 46, 0, 15, 54, 38, 17, 6, 59, 42, 24, 23, 50, 33, 9]
2026-06-12 01:18:21.245 - [DEBUG] ||| run ||| Stage[4] || perm_split = 16, split_len = 4, sw_split = 2, sub_perms = [[1, 32, 49, 31], [16, 57, 41, 14], [8, 53, 45, 22], [60, 25, 37, 7], [4, 58, 47, 26], [20, 55, 39, 10], [62, 28, 43, 2], [13, 51, 34, 19], [3, 52, 44, 21], [61, 27, 36, 12], [11, 35, 48, 29], [18, 56, 40, 5], [63, 30, 46, 0], [15, 54, 38, 17], [6, 59, 42, 24], [23, 50, 33, 9]]
2026-06-12 01:18:21.246 - [DEBUG] ||| normalize_perm ||| Permutation post normalization = [0, 2, 3, 1]
2026-06-12 01:18:21.246 - [DEBUG] ||| run ||| pending_perm = [0, 2, 3, 1] | src = 0, dest = 0
2026-06-12 01:18:21.247 - [DEBUG] ||| prep_pass ||| Next permutation = [None, None, 3, 1]
2026-06-12 01:18:21.247 - [DEBUG] ||| prep_pass ||| rb_src = 2, rb_dest = 3
2026-06-12 01:18:21.248 - [DEBUG] ||| prep_pass ||| Next permutation = [None, None, None, None]
2026-06-12 01:18:21.248 - [DEBUG] ||| prep_pass ||| Chain complete
2026-06-12 01:18:21.249 - [DEBUG] ||| normalize_perm ||| Permutation post normalization = [1, 3, 2, 0]
2026-06-12 01:18:21.249 - [DEBUG] ||| run ||| pending_perm = [1, 3, 2, 0] | src = 0, dest = 1
2026-06-12 01:18:21.250 - [DEBUG] ||| prep_pass ||| Next permutation = [None, None, 2, 0]
2026-06-12 01:18:21.250 - [DEBUG] ||| prep_pass ||| rb_src = 2, rb_dest = 2
2026-06-12 01:18:21.251 - [DEBUG] ||| prep_pass ||| Next permutation = [None, None, None, None]
2026-06-12 01:18:21.252 - [DEBUG] ||| prep_pass ||| Chain complete
2026-06-12 01:18:21.252 - [DEBUG] ||| normalize_perm ||| Permutation post normalization = [0, 3, 2, 1]
2026-06-12 01:18:21.253 - [DEBUG] ||| run ||| pending_perm = [0, 3, 2, 1] | src = 0, dest = 0
2026-06-12 01:18:21.253 - [DEBUG] ||| prep_pass ||| Next permutation = [None, None, 2, 1]
2026-06-12 01:18:21.254 - [DEBUG] ||| prep_pass ||| rb_src = 2, rb_dest = 2
2026-06-12 01:18:21.254 - [DEBUG] ||| prep_pass ||| Next permutation = [None, None, None, None]
2026-06-12 01:18:21.255 - [DEBUG] ||| prep_pass ||| Chain complete
2026-06-12 01:18:21.255 - [DEBUG] ||| normalize_perm ||| Permutation post normalization = [3, 1, 2, 0]
2026-06-12 01:18:21.256 - [DEBUG] ||| run ||| pending_perm = [3, 1, 2, 0] | src = 0, dest = 3
2026-06-12 01:18:21.256 - [DEBUG] ||| prep_pass ||| Next permutation = [None, None, 2, 0]
2026-06-12 01:18:21.257 - [DEBUG] ||| prep_pass ||| rb_src = 3, rb_dest = 0
2026-06-12 01:18:21.257 - [DEBUG] ||| prep_pass ||| Next permutation = [None, None, None, None]
2026-06-12 01:18:21.258 - [DEBUG] ||| prep_pass ||| Chain complete
2026-06-12 01:18:21.259 - [DEBUG] ||| normalize_perm ||| Permutation post normalization = [0, 3, 2, 1]
2026-06-12 01:18:21.259 - [DEBUG] ||| run ||| pending_perm = [0, 3, 2, 1] | src = 0, dest = 0
2026-06-12 01:18:21.260 - [DEBUG] ||| prep_pass ||| Next permutation = [None, None, 2, 1]
2026-06-12 01:18:21.261 - [DEBUG] ||| prep_pass ||| rb_src = 2, rb_dest = 2
2026-06-12 01:18:21.261 - [DEBUG] ||| prep_pass ||| Next permutation = [None, None, None, None]
2026-06-12 01:18:21.262 - [DEBUG] ||| prep_pass ||| Chain complete
2026-06-12 01:18:21.262 - [DEBUG] ||| normalize_perm ||| Permutation post normalization = [1, 3, 2, 0]
2026-06-12 01:18:21.263 - [DEBUG] ||| run ||| pending_perm = [1, 3, 2, 0] | src = 0, dest = 1
2026-06-12 01:18:21.264 - [DEBUG] ||| prep_pass ||| Next permutation = [None, None, 2, 0]
2026-06-12 01:18:21.264 - [DEBUG] ||| prep_pass ||| rb_src = 2, rb_dest = 2
2026-06-12 01:18:21.265 - [DEBUG] ||| prep_pass ||| Next permutation = [None, None, None, None]
2026-06-12 01:18:21.266 - [DEBUG] ||| prep_pass ||| Chain complete
2026-06-12 01:18:21.266 - [DEBUG] ||| normalize_perm ||| Permutation post normalization = [3, 1, 2, 0]
2026-06-12 01:18:21.267 - [DEBUG] ||| run ||| pending_perm = [3, 1, 2, 0] | src = 0, dest = 3
2026-06-12 01:18:21.268 - [DEBUG] ||| prep_pass ||| Next permutation = [None, None, 2, 0]
2026-06-12 01:18:21.268 - [DEBUG] ||| prep_pass ||| rb_src = 3, rb_dest = 0
2026-06-12 01:18:21.269 - [DEBUG] ||| prep_pass ||| Next permutation = [None, None, None, None]
2026-06-12 01:18:21.269 - [DEBUG] ||| prep_pass ||| Chain complete
2026-06-12 01:18:21.270 - [DEBUG] ||| normalize_perm ||| Permutation post normalization = [0, 3, 2, 1]
2026-06-12 01:18:21.271 - [DEBUG] ||| run ||| pending_perm = [0, 3, 2, 1] | src = 0, dest = 0
2026-06-12 01:18:21.271 - [DEBUG] ||| prep_pass ||| Next permutation = [None, None, 2, 1]
2026-06-12 01:18:21.272 - [DEBUG] ||| prep_pass ||| rb_src = 2, rb_dest = 2
2026-06-12 01:18:21.272 - [DEBUG] ||| prep_pass ||| Next permutation = [None, None, None, None]
2026-06-12 01:18:21.273 - [DEBUG] ||| prep_pass ||| Chain complete
2026-06-12 01:18:21.274 - [DEBUG] ||| normalize_perm ||| Permutation post normalization = [0, 3, 2, 1]
2026-06-12 01:18:21.274 - [DEBUG] ||| run ||| pending_perm = [0, 3, 2, 1] | src = 0, dest = 0
2026-06-12 01:18:21.275 - [DEBUG] ||| prep_pass ||| Next permutation = [None, None, 2, 1]
2026-06-12 01:18:21.275 - [DEBUG] ||| prep_pass ||| rb_src = 2, rb_dest = 2
2026-06-12 01:18:21.276 - [DEBUG] ||| prep_pass ||| Next permutation = [None, None, None, None]
2026-06-12 01:18:21.276 - [DEBUG] ||| prep_pass ||| Chain complete
2026-06-12 01:18:21.277 - [DEBUG] ||| normalize_perm ||| Permutation post normalization = [3, 1, 2, 0]
2026-06-12 01:18:21.278 - [DEBUG] ||| run ||| pending_perm = [3, 1, 2, 0] | src = 0, dest = 3
2026-06-12 01:18:21.278 - [DEBUG] ||| prep_pass ||| Next permutation = [None, None, 2, 0]
2026-06-12 01:18:21.279 - [DEBUG] ||| prep_pass ||| rb_src = 3, rb_dest = 0
2026-06-12 01:18:21.279 - [DEBUG] ||| prep_pass ||| Next permutation = [None, None, None, None]
2026-06-12 01:18:21.280 - [DEBUG] ||| prep_pass ||| Chain complete
2026-06-12 01:18:21.280 - [DEBUG] ||| normalize_perm ||| Permutation post normalization = [0, 2, 3, 1]
2026-06-12 01:18:21.281 - [DEBUG] ||| run ||| pending_perm = [0, 2, 3, 1] | src = 0, dest = 0
2026-06-12 01:18:21.282 - [DEBUG] ||| prep_pass ||| Next permutation = [None, None, 3, 1]
2026-06-12 01:18:21.282 - [DEBUG] ||| prep_pass ||| rb_src = 2, rb_dest = 3
2026-06-12 01:18:21.283 - [DEBUG] ||| prep_pass ||| Next permutation = [None, None, None, None]
2026-06-12 01:18:21.284 - [DEBUG] ||| prep_pass ||| Chain complete
2026-06-12 01:18:21.284 - [DEBUG] ||| normalize_perm ||| Permutation post normalization = [1, 3, 2, 0]
2026-06-12 01:18:21.285 - [DEBUG] ||| run ||| pending_perm = [1, 3, 2, 0] | src = 0, dest = 1
2026-06-12 01:18:21.286 - [DEBUG] ||| prep_pass ||| Next permutation = [None, None, 2, 0]
2026-06-12 01:18:21.286 - [DEBUG] ||| prep_pass ||| rb_src = 2, rb_dest = 2
2026-06-12 01:18:21.288 - [DEBUG] ||| prep_pass ||| Next permutation = [None, None, None, None]
2026-06-12 01:18:21.289 - [DEBUG] ||| prep_pass ||| Chain complete
2026-06-12 01:18:21.290 - [DEBUG] ||| normalize_perm ||| Permutation post normalization = [3, 1, 2, 0]
2026-06-12 01:18:21.290 - [DEBUG] ||| run ||| pending_perm = [3, 1, 2, 0] | src = 0, dest = 3
2026-06-12 01:18:21.291 - [DEBUG] ||| prep_pass ||| Next permutation = [None, None, 2, 0]
2026-06-12 01:18:21.291 - [DEBUG] ||| prep_pass ||| rb_src = 3, rb_dest = 0
2026-06-12 01:18:21.292 - [DEBUG] ||| prep_pass ||| Next permutation = [None, None, None, None]
2026-06-12 01:18:21.292 - [DEBUG] ||| prep_pass ||| Chain complete
2026-06-12 01:18:21.293 - [DEBUG] ||| normalize_perm ||| Permutation post normalization = [0, 3, 2, 1]
2026-06-12 01:18:21.294 - [DEBUG] ||| run ||| pending_perm = [0, 3, 2, 1] | src = 0, dest = 0
2026-06-12 01:18:21.294 - [DEBUG] ||| prep_pass ||| Next permutation = [None, None, 2, 1]
2026-06-12 01:18:21.295 - [DEBUG] ||| prep_pass ||| rb_src = 2, rb_dest = 2
2026-06-12 01:18:21.295 - [DEBUG] ||| prep_pass ||| Next permutation = [None, None, None, None]
2026-06-12 01:18:21.296 - [DEBUG] ||| prep_pass ||| Chain complete
2026-06-12 01:18:21.297 - [DEBUG] ||| normalize_perm ||| Permutation post normalization = [0, 3, 2, 1]
2026-06-12 01:18:21.297 - [DEBUG] ||| run ||| pending_perm = [0, 3, 2, 1] | src = 0, dest = 0
2026-06-12 01:18:21.298 - [DEBUG] ||| prep_pass ||| Next permutation = [None, None, 2, 1]
2026-06-12 01:18:21.298 - [DEBUG] ||| prep_pass ||| rb_src = 2, rb_dest = 2
2026-06-12 01:18:21.299 - [DEBUG] ||| prep_pass ||| Next permutation = [None, None, None, None]
2026-06-12 01:18:21.300 - [DEBUG] ||| prep_pass ||| Chain complete
2026-06-12 01:18:21.300 - [DEBUG] ||| normalize_perm ||| Permutation post normalization = [1, 3, 2, 0]
2026-06-12 01:18:21.301 - [DEBUG] ||| run ||| pending_perm = [1, 3, 2, 0] | src = 0, dest = 1
2026-06-12 01:18:21.302 - [DEBUG] ||| prep_pass ||| Next permutation = [None, None, 2, 0]
2026-06-12 01:18:21.302 - [DEBUG] ||| prep_pass ||| rb_src = 2, rb_dest = 2
2026-06-12 01:18:21.303 - [DEBUG] ||| prep_pass ||| Next permutation = [None, None, None, None]
2026-06-12 01:18:21.304 - [DEBUG] ||| prep_pass ||| Chain complete
2026-06-12 01:18:21.304 - [DEBUG] ||| propogate ||| stage = 4, input perm = [1, 32, 49, 31, 16, 57, 41, 14, 8, 53, 45, 22, 60, 25, 37, 7, 4, 58, 47, 26, 20, 55, 39, 10, 62, 28, 43, 2, 13, 51, 34, 19, 3, 52, 44, 21, 61, 27, 36, 12, 11, 35, 48, 29, 18, 56, 40, 5, 63, 30, 46, 0, 15, 54, 38, 17, 6, 59, 42, 24, 23, 50, 33, 9]
2026-06-12 01:18:21.305 - [DEBUG] ||| run ||| Stage[4] | Output permutation = [1, 49, 32, 31, 16, 41, 57, 14, 8, 45, 53, 22, 60, 7, 25, 37, 4, 47, 58, 26, 20, 39, 55, 10, 62, 2, 28, 43, 13, 34, 51, 19, 3, 44, 52, 21, 61, 12, 27, 36, 11, 48, 35, 29, 18, 40, 56, 5, 63, 0, 30, 46, 15, 38, 54, 17, 6, 42, 59, 24, 23, 33, 50, 9]
2026-06-12 01:18:21.305 - [DEBUG] ||| propogate ||| stage = 5, input perm = [1, 49, 32, 31, 16, 41, 57, 14, 8, 45, 53, 22, 60, 7, 25, 37, 4, 47, 58, 26, 20, 39, 55, 10, 62, 2, 28, 43, 13, 34, 51, 19, 3, 44, 52, 21, 61, 12, 27, 36, 11, 48, 35, 29, 18, 40, 56, 5, 63, 0, 30, 46, 15, 38, 54, 17, 6, 42, 59, 24, 23, 33, 50, 9]
2026-06-12 01:18:21.306 - [DEBUG] ||| run ||| Stage[5] | Output permutation = [1, 31, 49, 32, 16, 14, 41, 57, 8, 22, 45, 53, 7, 25, 60, 37, 4, 26, 47, 58, 20, 10, 39, 55, 2, 28, 62, 43, 13, 19, 34, 51, 3, 21, 44, 52, 12, 27, 61, 36, 11, 29, 48, 35, 18, 5, 40, 56, 0, 30, 63, 46, 15, 17, 38, 54, 6, 24, 42, 59, 23, 9, 33, 50]
2026-06-12 01:18:21.306 - [DEBUG] ||| propogate ||| stage = 6, input perm = [1, 31, 49, 32, 16, 14, 41, 57, 8, 22, 45, 53, 7, 25, 60, 37, 4, 26, 47, 58, 20, 10, 39, 55, 2, 28, 62, 43, 13, 19, 34, 51, 3, 21, 44, 52, 12, 27, 61, 36, 11, 29, 48, 35, 18, 5, 40, 56, 0, 30, 63, 46, 15, 17, 38, 54, 6, 24, 42, 59, 23, 9, 33, 50]
2026-06-12 01:18:21.307 - [DEBUG] ||| run ||| Stage[6] | Output permutation = [1, 14, 31, 16, 32, 41, 49, 57, 8, 7, 22, 25, 45, 37, 53, 60, 4, 10, 26, 20, 47, 39, 58, 55, 2, 13, 28, 19, 43, 34, 62, 51, 3, 12, 21, 27, 44, 36, 52, 61, 11, 5, 29, 18, 35, 40, 48, 56, 0, 15, 30, 17, 46, 38, 63, 54, 6, 9, 24, 23, 42, 33, 59, 50]
2026-06-12 01:18:21.308 - [DEBUG] ||| propogate ||| stage = 7, input perm = [1, 14, 31, 16, 32, 41, 49, 57, 8, 7, 22, 25, 45, 37, 53, 60, 4, 10, 26, 20, 47, 39, 58, 55, 2, 13, 28, 19, 43, 34, 62, 51, 3, 12, 21, 27, 44, 36, 52, 61, 11, 5, 29, 18, 35, 40, 48, 56, 0, 15, 30, 17, 46, 38, 63, 54, 6, 9, 24, 23, 42, 33, 59, 50]
2026-06-12 01:18:21.309 - [DEBUG] ||| run ||| Stage[7] | Output permutation = [1, 7, 14, 8, 16, 22, 31, 25, 32, 37, 41, 45, 49, 53, 57, 60, 4, 2, 10, 13, 20, 19, 26, 28, 39, 34, 47, 43, 55, 51, 58, 62, 3, 5, 12, 11, 21, 18, 27, 29, 36, 35, 44, 40, 52, 48, 61, 56, 0, 6, 15, 9, 17, 23, 30, 24, 38, 33, 46, 42, 54, 50, 63, 59]
2026-06-12 01:18:21.309 - [DEBUG] ||| propogate ||| stage = 8, input perm = [1, 7, 14, 8, 16, 22, 31, 25, 32, 37, 41, 45, 49, 53, 57, 60, 4, 2, 10, 13, 20, 19, 26, 28, 39, 34, 47, 43, 55, 51, 58, 62, 3, 5, 12, 11, 21, 18, 27, 29, 36, 35, 44, 40, 52, 48, 61, 56, 0, 6, 15, 9, 17, 23, 30, 24, 38, 33, 46, 42, 54, 50, 63, 59]
2026-06-12 01:18:21.310 - [DEBUG] ||| run ||| Stage[8] | Output permutation = [1, 2, 7, 4, 8, 10, 14, 13, 16, 19, 22, 20, 25, 26, 31, 28, 32, 34, 37, 39, 41, 43, 45, 47, 49, 51, 53, 55, 57, 58, 60, 62, 3, 0, 5, 6, 11, 9, 12, 15, 18, 17, 21, 23, 27, 24, 29, 30, 35, 33, 36, 38, 40, 42, 44, 46, 48, 50, 52, 54, 56, 59, 61, 63]
2026-06-12 01:18:21.310 - [DEBUG] ||| propogate ||| stage = 9, input perm = [1, 2, 7, 4, 8, 10, 14, 13, 16, 19, 22, 20, 25, 26, 31, 28, 32, 34, 37, 39, 41, 43, 45, 47, 49, 51, 53, 55, 57, 58, 60, 62, 3, 0, 5, 6, 11, 9, 12, 15, 18, 17, 21, 23, 27, 24, 29, 30, 35, 33, 36, 38, 40, 42, 44, 46, 48, 50, 52, 54, 56, 59, 61, 63]
2026-06-12 01:18:21.311 - [DEBUG] ||| run ||| Stage[9] | Output permutation = [1, 0, 2, 3, 4, 5, 7, 6, 8, 9, 10, 11, 13, 12, 14, 15, 16, 17, 19, 18, 20, 21, 22, 23, 25, 24, 26, 27, 28, 29, 31, 30, 32, 33, 34, 35, 37, 36, 39, 38, 41, 40, 43, 42, 45, 44, 47, 46, 49, 48, 51, 50, 53, 52, 55, 54, 57, 56, 58, 59, 60, 61, 62, 63]
2026-06-12 01:18:21.312 - [DEBUG] ||| propogate ||| stage = 10, input perm = [1, 0, 2, 3, 4, 5, 7, 6, 8, 9, 10, 11, 13, 12, 14, 15, 16, 17, 19, 18, 20, 21, 22, 23, 25, 24, 26, 27, 28, 29, 31, 30, 32, 33, 34, 35, 37, 36, 39, 38, 41, 40, 43, 42, 45, 44, 47, 46, 49, 48, 51, 50, 53, 52, 55, 54, 57, 56, 58, 59, 60, 61, 62, 63]
2026-06-12 01:18:21.312 - [DEBUG] ||| run ||| Stage[10] | Output permutation = [0, 1, 2, 3, 4, 5, 6, 7, 8, 9, 10, 11, 12, 13, 14, 15, 16, 17, 18, 19, 20, 21, 22, 23, 24, 25, 26, 27, 28, 29, 30, 31, 32, 33, 34, 35, 36, 37, 38, 39, 40, 41, 42, 43, 44, 45, 46, 47, 48, 49, 50, 51, 52, 53, 54, 55, 56, 57, 58, 59, 60, 61, 62, 63]
2026-06-12 01:18:21.313 - [DEBUG] ||| run ||| Benes Routing: PASSED
2026-06-12 01:18:21.314 - [DEBUG] ||| run ||| Attempting to route Benes permutation = [(0, 0), (1, 2), (2, 5), (4, 7), (5, 9), (6, 10), (8, 12), (9, 14), (10, 17), (12, 19), (13, 21), (14, 22), (16, 24), (17, 26), (18, 29), (20, 31), (21, 33), (22, 34)]
2026-06-12 01:18:21.315 - [DEBUG] ||| balance_perm ||| almost-balanced_perm = [0, 2, 5, None, 7, 9, 10, None, 12, 14, 17, None, 19, 21, 22, None, 24, 26, 29, None, 31, 33, 34, None, None, None, None, None, None, None, None, None, None, None, None, None, None, None, None, None, None, None, None, None, None, None, None, None, None, None, None, None, None, None, None, None, None, None, None, None, None, None, None, None]; free_dest = [1, 3, 4, 6, 8, 11, 13, 15, 16, 18, 20, 23, 25, 27, 28, 30, 32, 35, 36, 37, 38, 39, 40, 41, 42, 43, 44, 45, 46, 47, 48, 49, 50, 51, 52, 53, 54, 55, 56, 57, 58, 59, 60, 61, 62, 63]
2026-06-12 01:18:21.315 - [DEBUG] ||| balance_perm ||| balanced_perm = [0, 2, 5, 63, 7, 9, 10, 62, 12, 14, 17, 61, 19, 21, 22, 60, 24, 26, 29, 59, 31, 33, 34, 58, 57, 56, 55, 54, 53, 52, 51, 50, 49, 48, 47, 46, 45, 44, 43, 42, 41, 40, 39, 38, 37, 36, 35, 32, 30, 28, 27, 25, 23, 20, 18, 16, 15, 13, 11, 8, 6, 4, 3, 1]
2026-06-12 01:18:21.316 - [DEBUG] ||| run ||| Stage[0] || perm_split = 1, split_len = 64, sw_split = 32, sub_perms = [[0, 2, 5, 63, 7, 9, 10, 62, 12, 14, 17, 61, 19, 21, 22, 60, 24, 26, 29, 59, 31, 33, 34, 58, 57, 56, 55, 54, 53, 52, 51, 50, 49, 48, 47, 46, 45, 44, 43, 42, 41, 40, 39, 38, 37, 36, 35, 32, 30, 28, 27, 25, 23, 20, 18, 16, 15, 13, 11, 8, 6, 4, 3, 1]]
2026-06-12 01:18:21.316 - [DEBUG] ||| normalize_perm ||| Permutation post normalization = [0, 2, 5, 63, 7, 9, 10, 62, 12, 14, 17, 61, 19, 21, 22, 60, 24, 26, 29, 59, 31, 33, 34, 58, 57, 56, 55, 54, 53, 52, 51, 50, 49, 48, 47, 46, 45, 44, 43, 42, 41, 40, 39, 38, 37, 36, 35, 32, 30, 28, 27, 25, 23, 20, 18, 16, 15, 13, 11, 8, 6, 4, 3, 1]
2026-06-12 01:18:21.317 - [DEBUG] ||| run ||| pending_perm = [0, 2, 5, 63, 7, 9, 10, 62, 12, 14, 17, 61, 19, 21, 22, 60, 24, 26, 29, 59, 31, 33, 34, 58, 57, 56, 55, 54, 53, 52, 51, 50, 49, 48, 47, 46, 45, 44, 43, 42, 41, 40, 39, 38, 37, 36, 35, 32, 30, 28, 27, 25, 23, 20, 18, 16, 15, 13, 11, 8, 6, 4, 3, 1] | src = 0, dest = 0
2026-06-12 01:18:21.317 - [DEBUG] ||| prep_pass ||| Next permutation = [None, None, 5, 63, 7, 9, 10, 62, 12, 14, 17, 61, 19, 21, 22, 60, 24, 26, 29, 59, 31, 33, 34, 58, 57, 56, 55, 54, 53, 52, 51, 50, 49, 48, 47, 46, 45, 44, 43, 42, 41, 40, 39, 38, 37, 36, 35, 32, 30, 28, 27, 25, 23, 20, 18, 16, 15, 13, 11, 8, 6, 4, 3, 1]
2026-06-12 01:18:21.318 - [DEBUG] ||| prep_pass ||| rb_src = 62, rb_dest = 3
2026-06-12 01:18:21.318 - [DEBUG] ||| prep_pass ||| Next permutation = [None, None, 5, 63, 7, 9, 10, 62, 12, 14, 17, 61, 19, 21, 22, 60, 24, 26, 29, 59, 31, 33, 34, 58, 57, 56, 55, 54, 53, 52, 51, 50, 49, 48, 47, 46, 45, 44, 43, 42, 41, 40, 39, 38, 37, 36, 35, 32, 30, 28, 27, 25, 23, 20, 18, 16, 15, 13, 11, 8, 6, 4, None, None]
2026-06-12 01:18:21.319 - [DEBUG] ||| prep_pass ||| Chain complete
2026-06-12 01:18:21.319 - [DEBUG] ||| run ||| pending_perm = [None, None, 5, 63, 7, 9, 10, 62, 12, 14, 17, 61, 19, 21, 22, 60, 24, 26, 29, 59, 31, 33, 34, 58, 57, 56, 55, 54, 53, 52, 51, 50, 49, 48, 47, 46, 45, 44, 43, 42, 41, 40, 39, 38, 37, 36, 35, 32, 30, 28, 27, 25, 23, 20, 18, 16, 15, 13, 11, 8, 6, 4, None, None] | src = 2, dest = 5
2026-06-12 01:18:21.320 - [DEBUG] ||| prep_pass ||| Next permutation = [None, None, None, None, 7, 9, 10, 62, 12, 14, 17, 61, 19, 21, 22, 60, 24, 26, 29, 59, 31, 33, 34, 58, 57, 56, 55, 54, 53, 52, 51, 50, 49, 48, 47, 46, 45, 44, 43, 42, 41, 40, 39, 38, 37, 36, 35, 32, 30, 28, 27, 25, 23, 20, 18, 16, 15, 13, 11, 8, 6, 4, None, None]
2026-06-12 01:18:21.320 - [DEBUG] ||| prep_pass ||| rb_src = 60, rb_dest = 6
2026-06-12 01:18:21.321 - [DEBUG] ||| prep_pass ||| Next permutation = [None, None, None, None, 7, 9, 10, 62, 12, 14, 17, 61, 19, 21, 22, 60, 24, 26, 29, 59, 31, 33, 34, 58, 57, 56, 55, 54, 53, 52, 51, 50, 49, 48, 47, 46, 45, 44, 43, 42, 41, 40, 39, 38, 37, 36, 35, 32, 30, 28, 27, 25, 23, 20, 18, 16, 15, 13, 11, 8, None, None, None, None]
2026-06-12 01:18:21.321 - [DEBUG] ||| prep_pass ||| rb_src = 5, rb_dest = 9
2026-06-12 01:18:21.321 - [DEBUG] ||| prep_pass ||| Next permutation = [None, None, None, None, None, None, 10, 62, 12, 14, 17, 61, 19, 21, 22, 60, 24, 26, 29, 59, 31, 33, 34, 58, 57, 56, 55, 54, 53, 52, 51, 50, 49, 48, 47, 46, 45, 44, 43, 42, 41, 40, 39, 38, 37, 36, 35, 32, 30, 28, 27, 25, 23, 20, 18, 16, 15, 13, 11, 8, None, None, None, None]
2026-06-12 01:18:21.322 - [DEBUG] ||| prep_pass ||| rb_src = 58, rb_dest = 11
2026-06-12 01:18:21.322 - [DEBUG] ||| prep_pass ||| Next permutation = [None, None, None, None, None, None, 10, 62, 12, 14, 17, 61, 19, 21, 22, 60, 24, 26, 29, 59, 31, 33, 34, 58, 57, 56, 55, 54, 53, 52, 51, 50, 49, 48, 47, 46, 45, 44, 43, 42, 41, 40, 39, 38, 37, 36, 35, 32, 30, 28, 27, 25, 23, 20, 18, 16, 15, 13, None, None, None, None, None, None]
2026-06-12 01:18:21.323 - [DEBUG] ||| prep_pass ||| rb_src = 7, rb_dest = 62
2026-06-12 01:18:21.323 - [DEBUG] ||| prep_pass ||| Next permutation = [None, None, None, None, None, None, None, None, 12, 14, 17, 61, 19, 21, 22, 60, 24, 26, 29, 59, 31, 33, 34, 58, 57, 56, 55, 54, 53, 52, 51, 50, 49, 48, 47, 46, 45, 44, 43, 42, 41, 40, 39, 38, 37, 36, 35, 32, 30, 28, 27, 25, 23, 20, 18, 16, 15, 13, None, None, None, None, None, None]
2026-06-12 01:18:21.323 - [DEBUG] ||| prep_pass ||| Chain complete
2026-06-12 01:18:21.324 - [DEBUG] ||| run ||| pending_perm = [None, None, None, None, None, None, None, None, 12, 14, 17, 61, 19, 21, 22, 60, 24, 26, 29, 59, 31, 33, 34, 58, 57, 56, 55, 54, 53, 52, 51, 50, 49, 48, 47, 46, 45, 44, 43, 42, 41, 40, 39, 38, 37, 36, 35, 32, 30, 28, 27, 25, 23, 20, 18, 16, 15, 13, None, None, None, None, None, None] | src = 8, dest = 12
2026-06-12 01:18:21.324 - [DEBUG] ||| prep_pass ||| Next permutation = [None, None, None, None, None, None, None, None, None, None, 17, 61, 19, 21, 22, 60, 24, 26, 29, 59, 31, 33, 34, 58, 57, 56, 55, 54, 53, 52, 51, 50, 49, 48, 47, 46, 45, 44, 43, 42, 41, 40, 39, 38, 37, 36, 35, 32, 30, 28, 27, 25, 23, 20, 18, 16, 15, 13, None, None, None, None, None, None]
2026-06-12 01:18:21.325 - [DEBUG] ||| prep_pass ||| rb_src = 56, rb_dest = 15
2026-06-12 01:18:21.325 - [DEBUG] ||| prep_pass ||| Next permutation = [None, None, None, None, None, None, None, None, None, None, 17, 61, 19, 21, 22, 60, 24, 26, 29, 59, 31, 33, 34, 58, 57, 56, 55, 54, 53, 52, 51, 50, 49, 48, 47, 46, 45, 44, 43, 42, 41, 40, 39, 38, 37, 36, 35, 32, 30, 28, 27, 25, 23, 20, 18, 16, None, None, None, None, None, None, None, None]
2026-06-12 01:18:21.325 - [DEBUG] ||| prep_pass ||| Chain complete
2026-06-12 01:18:21.326 - [DEBUG] ||| run ||| pending_perm = [None, None, None, None, None, None, None, None, None, None, 17, 61, 19, 21, 22, 60, 24, 26, 29, 59, 31, 33, 34, 58, 57, 56, 55, 54, 53, 52, 51, 50, 49, 48, 47, 46, 45, 44, 43, 42, 41, 40, 39, 38, 37, 36, 35, 32, 30, 28, 27, 25, 23, 20, 18, 16, None, None, None, None, None, None, None, None] | src = 10, dest = 17
2026-06-12 01:18:21.326 - [DEBUG] ||| prep_pass ||| Next permutation = [None, None, None, None, None, None, None, None, None, None, None, None, 19, 21, 22, 60, 24, 26, 29, 59, 31, 33, 34, 58, 57, 56, 55, 54, 53, 52, 51, 50, 49, 48, 47, 46, 45, 44, 43, 42, 41, 40, 39, 38, 37, 36, 35, 32, 30, 28, 27, 25, 23, 20, 18, 16, None, None, None, None, None, None, None, None]
2026-06-12 01:18:21.327 - [DEBUG] ||| prep_pass ||| rb_src = 54, rb_dest = 18
2026-06-12 01:18:21.327 - [DEBUG] ||| prep_pass ||| Next permutation = [None, None, None, None, None, None, None, None, None, None, None, None, 19, 21, 22, 60, 24, 26, 29, 59, 31, 33, 34, 58, 57, 56, 55, 54, 53, 52, 51, 50, 49, 48, 47, 46, 45, 44, 43, 42, 41, 40, 39, 38, 37, 36, 35, 32, 30, 28, 27, 25, 23, 20, None, None, None, None, None, None, None, None, None, None]
2026-06-12 01:18:21.327 - [DEBUG] ||| prep_pass ||| rb_src = 13, rb_dest = 21
2026-06-12 01:18:21.328 - [DEBUG] ||| prep_pass ||| Next permutation = [None, None, None, None, None, None, None, None, None, None, None, None, None, None, 22, 60, 24, 26, 29, 59, 31, 33, 34, 58, 57, 56, 55, 54, 53, 52, 51, 50, 49, 48, 47, 46, 45, 44, 43, 42, 41, 40, 39, 38, 37, 36, 35, 32, 30, 28, 27, 25, 23, 20, None, None, None, None, None, None, None, None, None, None]
2026-06-12 01:18:21.328 - [DEBUG] ||| prep_pass ||| rb_src = 52, rb_dest = 23
2026-06-12 01:18:21.329 - [DEBUG] ||| prep_pass ||| Next permutation = [None, None, None, None, None, None, None, None, None, None, None, None, None, None, 22, 60, 24, 26, 29, 59, 31, 33, 34, 58, 57, 56, 55, 54, 53, 52, 51, 50, 49, 48, 47, 46, 45, 44, 43, 42, 41, 40, 39, 38, 37, 36, 35, 32, 30, 28, 27, 25, None, None, None, None, None, None, None, None, None, None, None, None]
2026-06-12 01:18:21.329 - [DEBUG] ||| prep_pass ||| rb_src = 15, rb_dest = 60
2026-06-12 01:18:21.330 - [DEBUG] ||| prep_pass ||| Next permutation = [None, None, None, None, None, None, None, None, None, None, None, None, None, None, None, None, 24, 26, 29, 59, 31, 33, 34, 58, 57, 56, 55, 54, 53, 52, 51, 50, 49, 48, 47, 46, 45, 44, 43, 42, 41, 40, 39, 38, 37, 36, 35, 32, 30, 28, 27, 25, None, None, None, None, None, None, None, None, None, None, None, None]
2026-06-12 01:18:21.330 - [DEBUG] ||| prep_pass ||| Chain complete
2026-06-12 01:18:21.331 - [DEBUG] ||| run ||| pending_perm = [None, None, None, None, None, None, None, None, None, None, None, None, None, None, None, None, 24, 26, 29, 59, 31, 33, 34, 58, 57, 56, 55, 54, 53, 52, 51, 50, 49, 48, 47, 46, 45, 44, 43, 42, 41, 40, 39, 38, 37, 36, 35, 32, 30, 28, 27, 25, None, None, None, None, None, None, None, None, None, None, None, None] | src = 16, dest = 24
2026-06-12 01:18:21.332 - [DEBUG] ||| prep_pass ||| Next permutation = [None, None, None, None, None, None, None, None, None, None, None, None, None, None, None, None, None, None, 29, 59, 31, 33, 34, 58, 57, 56, 55, 54, 53, 52, 51, 50, 49, 48, 47, 46, 45, 44, 43, 42, 41, 40, 39, 38, 37, 36, 35, 32, 30, 28, 27, 25, None, None, None, None, None, None, None, None, None, None, None, None]
2026-06-12 01:18:21.332 - [DEBUG] ||| prep_pass ||| rb_src = 50, rb_dest = 27
2026-06-12 01:18:21.333 - [DEBUG] ||| prep_pass ||| Next permutation = [None, None, None, None, None, None, None, None, None, None, None, None, None, None, None, None, None, None, 29, 59, 31, 33, 34, 58, 57, 56, 55, 54, 53, 52, 51, 50, 49, 48, 47, 46, 45, 44, 43, 42, 41, 40, 39, 38, 37, 36, 35, 32, 30, 28, None, None, None, None, None, None, None, None, None, None, None, None, None, None]
2026-06-12 01:18:21.334 - [DEBUG] ||| prep_pass ||| Chain complete
2026-06-12 01:18:21.334 - [DEBUG] ||| run ||| pending_perm = [None, None, None, None, None, None, None, None, None, None, None, None, None, None, None, None, None, None, 29, 59, 31, 33, 34, 58, 57, 56, 55, 54, 53, 52, 51, 50, 49, 48, 47, 46, 45, 44, 43, 42, 41, 40, 39, 38, 37, 36, 35, 32, 30, 28, None, None, None, None, None, None, None, None, None, None, None, None, None, None] | src = 18, dest = 29
2026-06-12 01:18:21.335 - [DEBUG] ||| prep_pass ||| Next permutation = [None, None, None, None, None, None, None, None, None, None, None, None, None, None, None, None, None, None, None, None, 31, 33, 34, 58, 57, 56, 55, 54, 53, 52, 51, 50, 49, 48, 47, 46, 45, 44, 43, 42, 41, 40, 39, 38, 37, 36, 35, 32, 30, 28, None, None, None, None, None, None, None, None, None, None, None, None, None, None]
2026-06-12 01:18:21.336 - [DEBUG] ||| prep_pass ||| rb_src = 48, rb_dest = 30
2026-06-12 01:18:21.336 - [DEBUG] ||| prep_pass ||| Next permutation = [None, None, None, None, None, None, None, None, None, None, None, None, None, None, None, None, None, None, None, None, 31, 33, 34, 58, 57, 56, 55, 54, 53, 52, 51, 50, 49, 48, 47, 46, 45, 44, 43, 42, 41, 40, 39, 38, 37, 36, 35, 32, None, None, None, None, None, None, None, None, None, None, None, None, None, None, None, None]
2026-06-12 01:18:21.337 - [DEBUG] ||| prep_pass ||| rb_src = 21, rb_dest = 33
2026-06-12 01:18:21.337 - [DEBUG] ||| prep_pass ||| Next permutation = [None, None, None, None, None, None, None, None, None, None, None, None, None, None, None, None, None, None, None, None, None, None, 34, 58, 57, 56, 55, 54, 53, 52, 51, 50, 49, 48, 47, 46, 45, 44, 43, 42, 41, 40, 39, 38, 37, 36, 35, 32, None, None, None, None, None, None, None, None, None, None, None, None, None, None, None, None]
2026-06-12 01:18:21.338 - [DEBUG] ||| prep_pass ||| rb_src = 46, rb_dest = 35
2026-06-12 01:18:21.338 - [DEBUG] ||| prep_pass ||| Next permutation = [None, None, None, None, None, None, None, None, None, None, None, None, None, None, None, None, None, None, None, None, None, None, 34, 58, 57, 56, 55, 54, 53, 52, 51, 50, 49, 48, 47, 46, 45, 44, 43, 42, 41, 40, 39, 38, 37, 36, None, None, None, None, None, None, None, None, None, None, None, None, None, None, None, None, None, None]
2026-06-12 01:18:21.339 - [DEBUG] ||| prep_pass ||| rb_src = 23, rb_dest = 58
2026-06-12 01:18:21.340 - [DEBUG] ||| prep_pass ||| Next permutation = [None, None, None, None, None, None, None, None, None, None, None, None, None, None, None, None, None, None, None, None, None, None, None, None, 57, 56, 55, 54, 53, 52, 51, 50, 49, 48, 47, 46, 45, 44, 43, 42, 41, 40, 39, 38, 37, 36, None, None, None, None, None, None, None, None, None, None, None, None, None, None, None, None, None, None]
2026-06-12 01:18:21.340 - [DEBUG] ||| prep_pass ||| Chain complete
2026-06-12 01:18:21.341 - [DEBUG] ||| run ||| pending_perm = [None, None, None, None, None, None, None, None, None, None, None, None, None, None, None, None, None, None, None, None, None, None, None, None, 57, 56, 55, 54, 53, 52, 51, 50, 49, 48, 47, 46, 45, 44, 43, 42, 41, 40, 39, 38, 37, 36, None, None, None, None, None, None, None, None, None, None, None, None, None, None, None, None, None, None] | src = 24, dest = 57
2026-06-12 01:18:21.341 - [DEBUG] ||| prep_pass ||| Next permutation = [None, None, None, None, None, None, None, None, None, None, None, None, None, None, None, None, None, None, None, None, None, None, None, None, None, None, 55, 54, 53, 52, 51, 50, 49, 48, 47, 46, 45, 44, 43, 42, 41, 40, 39, 38, 37, 36, None, None, None, None, None, None, None, None, None, None, None, None, None, None, None, None, None, None]
2026-06-12 01:18:21.341 - [DEBUG] ||| prep_pass ||| Chain complete
2026-06-12 01:18:21.342 - [DEBUG] ||| run ||| pending_perm = [None, None, None, None, None, None, None, None, None, None, None, None, None, None, None, None, None, None, None, None, None, None, None, None, None, None, 55, 54, 53, 52, 51, 50, 49, 48, 47, 46, 45, 44, 43, 42, 41, 40, 39, 38, 37, 36, None, None, None, None, None, None, None, None, None, None, None, None, None, None, None, None, None, None] | src = 26, dest = 55
2026-06-12 01:18:21.342 - [DEBUG] ||| prep_pass ||| Next permutation = [None, None, None, None, None, None, None, None, None, None, None, None, None, None, None, None, None, None, None, None, None, None, None, None, None, None, None, None, 53, 52, 51, 50, 49, 48, 47, 46, 45, 44, 43, 42, 41, 40, 39, 38, 37, 36, None, None, None, None, None, None, None, None, None, None, None, None, None, None, None, None, None, None]
2026-06-12 01:18:21.343 - [DEBUG] ||| prep_pass ||| Chain complete
2026-06-12 01:18:21.343 - [DEBUG] ||| run ||| pending_perm = [None, None, None, None, None, None, None, None, None, None, None, None, None, None, None, None, None, None, None, None, None, None, None, None, None, None, None, None, 53, 52, 51, 50, 49, 48, 47, 46, 45, 44, 43, 42, 41, 40, 39, 38, 37, 36, None, None, None, None, None, None, None, None, None, None, None, None, None, None, None, None, None, None] | src = 28, dest = 53
2026-06-12 01:18:21.343 - [DEBUG] ||| prep_pass ||| Next permutation = [None, None, None, None, None, None, None, None, None, None, None, None, None, None, None, None, None, None, None, None, None, None, None, None, None, None, None, None, None, None, 51, 50, 49, 48, 47, 46, 45, 44, 43, 42, 41, 40, 39, 38, 37, 36, None, None, None, None, None, None, None, None, None, None, None, None, None, None, None, None, None, None]
2026-06-12 01:18:21.344 - [DEBUG] ||| prep_pass ||| Chain complete
2026-06-12 01:18:21.344 - [DEBUG] ||| run ||| pending_perm = [None, None, None, None, None, None, None, None, None, None, None, None, None, None, None, None, None, None, None, None, None, None, None, None, None, None, None, None, None, None, 51, 50, 49, 48, 47, 46, 45, 44, 43, 42, 41, 40, 39, 38, 37, 36, None, None, None, None, None, None, None, None, None, None, None, None, None, None, None, None, None, None] | src = 30, dest = 51
2026-06-12 01:18:21.345 - [DEBUG] ||| prep_pass ||| Next permutation = [None, None, None, None, None, None, None, None, None, None, None, None, None, None, None, None, None, None, None, None, None, None, None, None, None, None, None, None, None, None, None, None, 49, 48, 47, 46, 45, 44, 43, 42, 41, 40, 39, 38, 37, 36, None, None, None, None, None, None, None, None, None, None, None, None, None, None, None, None, None, None]
2026-06-12 01:18:21.345 - [DEBUG] ||| prep_pass ||| Chain complete
2026-06-12 01:18:21.345 - [DEBUG] ||| run ||| pending_perm = [None, None, None, None, None, None, None, None, None, None, None, None, None, None, None, None, None, None, None, None, None, None, None, None, None, None, None, None, None, None, None, None, 49, 48, 47, 46, 45, 44, 43, 42, 41, 40, 39, 38, 37, 36, None, None, None, None, None, None, None, None, None, None, None, None, None, None, None, None, None, None] | src = 32, dest = 49
2026-06-12 01:18:21.346 - [DEBUG] ||| prep_pass ||| Next permutation = [None, None, None, None, None, None, None, None, None, None, None, None, None, None, None, None, None, None, None, None, None, None, None, None, None, None, None, None, None, None, None, None, None, None, 47, 46, 45, 44, 43, 42, 41, 40, 39, 38, 37, 36, None, None, None, None, None, None, None, None, None, None, None, None, None, None, None, None, None, None]
2026-06-12 01:18:21.346 - [DEBUG] ||| prep_pass ||| Chain complete
2026-06-12 01:18:21.347 - [DEBUG] ||| run ||| pending_perm = [None, None, None, None, None, None, None, None, None, None, None, None, None, None, None, None, None, None, None, None, None, None, None, None, None, None, None, None, None, None, None, None, None, None, 47, 46, 45, 44, 43, 42, 41, 40, 39, 38, 37, 36, None, None, None, None, None, None, None, None, None, None, None, None, None, None, None, None, None, None] | src = 34, dest = 47
2026-06-12 01:18:21.347 - [DEBUG] ||| prep_pass ||| Next permutation = [None, None, None, None, None, None, None, None, None, None, None, None, None, None, None, None, None, None, None, None, None, None, None, None, None, None, None, None, None, None, None, None, None, None, None, None, 45, 44, 43, 42, 41, 40, 39, 38, 37, 36, None, None, None, None, None, None, None, None, None, None, None, None, None, None, None, None, None, None]
2026-06-12 01:18:21.347 - [DEBUG] ||| prep_pass ||| Chain complete
2026-06-12 01:18:21.348 - [DEBUG] ||| run ||| pending_perm = [None, None, None, None, None, None, None, None, None, None, None, None, None, None, None, None, None, None, None, None, None, None, None, None, None, None, None, None, None, None, None, None, None, None, None, None, 45, 44, 43, 42, 41, 40, 39, 38, 37, 36, None, None, None, None, None, None, None, None, None, None, None, None, None, None, None, None, None, None] | src = 36, dest = 45
2026-06-12 01:18:21.348 - [DEBUG] ||| prep_pass ||| Next permutation = [None, None, None, None, None, None, None, None, None, None, None, None, None, None, None, None, None, None, None, None, None, None, None, None, None, None, None, None, None, None, None, None, None, None, None, None, None, None, 43, 42, 41, 40, 39, 38, 37, 36, None, None, None, None, None, None, None, None, None, None, None, None, None, None, None, None, None, None]
2026-06-12 01:18:21.349 - [DEBUG] ||| prep_pass ||| Chain complete
2026-06-12 01:18:21.349 - [DEBUG] ||| run ||| pending_perm = [None, None, None, None, None, None, None, None, None, None, None, None, None, None, None, None, None, None, None, None, None, None, None, None, None, None, None, None, None, None, None, None, None, None, None, None, None, None, 43, 42, 41, 40, 39, 38, 37, 36, None, None, None, None, None, None, None, None, None, None, None, None, None, None, None, None, None, None] | src = 38, dest = 43
2026-06-12 01:18:21.350 - [DEBUG] ||| prep_pass ||| Next permutation = [None, None, None, None, None, None, None, None, None, None, None, None, None, None, None, None, None, None, None, None, None, None, None, None, None, None, None, None, None, None, None, None, None, None, None, None, None, None, None, None, 41, 40, 39, 38, 37, 36, None, None, None, None, None, None, None, None, None, None, None, None, None, None, None, None, None, None]
2026-06-12 01:18:21.351 - [DEBUG] ||| prep_pass ||| Chain complete
2026-06-12 01:18:21.351 - [DEBUG] ||| run ||| pending_perm = [None, None, None, None, None, None, None, None, None, None, None, None, None, None, None, None, None, None, None, None, None, None, None, None, None, None, None, None, None, None, None, None, None, None, None, None, None, None, None, None, 41, 40, 39, 38, 37, 36, None, None, None, None, None, None, None, None, None, None, None, None, None, None, None, None, None, None] | src = 40, dest = 41
2026-06-12 01:18:21.352 - [DEBUG] ||| prep_pass ||| Next permutation = [None, None, None, None, None, None, None, None, None, None, None, None, None, None, None, None, None, None, None, None, None, None, None, None, None, None, None, None, None, None, None, None, None, None, None, None, None, None, None, None, None, None, 39, 38, 37, 36, None, None, None, None, None, None, None, None, None, None, None, None, None, None, None, None, None, None]
2026-06-12 01:18:21.353 - [DEBUG] ||| prep_pass ||| Chain complete
2026-06-12 01:18:21.353 - [DEBUG] ||| run ||| pending_perm = [None, None, None, None, None, None, None, None, None, None, None, None, None, None, None, None, None, None, None, None, None, None, None, None, None, None, None, None, None, None, None, None, None, None, None, None, None, None, None, None, None, None, 39, 38, 37, 36, None, None, None, None, None, None, None, None, None, None, None, None, None, None, None, None, None, None] | src = 42, dest = 39
2026-06-12 01:18:21.354 - [DEBUG] ||| prep_pass ||| Next permutation = [None, None, None, None, None, None, None, None, None, None, None, None, None, None, None, None, None, None, None, None, None, None, None, None, None, None, None, None, None, None, None, None, None, None, None, None, None, None, None, None, None, None, None, None, 37, 36, None, None, None, None, None, None, None, None, None, None, None, None, None, None, None, None, None, None]
2026-06-12 01:18:21.355 - [DEBUG] ||| prep_pass ||| Chain complete
2026-06-12 01:18:21.355 - [DEBUG] ||| run ||| pending_perm = [None, None, None, None, None, None, None, None, None, None, None, None, None, None, None, None, None, None, None, None, None, None, None, None, None, None, None, None, None, None, None, None, None, None, None, None, None, None, None, None, None, None, None, None, 37, 36, None, None, None, None, None, None, None, None, None, None, None, None, None, None, None, None, None, None] | src = 44, dest = 37
2026-06-12 01:18:21.356 - [DEBUG] ||| prep_pass ||| Next permutation = [None, None, None, None, None, None, None, None, None, None, None, None, None, None, None, None, None, None, None, None, None, None, None, None, None, None, None, None, None, None, None, None, None, None, None, None, None, None, None, None, None, None, None, None, None, None, None, None, None, None, None, None, None, None, None, None, None, None, None, None, None, None, None, None]
2026-06-12 01:18:21.356 - [DEBUG] ||| prep_pass ||| Chain complete
2026-06-12 01:18:21.357 - [DEBUG] ||| propogate ||| stage = 0, input perm = [0, 2, 5, 63, 7, 9, 10, 62, 12, 14, 17, 61, 19, 21, 22, 60, 24, 26, 29, 59, 31, 33, 34, 58, 57, 56, 55, 54, 53, 52, 51, 50, 49, 48, 47, 46, 45, 44, 43, 42, 41, 40, 39, 38, 37, 36, 35, 32, 30, 28, 27, 25, 23, 20, 18, 16, 15, 13, 11, 8, 6, 4, 3, 1]
2026-06-12 01:18:21.358 - [DEBUG] ||| run ||| Stage[0] | Output permutation = [0, 5, 9, 62, 12, 17, 21, 60, 24, 29, 33, 58, 57, 55, 53, 51, 49, 47, 45, 43, 41, 39, 37, 35, 30, 27, 23, 18, 15, 11, 6, 3, 2, 63, 7, 10, 14, 61, 19, 22, 26, 59, 31, 34, 56, 54, 52, 50, 48, 46, 44, 42, 40, 38, 36, 32, 28, 25, 20, 16, 13, 8, 4, 1]
2026-06-12 01:18:21.358 - [DEBUG] ||| run ||| Stage[1] || perm_split = 2, split_len = 32, sw_split = 16, sub_perms = [[0, 5, 9, 62, 12, 17, 21, 60, 24, 29, 33, 58, 57, 55, 53, 51, 49, 47, 45, 43, 41, 39, 37, 35, 30, 27, 23, 18, 15, 11, 6, 3], [2, 63, 7, 10, 14, 61, 19, 22, 26, 59, 31, 34, 56, 54, 52, 50, 48, 46, 44, 42, 40, 38, 36, 32, 28, 25, 20, 16, 13, 8, 4, 1]]
2026-06-12 01:18:21.359 - [DEBUG] ||| normalize_perm ||| Permutation post normalization = [0, 2, 4, 31, 6, 8, 10, 30, 12, 14, 16, 29, 28, 27, 26, 25, 24, 23, 22, 21, 20, 19, 18, 17, 15, 13, 11, 9, 7, 5, 3, 1]
2026-06-12 01:18:21.359 - [DEBUG] ||| run ||| pending_perm = [0, 2, 4, 31, 6, 8, 10, 30, 12, 14, 16, 29, 28, 27, 26, 25, 24, 23, 22, 21, 20, 19, 18, 17, 15, 13, 11, 9, 7, 5, 3, 1] | src = 0, dest = 0
2026-06-12 01:18:21.360 - [DEBUG] ||| prep_pass ||| Next permutation = [None, None, 4, 31, 6, 8, 10, 30, 12, 14, 16, 29, 28, 27, 26, 25, 24, 23, 22, 21, 20, 19, 18, 17, 15, 13, 11, 9, 7, 5, 3, 1]
2026-06-12 01:18:21.360 - [DEBUG] ||| prep_pass ||| rb_src = 30, rb_dest = 3
2026-06-12 01:18:21.360 - [DEBUG] ||| prep_pass ||| Next permutation = [None, None, 4, 31, 6, 8, 10, 30, 12, 14, 16, 29, 28, 27, 26, 25, 24, 23, 22, 21, 20, 19, 18, 17, 15, 13, 11, 9, 7, 5, None, None]
2026-06-12 01:18:21.361 - [DEBUG] ||| prep_pass ||| Chain complete
2026-06-12 01:18:21.361 - [DEBUG] ||| run ||| pending_perm = [None, None, 4, 31, 6, 8, 10, 30, 12, 14, 16, 29, 28, 27, 26, 25, 24, 23, 22, 21, 20, 19, 18, 17, 15, 13, 11, 9, 7, 5, None, None] | src = 2, dest = 4
2026-06-12 01:18:21.362 - [DEBUG] ||| prep_pass ||| Next permutation = [None, None, None, None, 6, 8, 10, 30, 12, 14, 16, 29, 28, 27, 26, 25, 24, 23, 22, 21, 20, 19, 18, 17, 15, 13, 11, 9, 7, 5, None, None]
2026-06-12 01:18:21.362 - [DEBUG] ||| prep_pass ||| rb_src = 28, rb_dest = 7
2026-06-12 01:18:21.363 - [DEBUG] ||| prep_pass ||| Next permutation = [None, None, None, None, 6, 8, 10, 30, 12, 14, 16, 29, 28, 27, 26, 25, 24, 23, 22, 21, 20, 19, 18, 17, 15, 13, 11, 9, None, None, None, None]
2026-06-12 01:18:21.363 - [DEBUG] ||| prep_pass ||| rb_src = 5, rb_dest = 8
2026-06-12 01:18:21.364 - [DEBUG] ||| prep_pass ||| Next permutation = [None, None, None, None, None, None, 10, 30, 12, 14, 16, 29, 28, 27, 26, 25, 24, 23, 22, 21, 20, 19, 18, 17, 15, 13, 11, 9, None, None, None, None]
2026-06-12 01:18:21.364 - [DEBUG] ||| prep_pass ||| rb_src = 26, rb_dest = 11
2026-06-12 01:18:21.364 - [DEBUG] ||| prep_pass ||| Next permutation = [None, None, None, None, None, None, 10, 30, 12, 14, 16, 29, 28, 27, 26, 25, 24, 23, 22, 21, 20, 19, 18, 17, 15, 13, None, None, None, None, None, None]
2026-06-12 01:18:21.365 - [DEBUG] ||| prep_pass ||| rb_src = 7, rb_dest = 30
2026-06-12 01:18:21.365 - [DEBUG] ||| prep_pass ||| Next permutation = [None, None, None, None, None, None, None, None, 12, 14, 16, 29, 28, 27, 26, 25, 24, 23, 22, 21, 20, 19, 18, 17, 15, 13, None, None, None, None, None, None]
2026-06-12 01:18:21.366 - [DEBUG] ||| prep_pass ||| Chain complete
2026-06-12 01:18:21.366 - [DEBUG] ||| run ||| pending_perm = [None, None, None, None, None, None, None, None, 12, 14, 16, 29, 28, 27, 26, 25, 24, 23, 22, 21, 20, 19, 18, 17, 15, 13, None, None, None, None, None, None] | src = 8, dest = 12
2026-06-12 01:18:21.367 - [DEBUG] ||| prep_pass ||| Next permutation = [None, None, None, None, None, None, None, None, None, None, 16, 29, 28, 27, 26, 25, 24, 23, 22, 21, 20, 19, 18, 17, 15, 13, None, None, None, None, None, None]
2026-06-12 01:18:21.367 - [DEBUG] ||| prep_pass ||| rb_src = 24, rb_dest = 15
2026-06-12 01:18:21.367 - [DEBUG] ||| prep_pass ||| Next permutation = [None, None, None, None, None, None, None, None, None, None, 16, 29, 28, 27, 26, 25, 24, 23, 22, 21, 20, 19, 18, 17, None, None, None, None, None, None, None, None]
2026-06-12 01:18:21.368 - [DEBUG] ||| prep_pass ||| Chain complete
2026-06-12 01:18:21.368 - [DEBUG] ||| run ||| pending_perm = [None, None, None, None, None, None, None, None, None, None, 16, 29, 28, 27, 26, 25, 24, 23, 22, 21, 20, 19, 18, 17, None, None, None, None, None, None, None, None] | src = 10, dest = 16
2026-06-12 01:18:21.369 - [DEBUG] ||| prep_pass ||| Next permutation = [None, None, None, None, None, None, None, None, None, None, None, None, 28, 27, 26, 25, 24, 23, 22, 21, 20, 19, 18, 17, None, None, None, None, None, None, None, None]
2026-06-12 01:18:21.369 - [DEBUG] ||| prep_pass ||| rb_src = 22, rb_dest = 18
2026-06-12 01:18:21.370 - [DEBUG] ||| prep_pass ||| Next permutation = [None, None, None, None, None, None, None, None, None, None, None, None, 28, 27, 26, 25, 24, 23, 22, 21, 20, 19, None, None, None, None, None, None, None, None, None, None]
2026-06-12 01:18:21.370 - [DEBUG] ||| prep_pass ||| rb_src = 20, rb_dest = 20
2026-06-12 01:18:21.370 - [DEBUG] ||| prep_pass ||| Next permutation = [None, None, None, None, None, None, None, None, None, None, None, None, 28, 27, 26, 25, 24, 23, 22, 21, None, None, None, None, None, None, None, None, None, None, None, None]
2026-06-12 01:18:21.371 - [DEBUG] ||| prep_pass ||| rb_src = 18, rb_dest = 22
2026-06-12 01:18:21.371 - [DEBUG] ||| prep_pass ||| Next permutation = [None, None, None, None, None, None, None, None, None, None, None, None, 28, 27, 26, 25, 24, 23, None, None, None, None, None, None, None, None, None, None, None, None, None, None]
2026-06-12 01:18:21.372 - [DEBUG] ||| prep_pass ||| rb_src = 16, rb_dest = 24
2026-06-12 01:18:21.372 - [DEBUG] ||| prep_pass ||| Next permutation = [None, None, None, None, None, None, None, None, None, None, None, None, 28, 27, 26, 25, None, None, None, None, None, None, None, None, None, None, None, None, None, None, None, None]
2026-06-12 01:18:21.373 - [DEBUG] ||| prep_pass ||| rb_src = 14, rb_dest = 26
2026-06-12 01:18:21.373 - [DEBUG] ||| prep_pass ||| Next permutation = [None, None, None, None, None, None, None, None, None, None, None, None, 28, 27, None, None, None, None, None, None, None, None, None, None, None, None, None, None, None, None, None, None]
2026-06-12 01:18:21.374 - [DEBUG] ||| prep_pass ||| rb_src = 12, rb_dest = 28
2026-06-12 01:18:21.374 - [DEBUG] ||| prep_pass ||| Next permutation = [None, None, None, None, None, None, None, None, None, None, None, None, None, None, None, None, None, None, None, None, None, None, None, None, None, None, None, None, None, None, None, None]
2026-06-12 01:18:21.374 - [DEBUG] ||| prep_pass ||| Chain complete
2026-06-12 01:18:21.375 - [DEBUG] ||| normalize_perm ||| Permutation post normalization = [1, 31, 3, 5, 7, 30, 9, 11, 13, 29, 15, 17, 28, 27, 26, 25, 24, 23, 22, 21, 20, 19, 18, 16, 14, 12, 10, 8, 6, 4, 2, 0]
2026-06-12 01:18:21.375 - [DEBUG] ||| run ||| pending_perm = [1, 31, 3, 5, 7, 30, 9, 11, 13, 29, 15, 17, 28, 27, 26, 25, 24, 23, 22, 21, 20, 19, 18, 16, 14, 12, 10, 8, 6, 4, 2, 0] | src = 0, dest = 1
2026-06-12 01:18:21.376 - [DEBUG] ||| prep_pass ||| Next permutation = [None, None, 3, 5, 7, 30, 9, 11, 13, 29, 15, 17, 28, 27, 26, 25, 24, 23, 22, 21, 20, 19, 18, 16, 14, 12, 10, 8, 6, 4, 2, 0]
2026-06-12 01:18:21.376 - [DEBUG] ||| prep_pass ||| rb_src = 30, rb_dest = 2
2026-06-12 01:18:21.377 - [DEBUG] ||| prep_pass ||| Next permutation = [None, None, 3, 5, 7, 30, 9, 11, 13, 29, 15, 17, 28, 27, 26, 25, 24, 23, 22, 21, 20, 19, 18, 16, 14, 12, 10, 8, 6, 4, None, None]
2026-06-12 01:18:21.377 - [DEBUG] ||| prep_pass ||| rb_src = 3, rb_dest = 5
2026-06-12 01:18:21.377 - [DEBUG] ||| prep_pass ||| Next permutation = [None, None, None, None, 7, 30, 9, 11, 13, 29, 15, 17, 28, 27, 26, 25, 24, 23, 22, 21, 20, 19, 18, 16, 14, 12, 10, 8, 6, 4, None, None]
2026-06-12 01:18:21.378 - [DEBUG] ||| prep_pass ||| rb_src = 28, rb_dest = 6
2026-06-12 01:18:21.378 - [DEBUG] ||| prep_pass ||| Next permutation = [None, None, None, None, 7, 30, 9, 11, 13, 29, 15, 17, 28, 27, 26, 25, 24, 23, 22, 21, 20, 19, 18, 16, 14, 12, 10, 8, None, None, None, None]
2026-06-12 01:18:21.379 - [DEBUG] ||| prep_pass ||| rb_src = 5, rb_dest = 30
2026-06-12 01:18:21.379 - [DEBUG] ||| prep_pass ||| Next permutation = [None, None, None, None, None, None, 9, 11, 13, 29, 15, 17, 28, 27, 26, 25, 24, 23, 22, 21, 20, 19, 18, 16, 14, 12, 10, 8, None, None, None, None]
2026-06-12 01:18:21.380 - [DEBUG] ||| prep_pass ||| Chain complete
2026-06-12 01:18:21.380 - [DEBUG] ||| run ||| pending_perm = [None, None, None, None, None, None, 9, 11, 13, 29, 15, 17, 28, 27, 26, 25, 24, 23, 22, 21, 20, 19, 18, 16, 14, 12, 10, 8, None, None, None, None] | src = 6, dest = 9
2026-06-12 01:18:21.380 - [DEBUG] ||| prep_pass ||| Next permutation = [None, None, None, None, None, None, None, None, 13, 29, 15, 17, 28, 27, 26, 25, 24, 23, 22, 21, 20, 19, 18, 16, 14, 12, 10, 8, None, None, None, None]
2026-06-12 01:18:21.381 - [DEBUG] ||| prep_pass ||| rb_src = 26, rb_dest = 10
2026-06-12 01:18:21.382 - [DEBUG] ||| prep_pass ||| Next permutation = [None, None, None, None, None, None, None, None, 13, 29, 15, 17, 28, 27, 26, 25, 24, 23, 22, 21, 20, 19, 18, 16, 14, 12, None, None, None, None, None, None]
2026-06-12 01:18:21.382 - [DEBUG] ||| prep_pass ||| Chain complete
2026-06-12 01:18:21.383 - [DEBUG] ||| run ||| pending_perm = [None, None, None, None, None, None, None, None, 13, 29, 15, 17, 28, 27, 26, 25, 24, 23, 22, 21, 20, 19, 18, 16, 14, 12, None, None, None, None, None, None] | src = 8, dest = 13
2026-06-12 01:18:21.383 - [DEBUG] ||| prep_pass ||| Next permutation = [None, None, None, None, None, None, None, None, None, None, 15, 17, 28, 27, 26, 25, 24, 23, 22, 21, 20, 19, 18, 16, 14, 12, None, None, None, None, None, None]
2026-06-12 01:18:21.384 - [DEBUG] ||| prep_pass ||| rb_src = 24, rb_dest = 14
2026-06-12 01:18:21.384 - [DEBUG] ||| prep_pass ||| Next permutation = [None, None, None, None, None, None, None, None, None, None, 15, 17, 28, 27, 26, 25, 24, 23, 22, 21, 20, 19, 18, 16, None, None, None, None, None, None, None, None]
2026-06-12 01:18:21.385 - [DEBUG] ||| prep_pass ||| rb_src = 11, rb_dest = 17
2026-06-12 01:18:21.385 - [DEBUG] ||| prep_pass ||| Next permutation = [None, None, None, None, None, None, None, None, None, None, None, None, 28, 27, 26, 25, 24, 23, 22, 21, 20, 19, 18, 16, None, None, None, None, None, None, None, None]
2026-06-12 01:18:21.386 - [DEBUG] ||| prep_pass ||| rb_src = 22, rb_dest = 18
2026-06-12 01:18:21.386 - [DEBUG] ||| prep_pass ||| Next permutation = [None, None, None, None, None, None, None, None, None, None, None, None, 28, 27, 26, 25, 24, 23, 22, 21, 20, 19, None, None, None, None, None, None, None, None, None, None]
2026-06-12 01:18:21.386 - [DEBUG] ||| prep_pass ||| rb_src = 20, rb_dest = 20
2026-06-12 01:18:21.387 - [DEBUG] ||| prep_pass ||| Next permutation = [None, None, None, None, None, None, None, None, None, None, None, None, 28, 27, 26, 25, 24, 23, 22, 21, None, None, None, None, None, None, None, None, None, None, None, None]
2026-06-12 01:18:21.387 - [DEBUG] ||| prep_pass ||| rb_src = 18, rb_dest = 22
2026-06-12 01:18:21.388 - [DEBUG] ||| prep_pass ||| Next permutation = [None, None, None, None, None, None, None, None, None, None, None, None, 28, 27, 26, 25, 24, 23, None, None, None, None, None, None, None, None, None, None, None, None, None, None]
2026-06-12 01:18:21.388 - [DEBUG] ||| prep_pass ||| rb_src = 16, rb_dest = 24
2026-06-12 01:18:21.388 - [DEBUG] ||| prep_pass ||| Next permutation = [None, None, None, None, None, None, None, None, None, None, None, None, 28, 27, 26, 25, None, None, None, None, None, None, None, None, None, None, None, None, None, None, None, None]
2026-06-12 01:18:21.389 - [DEBUG] ||| prep_pass ||| rb_src = 14, rb_dest = 26
2026-06-12 01:18:21.389 - [DEBUG] ||| prep_pass ||| Next permutation = [None, None, None, None, None, None, None, None, None, None, None, None, 28, 27, None, None, None, None, None, None, None, None, None, None, None, None, None, None, None, None, None, None]
2026-06-12 01:18:21.390 - [DEBUG] ||| prep_pass ||| rb_src = 12, rb_dest = 28
2026-06-12 01:18:21.390 - [DEBUG] ||| prep_pass ||| Next permutation = [None, None, None, None, None, None, None, None, None, None, None, None, None, None, None, None, None, None, None, None, None, None, None, None, None, None, None, None, None, None, None, None]
2026-06-12 01:18:21.391 - [DEBUG] ||| prep_pass ||| Chain complete
2026-06-12 01:18:21.391 - [DEBUG] ||| propogate ||| stage = 1, input perm = [0, 5, 9, 62, 12, 17, 21, 60, 24, 29, 33, 58, 57, 55, 53, 51, 49, 47, 45, 43, 41, 39, 37, 35, 30, 27, 23, 18, 15, 11, 6, 3, 2, 63, 7, 10, 14, 61, 19, 22, 26, 59, 31, 34, 56, 54, 52, 50, 48, 46, 44, 42, 40, 38, 36, 32, 28, 25, 20, 16, 13, 8, 4, 1]
2026-06-12 01:18:21.392 - [DEBUG] ||| run ||| Stage[1] | Output permutation = [0, 9, 17, 60, 24, 33, 57, 53, 49, 45, 41, 37, 30, 23, 15, 6, 5, 62, 12, 21, 29, 58, 55, 51, 47, 43, 39, 35, 27, 18, 11, 3, 2, 10, 61, 19, 26, 34, 56, 52, 48, 44, 40, 36, 28, 20, 13, 4, 63, 7, 14, 22, 59, 31, 54, 50, 46, 42, 38, 32, 25, 16, 8, 1]
2026-06-12 01:18:21.392 - [DEBUG] ||| run ||| Stage[2] || perm_split = 4, split_len = 16, sw_split = 8, sub_perms = [[0, 9, 17, 60, 24, 33, 57, 53, 49, 45, 41, 37, 30, 23, 15, 6], [5, 62, 12, 21, 29, 58, 55, 51, 47, 43, 39, 35, 27, 18, 11, 3], [2, 10, 61, 19, 26, 34, 56, 52, 48, 44, 40, 36, 28, 20, 13, 4], [63, 7, 14, 22, 59, 31, 54, 50, 46, 42, 38, 32, 25, 16, 8, 1]]
2026-06-12 01:18:21.392 - [DEBUG] ||| normalize_perm ||| Permutation post normalization = [0, 2, 4, 15, 6, 8, 14, 13, 12, 11, 10, 9, 7, 5, 3, 1]
2026-06-12 01:18:21.393 - [DEBUG] ||| run ||| pending_perm = [0, 2, 4, 15, 6, 8, 14, 13, 12, 11, 10, 9, 7, 5, 3, 1] | src = 0, dest = 0
2026-06-12 01:18:21.393 - [DEBUG] ||| prep_pass ||| Next permutation = [None, None, 4, 15, 6, 8, 14, 13, 12, 11, 10, 9, 7, 5, 3, 1]
2026-06-12 01:18:21.394 - [DEBUG] ||| prep_pass ||| rb_src = 14, rb_dest = 3
2026-06-12 01:18:21.394 - [DEBUG] ||| prep_pass ||| Next permutation = [None, None, 4, 15, 6, 8, 14, 13, 12, 11, 10, 9, 7, 5, None, None]
2026-06-12 01:18:21.394 - [DEBUG] ||| prep_pass ||| Chain complete
2026-06-12 01:18:21.395 - [DEBUG] ||| run ||| pending_perm = [None, None, 4, 15, 6, 8, 14, 13, 12, 11, 10, 9, 7, 5, None, None] | src = 2, dest = 4
2026-06-12 01:18:21.395 - [DEBUG] ||| prep_pass ||| Next permutation = [None, None, None, None, 6, 8, 14, 13, 12, 11, 10, 9, 7, 5, None, None]
2026-06-12 01:18:21.396 - [DEBUG] ||| prep_pass ||| rb_src = 12, rb_dest = 7
2026-06-12 01:18:21.396 - [DEBUG] ||| prep_pass ||| Next permutation = [None, None, None, None, 6, 8, 14, 13, 12, 11, 10, 9, None, None, None, None]
2026-06-12 01:18:21.397 - [DEBUG] ||| prep_pass ||| rb_src = 5, rb_dest = 8
2026-06-12 01:18:21.397 - [DEBUG] ||| prep_pass ||| Next permutation = [None, None, None, None, None, None, 14, 13, 12, 11, 10, 9, None, None, None, None]
2026-06-12 01:18:21.397 - [DEBUG] ||| prep_pass ||| rb_src = 10, rb_dest = 10
2026-06-12 01:18:21.398 - [DEBUG] ||| prep_pass ||| Next permutation = [None, None, None, None, None, None, 14, 13, 12, 11, None, None, None, None, None, None]
2026-06-12 01:18:21.398 - [DEBUG] ||| prep_pass ||| rb_src = 8, rb_dest = 12
2026-06-12 01:18:21.399 - [DEBUG] ||| prep_pass ||| Next permutation = [None, None, None, None, None, None, 14, 13, None, None, None, None, None, None, None, None]
2026-06-12 01:18:21.399 - [DEBUG] ||| prep_pass ||| rb_src = 6, rb_dest = 14
2026-06-12 01:18:21.399 - [DEBUG] ||| prep_pass ||| Next permutation = [None, None, None, None, None, None, None, None, None, None, None, None, None, None, None, None]
2026-06-12 01:18:21.400 - [DEBUG] ||| prep_pass ||| Chain complete
2026-06-12 01:18:21.400 - [DEBUG] ||| normalize_perm ||| Permutation post normalization = [1, 15, 3, 5, 7, 14, 13, 12, 11, 10, 9, 8, 6, 4, 2, 0]
2026-06-12 01:18:21.401 - [DEBUG] ||| run ||| pending_perm = [1, 15, 3, 5, 7, 14, 13, 12, 11, 10, 9, 8, 6, 4, 2, 0] | src = 0, dest = 1
2026-06-12 01:18:21.401 - [DEBUG] ||| prep_pass ||| Next permutation = [None, None, 3, 5, 7, 14, 13, 12, 11, 10, 9, 8, 6, 4, 2, 0]
2026-06-12 01:18:21.402 - [DEBUG] ||| prep_pass ||| rb_src = 14, rb_dest = 2
2026-06-12 01:18:21.402 - [DEBUG] ||| prep_pass ||| Next permutation = [None, None, 3, 5, 7, 14, 13, 12, 11, 10, 9, 8, 6, 4, None, None]
2026-06-12 01:18:21.402 - [DEBUG] ||| prep_pass ||| rb_src = 3, rb_dest = 5
2026-06-12 01:18:21.403 - [DEBUG] ||| prep_pass ||| Next permutation = [None, None, None, None, 7, 14, 13, 12, 11, 10, 9, 8, 6, 4, None, None]
2026-06-12 01:18:21.403 - [DEBUG] ||| prep_pass ||| rb_src = 12, rb_dest = 6
2026-06-12 01:18:21.404 - [DEBUG] ||| prep_pass ||| Next permutation = [None, None, None, None, 7, 14, 13, 12, 11, 10, 9, 8, None, None, None, None]
2026-06-12 01:18:21.404 - [DEBUG] ||| prep_pass ||| rb_src = 5, rb_dest = 14
2026-06-12 01:18:21.405 - [DEBUG] ||| prep_pass ||| Next permutation = [None, None, None, None, None, None, 13, 12, 11, 10, 9, 8, None, None, None, None]
2026-06-12 01:18:21.405 - [DEBUG] ||| prep_pass ||| Chain complete
2026-06-12 01:18:21.405 - [DEBUG] ||| run ||| pending_perm = [None, None, None, None, None, None, 13, 12, 11, 10, 9, 8, None, None, None, None] | src = 6, dest = 13
2026-06-12 01:18:21.406 - [DEBUG] ||| prep_pass ||| Next permutation = [None, None, None, None, None, None, None, None, 11, 10, 9, 8, None, None, None, None]
2026-06-12 01:18:21.406 - [DEBUG] ||| prep_pass ||| Chain complete
2026-06-12 01:18:21.407 - [DEBUG] ||| run ||| pending_perm = [None, None, None, None, None, None, None, None, 11, 10, 9, 8, None, None, None, None] | src = 8, dest = 11
2026-06-12 01:18:21.407 - [DEBUG] ||| prep_pass ||| Next permutation = [None, None, None, None, None, None, None, None, None, None, 9, 8, None, None, None, None]
2026-06-12 01:18:21.407 - [DEBUG] ||| prep_pass ||| Chain complete
2026-06-12 01:18:21.408 - [DEBUG] ||| run ||| pending_perm = [None, None, None, None, None, None, None, None, None, None, 9, 8, None, None, None, None] | src = 10, dest = 9
2026-06-12 01:18:21.408 - [DEBUG] ||| prep_pass ||| Next permutation = [None, None, None, None, None, None, None, None, None, None, None, None, None, None, None, None]
2026-06-12 01:18:21.409 - [DEBUG] ||| prep_pass ||| Chain complete
2026-06-12 01:18:21.409 - [DEBUG] ||| normalize_perm ||| Permutation post normalization = [0, 2, 15, 4, 6, 8, 14, 13, 12, 11, 10, 9, 7, 5, 3, 1]
2026-06-12 01:18:21.409 - [DEBUG] ||| run ||| pending_perm = [0, 2, 15, 4, 6, 8, 14, 13, 12, 11, 10, 9, 7, 5, 3, 1] | src = 0, dest = 0
2026-06-12 01:18:21.410 - [DEBUG] ||| prep_pass ||| Next permutation = [None, None, 15, 4, 6, 8, 14, 13, 12, 11, 10, 9, 7, 5, 3, 1]
2026-06-12 01:18:21.410 - [DEBUG] ||| prep_pass ||| rb_src = 14, rb_dest = 3
2026-06-12 01:18:21.411 - [DEBUG] ||| prep_pass ||| Next permutation = [None, None, 15, 4, 6, 8, 14, 13, 12, 11, 10, 9, 7, 5, None, None]
2026-06-12 01:18:21.411 - [DEBUG] ||| prep_pass ||| Chain complete
2026-06-12 01:18:21.412 - [DEBUG] ||| run ||| pending_perm = [None, None, 15, 4, 6, 8, 14, 13, 12, 11, 10, 9, 7, 5, None, None] | src = 2, dest = 15
2026-06-12 01:18:21.412 - [DEBUG] ||| prep_pass ||| Next permutation = [None, None, None, None, 6, 8, 14, 13, 12, 11, 10, 9, 7, 5, None, None]
2026-06-12 01:18:21.413 - [DEBUG] ||| prep_pass ||| rb_src = 7, rb_dest = 13
2026-06-12 01:18:21.413 - [DEBUG] ||| prep_pass ||| Next permutation = [None, None, None, None, 6, 8, None, None, 12, 11, 10, 9, 7, 5, None, None]
2026-06-12 01:18:21.414 - [DEBUG] ||| prep_pass ||| rb_src = 9, rb_dest = 11
2026-06-12 01:18:21.414 - [DEBUG] ||| prep_pass ||| Next permutation = [None, None, None, None, 6, 8, None, None, None, None, 10, 9, 7, 5, None, None]
2026-06-12 01:18:21.415 - [DEBUG] ||| prep_pass ||| rb_src = 11, rb_dest = 9
2026-06-12 01:18:21.416 - [DEBUG] ||| prep_pass ||| Next permutation = [None, None, None, None, 6, 8, None, None, None, None, None, None, 7, 5, None, None]
2026-06-12 01:18:21.416 - [DEBUG] ||| prep_pass ||| rb_src = 4, rb_dest = 6
2026-06-12 01:18:21.417 - [DEBUG] ||| prep_pass ||| Next permutation = [None, None, None, None, None, None, None, None, None, None, None, None, 7, 5, None, None]
2026-06-12 01:18:21.417 - [DEBUG] ||| prep_pass ||| rb_src = 13, rb_dest = 5
2026-06-12 01:18:21.418 - [DEBUG] ||| prep_pass ||| Next permutation = [None, None, None, None, None, None, None, None, None, None, None, None, None, None, None, None]
2026-06-12 01:18:21.418 - [DEBUG] ||| prep_pass ||| Chain complete
2026-06-12 01:18:21.419 - [DEBUG] ||| normalize_perm ||| Permutation post normalization = [15, 1, 3, 5, 14, 7, 13, 12, 11, 10, 9, 8, 6, 4, 2, 0]
2026-06-12 01:18:21.419 - [DEBUG] ||| run ||| pending_perm = [15, 1, 3, 5, 14, 7, 13, 12, 11, 10, 9, 8, 6, 4, 2, 0] | src = 0, dest = 15
2026-06-12 01:18:21.420 - [DEBUG] ||| prep_pass ||| Next permutation = [None, None, 3, 5, 14, 7, 13, 12, 11, 10, 9, 8, 6, 4, 2, 0]
2026-06-12 01:18:21.420 - [DEBUG] ||| prep_pass ||| rb_src = 5, rb_dest = 7
2026-06-12 01:18:21.421 - [DEBUG] ||| prep_pass ||| Next permutation = [None, None, 3, 5, None, None, 13, 12, 11, 10, 9, 8, 6, 4, 2, 0]
2026-06-12 01:18:21.421 - [DEBUG] ||| prep_pass ||| rb_src = 13, rb_dest = 4
2026-06-12 01:18:21.422 - [DEBUG] ||| prep_pass ||| Next permutation = [None, None, 3, 5, None, None, 13, 12, 11, 10, 9, 8, None, None, 2, 0]
2026-06-12 01:18:21.422 - [DEBUG] ||| prep_pass ||| rb_src = 2, rb_dest = 3
2026-06-12 01:18:21.423 - [DEBUG] ||| prep_pass ||| Next permutation = [None, None, None, None, None, None, 13, 12, 11, 10, 9, 8, None, None, 2, 0]
2026-06-12 01:18:21.424 - [DEBUG] ||| prep_pass ||| rb_src = 15, rb_dest = 0
2026-06-12 01:18:21.424 - [DEBUG] ||| prep_pass ||| Next permutation = [None, None, None, None, None, None, 13, 12, 11, 10, 9, 8, None, None, None, None]
2026-06-12 01:18:21.425 - [DEBUG] ||| prep_pass ||| Chain complete
2026-06-12 01:18:21.425 - [DEBUG] ||| run ||| pending_perm = [None, None, None, None, None, None, 13, 12, 11, 10, 9, 8, None, None, None, None] | src = 6, dest = 13
2026-06-12 01:18:21.426 - [DEBUG] ||| prep_pass ||| Next permutation = [None, None, None, None, None, None, None, None, 11, 10, 9, 8, None, None, None, None]
2026-06-12 01:18:21.427 - [DEBUG] ||| prep_pass ||| Chain complete
2026-06-12 01:18:21.427 - [DEBUG] ||| run ||| pending_perm = [None, None, None, None, None, None, None, None, 11, 10, 9, 8, None, None, None, None] | src = 8, dest = 11
2026-06-12 01:18:21.428 - [DEBUG] ||| prep_pass ||| Next permutation = [None, None, None, None, None, None, None, None, None, None, 9, 8, None, None, None, None]
2026-06-12 01:18:21.429 - [DEBUG] ||| prep_pass ||| Chain complete
2026-06-12 01:18:21.429 - [DEBUG] ||| run ||| pending_perm = [None, None, None, None, None, None, None, None, None, None, 9, 8, None, None, None, None] | src = 10, dest = 9
2026-06-12 01:18:21.430 - [DEBUG] ||| prep_pass ||| Next permutation = [None, None, None, None, None, None, None, None, None, None, None, None, None, None, None, None]
2026-06-12 01:18:21.430 - [DEBUG] ||| prep_pass ||| Chain complete
2026-06-12 01:18:21.431 - [DEBUG] ||| propogate ||| stage = 2, input perm = [0, 9, 17, 60, 24, 33, 57, 53, 49, 45, 41, 37, 30, 23, 15, 6, 5, 62, 12, 21, 29, 58, 55, 51, 47, 43, 39, 35, 27, 18, 11, 3, 2, 10, 61, 19, 26, 34, 56, 52, 48, 44, 40, 36, 28, 20, 13, 4, 63, 7, 14, 22, 59, 31, 54, 50, 46, 42, 38, 32, 25, 16, 8, 1]
2026-06-12 01:18:21.431 - [DEBUG] ||| run ||| Stage[2] | Output permutation = [0, 17, 33, 57, 49, 41, 30, 15, 9, 60, 24, 53, 45, 37, 23, 6, 5, 21, 58, 55, 47, 39, 27, 11, 62, 12, 29, 51, 43, 35, 18, 3, 2, 61, 26, 52, 44, 36, 20, 13, 10, 19, 34, 56, 48, 40, 28, 4, 63, 14, 31, 54, 46, 38, 16, 1, 7, 22, 59, 50, 42, 32, 25, 8]
2026-06-12 01:18:21.432 - [DEBUG] ||| run ||| Stage[3] || perm_split = 8, split_len = 8, sw_split = 4, sub_perms = [[0, 17, 33, 57, 49, 41, 30, 15], [9, 60, 24, 53, 45, 37, 23, 6], [5, 21, 58, 55, 47, 39, 27, 11], [62, 12, 29, 51, 43, 35, 18, 3], [2, 61, 26, 52, 44, 36, 20, 13], [10, 19, 34, 56, 48, 40, 28, 4], [63, 14, 31, 54, 46, 38, 16, 1], [7, 22, 59, 50, 42, 32, 25, 8]]
2026-06-12 01:18:21.432 - [DEBUG] ||| normalize_perm ||| Permutation post normalization = [0, 2, 4, 7, 6, 5, 3, 1]
2026-06-12 01:18:21.433 - [DEBUG] ||| run ||| pending_perm = [0, 2, 4, 7, 6, 5, 3, 1] | src = 0, dest = 0
2026-06-12 01:18:21.433 - [DEBUG] ||| prep_pass ||| Next permutation = [None, None, 4, 7, 6, 5, 3, 1]
2026-06-12 01:18:21.434 - [DEBUG] ||| prep_pass ||| rb_src = 6, rb_dest = 3
2026-06-12 01:18:21.435 - [DEBUG] ||| prep_pass ||| Next permutation = [None, None, 4, 7, 6, 5, None, None]
2026-06-12 01:18:21.435 - [DEBUG] ||| prep_pass ||| Chain complete
2026-06-12 01:18:21.436 - [DEBUG] ||| run ||| pending_perm = [None, None, 4, 7, 6, 5, None, None] | src = 2, dest = 4
2026-06-12 01:18:21.436 - [DEBUG] ||| prep_pass ||| Next permutation = [None, None, None, None, 6, 5, None, None]
2026-06-12 01:18:21.437 - [DEBUG] ||| prep_pass ||| rb_src = 4, rb_dest = 6
2026-06-12 01:18:21.437 - [DEBUG] ||| prep_pass ||| Next permutation = [None, None, None, None, None, None, None, None]
2026-06-12 01:18:21.437 - [DEBUG] ||| prep_pass ||| Chain complete
2026-06-12 01:18:21.438 - [DEBUG] ||| normalize_perm ||| Permutation post normalization = [1, 7, 3, 6, 5, 4, 2, 0]
2026-06-12 01:18:21.438 - [DEBUG] ||| run ||| pending_perm = [1, 7, 3, 6, 5, 4, 2, 0] | src = 0, dest = 1
2026-06-12 01:18:21.439 - [DEBUG] ||| prep_pass ||| Next permutation = [None, None, 3, 6, 5, 4, 2, 0]
2026-06-12 01:18:21.439 - [DEBUG] ||| prep_pass ||| rb_src = 6, rb_dest = 2
2026-06-12 01:18:21.440 - [DEBUG] ||| prep_pass ||| Next permutation = [None, None, 3, 6, 5, 4, None, None]
2026-06-12 01:18:21.440 - [DEBUG] ||| prep_pass ||| rb_src = 3, rb_dest = 6
2026-06-12 01:18:21.441 - [DEBUG] ||| prep_pass ||| Next permutation = [None, None, None, None, 5, 4, None, None]
2026-06-12 01:18:21.441 - [DEBUG] ||| prep_pass ||| Chain complete
2026-06-12 01:18:21.442 - [DEBUG] ||| run ||| pending_perm = [None, None, None, None, 5, 4, None, None] | src = 4, dest = 5
2026-06-12 01:18:21.442 - [DEBUG] ||| prep_pass ||| Next permutation = [None, None, None, None, None, None, None, None]
2026-06-12 01:18:21.443 - [DEBUG] ||| prep_pass ||| Chain complete
2026-06-12 01:18:21.443 - [DEBUG] ||| normalize_perm ||| Permutation post normalization = [0, 2, 7, 6, 5, 4, 3, 1]
2026-06-12 01:18:21.444 - [DEBUG] ||| run ||| pending_perm = [0, 2, 7, 6, 5, 4, 3, 1] | src = 0, dest = 0
2026-06-12 01:18:21.444 - [DEBUG] ||| prep_pass ||| Next permutation = [None, None, 7, 6, 5, 4, 3, 1]
2026-06-12 01:18:21.445 - [DEBUG] ||| prep_pass ||| rb_src = 6, rb_dest = 3
2026-06-12 01:18:21.445 - [DEBUG] ||| prep_pass ||| Next permutation = [None, None, 7, 6, 5, 4, None, None]
2026-06-12 01:18:21.446 - [DEBUG] ||| prep_pass ||| Chain complete
2026-06-12 01:18:21.446 - [DEBUG] ||| run ||| pending_perm = [None, None, 7, 6, 5, 4, None, None] | src = 2, dest = 7
2026-06-12 01:18:21.447 - [DEBUG] ||| prep_pass ||| Next permutation = [None, None, None, None, 5, 4, None, None]
2026-06-12 01:18:21.447 - [DEBUG] ||| prep_pass ||| Chain complete
2026-06-12 01:18:21.448 - [DEBUG] ||| run ||| pending_perm = [None, None, None, None, 5, 4, None, None] | src = 4, dest = 5
2026-06-12 01:18:21.448 - [DEBUG] ||| prep_pass ||| Next permutation = [None, None, None, None, None, None, None, None]
2026-06-12 01:18:21.449 - [DEBUG] ||| prep_pass ||| Chain complete
2026-06-12 01:18:21.449 - [DEBUG] ||| normalize_perm ||| Permutation post normalization = [7, 1, 3, 6, 5, 4, 2, 0]
2026-06-12 01:18:21.450 - [DEBUG] ||| run ||| pending_perm = [7, 1, 3, 6, 5, 4, 2, 0] | src = 0, dest = 7
2026-06-12 01:18:21.450 - [DEBUG] ||| prep_pass ||| Next permutation = [None, None, 3, 6, 5, 4, 2, 0]
2026-06-12 01:18:21.451 - [DEBUG] ||| prep_pass ||| rb_src = 2, rb_dest = 3
2026-06-12 01:18:21.451 - [DEBUG] ||| prep_pass ||| Next permutation = [None, None, None, None, 5, 4, 2, 0]
2026-06-12 01:18:21.452 - [DEBUG] ||| prep_pass ||| rb_src = 7, rb_dest = 0
2026-06-12 01:18:21.452 - [DEBUG] ||| prep_pass ||| Next permutation = [None, None, None, None, 5, 4, None, None]
2026-06-12 01:18:21.453 - [DEBUG] ||| prep_pass ||| Chain complete
2026-06-12 01:18:21.453 - [DEBUG] ||| run ||| pending_perm = [None, None, None, None, 5, 4, None, None] | src = 4, dest = 5
2026-06-12 01:18:21.453 - [DEBUG] ||| prep_pass ||| Next permutation = [None, None, None, None, None, None, None, None]
2026-06-12 01:18:21.454 - [DEBUG] ||| prep_pass ||| Chain complete
2026-06-12 01:18:21.454 - [DEBUG] ||| normalize_perm ||| Permutation post normalization = [0, 7, 3, 6, 5, 4, 2, 1]
2026-06-12 01:18:21.455 - [DEBUG] ||| run ||| pending_perm = [0, 7, 3, 6, 5, 4, 2, 1] | src = 0, dest = 0
2026-06-12 01:18:21.456 - [DEBUG] ||| prep_pass ||| Next permutation = [None, None, 3, 6, 5, 4, 2, 1]
2026-06-12 01:18:21.456 - [DEBUG] ||| prep_pass ||| rb_src = 6, rb_dest = 2
2026-06-12 01:18:21.457 - [DEBUG] ||| prep_pass ||| Next permutation = [None, None, 3, 6, 5, 4, None, None]
2026-06-12 01:18:21.458 - [DEBUG] ||| prep_pass ||| rb_src = 3, rb_dest = 6
2026-06-12 01:18:21.458 - [DEBUG] ||| prep_pass ||| Next permutation = [None, None, None, None, 5, 4, None, None]
2026-06-12 01:18:21.458 - [DEBUG] ||| prep_pass ||| Chain complete
2026-06-12 01:18:21.459 - [DEBUG] ||| run ||| pending_perm = [None, None, None, None, 5, 4, None, None] | src = 4, dest = 5
2026-06-12 01:18:21.459 - [DEBUG] ||| prep_pass ||| Next permutation = [None, None, None, None, None, None, None, None]
2026-06-12 01:18:21.460 - [DEBUG] ||| prep_pass ||| Chain complete
2026-06-12 01:18:21.460 - [DEBUG] ||| normalize_perm ||| Permutation post normalization = [1, 2, 4, 7, 6, 5, 3, 0]
2026-06-12 01:18:21.461 - [DEBUG] ||| run ||| pending_perm = [1, 2, 4, 7, 6, 5, 3, 0] | src = 0, dest = 1
2026-06-12 01:18:21.461 - [DEBUG] ||| prep_pass ||| Next permutation = [None, None, 4, 7, 6, 5, 3, 0]
2026-06-12 01:18:21.462 - [DEBUG] ||| prep_pass ||| rb_src = 6, rb_dest = 3
2026-06-12 01:18:21.462 - [DEBUG] ||| prep_pass ||| Next permutation = [None, None, 4, 7, 6, 5, None, None]
2026-06-12 01:18:21.463 - [DEBUG] ||| prep_pass ||| Chain complete
2026-06-12 01:18:21.463 - [DEBUG] ||| run ||| pending_perm = [None, None, 4, 7, 6, 5, None, None] | src = 2, dest = 4
2026-06-12 01:18:21.464 - [DEBUG] ||| prep_pass ||| Next permutation = [None, None, None, None, 6, 5, None, None]
2026-06-12 01:18:21.464 - [DEBUG] ||| prep_pass ||| rb_src = 4, rb_dest = 6
2026-06-12 01:18:21.464 - [DEBUG] ||| prep_pass ||| Next permutation = [None, None, None, None, None, None, None, None]
2026-06-12 01:18:21.465 - [DEBUG] ||| prep_pass ||| Chain complete
2026-06-12 01:18:21.465 - [DEBUG] ||| normalize_perm ||| Permutation post normalization = [7, 1, 3, 6, 5, 4, 2, 0]
2026-06-12 01:18:21.466 - [DEBUG] ||| run ||| pending_perm = [7, 1, 3, 6, 5, 4, 2, 0] | src = 0, dest = 7
2026-06-12 01:18:21.466 - [DEBUG] ||| prep_pass ||| Next permutation = [None, None, 3, 6, 5, 4, 2, 0]
2026-06-12 01:18:21.466 - [DEBUG] ||| prep_pass ||| rb_src = 2, rb_dest = 3
2026-06-12 01:18:21.467 - [DEBUG] ||| prep_pass ||| Next permutation = [None, None, None, None, 5, 4, 2, 0]
2026-06-12 01:18:21.467 - [DEBUG] ||| prep_pass ||| rb_src = 7, rb_dest = 0
2026-06-12 01:18:21.467 - [DEBUG] ||| prep_pass ||| Next permutation = [None, None, None, None, 5, 4, None, None]
2026-06-12 01:18:21.468 - [DEBUG] ||| prep_pass ||| Chain complete
2026-06-12 01:18:21.468 - [DEBUG] ||| run ||| pending_perm = [None, None, None, None, 5, 4, None, None] | src = 4, dest = 5
2026-06-12 01:18:21.469 - [DEBUG] ||| prep_pass ||| Next permutation = [None, None, None, None, None, None, None, None]
2026-06-12 01:18:21.469 - [DEBUG] ||| prep_pass ||| Chain complete
2026-06-12 01:18:21.470 - [DEBUG] ||| normalize_perm ||| Permutation post normalization = [0, 2, 7, 6, 5, 4, 3, 1]
2026-06-12 01:18:21.470 - [DEBUG] ||| run ||| pending_perm = [0, 2, 7, 6, 5, 4, 3, 1] | src = 0, dest = 0
2026-06-12 01:18:21.471 - [DEBUG] ||| prep_pass ||| Next permutation = [None, None, 7, 6, 5, 4, 3, 1]
2026-06-12 01:18:21.472 - [DEBUG] ||| prep_pass ||| rb_src = 6, rb_dest = 3
2026-06-12 01:18:21.472 - [DEBUG] ||| prep_pass ||| Next permutation = [None, None, 7, 6, 5, 4, None, None]
2026-06-12 01:18:21.473 - [DEBUG] ||| prep_pass ||| Chain complete
2026-06-12 01:18:21.473 - [DEBUG] ||| run ||| pending_perm = [None, None, 7, 6, 5, 4, None, None] | src = 2, dest = 7
2026-06-12 01:18:21.474 - [DEBUG] ||| prep_pass ||| Next permutation = [None, None, None, None, 5, 4, None, None]
2026-06-12 01:18:21.474 - [DEBUG] ||| prep_pass ||| Chain complete
2026-06-12 01:18:21.475 - [DEBUG] ||| run ||| pending_perm = [None, None, None, None, 5, 4, None, None] | src = 4, dest = 5
2026-06-12 01:18:21.476 - [DEBUG] ||| prep_pass ||| Next permutation = [None, None, None, None, None, None, None, None]
2026-06-12 01:18:21.476 - [DEBUG] ||| prep_pass ||| Chain complete
2026-06-12 01:18:21.477 - [DEBUG] ||| propogate ||| stage = 3, input perm = [0, 17, 33, 57, 49, 41, 30, 15, 9, 60, 24, 53, 45, 37, 23, 6, 5, 21, 58, 55, 47, 39, 27, 11, 62, 12, 29, 51, 43, 35, 18, 3, 2, 61, 26, 52, 44, 36, 20, 13, 10, 19, 34, 56, 48, 40, 28, 4, 63, 14, 31, 54, 46, 38, 16, 1, 7, 22, 59, 50, 42, 32, 25, 8]
2026-06-12 01:18:21.477 - [DEBUG] ||| run ||| Stage[3] | Output permutation = [0, 33, 49, 30, 17, 57, 41, 15, 9, 53, 45, 23, 60, 24, 37, 6, 5, 58, 47, 27, 21, 55, 39, 11, 62, 29, 43, 3, 12, 51, 35, 18, 2, 52, 44, 20, 61, 26, 36, 13, 10, 34, 48, 28, 19, 56, 40, 4, 63, 31, 46, 1, 14, 54, 38, 16, 7, 59, 42, 25, 22, 50, 32, 8]
2026-06-12 01:18:21.478 - [DEBUG] ||| run ||| Stage[4] || perm_split = 16, split_len = 4, sw_split = 2, sub_perms = [[0, 33, 49, 30], [17, 57, 41, 15], [9, 53, 45, 23], [60, 24, 37, 6], [5, 58, 47, 27], [21, 55, 39, 11], [62, 29, 43, 3], [12, 51, 35, 18], [2, 52, 44, 20], [61, 26, 36, 13], [10, 34, 48, 28], [19, 56, 40, 4], [63, 31, 46, 1], [14, 54, 38, 16], [7, 59, 42, 25], [22, 50, 32, 8]]
2026-06-12 01:18:21.479 - [DEBUG] ||| normalize_perm ||| Permutation post normalization = [0, 2, 3, 1]
2026-06-12 01:18:21.479 - [DEBUG] ||| run ||| pending_perm = [0, 2, 3, 1] | src = 0, dest = 0
2026-06-12 01:18:21.480 - [DEBUG] ||| prep_pass ||| Next permutation = [None, None, 3, 1]
2026-06-12 01:18:21.480 - [DEBUG] ||| prep_pass ||| rb_src = 2, rb_dest = 3
2026-06-12 01:18:21.481 - [DEBUG] ||| prep_pass ||| Next permutation = [None, None, None, None]
2026-06-12 01:18:21.481 - [DEBUG] ||| prep_pass ||| Chain complete
2026-06-12 01:18:21.482 - [DEBUG] ||| normalize_perm ||| Permutation post normalization = [1, 3, 2, 0]
2026-06-12 01:18:21.482 - [DEBUG] ||| run ||| pending_perm = [1, 3, 2, 0] | src = 0, dest = 1
2026-06-12 01:18:21.483 - [DEBUG] ||| prep_pass ||| Next permutation = [None, None, 2, 0]
2026-06-12 01:18:21.483 - [DEBUG] ||| prep_pass ||| rb_src = 2, rb_dest = 2
2026-06-12 01:18:21.484 - [DEBUG] ||| prep_pass ||| Next permutation = [None, None, None, None]
2026-06-12 01:18:21.484 - [DEBUG] ||| prep_pass ||| Chain complete
2026-06-12 01:18:21.485 - [DEBUG] ||| normalize_perm ||| Permutation post normalization = [0, 3, 2, 1]
2026-06-12 01:18:21.486 - [DEBUG] ||| run ||| pending_perm = [0, 3, 2, 1] | src = 0, dest = 0
2026-06-12 01:18:21.486 - [DEBUG] ||| prep_pass ||| Next permutation = [None, None, 2, 1]
2026-06-12 01:18:21.487 - [DEBUG] ||| prep_pass ||| rb_src = 2, rb_dest = 2
2026-06-12 01:18:21.487 - [DEBUG] ||| prep_pass ||| Next permutation = [None, None, None, None]
2026-06-12 01:18:21.488 - [DEBUG] ||| prep_pass ||| Chain complete
2026-06-12 01:18:21.488 - [DEBUG] ||| normalize_perm ||| Permutation post normalization = [3, 1, 2, 0]
2026-06-12 01:18:21.489 - [DEBUG] ||| run ||| pending_perm = [3, 1, 2, 0] | src = 0, dest = 3
2026-06-12 01:18:21.489 - [DEBUG] ||| prep_pass ||| Next permutation = [None, None, 2, 0]
2026-06-12 01:18:21.489 - [DEBUG] ||| prep_pass ||| rb_src = 3, rb_dest = 0
2026-06-12 01:18:21.490 - [DEBUG] ||| prep_pass ||| Next permutation = [None, None, None, None]
2026-06-12 01:18:21.490 - [DEBUG] ||| prep_pass ||| Chain complete
2026-06-12 01:18:21.491 - [DEBUG] ||| normalize_perm ||| Permutation post normalization = [0, 3, 2, 1]
2026-06-12 01:18:21.491 - [DEBUG] ||| run ||| pending_perm = [0, 3, 2, 1] | src = 0, dest = 0
2026-06-12 01:18:21.492 - [DEBUG] ||| prep_pass ||| Next permutation = [None, None, 2, 1]
2026-06-12 01:18:21.492 - [DEBUG] ||| prep_pass ||| rb_src = 2, rb_dest = 2
2026-06-12 01:18:21.492 - [DEBUG] ||| prep_pass ||| Next permutation = [None, None, None, None]
2026-06-12 01:18:21.493 - [DEBUG] ||| prep_pass ||| Chain complete
2026-06-12 01:18:21.493 - [DEBUG] ||| normalize_perm ||| Permutation post normalization = [1, 3, 2, 0]
2026-06-12 01:18:21.494 - [DEBUG] ||| run ||| pending_perm = [1, 3, 2, 0] | src = 0, dest = 1
2026-06-12 01:18:21.494 - [DEBUG] ||| prep_pass ||| Next permutation = [None, None, 2, 0]
2026-06-12 01:18:21.495 - [DEBUG] ||| prep_pass ||| rb_src = 2, rb_dest = 2
2026-06-12 01:18:21.495 - [DEBUG] ||| prep_pass ||| Next permutation = [None, None, None, None]
2026-06-12 01:18:21.495 - [DEBUG] ||| prep_pass ||| Chain complete
2026-06-12 01:18:21.496 - [DEBUG] ||| normalize_perm ||| Permutation post normalization = [3, 1, 2, 0]
2026-06-12 01:18:21.497 - [DEBUG] ||| run ||| pending_perm = [3, 1, 2, 0] | src = 0, dest = 3
2026-06-12 01:18:21.497 - [DEBUG] ||| prep_pass ||| Next permutation = [None, None, 2, 0]
2026-06-12 01:18:21.498 - [DEBUG] ||| prep_pass ||| rb_src = 3, rb_dest = 0
2026-06-12 01:18:21.498 - [DEBUG] ||| prep_pass ||| Next permutation = [None, None, None, None]
2026-06-12 01:18:21.499 - [DEBUG] ||| prep_pass ||| Chain complete
2026-06-12 01:18:21.500 - [DEBUG] ||| normalize_perm ||| Permutation post normalization = [0, 3, 2, 1]
2026-06-12 01:18:21.500 - [DEBUG] ||| run ||| pending_perm = [0, 3, 2, 1] | src = 0, dest = 0
2026-06-12 01:18:21.501 - [DEBUG] ||| prep_pass ||| Next permutation = [None, None, 2, 1]
2026-06-12 01:18:21.501 - [DEBUG] ||| prep_pass ||| rb_src = 2, rb_dest = 2
2026-06-12 01:18:21.502 - [DEBUG] ||| prep_pass ||| Next permutation = [None, None, None, None]
2026-06-12 01:18:21.502 - [DEBUG] ||| prep_pass ||| Chain complete
2026-06-12 01:18:21.503 - [DEBUG] ||| normalize_perm ||| Permutation post normalization = [0, 3, 2, 1]
2026-06-12 01:18:21.503 - [DEBUG] ||| run ||| pending_perm = [0, 3, 2, 1] | src = 0, dest = 0
2026-06-12 01:18:21.504 - [DEBUG] ||| prep_pass ||| Next permutation = [None, None, 2, 1]
2026-06-12 01:18:21.504 - [DEBUG] ||| prep_pass ||| rb_src = 2, rb_dest = 2
2026-06-12 01:18:21.505 - [DEBUG] ||| prep_pass ||| Next permutation = [None, None, None, None]
2026-06-12 01:18:21.505 - [DEBUG] ||| prep_pass ||| Chain complete
2026-06-12 01:18:21.506 - [DEBUG] ||| normalize_perm ||| Permutation post normalization = [3, 1, 2, 0]
2026-06-12 01:18:21.506 - [DEBUG] ||| run ||| pending_perm = [3, 1, 2, 0] | src = 0, dest = 3
2026-06-12 01:18:21.507 - [DEBUG] ||| prep_pass ||| Next permutation = [None, None, 2, 0]
2026-06-12 01:18:21.507 - [DEBUG] ||| prep_pass ||| rb_src = 3, rb_dest = 0
2026-06-12 01:18:21.508 - [DEBUG] ||| prep_pass ||| Next permutation = [None, None, None, None]
2026-06-12 01:18:21.508 - [DEBUG] ||| prep_pass ||| Chain complete
2026-06-12 01:18:21.509 - [DEBUG] ||| normalize_perm ||| Permutation post normalization = [0, 2, 3, 1]
2026-06-12 01:18:21.510 - [DEBUG] ||| run ||| pending_perm = [0, 2, 3, 1] | src = 0, dest = 0
2026-06-12 01:18:21.510 - [DEBUG] ||| prep_pass ||| Next permutation = [None, None, 3, 1]
2026-06-12 01:18:21.511 - [DEBUG] ||| prep_pass ||| rb_src = 2, rb_dest = 3
2026-06-12 01:18:21.511 - [DEBUG] ||| prep_pass ||| Next permutation = [None, None, None, None]
2026-06-12 01:18:21.512 - [DEBUG] ||| prep_pass ||| Chain complete
2026-06-12 01:18:21.513 - [DEBUG] ||| normalize_perm ||| Permutation post normalization = [1, 3, 2, 0]
2026-06-12 01:18:21.513 - [DEBUG] ||| run ||| pending_perm = [1, 3, 2, 0] | src = 0, dest = 1
2026-06-12 01:18:21.514 - [DEBUG] ||| prep_pass ||| Next permutation = [None, None, 2, 0]
2026-06-12 01:18:21.514 - [DEBUG] ||| prep_pass ||| rb_src = 2, rb_dest = 2
2026-06-12 01:18:21.515 - [DEBUG] ||| prep_pass ||| Next permutation = [None, None, None, None]
2026-06-12 01:18:21.515 - [DEBUG] ||| prep_pass ||| Chain complete
2026-06-12 01:18:21.516 - [DEBUG] ||| normalize_perm ||| Permutation post normalization = [3, 1, 2, 0]
2026-06-12 01:18:21.517 - [DEBUG] ||| run ||| pending_perm = [3, 1, 2, 0] | src = 0, dest = 3
2026-06-12 01:18:21.517 - [DEBUG] ||| prep_pass ||| Next permutation = [None, None, 2, 0]
2026-06-12 01:18:21.518 - [DEBUG] ||| prep_pass ||| rb_src = 3, rb_dest = 0
2026-06-12 01:18:21.518 - [DEBUG] ||| prep_pass ||| Next permutation = [None, None, None, None]
2026-06-12 01:18:21.519 - [DEBUG] ||| prep_pass ||| Chain complete
2026-06-12 01:18:21.520 - [DEBUG] ||| normalize_perm ||| Permutation post normalization = [0, 3, 2, 1]
2026-06-12 01:18:21.520 - [DEBUG] ||| run ||| pending_perm = [0, 3, 2, 1] | src = 0, dest = 0
2026-06-12 01:18:21.520 - [DEBUG] ||| prep_pass ||| Next permutation = [None, None, 2, 1]
2026-06-12 01:18:21.521 - [DEBUG] ||| prep_pass ||| rb_src = 2, rb_dest = 2
2026-06-12 01:18:21.522 - [DEBUG] ||| prep_pass ||| Next permutation = [None, None, None, None]
2026-06-12 01:18:21.522 - [DEBUG] ||| prep_pass ||| Chain complete
2026-06-12 01:18:21.522 - [DEBUG] ||| normalize_perm ||| Permutation post normalization = [0, 3, 2, 1]
2026-06-12 01:18:21.523 - [DEBUG] ||| run ||| pending_perm = [0, 3, 2, 1] | src = 0, dest = 0
2026-06-12 01:18:21.524 - [DEBUG] ||| prep_pass ||| Next permutation = [None, None, 2, 1]
2026-06-12 01:18:21.524 - [DEBUG] ||| prep_pass ||| rb_src = 2, rb_dest = 2
2026-06-12 01:18:21.525 - [DEBUG] ||| prep_pass ||| Next permutation = [None, None, None, None]
2026-06-12 01:18:21.525 - [DEBUG] ||| prep_pass ||| Chain complete
2026-06-12 01:18:21.526 - [DEBUG] ||| normalize_perm ||| Permutation post normalization = [1, 3, 2, 0]
2026-06-12 01:18:21.526 - [DEBUG] ||| run ||| pending_perm = [1, 3, 2, 0] | src = 0, dest = 1
2026-06-12 01:18:21.527 - [DEBUG] ||| prep_pass ||| Next permutation = [None, None, 2, 0]
2026-06-12 01:18:21.528 - [DEBUG] ||| prep_pass ||| rb_src = 2, rb_dest = 2
2026-06-12 01:18:21.528 - [DEBUG] ||| prep_pass ||| Next permutation = [None, None, None, None]
2026-06-12 01:18:21.529 - [DEBUG] ||| prep_pass ||| Chain complete
2026-06-12 01:18:21.530 - [DEBUG] ||| propogate ||| stage = 4, input perm = [0, 33, 49, 30, 17, 57, 41, 15, 9, 53, 45, 23, 60, 24, 37, 6, 5, 58, 47, 27, 21, 55, 39, 11, 62, 29, 43, 3, 12, 51, 35, 18, 2, 52, 44, 20, 61, 26, 36, 13, 10, 34, 48, 28, 19, 56, 40, 4, 63, 31, 46, 1, 14, 54, 38, 16, 7, 59, 42, 25, 22, 50, 32, 8]
2026-06-12 01:18:21.530 - [DEBUG] ||| run ||| Stage[4] | Output permutation = [0, 49, 33, 30, 17, 41, 57, 15, 9, 45, 53, 23, 60, 6, 24, 37, 5, 47, 58, 27, 21, 39, 55, 11, 62, 3, 29, 43, 12, 35, 51, 18, 2, 44, 52, 20, 61, 13, 26, 36, 10, 48, 34, 28, 19, 40, 56, 4, 63, 1, 31, 46, 14, 38, 54, 16, 7, 42, 59, 25, 22, 32, 50, 8]
2026-06-12 01:18:21.531 - [DEBUG] ||| propogate ||| stage = 5, input perm = [0, 49, 33, 30, 17, 41, 57, 15, 9, 45, 53, 23, 60, 6, 24, 37, 5, 47, 58, 27, 21, 39, 55, 11, 62, 3, 29, 43, 12, 35, 51, 18, 2, 44, 52, 20, 61, 13, 26, 36, 10, 48, 34, 28, 19, 40, 56, 4, 63, 1, 31, 46, 14, 38, 54, 16, 7, 42, 59, 25, 22, 32, 50, 8]
2026-06-12 01:18:21.532 - [DEBUG] ||| run ||| Stage[5] | Output permutation = [0, 30, 49, 33, 17, 15, 41, 57, 9, 23, 45, 53, 6, 24, 60, 37, 5, 27, 47, 58, 21, 11, 39, 55, 3, 29, 62, 43, 12, 18, 35, 51, 2, 20, 44, 52, 13, 26, 61, 36, 10, 28, 48, 34, 19, 4, 40, 56, 1, 31, 63, 46, 14, 16, 38, 54, 7, 25, 42, 59, 22, 8, 32, 50]
2026-06-12 01:18:21.533 - [DEBUG] ||| propogate ||| stage = 6, input perm = [0, 30, 49, 33, 17, 15, 41, 57, 9, 23, 45, 53, 6, 24, 60, 37, 5, 27, 47, 58, 21, 11, 39, 55, 3, 29, 62, 43, 12, 18, 35, 51, 2, 20, 44, 52, 13, 26, 61, 36, 10, 28, 48, 34, 19, 4, 40, 56, 1, 31, 63, 46, 14, 16, 38, 54, 7, 25, 42, 59, 22, 8, 32, 50]
2026-06-12 01:18:21.533 - [DEBUG] ||| run ||| Stage[6] | Output permutation = [0, 15, 30, 17, 33, 41, 49, 57, 9, 6, 23, 24, 45, 37, 53, 60, 5, 11, 27, 21, 47, 39, 58, 55, 3, 12, 29, 18, 43, 35, 62, 51, 2, 13, 20, 26, 44, 36, 52, 61, 10, 4, 28, 19, 34, 40, 48, 56, 1, 14, 31, 16, 46, 38, 63, 54, 7, 8, 25, 22, 42, 32, 59, 50]
2026-06-12 01:18:21.535 - [DEBUG] ||| propogate ||| stage = 7, input perm = [0, 15, 30, 17, 33, 41, 49, 57, 9, 6, 23, 24, 45, 37, 53, 60, 5, 11, 27, 21, 47, 39, 58, 55, 3, 12, 29, 18, 43, 35, 62, 51, 2, 13, 20, 26, 44, 36, 52, 61, 10, 4, 28, 19, 34, 40, 48, 56, 1, 14, 31, 16, 46, 38, 63, 54, 7, 8, 25, 22, 42, 32, 59, 50]
2026-06-12 01:18:21.536 - [DEBUG] ||| run ||| Stage[7] | Output permutation = [0, 6, 15, 9, 17, 23, 30, 24, 33, 37, 41, 45, 49, 53, 57, 60, 5, 3, 11, 12, 21, 18, 27, 29, 39, 35, 47, 43, 55, 51, 58, 62, 2, 4, 13, 10, 20, 19, 26, 28, 36, 34, 44, 40, 52, 48, 61, 56, 1, 7, 14, 8, 16, 22, 31, 25, 38, 32, 46, 42, 54, 50, 63, 59]
2026-06-12 01:18:21.536 - [DEBUG] ||| propogate ||| stage = 8, input perm = [0, 6, 15, 9, 17, 23, 30, 24, 33, 37, 41, 45, 49, 53, 57, 60, 5, 3, 11, 12, 21, 18, 27, 29, 39, 35, 47, 43, 55, 51, 58, 62, 2, 4, 13, 10, 20, 19, 26, 28, 36, 34, 44, 40, 52, 48, 61, 56, 1, 7, 14, 8, 16, 22, 31, 25, 38, 32, 46, 42, 54, 50, 63, 59]
2026-06-12 01:18:21.537 - [DEBUG] ||| run ||| Stage[8] | Output permutation = [0, 3, 6, 5, 9, 11, 15, 12, 17, 18, 23, 21, 24, 27, 30, 29, 33, 35, 37, 39, 41, 43, 45, 47, 49, 51, 53, 55, 57, 58, 60, 62, 2, 1, 4, 7, 10, 8, 13, 14, 19, 16, 20, 22, 26, 25, 28, 31, 34, 32, 36, 38, 40, 42, 44, 46, 48, 50, 52, 54, 56, 59, 61, 63]
2026-06-12 01:18:21.537 - [DEBUG] ||| propogate ||| stage = 9, input perm = [0, 3, 6, 5, 9, 11, 15, 12, 17, 18, 23, 21, 24, 27, 30, 29, 33, 35, 37, 39, 41, 43, 45, 47, 49, 51, 53, 55, 57, 58, 60, 62, 2, 1, 4, 7, 10, 8, 13, 14, 19, 16, 20, 22, 26, 25, 28, 31, 34, 32, 36, 38, 40, 42, 44, 46, 48, 50, 52, 54, 56, 59, 61, 63]
2026-06-12 01:18:21.538 - [DEBUG] ||| run ||| Stage[9] | Output permutation = [0, 1, 3, 2, 5, 4, 6, 7, 9, 8, 11, 10, 12, 13, 15, 14, 17, 16, 18, 19, 21, 20, 23, 22, 24, 25, 27, 26, 29, 28, 30, 31, 33, 32, 35, 34, 37, 36, 39, 38, 41, 40, 43, 42, 45, 44, 47, 46, 49, 48, 51, 50, 53, 52, 55, 54, 57, 56, 58, 59, 60, 61, 62, 63]
2026-06-12 01:18:21.539 - [DEBUG] ||| propogate ||| stage = 10, input perm = [0, 1, 3, 2, 5, 4, 6, 7, 9, 8, 11, 10, 12, 13, 15, 14, 17, 16, 18, 19, 21, 20, 23, 22, 24, 25, 27, 26, 29, 28, 30, 31, 33, 32, 35, 34, 37, 36, 39, 38, 41, 40, 43, 42, 45, 44, 47, 46, 49, 48, 51, 50, 53, 52, 55, 54, 57, 56, 58, 59, 60, 61, 62, 63]
2026-06-12 01:18:21.539 - [DEBUG] ||| run ||| Stage[10] | Output permutation = [0, 1, 2, 3, 4, 5, 6, 7, 8, 9, 10, 11, 12, 13, 14, 15, 16, 17, 18, 19, 20, 21, 22, 23, 24, 25, 26, 27, 28, 29, 30, 31, 32, 33, 34, 35, 36, 37, 38, 39, 40, 41, 42, 43, 44, 45, 46, 47, 48, 49, 50, 51, 52, 53, 54, 55, 56, 57, 58, 59, 60, 61, 62, 63]
2026-06-12 01:18:21.540 - [DEBUG] ||| run ||| Benes Routing: PASSED
2026-06-12 01:18:21.541 - [DEBUG] ||| run ||| Attempting to route Benes permutation = [(0, 0), (1, 1), (2, 2), (3, 3), (4, 4), (5, 5), (12, 22), (13, 23), (14, 24), (15, 25), (16, 26), (17, 27), (24, 28), (25, 29), (26, 30), (27, 31), (28, 32), (29, 33)]
2026-06-12 01:18:21.541 - [DEBUG] ||| balance_perm ||| almost-balanced_perm = [0, 1, 2, 3, 4, 5, None, None, None, None, None, None, 22, 23, 24, 25, 26, 27, None, None, None, None, None, None, 28, 29, 30, 31, 32, 33, None, None, None, None, None, None, None, None, None, None, None, None, None, None, None, None, None, None, None, None, None, None, None, None, None, None, None, None, None, None, None, None, None, None]; free_dest = [6, 7, 8, 9, 10, 11, 12, 13, 14, 15, 16, 17, 18, 19, 20, 21, 34, 35, 36, 37, 38, 39, 40, 41, 42, 43, 44, 45, 46, 47, 48, 49, 50, 51, 52, 53, 54, 55, 56, 57, 58, 59, 60, 61, 62, 63]
2026-06-12 01:18:21.542 - [DEBUG] ||| balance_perm ||| balanced_perm = [0, 1, 2, 3, 4, 5, 63, 62, 61, 60, 59, 58, 22, 23, 24, 25, 26, 27, 57, 56, 55, 54, 53, 52, 28, 29, 30, 31, 32, 33, 51, 50, 49, 48, 47, 46, 45, 44, 43, 42, 41, 40, 39, 38, 37, 36, 35, 34, 21, 20, 19, 18, 17, 16, 15, 14, 13, 12, 11, 10, 9, 8, 7, 6]
2026-06-12 01:18:21.542 - [DEBUG] ||| run ||| Stage[0] || perm_split = 1, split_len = 64, sw_split = 32, sub_perms = [[0, 1, 2, 3, 4, 5, 63, 62, 61, 60, 59, 58, 22, 23, 24, 25, 26, 27, 57, 56, 55, 54, 53, 52, 28, 29, 30, 31, 32, 33, 51, 50, 49, 48, 47, 46, 45, 44, 43, 42, 41, 40, 39, 38, 37, 36, 35, 34, 21, 20, 19, 18, 17, 16, 15, 14, 13, 12, 11, 10, 9, 8, 7, 6]]
2026-06-12 01:18:21.543 - [DEBUG] ||| normalize_perm ||| Permutation post normalization = [0, 1, 2, 3, 4, 5, 63, 62, 61, 60, 59, 58, 22, 23, 24, 25, 26, 27, 57, 56, 55, 54, 53, 52, 28, 29, 30, 31, 32, 33, 51, 50, 49, 48, 47, 46, 45, 44, 43, 42, 41, 40, 39, 38, 37, 36, 35, 34, 21, 20, 19, 18, 17, 16, 15, 14, 13, 12, 11, 10, 9, 8, 7, 6]
2026-06-12 01:18:21.544 - [DEBUG] ||| run ||| pending_perm = [0, 1, 2, 3, 4, 5, 63, 62, 61, 60, 59, 58, 22, 23, 24, 25, 26, 27, 57, 56, 55, 54, 53, 52, 28, 29, 30, 31, 32, 33, 51, 50, 49, 48, 47, 46, 45, 44, 43, 42, 41, 40, 39, 38, 37, 36, 35, 34, 21, 20, 19, 18, 17, 16, 15, 14, 13, 12, 11, 10, 9, 8, 7, 6] | src = 0, dest = 0
2026-06-12 01:18:21.544 - [DEBUG] ||| prep_pass ||| Next permutation = [None, None, 2, 3, 4, 5, 63, 62, 61, 60, 59, 58, 22, 23, 24, 25, 26, 27, 57, 56, 55, 54, 53, 52, 28, 29, 30, 31, 32, 33, 51, 50, 49, 48, 47, 46, 45, 44, 43, 42, 41, 40, 39, 38, 37, 36, 35, 34, 21, 20, 19, 18, 17, 16, 15, 14, 13, 12, 11, 10, 9, 8, 7, 6]
2026-06-12 01:18:21.545 - [DEBUG] ||| prep_pass ||| Chain complete
2026-06-12 01:18:21.545 - [DEBUG] ||| run ||| pending_perm = [None, None, 2, 3, 4, 5, 63, 62, 61, 60, 59, 58, 22, 23, 24, 25, 26, 27, 57, 56, 55, 54, 53, 52, 28, 29, 30, 31, 32, 33, 51, 50, 49, 48, 47, 46, 45, 44, 43, 42, 41, 40, 39, 38, 37, 36, 35, 34, 21, 20, 19, 18, 17, 16, 15, 14, 13, 12, 11, 10, 9, 8, 7, 6] | src = 2, dest = 2
2026-06-12 01:18:21.546 - [DEBUG] ||| prep_pass ||| Next permutation = [None, None, None, None, 4, 5, 63, 62, 61, 60, 59, 58, 22, 23, 24, 25, 26, 27, 57, 56, 55, 54, 53, 52, 28, 29, 30, 31, 32, 33, 51, 50, 49, 48, 47, 46, 45, 44, 43, 42, 41, 40, 39, 38, 37, 36, 35, 34, 21, 20, 19, 18, 17, 16, 15, 14, 13, 12, 11, 10, 9, 8, 7, 6]
2026-06-12 01:18:21.547 - [DEBUG] ||| prep_pass ||| Chain complete
2026-06-12 01:18:21.547 - [DEBUG] ||| run ||| pending_perm = [None, None, None, None, 4, 5, 63, 62, 61, 60, 59, 58, 22, 23, 24, 25, 26, 27, 57, 56, 55, 54, 53, 52, 28, 29, 30, 31, 32, 33, 51, 50, 49, 48, 47, 46, 45, 44, 43, 42, 41, 40, 39, 38, 37, 36, 35, 34, 21, 20, 19, 18, 17, 16, 15, 14, 13, 12, 11, 10, 9, 8, 7, 6] | src = 4, dest = 4
2026-06-12 01:18:21.548 - [DEBUG] ||| prep_pass ||| Next permutation = [None, None, None, None, None, None, 63, 62, 61, 60, 59, 58, 22, 23, 24, 25, 26, 27, 57, 56, 55, 54, 53, 52, 28, 29, 30, 31, 32, 33, 51, 50, 49, 48, 47, 46, 45, 44, 43, 42, 41, 40, 39, 38, 37, 36, 35, 34, 21, 20, 19, 18, 17, 16, 15, 14, 13, 12, 11, 10, 9, 8, 7, 6]
2026-06-12 01:18:21.549 - [DEBUG] ||| prep_pass ||| Chain complete
2026-06-12 01:18:21.550 - [DEBUG] ||| run ||| pending_perm = [None, None, None, None, None, None, 63, 62, 61, 60, 59, 58, 22, 23, 24, 25, 26, 27, 57, 56, 55, 54, 53, 52, 28, 29, 30, 31, 32, 33, 51, 50, 49, 48, 47, 46, 45, 44, 43, 42, 41, 40, 39, 38, 37, 36, 35, 34, 21, 20, 19, 18, 17, 16, 15, 14, 13, 12, 11, 10, 9, 8, 7, 6] | src = 6, dest = 63
2026-06-12 01:18:21.550 - [DEBUG] ||| prep_pass ||| Next permutation = [None, None, None, None, None, None, None, None, 61, 60, 59, 58, 22, 23, 24, 25, 26, 27, 57, 56, 55, 54, 53, 52, 28, 29, 30, 31, 32, 33, 51, 50, 49, 48, 47, 46, 45, 44, 43, 42, 41, 40, 39, 38, 37, 36, 35, 34, 21, 20, 19, 18, 17, 16, 15, 14, 13, 12, 11, 10, 9, 8, 7, 6]
2026-06-12 01:18:21.551 - [DEBUG] ||| prep_pass ||| Chain complete
2026-06-12 01:18:21.552 - [DEBUG] ||| run ||| pending_perm = [None, None, None, None, None, None, None, None, 61, 60, 59, 58, 22, 23, 24, 25, 26, 27, 57, 56, 55, 54, 53, 52, 28, 29, 30, 31, 32, 33, 51, 50, 49, 48, 47, 46, 45, 44, 43, 42, 41, 40, 39, 38, 37, 36, 35, 34, 21, 20, 19, 18, 17, 16, 15, 14, 13, 12, 11, 10, 9, 8, 7, 6] | src = 8, dest = 61
2026-06-12 01:18:21.552 - [DEBUG] ||| prep_pass ||| Next permutation = [None, None, None, None, None, None, None, None, None, None, 59, 58, 22, 23, 24, 25, 26, 27, 57, 56, 55, 54, 53, 52, 28, 29, 30, 31, 32, 33, 51, 50, 49, 48, 47, 46, 45, 44, 43, 42, 41, 40, 39, 38, 37, 36, 35, 34, 21, 20, 19, 18, 17, 16, 15, 14, 13, 12, 11, 10, 9, 8, 7, 6]
2026-06-12 01:18:21.553 - [DEBUG] ||| prep_pass ||| Chain complete
2026-06-12 01:18:21.554 - [DEBUG] ||| run ||| pending_perm = [None, None, None, None, None, None, None, None, None, None, 59, 58, 22, 23, 24, 25, 26, 27, 57, 56, 55, 54, 53, 52, 28, 29, 30, 31, 32, 33, 51, 50, 49, 48, 47, 46, 45, 44, 43, 42, 41, 40, 39, 38, 37, 36, 35, 34, 21, 20, 19, 18, 17, 16, 15, 14, 13, 12, 11, 10, 9, 8, 7, 6] | src = 10, dest = 59
2026-06-12 01:18:21.555 - [DEBUG] ||| prep_pass ||| Next permutation = [None, None, None, None, None, None, None, None, None, None, None, None, 22, 23, 24, 25, 26, 27, 57, 56, 55, 54, 53, 52, 28, 29, 30, 31, 32, 33, 51, 50, 49, 48, 47, 46, 45, 44, 43, 42, 41, 40, 39, 38, 37, 36, 35, 34, 21, 20, 19, 18, 17, 16, 15, 14, 13, 12, 11, 10, 9, 8, 7, 6]
2026-06-12 01:18:21.555 - [DEBUG] ||| prep_pass ||| Chain complete
2026-06-12 01:18:21.556 - [DEBUG] ||| run ||| pending_perm = [None, None, None, None, None, None, None, None, None, None, None, None, 22, 23, 24, 25, 26, 27, 57, 56, 55, 54, 53, 52, 28, 29, 30, 31, 32, 33, 51, 50, 49, 48, 47, 46, 45, 44, 43, 42, 41, 40, 39, 38, 37, 36, 35, 34, 21, 20, 19, 18, 17, 16, 15, 14, 13, 12, 11, 10, 9, 8, 7, 6] | src = 12, dest = 22
2026-06-12 01:18:21.557 - [DEBUG] ||| prep_pass ||| Next permutation = [None, None, None, None, None, None, None, None, None, None, None, None, None, None, 24, 25, 26, 27, 57, 56, 55, 54, 53, 52, 28, 29, 30, 31, 32, 33, 51, 50, 49, 48, 47, 46, 45, 44, 43, 42, 41, 40, 39, 38, 37, 36, 35, 34, 21, 20, 19, 18, 17, 16, 15, 14, 13, 12, 11, 10, 9, 8, 7, 6]
2026-06-12 01:18:21.557 - [DEBUG] ||| prep_pass ||| Chain complete
2026-06-12 01:18:21.558 - [DEBUG] ||| run ||| pending_perm = [None, None, None, None, None, None, None, None, None, None, None, None, None, None, 24, 25, 26, 27, 57, 56, 55, 54, 53, 52, 28, 29, 30, 31, 32, 33, 51, 50, 49, 48, 47, 46, 45, 44, 43, 42, 41, 40, 39, 38, 37, 36, 35, 34, 21, 20, 19, 18, 17, 16, 15, 14, 13, 12, 11, 10, 9, 8, 7, 6] | src = 14, dest = 24
2026-06-12 01:18:21.558 - [DEBUG] ||| prep_pass ||| Next permutation = [None, None, None, None, None, None, None, None, None, None, None, None, None, None, None, None, 26, 27, 57, 56, 55, 54, 53, 52, 28, 29, 30, 31, 32, 33, 51, 50, 49, 48, 47, 46, 45, 44, 43, 42, 41, 40, 39, 38, 37, 36, 35, 34, 21, 20, 19, 18, 17, 16, 15, 14, 13, 12, 11, 10, 9, 8, 7, 6]
2026-06-12 01:18:21.559 - [DEBUG] ||| prep_pass ||| Chain complete
2026-06-12 01:18:21.560 - [DEBUG] ||| run ||| pending_perm = [None, None, None, None, None, None, None, None, None, None, None, None, None, None, None, None, 26, 27, 57, 56, 55, 54, 53, 52, 28, 29, 30, 31, 32, 33, 51, 50, 49, 48, 47, 46, 45, 44, 43, 42, 41, 40, 39, 38, 37, 36, 35, 34, 21, 20, 19, 18, 17, 16, 15, 14, 13, 12, 11, 10, 9, 8, 7, 6] | src = 16, dest = 26
2026-06-12 01:18:21.560 - [DEBUG] ||| prep_pass ||| Next permutation = [None, None, None, None, None, None, None, None, None, None, None, None, None, None, None, None, None, None, 57, 56, 55, 54, 53, 52, 28, 29, 30, 31, 32, 33, 51, 50, 49, 48, 47, 46, 45, 44, 43, 42, 41, 40, 39, 38, 37, 36, 35, 34, 21, 20, 19, 18, 17, 16, 15, 14, 13, 12, 11, 10, 9, 8, 7, 6]
2026-06-12 01:18:21.561 - [DEBUG] ||| prep_pass ||| Chain complete
2026-06-12 01:18:21.562 - [DEBUG] ||| run ||| pending_perm = [None, None, None, None, None, None, None, None, None, None, None, None, None, None, None, None, None, None, 57, 56, 55, 54, 53, 52, 28, 29, 30, 31, 32, 33, 51, 50, 49, 48, 47, 46, 45, 44, 43, 42, 41, 40, 39, 38, 37, 36, 35, 34, 21, 20, 19, 18, 17, 16, 15, 14, 13, 12, 11, 10, 9, 8, 7, 6] | src = 18, dest = 57
2026-06-12 01:18:21.563 - [DEBUG] ||| prep_pass ||| Next permutation = [None, None, None, None, None, None, None, None, None, None, None, None, None, None, None, None, None, None, None, None, 55, 54, 53, 52, 28, 29, 30, 31, 32, 33, 51, 50, 49, 48, 47, 46, 45, 44, 43, 42, 41, 40, 39, 38, 37, 36, 35, 34, 21, 20, 19, 18, 17, 16, 15, 14, 13, 12, 11, 10, 9, 8, 7, 6]
2026-06-12 01:18:21.563 - [DEBUG] ||| prep_pass ||| Chain complete
2026-06-12 01:18:21.564 - [DEBUG] ||| run ||| pending_perm = [None, None, None, None, None, None, None, None, None, None, None, None, None, None, None, None, None, None, None, None, 55, 54, 53, 52, 28, 29, 30, 31, 32, 33, 51, 50, 49, 48, 47, 46, 45, 44, 43, 42, 41, 40, 39, 38, 37, 36, 35, 34, 21, 20, 19, 18, 17, 16, 15, 14, 13, 12, 11, 10, 9, 8, 7, 6] | src = 20, dest = 55
2026-06-12 01:18:21.564 - [DEBUG] ||| prep_pass ||| Next permutation = [None, None, None, None, None, None, None, None, None, None, None, None, None, None, None, None, None, None, None, None, None, None, 53, 52, 28, 29, 30, 31, 32, 33, 51, 50, 49, 48, 47, 46, 45, 44, 43, 42, 41, 40, 39, 38, 37, 36, 35, 34, 21, 20, 19, 18, 17, 16, 15, 14, 13, 12, 11, 10, 9, 8, 7, 6]
2026-06-12 01:18:21.565 - [DEBUG] ||| prep_pass ||| Chain complete
2026-06-12 01:18:21.565 - [DEBUG] ||| run ||| pending_perm = [None, None, None, None, None, None, None, None, None, None, None, None, None, None, None, None, None, None, None, None, None, None, 53, 52, 28, 29, 30, 31, 32, 33, 51, 50, 49, 48, 47, 46, 45, 44, 43, 42, 41, 40, 39, 38, 37, 36, 35, 34, 21, 20, 19, 18, 17, 16, 15, 14, 13, 12, 11, 10, 9, 8, 7, 6] | src = 22, dest = 53
2026-06-12 01:18:21.566 - [DEBUG] ||| prep_pass ||| Next permutation = [None, None, None, None, None, None, None, None, None, None, None, None, None, None, None, None, None, None, None, None, None, None, None, None, 28, 29, 30, 31, 32, 33, 51, 50, 49, 48, 47, 46, 45, 44, 43, 42, 41, 40, 39, 38, 37, 36, 35, 34, 21, 20, 19, 18, 17, 16, 15, 14, 13, 12, 11, 10, 9, 8, 7, 6]
2026-06-12 01:18:21.567 - [DEBUG] ||| prep_pass ||| Chain complete
2026-06-12 01:18:21.568 - [DEBUG] ||| run ||| pending_perm = [None, None, None, None, None, None, None, None, None, None, None, None, None, None, None, None, None, None, None, None, None, None, None, None, 28, 29, 30, 31, 32, 33, 51, 50, 49, 48, 47, 46, 45, 44, 43, 42, 41, 40, 39, 38, 37, 36, 35, 34, 21, 20, 19, 18, 17, 16, 15, 14, 13, 12, 11, 10, 9, 8, 7, 6] | src = 24, dest = 28
2026-06-12 01:18:21.568 - [DEBUG] ||| prep_pass ||| Next permutation = [None, None, None, None, None, None, None, None, None, None, None, None, None, None, None, None, None, None, None, None, None, None, None, None, None, None, 30, 31, 32, 33, 51, 50, 49, 48, 47, 46, 45, 44, 43, 42, 41, 40, 39, 38, 37, 36, 35, 34, 21, 20, 19, 18, 17, 16, 15, 14, 13, 12, 11, 10, 9, 8, 7, 6]
2026-06-12 01:18:21.568 - [DEBUG] ||| prep_pass ||| Chain complete
2026-06-12 01:18:21.569 - [DEBUG] ||| run ||| pending_perm = [None, None, None, None, None, None, None, None, None, None, None, None, None, None, None, None, None, None, None, None, None, None, None, None, None, None, 30, 31, 32, 33, 51, 50, 49, 48, 47, 46, 45, 44, 43, 42, 41, 40, 39, 38, 37, 36, 35, 34, 21, 20, 19, 18, 17, 16, 15, 14, 13, 12, 11, 10, 9, 8, 7, 6] | src = 26, dest = 30
2026-06-12 01:18:21.570 - [DEBUG] ||| prep_pass ||| Next permutation = [None, None, None, None, None, None, None, None, None, None, None, None, None, None, None, None, None, None, None, None, None, None, None, None, None, None, None, None, 32, 33, 51, 50, 49, 48, 47, 46, 45, 44, 43, 42, 41, 40, 39, 38, 37, 36, 35, 34, 21, 20, 19, 18, 17, 16, 15, 14, 13, 12, 11, 10, 9, 8, 7, 6]
2026-06-12 01:18:21.570 - [DEBUG] ||| prep_pass ||| Chain complete
2026-06-12 01:18:21.571 - [DEBUG] ||| run ||| pending_perm = [None, None, None, None, None, None, None, None, None, None, None, None, None, None, None, None, None, None, None, None, None, None, None, None, None, None, None, None, 32, 33, 51, 50, 49, 48, 47, 46, 45, 44, 43, 42, 41, 40, 39, 38, 37, 36, 35, 34, 21, 20, 19, 18, 17, 16, 15, 14, 13, 12, 11, 10, 9, 8, 7, 6] | src = 28, dest = 32
2026-06-12 01:18:21.571 - [DEBUG] ||| prep_pass ||| Next permutation = [None, None, None, None, None, None, None, None, None, None, None, None, None, None, None, None, None, None, None, None, None, None, None, None, None, None, None, None, None, None, 51, 50, 49, 48, 47, 46, 45, 44, 43, 42, 41, 40, 39, 38, 37, 36, 35, 34, 21, 20, 19, 18, 17, 16, 15, 14, 13, 12, 11, 10, 9, 8, 7, 6]
2026-06-12 01:18:21.572 - [DEBUG] ||| prep_pass ||| Chain complete
2026-06-12 01:18:21.572 - [DEBUG] ||| run ||| pending_perm = [None, None, None, None, None, None, None, None, None, None, None, None, None, None, None, None, None, None, None, None, None, None, None, None, None, None, None, None, None, None, 51, 50, 49, 48, 47, 46, 45, 44, 43, 42, 41, 40, 39, 38, 37, 36, 35, 34, 21, 20, 19, 18, 17, 16, 15, 14, 13, 12, 11, 10, 9, 8, 7, 6] | src = 30, dest = 51
2026-06-12 01:18:21.573 - [DEBUG] ||| prep_pass ||| Next permutation = [None, None, None, None, None, None, None, None, None, None, None, None, None, None, None, None, None, None, None, None, None, None, None, None, None, None, None, None, None, None, None, None, 49, 48, 47, 46, 45, 44, 43, 42, 41, 40, 39, 38, 37, 36, 35, 34, 21, 20, 19, 18, 17, 16, 15, 14, 13, 12, 11, 10, 9, 8, 7, 6]
2026-06-12 01:18:21.573 - [DEBUG] ||| prep_pass ||| Chain complete
2026-06-12 01:18:21.574 - [DEBUG] ||| run ||| pending_perm = [None, None, None, None, None, None, None, None, None, None, None, None, None, None, None, None, None, None, None, None, None, None, None, None, None, None, None, None, None, None, None, None, 49, 48, 47, 46, 45, 44, 43, 42, 41, 40, 39, 38, 37, 36, 35, 34, 21, 20, 19, 18, 17, 16, 15, 14, 13, 12, 11, 10, 9, 8, 7, 6] | src = 32, dest = 49
2026-06-12 01:18:21.575 - [DEBUG] ||| prep_pass ||| Next permutation = [None, None, None, None, None, None, None, None, None, None, None, None, None, None, None, None, None, None, None, None, None, None, None, None, None, None, None, None, None, None, None, None, None, None, 47, 46, 45, 44, 43, 42, 41, 40, 39, 38, 37, 36, 35, 34, 21, 20, 19, 18, 17, 16, 15, 14, 13, 12, 11, 10, 9, 8, 7, 6]
2026-06-12 01:18:21.575 - [DEBUG] ||| prep_pass ||| Chain complete
2026-06-12 01:18:21.576 - [DEBUG] ||| run ||| pending_perm = [None, None, None, None, None, None, None, None, None, None, None, None, None, None, None, None, None, None, None, None, None, None, None, None, None, None, None, None, None, None, None, None, None, None, 47, 46, 45, 44, 43, 42, 41, 40, 39, 38, 37, 36, 35, 34, 21, 20, 19, 18, 17, 16, 15, 14, 13, 12, 11, 10, 9, 8, 7, 6] | src = 34, dest = 47
2026-06-12 01:18:21.576 - [DEBUG] ||| prep_pass ||| Next permutation = [None, None, None, None, None, None, None, None, None, None, None, None, None, None, None, None, None, None, None, None, None, None, None, None, None, None, None, None, None, None, None, None, None, None, None, None, 45, 44, 43, 42, 41, 40, 39, 38, 37, 36, 35, 34, 21, 20, 19, 18, 17, 16, 15, 14, 13, 12, 11, 10, 9, 8, 7, 6]
2026-06-12 01:18:21.577 - [DEBUG] ||| prep_pass ||| Chain complete
2026-06-12 01:18:21.577 - [DEBUG] ||| run ||| pending_perm = [None, None, None, None, None, None, None, None, None, None, None, None, None, None, None, None, None, None, None, None, None, None, None, None, None, None, None, None, None, None, None, None, None, None, None, None, 45, 44, 43, 42, 41, 40, 39, 38, 37, 36, 35, 34, 21, 20, 19, 18, 17, 16, 15, 14, 13, 12, 11, 10, 9, 8, 7, 6] | src = 36, dest = 45
2026-06-12 01:18:21.578 - [DEBUG] ||| prep_pass ||| Next permutation = [None, None, None, None, None, None, None, None, None, None, None, None, None, None, None, None, None, None, None, None, None, None, None, None, None, None, None, None, None, None, None, None, None, None, None, None, None, None, 43, 42, 41, 40, 39, 38, 37, 36, 35, 34, 21, 20, 19, 18, 17, 16, 15, 14, 13, 12, 11, 10, 9, 8, 7, 6]
2026-06-12 01:18:21.578 - [DEBUG] ||| prep_pass ||| Chain complete
2026-06-12 01:18:21.579 - [DEBUG] ||| run ||| pending_perm = [None, None, None, None, None, None, None, None, None, None, None, None, None, None, None, None, None, None, None, None, None, None, None, None, None, None, None, None, None, None, None, None, None, None, None, None, None, None, 43, 42, 41, 40, 39, 38, 37, 36, 35, 34, 21, 20, 19, 18, 17, 16, 15, 14, 13, 12, 11, 10, 9, 8, 7, 6] | src = 38, dest = 43
2026-06-12 01:18:21.579 - [DEBUG] ||| prep_pass ||| Next permutation = [None, None, None, None, None, None, None, None, None, None, None, None, None, None, None, None, None, None, None, None, None, None, None, None, None, None, None, None, None, None, None, None, None, None, None, None, None, None, None, None, 41, 40, 39, 38, 37, 36, 35, 34, 21, 20, 19, 18, 17, 16, 15, 14, 13, 12, 11, 10, 9, 8, 7, 6]
2026-06-12 01:18:21.580 - [DEBUG] ||| prep_pass ||| Chain complete
2026-06-12 01:18:21.580 - [DEBUG] ||| run ||| pending_perm = [None, None, None, None, None, None, None, None, None, None, None, None, None, None, None, None, None, None, None, None, None, None, None, None, None, None, None, None, None, None, None, None, None, None, None, None, None, None, None, None, 41, 40, 39, 38, 37, 36, 35, 34, 21, 20, 19, 18, 17, 16, 15, 14, 13, 12, 11, 10, 9, 8, 7, 6] | src = 40, dest = 41
2026-06-12 01:18:21.581 - [DEBUG] ||| prep_pass ||| Next permutation = [None, None, None, None, None, None, None, None, None, None, None, None, None, None, None, None, None, None, None, None, None, None, None, None, None, None, None, None, None, None, None, None, None, None, None, None, None, None, None, None, None, None, 39, 38, 37, 36, 35, 34, 21, 20, 19, 18, 17, 16, 15, 14, 13, 12, 11, 10, 9, 8, 7, 6]
2026-06-12 01:18:21.582 - [DEBUG] ||| prep_pass ||| Chain complete
2026-06-12 01:18:21.582 - [DEBUG] ||| run ||| pending_perm = [None, None, None, None, None, None, None, None, None, None, None, None, None, None, None, None, None, None, None, None, None, None, None, None, None, None, None, None, None, None, None, None, None, None, None, None, None, None, None, None, None, None, 39, 38, 37, 36, 35, 34, 21, 20, 19, 18, 17, 16, 15, 14, 13, 12, 11, 10, 9, 8, 7, 6] | src = 42, dest = 39
2026-06-12 01:18:21.583 - [DEBUG] ||| prep_pass ||| Next permutation = [None, None, None, None, None, None, None, None, None, None, None, None, None, None, None, None, None, None, None, None, None, None, None, None, None, None, None, None, None, None, None, None, None, None, None, None, None, None, None, None, None, None, None, None, 37, 36, 35, 34, 21, 20, 19, 18, 17, 16, 15, 14, 13, 12, 11, 10, 9, 8, 7, 6]
2026-06-12 01:18:21.583 - [DEBUG] ||| prep_pass ||| Chain complete
2026-06-12 01:18:21.584 - [DEBUG] ||| run ||| pending_perm = [None, None, None, None, None, None, None, None, None, None, None, None, None, None, None, None, None, None, None, None, None, None, None, None, None, None, None, None, None, None, None, None, None, None, None, None, None, None, None, None, None, None, None, None, 37, 36, 35, 34, 21, 20, 19, 18, 17, 16, 15, 14, 13, 12, 11, 10, 9, 8, 7, 6] | src = 44, dest = 37
2026-06-12 01:18:21.584 - [DEBUG] ||| prep_pass ||| Next permutation = [None, None, None, None, None, None, None, None, None, None, None, None, None, None, None, None, None, None, None, None, None, None, None, None, None, None, None, None, None, None, None, None, None, None, None, None, None, None, None, None, None, None, None, None, None, None, 35, 34, 21, 20, 19, 18, 17, 16, 15, 14, 13, 12, 11, 10, 9, 8, 7, 6]
2026-06-12 01:18:21.585 - [DEBUG] ||| prep_pass ||| Chain complete
2026-06-12 01:18:21.586 - [DEBUG] ||| run ||| pending_perm = [None, None, None, None, None, None, None, None, None, None, None, None, None, None, None, None, None, None, None, None, None, None, None, None, None, None, None, None, None, None, None, None, None, None, None, None, None, None, None, None, None, None, None, None, None, None, 35, 34, 21, 20, 19, 18, 17, 16, 15, 14, 13, 12, 11, 10, 9, 8, 7, 6] | src = 46, dest = 35
2026-06-12 01:18:21.586 - [DEBUG] ||| prep_pass ||| Next permutation = [None, None, None, None, None, None, None, None, None, None, None, None, None, None, None, None, None, None, None, None, None, None, None, None, None, None, None, None, None, None, None, None, None, None, None, None, None, None, None, None, None, None, None, None, None, None, None, None, 21, 20, 19, 18, 17, 16, 15, 14, 13, 12, 11, 10, 9, 8, 7, 6]
2026-06-12 01:18:21.587 - [DEBUG] ||| prep_pass ||| Chain complete
2026-06-12 01:18:21.587 - [DEBUG] ||| run ||| pending_perm = [None, None, None, None, None, None, None, None, None, None, None, None, None, None, None, None, None, None, None, None, None, None, None, None, None, None, None, None, None, None, None, None, None, None, None, None, None, None, None, None, None, None, None, None, None, None, None, None, 21, 20, 19, 18, 17, 16, 15, 14, 13, 12, 11, 10, 9, 8, 7, 6] | src = 48, dest = 21
2026-06-12 01:18:21.588 - [DEBUG] ||| prep_pass ||| Next permutation = [None, None, None, None, None, None, None, None, None, None, None, None, None, None, None, None, None, None, None, None, None, None, None, None, None, None, None, None, None, None, None, None, None, None, None, None, None, None, None, None, None, None, None, None, None, None, None, None, None, None, 19, 18, 17, 16, 15, 14, 13, 12, 11, 10, 9, 8, 7, 6]
2026-06-12 01:18:21.588 - [DEBUG] ||| prep_pass ||| Chain complete
2026-06-12 01:18:21.589 - [DEBUG] ||| run ||| pending_perm = [None, None, None, None, None, None, None, None, None, None, None, None, None, None, None, None, None, None, None, None, None, None, None, None, None, None, None, None, None, None, None, None, None, None, None, None, None, None, None, None, None, None, None, None, None, None, None, None, None, None, 19, 18, 17, 16, 15, 14, 13, 12, 11, 10, 9, 8, 7, 6] | src = 50, dest = 19
2026-06-12 01:18:21.589 - [DEBUG] ||| prep_pass ||| Next permutation = [None, None, None, None, None, None, None, None, None, None, None, None, None, None, None, None, None, None, None, None, None, None, None, None, None, None, None, None, None, None, None, None, None, None, None, None, None, None, None, None, None, None, None, None, None, None, None, None, None, None, None, None, 17, 16, 15, 14, 13, 12, 11, 10, 9, 8, 7, 6]
2026-06-12 01:18:21.590 - [DEBUG] ||| prep_pass ||| Chain complete
2026-06-12 01:18:21.591 - [DEBUG] ||| run ||| pending_perm = [None, None, None, None, None, None, None, None, None, None, None, None, None, None, None, None, None, None, None, None, None, None, None, None, None, None, None, None, None, None, None, None, None, None, None, None, None, None, None, None, None, None, None, None, None, None, None, None, None, None, None, None, 17, 16, 15, 14, 13, 12, 11, 10, 9, 8, 7, 6] | src = 52, dest = 17
2026-06-12 01:18:21.591 - [DEBUG] ||| prep_pass ||| Next permutation = [None, None, None, None, None, None, None, None, None, None, None, None, None, None, None, None, None, None, None, None, None, None, None, None, None, None, None, None, None, None, None, None, None, None, None, None, None, None, None, None, None, None, None, None, None, None, None, None, None, None, None, None, None, None, 15, 14, 13, 12, 11, 10, 9, 8, 7, 6]
2026-06-12 01:18:21.592 - [DEBUG] ||| prep_pass ||| Chain complete
2026-06-12 01:18:21.592 - [DEBUG] ||| run ||| pending_perm = [None, None, None, None, None, None, None, None, None, None, None, None, None, None, None, None, None, None, None, None, None, None, None, None, None, None, None, None, None, None, None, None, None, None, None, None, None, None, None, None, None, None, None, None, None, None, None, None, None, None, None, None, None, None, 15, 14, 13, 12, 11, 10, 9, 8, 7, 6] | src = 54, dest = 15
2026-06-12 01:18:21.593 - [DEBUG] ||| prep_pass ||| Next permutation = [None, None, None, None, None, None, None, None, None, None, None, None, None, None, None, None, None, None, None, None, None, None, None, None, None, None, None, None, None, None, None, None, None, None, None, None, None, None, None, None, None, None, None, None, None, None, None, None, None, None, None, None, None, None, None, None, 13, 12, 11, 10, 9, 8, 7, 6]
2026-06-12 01:18:21.594 - [DEBUG] ||| prep_pass ||| Chain complete
2026-06-12 01:18:21.594 - [DEBUG] ||| run ||| pending_perm = [None, None, None, None, None, None, None, None, None, None, None, None, None, None, None, None, None, None, None, None, None, None, None, None, None, None, None, None, None, None, None, None, None, None, None, None, None, None, None, None, None, None, None, None, None, None, None, None, None, None, None, None, None, None, None, None, 13, 12, 11, 10, 9, 8, 7, 6] | src = 56, dest = 13
2026-06-12 01:18:21.595 - [DEBUG] ||| prep_pass ||| Next permutation = [None, None, None, None, None, None, None, None, None, None, None, None, None, None, None, None, None, None, None, None, None, None, None, None, None, None, None, None, None, None, None, None, None, None, None, None, None, None, None, None, None, None, None, None, None, None, None, None, None, None, None, None, None, None, None, None, None, None, 11, 10, 9, 8, 7, 6]
2026-06-12 01:18:21.595 - [DEBUG] ||| prep_pass ||| Chain complete
2026-06-12 01:18:21.596 - [DEBUG] ||| run ||| pending_perm = [None, None, None, None, None, None, None, None, None, None, None, None, None, None, None, None, None, None, None, None, None, None, None, None, None, None, None, None, None, None, None, None, None, None, None, None, None, None, None, None, None, None, None, None, None, None, None, None, None, None, None, None, None, None, None, None, None, None, 11, 10, 9, 8, 7, 6] | src = 58, dest = 11
2026-06-12 01:18:21.596 - [DEBUG] ||| prep_pass ||| Next permutation = [None, None, None, None, None, None, None, None, None, None, None, None, None, None, None, None, None, None, None, None, None, None, None, None, None, None, None, None, None, None, None, None, None, None, None, None, None, None, None, None, None, None, None, None, None, None, None, None, None, None, None, None, None, None, None, None, None, None, None, None, 9, 8, 7, 6]
2026-06-12 01:18:21.597 - [DEBUG] ||| prep_pass ||| Chain complete
2026-06-12 01:18:21.597 - [DEBUG] ||| run ||| pending_perm = [None, None, None, None, None, None, None, None, None, None, None, None, None, None, None, None, None, None, None, None, None, None, None, None, None, None, None, None, None, None, None, None, None, None, None, None, None, None, None, None, None, None, None, None, None, None, None, None, None, None, None, None, None, None, None, None, None, None, None, None, 9, 8, 7, 6] | src = 60, dest = 9
2026-06-12 01:18:21.598 - [DEBUG] ||| prep_pass ||| Next permutation = [None, None, None, None, None, None, None, None, None, None, None, None, None, None, None, None, None, None, None, None, None, None, None, None, None, None, None, None, None, None, None, None, None, None, None, None, None, None, None, None, None, None, None, None, None, None, None, None, None, None, None, None, None, None, None, None, None, None, None, None, None, None, 7, 6]
2026-06-12 01:18:21.598 - [DEBUG] ||| prep_pass ||| Chain complete
2026-06-12 01:18:21.599 - [DEBUG] ||| run ||| pending_perm = [None, None, None, None, None, None, None, None, None, None, None, None, None, None, None, None, None, None, None, None, None, None, None, None, None, None, None, None, None, None, None, None, None, None, None, None, None, None, None, None, None, None, None, None, None, None, None, None, None, None, None, None, None, None, None, None, None, None, None, None, None, None, 7, 6] | src = 62, dest = 7
2026-06-12 01:18:21.600 - [DEBUG] ||| prep_pass ||| Next permutation = [None, None, None, None, None, None, None, None, None, None, None, None, None, None, None, None, None, None, None, None, None, None, None, None, None, None, None, None, None, None, None, None, None, None, None, None, None, None, None, None, None, None, None, None, None, None, None, None, None, None, None, None, None, None, None, None, None, None, None, None, None, None, None, None]
2026-06-12 01:18:21.600 - [DEBUG] ||| prep_pass ||| Chain complete
2026-06-12 01:18:21.601 - [DEBUG] ||| propogate ||| stage = 0, input perm = [0, 1, 2, 3, 4, 5, 63, 62, 61, 60, 59, 58, 22, 23, 24, 25, 26, 27, 57, 56, 55, 54, 53, 52, 28, 29, 30, 31, 32, 33, 51, 50, 49, 48, 47, 46, 45, 44, 43, 42, 41, 40, 39, 38, 37, 36, 35, 34, 21, 20, 19, 18, 17, 16, 15, 14, 13, 12, 11, 10, 9, 8, 7, 6]
2026-06-12 01:18:21.601 - [DEBUG] ||| run ||| Stage[0] | Output permutation = [0, 2, 4, 63, 61, 59, 22, 24, 26, 57, 55, 53, 28, 30, 32, 51, 49, 47, 45, 43, 41, 39, 37, 35, 21, 19, 17, 15, 13, 11, 9, 7, 1, 3, 5, 62, 60, 58, 23, 25, 27, 56, 54, 52, 29, 31, 33, 50, 48, 46, 44, 42, 40, 38, 36, 34, 20, 18, 16, 14, 12, 10, 8, 6]
2026-06-12 01:18:21.602 - [DEBUG] ||| run ||| Stage[1] || perm_split = 2, split_len = 32, sw_split = 16, sub_perms = [[0, 2, 4, 63, 61, 59, 22, 24, 26, 57, 55, 53, 28, 30, 32, 51, 49, 47, 45, 43, 41, 39, 37, 35, 21, 19, 17, 15, 13, 11, 9, 7], [1, 3, 5, 62, 60, 58, 23, 25, 27, 56, 54, 52, 29, 31, 33, 50, 48, 46, 44, 42, 40, 38, 36, 34, 20, 18, 16, 14, 12, 10, 8, 6]]
2026-06-12 01:18:21.602 - [DEBUG] ||| normalize_perm ||| Permutation post normalization = [0, 1, 2, 31, 30, 29, 11, 12, 13, 28, 27, 26, 14, 15, 16, 25, 24, 23, 22, 21, 20, 19, 18, 17, 10, 9, 8, 7, 6, 5, 4, 3]
2026-06-12 01:18:21.603 - [DEBUG] ||| run ||| pending_perm = [0, 1, 2, 31, 30, 29, 11, 12, 13, 28, 27, 26, 14, 15, 16, 25, 24, 23, 22, 21, 20, 19, 18, 17, 10, 9, 8, 7, 6, 5, 4, 3] | src = 0, dest = 0
2026-06-12 01:18:21.604 - [DEBUG] ||| prep_pass ||| Next permutation = [None, None, 2, 31, 30, 29, 11, 12, 13, 28, 27, 26, 14, 15, 16, 25, 24, 23, 22, 21, 20, 19, 18, 17, 10, 9, 8, 7, 6, 5, 4, 3]
2026-06-12 01:18:21.604 - [DEBUG] ||| prep_pass ||| Chain complete
2026-06-12 01:18:21.605 - [DEBUG] ||| run ||| pending_perm = [None, None, 2, 31, 30, 29, 11, 12, 13, 28, 27, 26, 14, 15, 16, 25, 24, 23, 22, 21, 20, 19, 18, 17, 10, 9, 8, 7, 6, 5, 4, 3] | src = 2, dest = 2
2026-06-12 01:18:21.605 - [DEBUG] ||| prep_pass ||| Next permutation = [None, None, None, None, 30, 29, 11, 12, 13, 28, 27, 26, 14, 15, 16, 25, 24, 23, 22, 21, 20, 19, 18, 17, 10, 9, 8, 7, 6, 5, 4, 3]
2026-06-12 01:18:21.606 - [DEBUG] ||| prep_pass ||| rb_src = 30, rb_dest = 4
2026-06-12 01:18:21.606 - [DEBUG] ||| prep_pass ||| Next permutation = [None, None, None, None, 30, 29, 11, 12, 13, 28, 27, 26, 14, 15, 16, 25, 24, 23, 22, 21, 20, 19, 18, 17, 10, 9, 8, 7, 6, 5, None, None]
2026-06-12 01:18:21.607 - [DEBUG] ||| prep_pass ||| rb_src = 28, rb_dest = 6
2026-06-12 01:18:21.608 - [DEBUG] ||| prep_pass ||| Next permutation = [None, None, None, None, 30, 29, 11, 12, 13, 28, 27, 26, 14, 15, 16, 25, 24, 23, 22, 21, 20, 19, 18, 17, 10, 9, 8, 7, None, None, None, None]
2026-06-12 01:18:21.608 - [DEBUG] ||| prep_pass ||| rb_src = 26, rb_dest = 8
2026-06-12 01:18:21.609 - [DEBUG] ||| prep_pass ||| Next permutation = [None, None, None, None, 30, 29, 11, 12, 13, 28, 27, 26, 14, 15, 16, 25, 24, 23, 22, 21, 20, 19, 18, 17, 10, 9, None, None, None, None, None, None]
2026-06-12 01:18:21.609 - [DEBUG] ||| prep_pass ||| rb_src = 24, rb_dest = 10
2026-06-12 01:18:21.610 - [DEBUG] ||| prep_pass ||| Next permutation = [None, None, None, None, 30, 29, 11, 12, 13, 28, 27, 26, 14, 15, 16, 25, 24, 23, 22, 21, 20, 19, 18, 17, None, None, None, None, None, None, None, None]
2026-06-12 01:18:21.610 - [DEBUG] ||| prep_pass ||| rb_src = 7, rb_dest = 12
2026-06-12 01:18:21.611 - [DEBUG] ||| prep_pass ||| Next permutation = [None, None, None, None, 30, 29, None, None, 13, 28, 27, 26, 14, 15, 16, 25, 24, 23, 22, 21, 20, 19, 18, 17, None, None, None, None, None, None, None, None]
2026-06-12 01:18:21.611 - [DEBUG] ||| prep_pass ||| rb_src = 9, rb_dest = 28
2026-06-12 01:18:21.612 - [DEBUG] ||| prep_pass ||| Next permutation = [None, None, None, None, 30, 29, None, None, None, None, 27, 26, 14, 15, 16, 25, 24, 23, 22, 21, 20, 19, 18, 17, None, None, None, None, None, None, None, None]
2026-06-12 01:18:21.612 - [DEBUG] ||| prep_pass ||| rb_src = 4, rb_dest = 30
2026-06-12 01:18:21.613 - [DEBUG] ||| prep_pass ||| Next permutation = [None, None, None, None, None, None, None, None, None, None, 27, 26, 14, 15, 16, 25, 24, 23, 22, 21, 20, 19, 18, 17, None, None, None, None, None, None, None, None]
2026-06-12 01:18:21.613 - [DEBUG] ||| prep_pass ||| Chain complete
2026-06-12 01:18:21.614 - [DEBUG] ||| run ||| pending_perm = [None, None, None, None, None, None, None, None, None, None, 27, 26, 14, 15, 16, 25, 24, 23, 22, 21, 20, 19, 18, 17, None, None, None, None, None, None, None, None] | src = 10, dest = 27
2026-06-12 01:18:21.614 - [DEBUG] ||| prep_pass ||| Next permutation = [None, None, None, None, None, None, None, None, None, None, None, None, 14, 15, 16, 25, 24, 23, 22, 21, 20, 19, 18, 17, None, None, None, None, None, None, None, None]
2026-06-12 01:18:21.615 - [DEBUG] ||| prep_pass ||| Chain complete
2026-06-12 01:18:21.615 - [DEBUG] ||| run ||| pending_perm = [None, None, None, None, None, None, None, None, None, None, None, None, 14, 15, 16, 25, 24, 23, 22, 21, 20, 19, 18, 17, None, None, None, None, None, None, None, None] | src = 12, dest = 14
2026-06-12 01:18:21.616 - [DEBUG] ||| prep_pass ||| Next permutation = [None, None, None, None, None, None, None, None, None, None, None, None, None, None, 16, 25, 24, 23, 22, 21, 20, 19, 18, 17, None, None, None, None, None, None, None, None]
2026-06-12 01:18:21.616 - [DEBUG] ||| prep_pass ||| Chain complete
2026-06-12 01:18:21.617 - [DEBUG] ||| run ||| pending_perm = [None, None, None, None, None, None, None, None, None, None, None, None, None, None, 16, 25, 24, 23, 22, 21, 20, 19, 18, 17, None, None, None, None, None, None, None, None] | src = 14, dest = 16
2026-06-12 01:18:21.617 - [DEBUG] ||| prep_pass ||| Next permutation = [None, None, None, None, None, None, None, None, None, None, None, None, None, None, None, None, 24, 23, 22, 21, 20, 19, 18, 17, None, None, None, None, None, None, None, None]
2026-06-12 01:18:21.618 - [DEBUG] ||| prep_pass ||| rb_src = 22, rb_dest = 18
2026-06-12 01:18:21.618 - [DEBUG] ||| prep_pass ||| Next permutation = [None, None, None, None, None, None, None, None, None, None, None, None, None, None, None, None, 24, 23, 22, 21, 20, 19, None, None, None, None, None, None, None, None, None, None]
2026-06-12 01:18:21.619 - [DEBUG] ||| prep_pass ||| rb_src = 20, rb_dest = 20
2026-06-12 01:18:21.619 - [DEBUG] ||| prep_pass ||| Next permutation = [None, None, None, None, None, None, None, None, None, None, None, None, None, None, None, None, 24, 23, 22, 21, None, None, None, None, None, None, None, None, None, None, None, None]
2026-06-12 01:18:21.620 - [DEBUG] ||| prep_pass ||| rb_src = 18, rb_dest = 22
2026-06-12 01:18:21.621 - [DEBUG] ||| prep_pass ||| Next permutation = [None, None, None, None, None, None, None, None, None, None, None, None, None, None, None, None, 24, 23, None, None, None, None, None, None, None, None, None, None, None, None, None, None]
2026-06-12 01:18:21.621 - [DEBUG] ||| prep_pass ||| rb_src = 16, rb_dest = 24
2026-06-12 01:18:21.622 - [DEBUG] ||| prep_pass ||| Next permutation = [None, None, None, None, None, None, None, None, None, None, None, None, None, None, None, None, None, None, None, None, None, None, None, None, None, None, None, None, None, None, None, None]
2026-06-12 01:18:21.622 - [DEBUG] ||| prep_pass ||| Chain complete
2026-06-12 01:18:21.622 - [DEBUG] ||| normalize_perm ||| Permutation post normalization = [0, 1, 2, 31, 30, 29, 11, 12, 13, 28, 27, 26, 14, 15, 16, 25, 24, 23, 22, 21, 20, 19, 18, 17, 10, 9, 8, 7, 6, 5, 4, 3]
2026-06-12 01:18:21.623 - [DEBUG] ||| run ||| pending_perm = [0, 1, 2, 31, 30, 29, 11, 12, 13, 28, 27, 26, 14, 15, 16, 25, 24, 23, 22, 21, 20, 19, 18, 17, 10, 9, 8, 7, 6, 5, 4, 3] | src = 0, dest = 0
2026-06-12 01:18:21.624 - [DEBUG] ||| prep_pass ||| Next permutation = [None, None, 2, 31, 30, 29, 11, 12, 13, 28, 27, 26, 14, 15, 16, 25, 24, 23, 22, 21, 20, 19, 18, 17, 10, 9, 8, 7, 6, 5, 4, 3]
2026-06-12 01:18:21.624 - [DEBUG] ||| prep_pass ||| Chain complete
2026-06-12 01:18:21.625 - [DEBUG] ||| run ||| pending_perm = [None, None, 2, 31, 30, 29, 11, 12, 13, 28, 27, 26, 14, 15, 16, 25, 24, 23, 22, 21, 20, 19, 18, 17, 10, 9, 8, 7, 6, 5, 4, 3] | src = 2, dest = 2
2026-06-12 01:18:21.625 - [DEBUG] ||| prep_pass ||| Next permutation = [None, None, None, None, 30, 29, 11, 12, 13, 28, 27, 26, 14, 15, 16, 25, 24, 23, 22, 21, 20, 19, 18, 17, 10, 9, 8, 7, 6, 5, 4, 3]
2026-06-12 01:18:21.626 - [DEBUG] ||| prep_pass ||| rb_src = 30, rb_dest = 4
2026-06-12 01:18:21.626 - [DEBUG] ||| prep_pass ||| Next permutation = [None, None, None, None, 30, 29, 11, 12, 13, 28, 27, 26, 14, 15, 16, 25, 24, 23, 22, 21, 20, 19, 18, 17, 10, 9, 8, 7, 6, 5, None, None]
2026-06-12 01:18:21.627 - [DEBUG] ||| prep_pass ||| rb_src = 28, rb_dest = 6
2026-06-12 01:18:21.627 - [DEBUG] ||| prep_pass ||| Next permutation = [None, None, None, None, 30, 29, 11, 12, 13, 28, 27, 26, 14, 15, 16, 25, 24, 23, 22, 21, 20, 19, 18, 17, 10, 9, 8, 7, None, None, None, None]
2026-06-12 01:18:21.628 - [DEBUG] ||| prep_pass ||| rb_src = 26, rb_dest = 8
2026-06-12 01:18:21.628 - [DEBUG] ||| prep_pass ||| Next permutation = [None, None, None, None, 30, 29, 11, 12, 13, 28, 27, 26, 14, 15, 16, 25, 24, 23, 22, 21, 20, 19, 18, 17, 10, 9, None, None, None, None, None, None]
2026-06-12 01:18:21.629 - [DEBUG] ||| prep_pass ||| rb_src = 24, rb_dest = 10
2026-06-12 01:18:21.629 - [DEBUG] ||| prep_pass ||| Next permutation = [None, None, None, None, 30, 29, 11, 12, 13, 28, 27, 26, 14, 15, 16, 25, 24, 23, 22, 21, 20, 19, 18, 17, None, None, None, None, None, None, None, None]
2026-06-12 01:18:21.630 - [DEBUG] ||| prep_pass ||| rb_src = 7, rb_dest = 12
2026-06-12 01:18:21.631 - [DEBUG] ||| prep_pass ||| Next permutation = [None, None, None, None, 30, 29, None, None, 13, 28, 27, 26, 14, 15, 16, 25, 24, 23, 22, 21, 20, 19, 18, 17, None, None, None, None, None, None, None, None]
2026-06-12 01:18:21.631 - [DEBUG] ||| prep_pass ||| rb_src = 9, rb_dest = 28
2026-06-12 01:18:21.632 - [DEBUG] ||| prep_pass ||| Next permutation = [None, None, None, None, 30, 29, None, None, None, None, 27, 26, 14, 15, 16, 25, 24, 23, 22, 21, 20, 19, 18, 17, None, None, None, None, None, None, None, None]
2026-06-12 01:18:21.632 - [DEBUG] ||| prep_pass ||| rb_src = 4, rb_dest = 30
2026-06-12 01:18:21.633 - [DEBUG] ||| prep_pass ||| Next permutation = [None, None, None, None, None, None, None, None, None, None, 27, 26, 14, 15, 16, 25, 24, 23, 22, 21, 20, 19, 18, 17, None, None, None, None, None, None, None, None]
2026-06-12 01:18:21.634 - [DEBUG] ||| prep_pass ||| Chain complete
2026-06-12 01:18:21.634 - [DEBUG] ||| run ||| pending_perm = [None, None, None, None, None, None, None, None, None, None, 27, 26, 14, 15, 16, 25, 24, 23, 22, 21, 20, 19, 18, 17, None, None, None, None, None, None, None, None] | src = 10, dest = 27
2026-06-12 01:18:21.635 - [DEBUG] ||| prep_pass ||| Next permutation = [None, None, None, None, None, None, None, None, None, None, None, None, 14, 15, 16, 25, 24, 23, 22, 21, 20, 19, 18, 17, None, None, None, None, None, None, None, None]
2026-06-12 01:18:21.636 - [DEBUG] ||| prep_pass ||| Chain complete
2026-06-12 01:18:21.636 - [DEBUG] ||| run ||| pending_perm = [None, None, None, None, None, None, None, None, None, None, None, None, 14, 15, 16, 25, 24, 23, 22, 21, 20, 19, 18, 17, None, None, None, None, None, None, None, None] | src = 12, dest = 14
2026-06-12 01:18:21.637 - [DEBUG] ||| prep_pass ||| Next permutation = [None, None, None, None, None, None, None, None, None, None, None, None, None, None, 16, 25, 24, 23, 22, 21, 20, 19, 18, 17, None, None, None, None, None, None, None, None]
2026-06-12 01:18:21.637 - [DEBUG] ||| prep_pass ||| Chain complete
2026-06-12 01:18:21.638 - [DEBUG] ||| run ||| pending_perm = [None, None, None, None, None, None, None, None, None, None, None, None, None, None, 16, 25, 24, 23, 22, 21, 20, 19, 18, 17, None, None, None, None, None, None, None, None] | src = 14, dest = 16
2026-06-12 01:18:21.639 - [DEBUG] ||| prep_pass ||| Next permutation = [None, None, None, None, None, None, None, None, None, None, None, None, None, None, None, None, 24, 23, 22, 21, 20, 19, 18, 17, None, None, None, None, None, None, None, None]
2026-06-12 01:18:21.639 - [DEBUG] ||| prep_pass ||| rb_src = 22, rb_dest = 18
2026-06-12 01:18:21.640 - [DEBUG] ||| prep_pass ||| Next permutation = [None, None, None, None, None, None, None, None, None, None, None, None, None, None, None, None, 24, 23, 22, 21, 20, 19, None, None, None, None, None, None, None, None, None, None]
2026-06-12 01:18:21.640 - [DEBUG] ||| prep_pass ||| rb_src = 20, rb_dest = 20
2026-06-12 01:18:21.641 - [DEBUG] ||| prep_pass ||| Next permutation = [None, None, None, None, None, None, None, None, None, None, None, None, None, None, None, None, 24, 23, 22, 21, None, None, None, None, None, None, None, None, None, None, None, None]
2026-06-12 01:18:21.642 - [DEBUG] ||| prep_pass ||| rb_src = 18, rb_dest = 22
2026-06-12 01:18:21.642 - [DEBUG] ||| prep_pass ||| Next permutation = [None, None, None, None, None, None, None, None, None, None, None, None, None, None, None, None, 24, 23, None, None, None, None, None, None, None, None, None, None, None, None, None, None]
2026-06-12 01:18:21.643 - [DEBUG] ||| prep_pass ||| rb_src = 16, rb_dest = 24
2026-06-12 01:18:21.643 - [DEBUG] ||| prep_pass ||| Next permutation = [None, None, None, None, None, None, None, None, None, None, None, None, None, None, None, None, None, None, None, None, None, None, None, None, None, None, None, None, None, None, None, None]
2026-06-12 01:18:21.644 - [DEBUG] ||| prep_pass ||| Chain complete
2026-06-12 01:18:21.644 - [DEBUG] ||| propogate ||| stage = 1, input perm = [0, 2, 4, 63, 61, 59, 22, 24, 26, 57, 55, 53, 28, 30, 32, 51, 49, 47, 45, 43, 41, 39, 37, 35, 21, 19, 17, 15, 13, 11, 9, 7, 1, 3, 5, 62, 60, 58, 23, 25, 27, 56, 54, 52, 29, 31, 33, 50, 48, 46, 44, 42, 40, 38, 36, 34, 20, 18, 16, 14, 12, 10, 8, 6]
2026-06-12 01:18:21.645 - [DEBUG] ||| run ||| Stage[1] | Output permutation = [0, 4, 61, 24, 57, 55, 28, 32, 49, 45, 41, 37, 21, 17, 13, 9, 2, 63, 59, 22, 26, 53, 30, 51, 47, 43, 39, 35, 19, 15, 11, 7, 1, 5, 60, 25, 56, 54, 29, 33, 48, 44, 40, 36, 20, 16, 12, 8, 3, 62, 58, 23, 27, 52, 31, 50, 46, 42, 38, 34, 18, 14, 10, 6]
2026-06-12 01:18:21.645 - [DEBUG] ||| run ||| Stage[2] || perm_split = 4, split_len = 16, sw_split = 8, sub_perms = [[0, 4, 61, 24, 57, 55, 28, 32, 49, 45, 41, 37, 21, 17, 13, 9], [2, 63, 59, 22, 26, 53, 30, 51, 47, 43, 39, 35, 19, 15, 11, 7], [1, 5, 60, 25, 56, 54, 29, 33, 48, 44, 40, 36, 20, 16, 12, 8], [3, 62, 58, 23, 27, 52, 31, 50, 46, 42, 38, 34, 18, 14, 10, 6]]
2026-06-12 01:18:21.645 - [DEBUG] ||| normalize_perm ||| Permutation post normalization = [0, 1, 15, 6, 14, 13, 7, 8, 12, 11, 10, 9, 5, 4, 3, 2]
2026-06-12 01:18:21.646 - [DEBUG] ||| run ||| pending_perm = [0, 1, 15, 6, 14, 13, 7, 8, 12, 11, 10, 9, 5, 4, 3, 2] | src = 0, dest = 0
2026-06-12 01:18:21.646 - [DEBUG] ||| prep_pass ||| Next permutation = [None, None, 15, 6, 14, 13, 7, 8, 12, 11, 10, 9, 5, 4, 3, 2]
2026-06-12 01:18:21.647 - [DEBUG] ||| prep_pass ||| Chain complete
2026-06-12 01:18:21.647 - [DEBUG] ||| run ||| pending_perm = [None, None, 15, 6, 14, 13, 7, 8, 12, 11, 10, 9, 5, 4, 3, 2] | src = 2, dest = 15
2026-06-12 01:18:21.648 - [DEBUG] ||| prep_pass ||| Next permutation = [None, None, None, None, 14, 13, 7, 8, 12, 11, 10, 9, 5, 4, 3, 2]
2026-06-12 01:18:21.648 - [DEBUG] ||| prep_pass ||| rb_src = 5, rb_dest = 13
2026-06-12 01:18:21.649 - [DEBUG] ||| prep_pass ||| Next permutation = [None, None, None, None, None, None, 7, 8, 12, 11, 10, 9, 5, 4, 3, 2]
2026-06-12 01:18:21.649 - [DEBUG] ||| prep_pass ||| rb_src = 9, rb_dest = 11
2026-06-12 01:18:21.650 - [DEBUG] ||| prep_pass ||| Next permutation = [None, None, None, None, None, None, 7, 8, None, None, 10, 9, 5, 4, 3, 2]
2026-06-12 01:18:21.650 - [DEBUG] ||| prep_pass ||| rb_src = 11, rb_dest = 9
2026-06-12 01:18:21.650 - [DEBUG] ||| prep_pass ||| Next permutation = [None, None, None, None, None, None, 7, 8, None, None, None, None, 5, 4, 3, 2]
2026-06-12 01:18:21.651 - [DEBUG] ||| prep_pass ||| rb_src = 6, rb_dest = 7
2026-06-12 01:18:21.651 - [DEBUG] ||| prep_pass ||| Next permutation = [None, None, None, None, None, None, None, None, None, None, None, None, 5, 4, 3, 2]
2026-06-12 01:18:21.652 - [DEBUG] ||| prep_pass ||| Chain complete
2026-06-12 01:18:21.652 - [DEBUG] ||| run ||| pending_perm = [None, None, None, None, None, None, None, None, None, None, None, None, 5, 4, 3, 2] | src = 12, dest = 5
2026-06-12 01:18:21.652 - [DEBUG] ||| prep_pass ||| Next permutation = [None, None, None, None, None, None, None, None, None, None, None, None, None, None, 3, 2]
2026-06-12 01:18:21.653 - [DEBUG] ||| prep_pass ||| Chain complete
2026-06-12 01:18:21.653 - [DEBUG] ||| run ||| pending_perm = [None, None, None, None, None, None, None, None, None, None, None, None, None, None, 3, 2] | src = 14, dest = 3
2026-06-12 01:18:21.654 - [DEBUG] ||| prep_pass ||| Next permutation = [None, None, None, None, None, None, None, None, None, None, None, None, None, None, None, None]
2026-06-12 01:18:21.654 - [DEBUG] ||| prep_pass ||| Chain complete
2026-06-12 01:18:21.655 - [DEBUG] ||| normalize_perm ||| Permutation post normalization = [0, 15, 14, 5, 6, 13, 7, 12, 11, 10, 9, 8, 4, 3, 2, 1]
2026-06-12 01:18:21.655 - [DEBUG] ||| run ||| pending_perm = [0, 15, 14, 5, 6, 13, 7, 12, 11, 10, 9, 8, 4, 3, 2, 1] | src = 0, dest = 0
2026-06-12 01:18:21.656 - [DEBUG] ||| prep_pass ||| Next permutation = [None, None, 14, 5, 6, 13, 7, 12, 11, 10, 9, 8, 4, 3, 2, 1]
2026-06-12 01:18:21.656 - [DEBUG] ||| prep_pass ||| rb_src = 14, rb_dest = 2
2026-06-12 01:18:21.657 - [DEBUG] ||| prep_pass ||| Next permutation = [None, None, 14, 5, 6, 13, 7, 12, 11, 10, 9, 8, 4, 3, None, None]
2026-06-12 01:18:21.657 - [DEBUG] ||| prep_pass ||| rb_src = 12, rb_dest = 4
2026-06-12 01:18:21.658 - [DEBUG] ||| prep_pass ||| Next permutation = [None, None, 14, 5, 6, 13, 7, 12, 11, 10, 9, 8, None, None, None, None]
2026-06-12 01:18:21.658 - [DEBUG] ||| prep_pass ||| rb_src = 2, rb_dest = 14
2026-06-12 01:18:21.659 - [DEBUG] ||| prep_pass ||| Next permutation = [None, None, None, None, 6, 13, 7, 12, 11, 10, 9, 8, None, None, None, None]
2026-06-12 01:18:21.659 - [DEBUG] ||| prep_pass ||| Chain complete
2026-06-12 01:18:21.660 - [DEBUG] ||| run ||| pending_perm = [None, None, None, None, 6, 13, 7, 12, 11, 10, 9, 8, None, None, None, None] | src = 4, dest = 6
2026-06-12 01:18:21.660 - [DEBUG] ||| prep_pass ||| Next permutation = [None, None, None, None, None, None, 7, 12, 11, 10, 9, 8, None, None, None, None]
2026-06-12 01:18:21.661 - [DEBUG] ||| prep_pass ||| rb_src = 7, rb_dest = 12
2026-06-12 01:18:21.661 - [DEBUG] ||| prep_pass ||| Next permutation = [None, None, None, None, None, None, None, None, 11, 10, 9, 8, None, None, None, None]
2026-06-12 01:18:21.662 - [DEBUG] ||| prep_pass ||| Chain complete
2026-06-12 01:18:21.662 - [DEBUG] ||| run ||| pending_perm = [None, None, None, None, None, None, None, None, 11, 10, 9, 8, None, None, None, None] | src = 8, dest = 11
2026-06-12 01:18:21.663 - [DEBUG] ||| prep_pass ||| Next permutation = [None, None, None, None, None, None, None, None, None, None, 9, 8, None, None, None, None]
2026-06-12 01:18:21.663 - [DEBUG] ||| prep_pass ||| Chain complete
2026-06-12 01:18:21.664 - [DEBUG] ||| run ||| pending_perm = [None, None, None, None, None, None, None, None, None, None, 9, 8, None, None, None, None] | src = 10, dest = 9
2026-06-12 01:18:21.664 - [DEBUG] ||| prep_pass ||| Next permutation = [None, None, None, None, None, None, None, None, None, None, None, None, None, None, None, None]
2026-06-12 01:18:21.664 - [DEBUG] ||| prep_pass ||| Chain complete
2026-06-12 01:18:21.665 - [DEBUG] ||| normalize_perm ||| Permutation post normalization = [0, 1, 15, 6, 14, 13, 7, 8, 12, 11, 10, 9, 5, 4, 3, 2]
2026-06-12 01:18:21.665 - [DEBUG] ||| run ||| pending_perm = [0, 1, 15, 6, 14, 13, 7, 8, 12, 11, 10, 9, 5, 4, 3, 2] | src = 0, dest = 0
2026-06-12 01:18:21.666 - [DEBUG] ||| prep_pass ||| Next permutation = [None, None, 15, 6, 14, 13, 7, 8, 12, 11, 10, 9, 5, 4, 3, 2]
2026-06-12 01:18:21.666 - [DEBUG] ||| prep_pass ||| Chain complete
2026-06-12 01:18:21.667 - [DEBUG] ||| run ||| pending_perm = [None, None, 15, 6, 14, 13, 7, 8, 12, 11, 10, 9, 5, 4, 3, 2] | src = 2, dest = 15
2026-06-12 01:18:21.667 - [DEBUG] ||| prep_pass ||| Next permutation = [None, None, None, None, 14, 13, 7, 8, 12, 11, 10, 9, 5, 4, 3, 2]
2026-06-12 01:18:21.668 - [DEBUG] ||| prep_pass ||| rb_src = 5, rb_dest = 13
2026-06-12 01:18:21.668 - [DEBUG] ||| prep_pass ||| Next permutation = [None, None, None, None, None, None, 7, 8, 12, 11, 10, 9, 5, 4, 3, 2]
2026-06-12 01:18:21.669 - [DEBUG] ||| prep_pass ||| rb_src = 9, rb_dest = 11
2026-06-12 01:18:21.669 - [DEBUG] ||| prep_pass ||| Next permutation = [None, None, None, None, None, None, 7, 8, None, None, 10, 9, 5, 4, 3, 2]
2026-06-12 01:18:21.670 - [DEBUG] ||| prep_pass ||| rb_src = 11, rb_dest = 9
2026-06-12 01:18:21.670 - [DEBUG] ||| prep_pass ||| Next permutation = [None, None, None, None, None, None, 7, 8, None, None, None, None, 5, 4, 3, 2]
2026-06-12 01:18:21.671 - [DEBUG] ||| prep_pass ||| rb_src = 6, rb_dest = 7
2026-06-12 01:18:21.671 - [DEBUG] ||| prep_pass ||| Next permutation = [None, None, None, None, None, None, None, None, None, None, None, None, 5, 4, 3, 2]
2026-06-12 01:18:21.672 - [DEBUG] ||| prep_pass ||| Chain complete
2026-06-12 01:18:21.672 - [DEBUG] ||| run ||| pending_perm = [None, None, None, None, None, None, None, None, None, None, None, None, 5, 4, 3, 2] | src = 12, dest = 5
2026-06-12 01:18:21.673 - [DEBUG] ||| prep_pass ||| Next permutation = [None, None, None, None, None, None, None, None, None, None, None, None, None, None, 3, 2]
2026-06-12 01:18:21.673 - [DEBUG] ||| prep_pass ||| Chain complete
2026-06-12 01:18:21.674 - [DEBUG] ||| run ||| pending_perm = [None, None, None, None, None, None, None, None, None, None, None, None, None, None, 3, 2] | src = 14, dest = 3
2026-06-12 01:18:21.674 - [DEBUG] ||| prep_pass ||| Next permutation = [None, None, None, None, None, None, None, None, None, None, None, None, None, None, None, None]
2026-06-12 01:18:21.674 - [DEBUG] ||| prep_pass ||| Chain complete
2026-06-12 01:18:21.675 - [DEBUG] ||| normalize_perm ||| Permutation post normalization = [0, 15, 14, 5, 6, 13, 7, 12, 11, 10, 9, 8, 4, 3, 2, 1]
2026-06-12 01:18:21.675 - [DEBUG] ||| run ||| pending_perm = [0, 15, 14, 5, 6, 13, 7, 12, 11, 10, 9, 8, 4, 3, 2, 1] | src = 0, dest = 0
2026-06-12 01:18:21.676 - [DEBUG] ||| prep_pass ||| Next permutation = [None, None, 14, 5, 6, 13, 7, 12, 11, 10, 9, 8, 4, 3, 2, 1]
2026-06-12 01:18:21.676 - [DEBUG] ||| prep_pass ||| rb_src = 14, rb_dest = 2
2026-06-12 01:18:21.677 - [DEBUG] ||| prep_pass ||| Next permutation = [None, None, 14, 5, 6, 13, 7, 12, 11, 10, 9, 8, 4, 3, None, None]
2026-06-12 01:18:21.677 - [DEBUG] ||| prep_pass ||| rb_src = 12, rb_dest = 4
2026-06-12 01:18:21.678 - [DEBUG] ||| prep_pass ||| Next permutation = [None, None, 14, 5, 6, 13, 7, 12, 11, 10, 9, 8, None, None, None, None]
2026-06-12 01:18:21.678 - [DEBUG] ||| prep_pass ||| rb_src = 2, rb_dest = 14
2026-06-12 01:18:21.679 - [DEBUG] ||| prep_pass ||| Next permutation = [None, None, None, None, 6, 13, 7, 12, 11, 10, 9, 8, None, None, None, None]
2026-06-12 01:18:21.679 - [DEBUG] ||| prep_pass ||| Chain complete
2026-06-12 01:18:21.680 - [DEBUG] ||| run ||| pending_perm = [None, None, None, None, 6, 13, 7, 12, 11, 10, 9, 8, None, None, None, None] | src = 4, dest = 6
2026-06-12 01:18:21.680 - [DEBUG] ||| prep_pass ||| Next permutation = [None, None, None, None, None, None, 7, 12, 11, 10, 9, 8, None, None, None, None]
2026-06-12 01:18:21.681 - [DEBUG] ||| prep_pass ||| rb_src = 7, rb_dest = 12
2026-06-12 01:18:21.681 - [DEBUG] ||| prep_pass ||| Next permutation = [None, None, None, None, None, None, None, None, 11, 10, 9, 8, None, None, None, None]
2026-06-12 01:18:21.681 - [DEBUG] ||| prep_pass ||| Chain complete
2026-06-12 01:18:21.682 - [DEBUG] ||| run ||| pending_perm = [None, None, None, None, None, None, None, None, 11, 10, 9, 8, None, None, None, None] | src = 8, dest = 11
2026-06-12 01:18:21.682 - [DEBUG] ||| prep_pass ||| Next permutation = [None, None, None, None, None, None, None, None, None, None, 9, 8, None, None, None, None]
2026-06-12 01:18:21.683 - [DEBUG] ||| prep_pass ||| Chain complete
2026-06-12 01:18:21.683 - [DEBUG] ||| run ||| pending_perm = [None, None, None, None, None, None, None, None, None, None, 9, 8, None, None, None, None] | src = 10, dest = 9
2026-06-12 01:18:21.684 - [DEBUG] ||| prep_pass ||| Next permutation = [None, None, None, None, None, None, None, None, None, None, None, None, None, None, None, None]
2026-06-12 01:18:21.684 - [DEBUG] ||| prep_pass ||| Chain complete
2026-06-12 01:18:21.684 - [DEBUG] ||| propogate ||| stage = 2, input perm = [0, 4, 61, 24, 57, 55, 28, 32, 49, 45, 41, 37, 21, 17, 13, 9, 2, 63, 59, 22, 26, 53, 30, 51, 47, 43, 39, 35, 19, 15, 11, 7, 1, 5, 60, 25, 56, 54, 29, 33, 48, 44, 40, 36, 20, 16, 12, 8, 3, 62, 58, 23, 27, 52, 31, 50, 46, 42, 38, 34, 18, 14, 10, 6]
2026-06-12 01:18:21.685 - [DEBUG] ||| run ||| Stage[2] | Output permutation = [0, 61, 55, 28, 45, 37, 21, 13, 4, 24, 57, 32, 49, 41, 17, 9, 2, 59, 26, 51, 47, 39, 19, 11, 63, 22, 53, 30, 43, 35, 15, 7, 1, 60, 54, 29, 44, 36, 20, 12, 5, 25, 56, 33, 48, 40, 16, 8, 3, 58, 27, 50, 46, 38, 18, 10, 62, 23, 52, 31, 42, 34, 14, 6]
2026-06-12 01:18:21.685 - [DEBUG] ||| run ||| Stage[3] || perm_split = 8, split_len = 8, sw_split = 4, sub_perms = [[0, 61, 55, 28, 45, 37, 21, 13], [4, 24, 57, 32, 49, 41, 17, 9], [2, 59, 26, 51, 47, 39, 19, 11], [63, 22, 53, 30, 43, 35, 15, 7], [1, 60, 54, 29, 44, 36, 20, 12], [5, 25, 56, 33, 48, 40, 16, 8], [3, 58, 27, 50, 46, 38, 18, 10], [62, 23, 52, 31, 42, 34, 14, 6]]
2026-06-12 01:18:21.686 - [DEBUG] ||| normalize_perm ||| Permutation post normalization = [0, 7, 6, 3, 5, 4, 2, 1]
2026-06-12 01:18:21.686 - [DEBUG] ||| run ||| pending_perm = [0, 7, 6, 3, 5, 4, 2, 1] | src = 0, dest = 0
2026-06-12 01:18:21.686 - [DEBUG] ||| prep_pass ||| Next permutation = [None, None, 6, 3, 5, 4, 2, 1]
2026-06-12 01:18:21.687 - [DEBUG] ||| prep_pass ||| rb_src = 6, rb_dest = 2
2026-06-12 01:18:21.687 - [DEBUG] ||| prep_pass ||| Next permutation = [None, None, 6, 3, 5, 4, None, None]
2026-06-12 01:18:21.688 - [DEBUG] ||| prep_pass ||| rb_src = 2, rb_dest = 6
2026-06-12 01:18:21.688 - [DEBUG] ||| prep_pass ||| Next permutation = [None, None, None, None, 5, 4, None, None]
2026-06-12 01:18:21.688 - [DEBUG] ||| prep_pass ||| Chain complete
2026-06-12 01:18:21.689 - [DEBUG] ||| run ||| pending_perm = [None, None, None, None, 5, 4, None, None] | src = 4, dest = 5
2026-06-12 01:18:21.689 - [DEBUG] ||| prep_pass ||| Next permutation = [None, None, None, None, None, None, None, None]
2026-06-12 01:18:21.690 - [DEBUG] ||| prep_pass ||| Chain complete
2026-06-12 01:18:21.690 - [DEBUG] ||| normalize_perm ||| Permutation post normalization = [0, 3, 7, 4, 6, 5, 2, 1]
2026-06-12 01:18:21.691 - [DEBUG] ||| run ||| pending_perm = [0, 3, 7, 4, 6, 5, 2, 1] | src = 0, dest = 0
2026-06-12 01:18:21.691 - [DEBUG] ||| prep_pass ||| Next permutation = [None, None, 7, 4, 6, 5, 2, 1]
2026-06-12 01:18:21.692 - [DEBUG] ||| prep_pass ||| rb_src = 6, rb_dest = 2
2026-06-12 01:18:21.692 - [DEBUG] ||| prep_pass ||| Next permutation = [None, None, 7, 4, 6, 5, None, None]
2026-06-12 01:18:21.693 - [DEBUG] ||| prep_pass ||| Chain complete
2026-06-12 01:18:21.693 - [DEBUG] ||| run ||| pending_perm = [None, None, 7, 4, 6, 5, None, None] | src = 2, dest = 7
2026-06-12 01:18:21.694 - [DEBUG] ||| prep_pass ||| Next permutation = [None, None, None, None, 6, 5, None, None]
2026-06-12 01:18:21.694 - [DEBUG] ||| prep_pass ||| rb_src = 5, rb_dest = 5
2026-06-12 01:18:21.694 - [DEBUG] ||| prep_pass ||| Next permutation = [None, None, None, None, None, None, None, None]
2026-06-12 01:18:21.695 - [DEBUG] ||| prep_pass ||| Chain complete
2026-06-12 01:18:21.695 - [DEBUG] ||| normalize_perm ||| Permutation post normalization = [0, 7, 3, 6, 5, 4, 2, 1]
2026-06-12 01:18:21.696 - [DEBUG] ||| run ||| pending_perm = [0, 7, 3, 6, 5, 4, 2, 1] | src = 0, dest = 0
2026-06-12 01:18:21.696 - [DEBUG] ||| prep_pass ||| Next permutation = [None, None, 3, 6, 5, 4, 2, 1]
2026-06-12 01:18:21.697 - [DEBUG] ||| prep_pass ||| rb_src = 6, rb_dest = 2
2026-06-12 01:18:21.697 - [DEBUG] ||| prep_pass ||| Next permutation = [None, None, 3, 6, 5, 4, None, None]
2026-06-12 01:18:21.697 - [DEBUG] ||| prep_pass ||| rb_src = 3, rb_dest = 6
2026-06-12 01:18:21.698 - [DEBUG] ||| prep_pass ||| Next permutation = [None, None, None, None, 5, 4, None, None]
2026-06-12 01:18:21.698 - [DEBUG] ||| prep_pass ||| Chain complete
2026-06-12 01:18:21.699 - [DEBUG] ||| run ||| pending_perm = [None, None, None, None, 5, 4, None, None] | src = 4, dest = 5
2026-06-12 01:18:21.699 - [DEBUG] ||| prep_pass ||| Next permutation = [None, None, None, None, None, None, None, None]
2026-06-12 01:18:21.700 - [DEBUG] ||| prep_pass ||| Chain complete
2026-06-12 01:18:21.700 - [DEBUG] ||| normalize_perm ||| Permutation post normalization = [7, 2, 6, 3, 5, 4, 1, 0]
2026-06-12 01:18:21.701 - [DEBUG] ||| run ||| pending_perm = [7, 2, 6, 3, 5, 4, 1, 0] | src = 0, dest = 7
2026-06-12 01:18:21.701 - [DEBUG] ||| prep_pass ||| Next permutation = [None, None, 6, 3, 5, 4, 1, 0]
2026-06-12 01:18:21.702 - [DEBUG] ||| prep_pass ||| rb_src = 3, rb_dest = 3
2026-06-12 01:18:21.702 - [DEBUG] ||| prep_pass ||| Next permutation = [None, None, None, None, 5, 4, 1, 0]
2026-06-12 01:18:21.702 - [DEBUG] ||| prep_pass ||| Chain complete
2026-06-12 01:18:21.703 - [DEBUG] ||| run ||| pending_perm = [None, None, None, None, 5, 4, 1, 0] | src = 4, dest = 5
2026-06-12 01:18:21.703 - [DEBUG] ||| prep_pass ||| Next permutation = [None, None, None, None, None, None, 1, 0]
2026-06-12 01:18:21.704 - [DEBUG] ||| prep_pass ||| Chain complete
2026-06-12 01:18:21.704 - [DEBUG] ||| run ||| pending_perm = [None, None, None, None, None, None, 1, 0] | src = 6, dest = 1
2026-06-12 01:18:21.705 - [DEBUG] ||| prep_pass ||| Next permutation = [None, None, None, None, None, None, None, None]
2026-06-12 01:18:21.705 - [DEBUG] ||| prep_pass ||| Chain complete
2026-06-12 01:18:21.706 - [DEBUG] ||| normalize_perm ||| Permutation post normalization = [0, 7, 6, 3, 5, 4, 2, 1]
2026-06-12 01:18:21.706 - [DEBUG] ||| run ||| pending_perm = [0, 7, 6, 3, 5, 4, 2, 1] | src = 0, dest = 0
2026-06-12 01:18:21.707 - [DEBUG] ||| prep_pass ||| Next permutation = [None, None, 6, 3, 5, 4, 2, 1]
2026-06-12 01:18:21.707 - [DEBUG] ||| prep_pass ||| rb_src = 6, rb_dest = 2
2026-06-12 01:18:21.708 - [DEBUG] ||| prep_pass ||| Next permutation = [None, None, 6, 3, 5, 4, None, None]
2026-06-12 01:18:21.708 - [DEBUG] ||| prep_pass ||| rb_src = 2, rb_dest = 6
2026-06-12 01:18:21.709 - [DEBUG] ||| prep_pass ||| Next permutation = [None, None, None, None, 5, 4, None, None]
2026-06-12 01:18:21.709 - [DEBUG] ||| prep_pass ||| Chain complete
2026-06-12 01:18:21.710 - [DEBUG] ||| run ||| pending_perm = [None, None, None, None, 5, 4, None, None] | src = 4, dest = 5
2026-06-12 01:18:21.710 - [DEBUG] ||| prep_pass ||| Next permutation = [None, None, None, None, None, None, None, None]
2026-06-12 01:18:21.711 - [DEBUG] ||| prep_pass ||| Chain complete
2026-06-12 01:18:21.711 - [DEBUG] ||| normalize_perm ||| Permutation post normalization = [0, 3, 7, 4, 6, 5, 2, 1]
2026-06-12 01:18:21.712 - [DEBUG] ||| run ||| pending_perm = [0, 3, 7, 4, 6, 5, 2, 1] | src = 0, dest = 0
2026-06-12 01:18:21.712 - [DEBUG] ||| prep_pass ||| Next permutation = [None, None, 7, 4, 6, 5, 2, 1]
2026-06-12 01:18:21.713 - [DEBUG] ||| prep_pass ||| rb_src = 6, rb_dest = 2
2026-06-12 01:18:21.713 - [DEBUG] ||| prep_pass ||| Next permutation = [None, None, 7, 4, 6, 5, None, None]
2026-06-12 01:18:21.713 - [DEBUG] ||| prep_pass ||| Chain complete
2026-06-12 01:18:21.714 - [DEBUG] ||| run ||| pending_perm = [None, None, 7, 4, 6, 5, None, None] | src = 2, dest = 7
2026-06-12 01:18:21.714 - [DEBUG] ||| prep_pass ||| Next permutation = [None, None, None, None, 6, 5, None, None]
2026-06-12 01:18:21.715 - [DEBUG] ||| prep_pass ||| rb_src = 5, rb_dest = 5
2026-06-12 01:18:21.715 - [DEBUG] ||| prep_pass ||| Next permutation = [None, None, None, None, None, None, None, None]
2026-06-12 01:18:21.716 - [DEBUG] ||| prep_pass ||| Chain complete
2026-06-12 01:18:21.716 - [DEBUG] ||| normalize_perm ||| Permutation post normalization = [0, 7, 3, 6, 5, 4, 2, 1]
2026-06-12 01:18:21.717 - [DEBUG] ||| run ||| pending_perm = [0, 7, 3, 6, 5, 4, 2, 1] | src = 0, dest = 0
2026-06-12 01:18:21.717 - [DEBUG] ||| prep_pass ||| Next permutation = [None, None, 3, 6, 5, 4, 2, 1]
2026-06-12 01:18:21.718 - [DEBUG] ||| prep_pass ||| rb_src = 6, rb_dest = 2
2026-06-12 01:18:21.718 - [DEBUG] ||| prep_pass ||| Next permutation = [None, None, 3, 6, 5, 4, None, None]
2026-06-12 01:18:21.719 - [DEBUG] ||| prep_pass ||| rb_src = 3, rb_dest = 6
2026-06-12 01:18:21.719 - [DEBUG] ||| prep_pass ||| Next permutation = [None, None, None, None, 5, 4, None, None]
2026-06-12 01:18:21.719 - [DEBUG] ||| prep_pass ||| Chain complete
2026-06-12 01:18:21.720 - [DEBUG] ||| run ||| pending_perm = [None, None, None, None, 5, 4, None, None] | src = 4, dest = 5
2026-06-12 01:18:21.720 - [DEBUG] ||| prep_pass ||| Next permutation = [None, None, None, None, None, None, None, None]
2026-06-12 01:18:21.721 - [DEBUG] ||| prep_pass ||| Chain complete
2026-06-12 01:18:21.721 - [DEBUG] ||| normalize_perm ||| Permutation post normalization = [7, 2, 6, 3, 5, 4, 1, 0]
2026-06-12 01:18:21.722 - [DEBUG] ||| run ||| pending_perm = [7, 2, 6, 3, 5, 4, 1, 0] | src = 0, dest = 7
2026-06-12 01:18:21.722 - [DEBUG] ||| prep_pass ||| Next permutation = [None, None, 6, 3, 5, 4, 1, 0]
2026-06-12 01:18:21.723 - [DEBUG] ||| prep_pass ||| rb_src = 3, rb_dest = 3
2026-06-12 01:18:21.723 - [DEBUG] ||| prep_pass ||| Next permutation = [None, None, None, None, 5, 4, 1, 0]
2026-06-12 01:18:21.724 - [DEBUG] ||| prep_pass ||| Chain complete
2026-06-12 01:18:21.724 - [DEBUG] ||| run ||| pending_perm = [None, None, None, None, 5, 4, 1, 0] | src = 4, dest = 5
2026-06-12 01:18:21.725 - [DEBUG] ||| prep_pass ||| Next permutation = [None, None, None, None, None, None, 1, 0]
2026-06-12 01:18:21.725 - [DEBUG] ||| prep_pass ||| Chain complete
2026-06-12 01:18:21.725 - [DEBUG] ||| run ||| pending_perm = [None, None, None, None, None, None, 1, 0] | src = 6, dest = 1
2026-06-12 01:18:21.726 - [DEBUG] ||| prep_pass ||| Next permutation = [None, None, None, None, None, None, None, None]
2026-06-12 01:18:21.726 - [DEBUG] ||| prep_pass ||| Chain complete
2026-06-12 01:18:21.727 - [DEBUG] ||| propogate ||| stage = 3, input perm = [0, 61, 55, 28, 45, 37, 21, 13, 4, 24, 57, 32, 49, 41, 17, 9, 2, 59, 26, 51, 47, 39, 19, 11, 63, 22, 53, 30, 43, 35, 15, 7, 1, 60, 54, 29, 44, 36, 20, 12, 5, 25, 56, 33, 48, 40, 16, 8, 3, 58, 27, 50, 46, 38, 18, 10, 62, 23, 52, 31, 42, 34, 14, 6]
2026-06-12 01:18:21.727 - [DEBUG] ||| run ||| Stage[3] | Output permutation = [0, 55, 45, 21, 61, 28, 37, 13, 4, 57, 41, 17, 24, 32, 49, 9, 2, 51, 47, 19, 59, 26, 39, 11, 63, 30, 43, 15, 22, 53, 35, 7, 1, 54, 44, 20, 60, 29, 36, 12, 5, 56, 40, 16, 25, 33, 48, 8, 3, 50, 46, 18, 58, 27, 38, 10, 62, 31, 42, 14, 23, 52, 34, 6]
2026-06-12 01:18:21.727 - [DEBUG] ||| run ||| Stage[4] || perm_split = 16, split_len = 4, sw_split = 2, sub_perms = [[0, 55, 45, 21], [61, 28, 37, 13], [4, 57, 41, 17], [24, 32, 49, 9], [2, 51, 47, 19], [59, 26, 39, 11], [63, 30, 43, 15], [22, 53, 35, 7], [1, 54, 44, 20], [60, 29, 36, 12], [5, 56, 40, 16], [25, 33, 48, 8], [3, 50, 46, 18], [58, 27, 38, 10], [62, 31, 42, 14], [23, 52, 34, 6]]
2026-06-12 01:18:21.728 - [DEBUG] ||| normalize_perm ||| Permutation post normalization = [0, 3, 2, 1]
2026-06-12 01:18:21.728 - [DEBUG] ||| run ||| pending_perm = [0, 3, 2, 1] | src = 0, dest = 0
2026-06-12 01:18:21.729 - [DEBUG] ||| prep_pass ||| Next permutation = [None, None, 2, 1]
2026-06-12 01:18:21.729 - [DEBUG] ||| prep_pass ||| rb_src = 2, rb_dest = 2
2026-06-12 01:18:21.730 - [DEBUG] ||| prep_pass ||| Next permutation = [None, None, None, None]
2026-06-12 01:18:21.730 - [DEBUG] ||| prep_pass ||| Chain complete
2026-06-12 01:18:21.730 - [DEBUG] ||| normalize_perm ||| Permutation post normalization = [3, 1, 2, 0]
2026-06-12 01:18:21.731 - [DEBUG] ||| run ||| pending_perm = [3, 1, 2, 0] | src = 0, dest = 3
2026-06-12 01:18:21.731 - [DEBUG] ||| prep_pass ||| Next permutation = [None, None, 2, 0]
2026-06-12 01:18:21.732 - [DEBUG] ||| prep_pass ||| rb_src = 3, rb_dest = 0
2026-06-12 01:18:21.732 - [DEBUG] ||| prep_pass ||| Next permutation = [None, None, None, None]
2026-06-12 01:18:21.733 - [DEBUG] ||| prep_pass ||| Chain complete
2026-06-12 01:18:21.733 - [DEBUG] ||| normalize_perm ||| Permutation post normalization = [0, 3, 2, 1]
2026-06-12 01:18:21.734 - [DEBUG] ||| run ||| pending_perm = [0, 3, 2, 1] | src = 0, dest = 0
2026-06-12 01:18:21.734 - [DEBUG] ||| prep_pass ||| Next permutation = [None, None, 2, 1]
2026-06-12 01:18:21.734 - [DEBUG] ||| prep_pass ||| rb_src = 2, rb_dest = 2
2026-06-12 01:18:21.735 - [DEBUG] ||| prep_pass ||| Next permutation = [None, None, None, None]
2026-06-12 01:18:21.735 - [DEBUG] ||| prep_pass ||| Chain complete
2026-06-12 01:18:21.736 - [DEBUG] ||| normalize_perm ||| Permutation post normalization = [1, 2, 3, 0]
2026-06-12 01:18:21.737 - [DEBUG] ||| run ||| pending_perm = [1, 2, 3, 0] | src = 0, dest = 1
2026-06-12 01:18:21.737 - [DEBUG] ||| prep_pass ||| Next permutation = [None, None, 3, 0]
2026-06-12 01:18:21.738 - [DEBUG] ||| prep_pass ||| rb_src = 2, rb_dest = 3
2026-06-12 01:18:21.738 - [DEBUG] ||| prep_pass ||| Next permutation = [None, None, None, None]
2026-06-12 01:18:21.739 - [DEBUG] ||| prep_pass ||| Chain complete
2026-06-12 01:18:21.740 - [DEBUG] ||| normalize_perm ||| Permutation post normalization = [0, 3, 2, 1]
2026-06-12 01:18:21.740 - [DEBUG] ||| run ||| pending_perm = [0, 3, 2, 1] | src = 0, dest = 0
2026-06-12 01:18:21.741 - [DEBUG] ||| prep_pass ||| Next permutation = [None, None, 2, 1]
2026-06-12 01:18:21.741 - [DEBUG] ||| prep_pass ||| rb_src = 2, rb_dest = 2
2026-06-12 01:18:21.742 - [DEBUG] ||| prep_pass ||| Next permutation = [None, None, None, None]
2026-06-12 01:18:21.742 - [DEBUG] ||| prep_pass ||| Chain complete
2026-06-12 01:18:21.743 - [DEBUG] ||| normalize_perm ||| Permutation post normalization = [3, 1, 2, 0]
2026-06-12 01:18:21.743 - [DEBUG] ||| run ||| pending_perm = [3, 1, 2, 0] | src = 0, dest = 3
2026-06-12 01:18:21.744 - [DEBUG] ||| prep_pass ||| Next permutation = [None, None, 2, 0]
2026-06-12 01:18:21.744 - [DEBUG] ||| prep_pass ||| rb_src = 3, rb_dest = 0
2026-06-12 01:18:21.745 - [DEBUG] ||| prep_pass ||| Next permutation = [None, None, None, None]
2026-06-12 01:18:21.745 - [DEBUG] ||| prep_pass ||| Chain complete
2026-06-12 01:18:21.746 - [DEBUG] ||| normalize_perm ||| Permutation post normalization = [3, 1, 2, 0]
2026-06-12 01:18:21.746 - [DEBUG] ||| run ||| pending_perm = [3, 1, 2, 0] | src = 0, dest = 3
2026-06-12 01:18:21.747 - [DEBUG] ||| prep_pass ||| Next permutation = [None, None, 2, 0]
2026-06-12 01:18:21.747 - [DEBUG] ||| prep_pass ||| rb_src = 3, rb_dest = 0
2026-06-12 01:18:21.748 - [DEBUG] ||| prep_pass ||| Next permutation = [None, None, None, None]
2026-06-12 01:18:21.748 - [DEBUG] ||| prep_pass ||| Chain complete
2026-06-12 01:18:21.749 - [DEBUG] ||| normalize_perm ||| Permutation post normalization = [1, 3, 2, 0]
2026-06-12 01:18:21.749 - [DEBUG] ||| run ||| pending_perm = [1, 3, 2, 0] | src = 0, dest = 1
2026-06-12 01:18:21.750 - [DEBUG] ||| prep_pass ||| Next permutation = [None, None, 2, 0]
2026-06-12 01:18:21.750 - [DEBUG] ||| prep_pass ||| rb_src = 2, rb_dest = 2
2026-06-12 01:18:21.751 - [DEBUG] ||| prep_pass ||| Next permutation = [None, None, None, None]
2026-06-12 01:18:21.751 - [DEBUG] ||| prep_pass ||| Chain complete
2026-06-12 01:18:21.752 - [DEBUG] ||| normalize_perm ||| Permutation post normalization = [0, 3, 2, 1]
2026-06-12 01:18:21.752 - [DEBUG] ||| run ||| pending_perm = [0, 3, 2, 1] | src = 0, dest = 0
2026-06-12 01:18:21.753 - [DEBUG] ||| prep_pass ||| Next permutation = [None, None, 2, 1]
2026-06-12 01:18:21.753 - [DEBUG] ||| prep_pass ||| rb_src = 2, rb_dest = 2
2026-06-12 01:18:21.754 - [DEBUG] ||| prep_pass ||| Next permutation = [None, None, None, None]
2026-06-12 01:18:21.754 - [DEBUG] ||| prep_pass ||| Chain complete
2026-06-12 01:18:21.755 - [DEBUG] ||| normalize_perm ||| Permutation post normalization = [3, 1, 2, 0]
2026-06-12 01:18:21.756 - [DEBUG] ||| run ||| pending_perm = [3, 1, 2, 0] | src = 0, dest = 3
2026-06-12 01:18:21.756 - [DEBUG] ||| prep_pass ||| Next permutation = [None, None, 2, 0]
2026-06-12 01:18:21.756 - [DEBUG] ||| prep_pass ||| rb_src = 3, rb_dest = 0
2026-06-12 01:18:21.757 - [DEBUG] ||| prep_pass ||| Next permutation = [None, None, None, None]
2026-06-12 01:18:21.758 - [DEBUG] ||| prep_pass ||| Chain complete
2026-06-12 01:18:21.758 - [DEBUG] ||| normalize_perm ||| Permutation post normalization = [0, 3, 2, 1]
2026-06-12 01:18:21.759 - [DEBUG] ||| run ||| pending_perm = [0, 3, 2, 1] | src = 0, dest = 0
2026-06-12 01:18:21.759 - [DEBUG] ||| prep_pass ||| Next permutation = [None, None, 2, 1]
2026-06-12 01:18:21.760 - [DEBUG] ||| prep_pass ||| rb_src = 2, rb_dest = 2
2026-06-12 01:18:21.760 - [DEBUG] ||| prep_pass ||| Next permutation = [None, None, None, None]
2026-06-12 01:18:21.761 - [DEBUG] ||| prep_pass ||| Chain complete
2026-06-12 01:18:21.761 - [DEBUG] ||| normalize_perm ||| Permutation post normalization = [1, 2, 3, 0]
2026-06-12 01:18:21.762 - [DEBUG] ||| run ||| pending_perm = [1, 2, 3, 0] | src = 0, dest = 1
2026-06-12 01:18:21.762 - [DEBUG] ||| prep_pass ||| Next permutation = [None, None, 3, 0]
2026-06-12 01:18:21.763 - [DEBUG] ||| prep_pass ||| rb_src = 2, rb_dest = 3
2026-06-12 01:18:21.763 - [DEBUG] ||| prep_pass ||| Next permutation = [None, None, None, None]
2026-06-12 01:18:21.764 - [DEBUG] ||| prep_pass ||| Chain complete
2026-06-12 01:18:21.764 - [DEBUG] ||| normalize_perm ||| Permutation post normalization = [0, 3, 2, 1]
2026-06-12 01:18:21.765 - [DEBUG] ||| run ||| pending_perm = [0, 3, 2, 1] | src = 0, dest = 0
2026-06-12 01:18:21.766 - [DEBUG] ||| prep_pass ||| Next permutation = [None, None, 2, 1]
2026-06-12 01:18:21.766 - [DEBUG] ||| prep_pass ||| rb_src = 2, rb_dest = 2
2026-06-12 01:18:21.767 - [DEBUG] ||| prep_pass ||| Next permutation = [None, None, None, None]
2026-06-12 01:18:21.768 - [DEBUG] ||| prep_pass ||| Chain complete
2026-06-12 01:18:21.768 - [DEBUG] ||| normalize_perm ||| Permutation post normalization = [3, 1, 2, 0]
2026-06-12 01:18:21.769 - [DEBUG] ||| run ||| pending_perm = [3, 1, 2, 0] | src = 0, dest = 3
2026-06-12 01:18:21.769 - [DEBUG] ||| prep_pass ||| Next permutation = [None, None, 2, 0]
2026-06-12 01:18:21.770 - [DEBUG] ||| prep_pass ||| rb_src = 3, rb_dest = 0
2026-06-12 01:18:21.771 - [DEBUG] ||| prep_pass ||| Next permutation = [None, None, None, None]
2026-06-12 01:18:21.771 - [DEBUG] ||| prep_pass ||| Chain complete
2026-06-12 01:18:21.772 - [DEBUG] ||| normalize_perm ||| Permutation post normalization = [3, 1, 2, 0]
2026-06-12 01:18:21.772 - [DEBUG] ||| run ||| pending_perm = [3, 1, 2, 0] | src = 0, dest = 3
2026-06-12 01:18:21.773 - [DEBUG] ||| prep_pass ||| Next permutation = [None, None, 2, 0]
2026-06-12 01:18:21.773 - [DEBUG] ||| prep_pass ||| rb_src = 3, rb_dest = 0
2026-06-12 01:18:21.774 - [DEBUG] ||| prep_pass ||| Next permutation = [None, None, None, None]
2026-06-12 01:18:21.774 - [DEBUG] ||| prep_pass ||| Chain complete
2026-06-12 01:18:21.775 - [DEBUG] ||| normalize_perm ||| Permutation post normalization = [1, 3, 2, 0]
2026-06-12 01:18:21.775 - [DEBUG] ||| run ||| pending_perm = [1, 3, 2, 0] | src = 0, dest = 1
2026-06-12 01:18:21.776 - [DEBUG] ||| prep_pass ||| Next permutation = [None, None, 2, 0]
2026-06-12 01:18:21.776 - [DEBUG] ||| prep_pass ||| rb_src = 2, rb_dest = 2
2026-06-12 01:18:21.777 - [DEBUG] ||| prep_pass ||| Next permutation = [None, None, None, None]
2026-06-12 01:18:21.777 - [DEBUG] ||| prep_pass ||| Chain complete
2026-06-12 01:18:21.777 - [DEBUG] ||| propogate ||| stage = 4, input perm = [0, 55, 45, 21, 61, 28, 37, 13, 4, 57, 41, 17, 24, 32, 49, 9, 2, 51, 47, 19, 59, 26, 39, 11, 63, 30, 43, 15, 22, 53, 35, 7, 1, 54, 44, 20, 60, 29, 36, 12, 5, 56, 40, 16, 25, 33, 48, 8, 3, 50, 46, 18, 58, 27, 38, 10, 62, 31, 42, 14, 23, 52, 34, 6]
2026-06-12 01:18:21.778 - [DEBUG] ||| run ||| Stage[4] | Output permutation = [0, 45, 55, 21, 61, 13, 28, 37, 4, 41, 57, 17, 24, 49, 32, 9, 2, 47, 51, 19, 59, 11, 26, 39, 63, 15, 30, 43, 22, 35, 53, 7, 1, 44, 54, 20, 60, 12, 29, 36, 5, 40, 56, 16, 25, 48, 33, 8, 3, 46, 50, 18, 58, 10, 27, 38, 62, 14, 31, 42, 23, 34, 52, 6]
2026-06-12 01:18:21.779 - [DEBUG] ||| propogate ||| stage = 5, input perm = [0, 45, 55, 21, 61, 13, 28, 37, 4, 41, 57, 17, 24, 49, 32, 9, 2, 47, 51, 19, 59, 11, 26, 39, 63, 15, 30, 43, 22, 35, 53, 7, 1, 44, 54, 20, 60, 12, 29, 36, 5, 40, 56, 16, 25, 48, 33, 8, 3, 46, 50, 18, 58, 10, 27, 38, 62, 14, 31, 42, 23, 34, 52, 6]
2026-06-12 01:18:21.779 - [DEBUG] ||| run ||| Stage[5] | Output permutation = [0, 21, 45, 55, 13, 28, 61, 37, 4, 17, 41, 57, 24, 9, 49, 32, 2, 19, 47, 51, 11, 26, 59, 39, 15, 30, 63, 43, 22, 7, 35, 53, 1, 20, 44, 54, 12, 29, 60, 36, 5, 16, 40, 56, 25, 8, 48, 33, 3, 18, 46, 50, 10, 27, 58, 38, 14, 31, 62, 42, 23, 6, 34, 52]
2026-06-12 01:18:21.780 - [DEBUG] ||| propogate ||| stage = 6, input perm = [0, 21, 45, 55, 13, 28, 61, 37, 4, 17, 41, 57, 24, 9, 49, 32, 2, 19, 47, 51, 11, 26, 59, 39, 15, 30, 63, 43, 22, 7, 35, 53, 1, 20, 44, 54, 12, 29, 60, 36, 5, 16, 40, 56, 25, 8, 48, 33, 3, 18, 46, 50, 10, 27, 58, 38, 14, 31, 62, 42, 23, 6, 34, 52]
2026-06-12 01:18:21.781 - [DEBUG] ||| run ||| Stage[6] | Output permutation = [0, 13, 21, 28, 45, 37, 55, 61, 4, 9, 17, 24, 41, 32, 57, 49, 2, 11, 19, 26, 47, 39, 51, 59, 15, 7, 30, 22, 43, 35, 63, 53, 1, 12, 20, 29, 44, 36, 54, 60, 5, 8, 16, 25, 40, 33, 56, 48, 3, 10, 18, 27, 46, 38, 50, 58, 14, 6, 31, 23, 42, 34, 62, 52]
2026-06-12 01:18:21.781 - [DEBUG] ||| propogate ||| stage = 7, input perm = [0, 13, 21, 28, 45, 37, 55, 61, 4, 9, 17, 24, 41, 32, 57, 49, 2, 11, 19, 26, 47, 39, 51, 59, 15, 7, 30, 22, 43, 35, 63, 53, 1, 12, 20, 29, 44, 36, 54, 60, 5, 8, 16, 25, 40, 33, 56, 48, 3, 10, 18, 27, 46, 38, 50, 58, 14, 6, 31, 23, 42, 34, 62, 52]
2026-06-12 01:18:21.782 - [DEBUG] ||| run ||| Stage[7] | Output permutation = [0, 4, 13, 9, 21, 17, 28, 24, 37, 32, 45, 41, 55, 49, 61, 57, 2, 7, 11, 15, 19, 22, 26, 30, 39, 35, 47, 43, 51, 53, 59, 63, 1, 5, 12, 8, 20, 16, 29, 25, 36, 33, 44, 40, 54, 48, 60, 56, 3, 6, 10, 14, 18, 23, 27, 31, 38, 34, 46, 42, 50, 52, 58, 62]
2026-06-12 01:18:21.783 - [DEBUG] ||| propogate ||| stage = 8, input perm = [0, 4, 13, 9, 21, 17, 28, 24, 37, 32, 45, 41, 55, 49, 61, 57, 2, 7, 11, 15, 19, 22, 26, 30, 39, 35, 47, 43, 51, 53, 59, 63, 1, 5, 12, 8, 20, 16, 29, 25, 36, 33, 44, 40, 54, 48, 60, 56, 3, 6, 10, 14, 18, 23, 27, 31, 38, 34, 46, 42, 50, 52, 58, 62]
2026-06-12 01:18:21.784 - [DEBUG] ||| run ||| Stage[8] | Output permutation = [0, 2, 4, 7, 9, 11, 13, 15, 17, 19, 21, 22, 24, 26, 28, 30, 32, 35, 37, 39, 41, 43, 45, 47, 49, 51, 55, 53, 57, 59, 61, 63, 1, 3, 5, 6, 8, 10, 12, 14, 16, 18, 20, 23, 25, 27, 29, 31, 33, 34, 36, 38, 40, 42, 44, 46, 48, 50, 54, 52, 56, 58, 60, 62]
2026-06-12 01:18:21.784 - [DEBUG] ||| propogate ||| stage = 9, input perm = [0, 2, 4, 7, 9, 11, 13, 15, 17, 19, 21, 22, 24, 26, 28, 30, 32, 35, 37, 39, 41, 43, 45, 47, 49, 51, 55, 53, 57, 59, 61, 63, 1, 3, 5, 6, 8, 10, 12, 14, 16, 18, 20, 23, 25, 27, 29, 31, 33, 34, 36, 38, 40, 42, 44, 46, 48, 50, 54, 52, 56, 58, 60, 62]
2026-06-12 01:18:21.785 - [DEBUG] ||| run ||| Stage[9] | Output permutation = [0, 1, 2, 3, 4, 5, 7, 6, 9, 8, 11, 10, 13, 12, 15, 14, 17, 16, 19, 18, 21, 20, 22, 23, 24, 25, 26, 27, 28, 29, 30, 31, 32, 33, 35, 34, 37, 36, 39, 38, 41, 40, 43, 42, 45, 44, 47, 46, 49, 48, 51, 50, 53, 52, 55, 54, 57, 56, 59, 58, 61, 60, 63, 62]
2026-06-12 01:18:21.785 - [DEBUG] ||| propogate ||| stage = 10, input perm = [0, 1, 2, 3, 4, 5, 7, 6, 9, 8, 11, 10, 13, 12, 15, 14, 17, 16, 19, 18, 21, 20, 22, 23, 24, 25, 26, 27, 28, 29, 30, 31, 32, 33, 35, 34, 37, 36, 39, 38, 41, 40, 43, 42, 45, 44, 47, 46, 49, 48, 51, 50, 53, 52, 55, 54, 57, 56, 59, 58, 61, 60, 63, 62]
2026-06-12 01:18:21.786 - [DEBUG] ||| run ||| Stage[10] | Output permutation = [0, 1, 2, 3, 4, 5, 6, 7, 8, 9, 10, 11, 12, 13, 14, 15, 16, 17, 18, 19, 20, 21, 22, 23, 24, 25, 26, 27, 28, 29, 30, 31, 32, 33, 34, 35, 36, 37, 38, 39, 40, 41, 42, 43, 44, 45, 46, 47, 48, 49, 50, 51, 52, 53, 54, 55, 56, 57, 58, 59, 60, 61, 62, 63]
2026-06-12 01:18:21.787 - [DEBUG] ||| run ||| Benes Routing: PASSED
2026-06-12 01:18:21.788 - [DEBUG] ||| run ||| Attempting to route Benes permutation = [(6, 0), (7, 1), (8, 2), (9, 3), (10, 4), (11, 5), (18, 22), (19, 23), (20, 24), (21, 25), (22, 26), (23, 27), (30, 28), (31, 29), (32, 30), (33, 31), (34, 32), (35, 33)]
2026-06-12 01:18:21.788 - [DEBUG] ||| balance_perm ||| almost-balanced_perm = [None, None, None, None, None, None, 0, 1, 2, 3, 4, 5, None, None, None, None, None, None, 22, 23, 24, 25, 26, 27, None, None, None, None, None, None, 28, 29, 30, 31, 32, 33, None, None, None, None, None, None, None, None, None, None, None, None, None, None, None, None, None, None, None, None, None, None, None, None, None, None, None, None]; free_dest = [6, 7, 8, 9, 10, 11, 12, 13, 14, 15, 16, 17, 18, 19, 20, 21, 34, 35, 36, 37, 38, 39, 40, 41, 42, 43, 44, 45, 46, 47, 48, 49, 50, 51, 52, 53, 54, 55, 56, 57, 58, 59, 60, 61, 62, 63]
2026-06-12 01:18:21.789 - [DEBUG] ||| balance_perm ||| balanced_perm = [63, 62, 61, 60, 59, 58, 0, 1, 2, 3, 4, 5, 57, 56, 55, 54, 53, 52, 22, 23, 24, 25, 26, 27, 51, 50, 49, 48, 47, 46, 28, 29, 30, 31, 32, 33, 45, 44, 43, 42, 41, 40, 39, 38, 37, 36, 35, 34, 21, 20, 19, 18, 17, 16, 15, 14, 13, 12, 11, 10, 9, 8, 7, 6]
2026-06-12 01:18:21.789 - [DEBUG] ||| run ||| Stage[0] || perm_split = 1, split_len = 64, sw_split = 32, sub_perms = [[63, 62, 61, 60, 59, 58, 0, 1, 2, 3, 4, 5, 57, 56, 55, 54, 53, 52, 22, 23, 24, 25, 26, 27, 51, 50, 49, 48, 47, 46, 28, 29, 30, 31, 32, 33, 45, 44, 43, 42, 41, 40, 39, 38, 37, 36, 35, 34, 21, 20, 19, 18, 17, 16, 15, 14, 13, 12, 11, 10, 9, 8, 7, 6]]
2026-06-12 01:18:21.790 - [DEBUG] ||| normalize_perm ||| Permutation post normalization = [63, 62, 61, 60, 59, 58, 0, 1, 2, 3, 4, 5, 57, 56, 55, 54, 53, 52, 22, 23, 24, 25, 26, 27, 51, 50, 49, 48, 47, 46, 28, 29, 30, 31, 32, 33, 45, 44, 43, 42, 41, 40, 39, 38, 37, 36, 35, 34, 21, 20, 19, 18, 17, 16, 15, 14, 13, 12, 11, 10, 9, 8, 7, 6]
2026-06-12 01:18:21.791 - [DEBUG] ||| run ||| pending_perm = [63, 62, 61, 60, 59, 58, 0, 1, 2, 3, 4, 5, 57, 56, 55, 54, 53, 52, 22, 23, 24, 25, 26, 27, 51, 50, 49, 48, 47, 46, 28, 29, 30, 31, 32, 33, 45, 44, 43, 42, 41, 40, 39, 38, 37, 36, 35, 34, 21, 20, 19, 18, 17, 16, 15, 14, 13, 12, 11, 10, 9, 8, 7, 6] | src = 0, dest = 63
2026-06-12 01:18:21.791 - [DEBUG] ||| prep_pass ||| Next permutation = [None, None, 61, 60, 59, 58, 0, 1, 2, 3, 4, 5, 57, 56, 55, 54, 53, 52, 22, 23, 24, 25, 26, 27, 51, 50, 49, 48, 47, 46, 28, 29, 30, 31, 32, 33, 45, 44, 43, 42, 41, 40, 39, 38, 37, 36, 35, 34, 21, 20, 19, 18, 17, 16, 15, 14, 13, 12, 11, 10, 9, 8, 7, 6]
2026-06-12 01:18:21.792 - [DEBUG] ||| prep_pass ||| Chain complete
2026-06-12 01:18:21.792 - [DEBUG] ||| run ||| pending_perm = [None, None, 61, 60, 59, 58, 0, 1, 2, 3, 4, 5, 57, 56, 55, 54, 53, 52, 22, 23, 24, 25, 26, 27, 51, 50, 49, 48, 47, 46, 28, 29, 30, 31, 32, 33, 45, 44, 43, 42, 41, 40, 39, 38, 37, 36, 35, 34, 21, 20, 19, 18, 17, 16, 15, 14, 13, 12, 11, 10, 9, 8, 7, 6] | src = 2, dest = 61
2026-06-12 01:18:21.793 - [DEBUG] ||| prep_pass ||| Next permutation = [None, None, None, None, 59, 58, 0, 1, 2, 3, 4, 5, 57, 56, 55, 54, 53, 52, 22, 23, 24, 25, 26, 27, 51, 50, 49, 48, 47, 46, 28, 29, 30, 31, 32, 33, 45, 44, 43, 42, 41, 40, 39, 38, 37, 36, 35, 34, 21, 20, 19, 18, 17, 16, 15, 14, 13, 12, 11, 10, 9, 8, 7, 6]
2026-06-12 01:18:21.793 - [DEBUG] ||| prep_pass ||| Chain complete
2026-06-12 01:18:21.794 - [DEBUG] ||| run ||| pending_perm = [None, None, None, None, 59, 58, 0, 1, 2, 3, 4, 5, 57, 56, 55, 54, 53, 52, 22, 23, 24, 25, 26, 27, 51, 50, 49, 48, 47, 46, 28, 29, 30, 31, 32, 33, 45, 44, 43, 42, 41, 40, 39, 38, 37, 36, 35, 34, 21, 20, 19, 18, 17, 16, 15, 14, 13, 12, 11, 10, 9, 8, 7, 6] | src = 4, dest = 59
2026-06-12 01:18:21.795 - [DEBUG] ||| prep_pass ||| Next permutation = [None, None, None, None, None, None, 0, 1, 2, 3, 4, 5, 57, 56, 55, 54, 53, 52, 22, 23, 24, 25, 26, 27, 51, 50, 49, 48, 47, 46, 28, 29, 30, 31, 32, 33, 45, 44, 43, 42, 41, 40, 39, 38, 37, 36, 35, 34, 21, 20, 19, 18, 17, 16, 15, 14, 13, 12, 11, 10, 9, 8, 7, 6]
2026-06-12 01:18:21.796 - [DEBUG] ||| prep_pass ||| Chain complete
2026-06-12 01:18:21.796 - [DEBUG] ||| run ||| pending_perm = [None, None, None, None, None, None, 0, 1, 2, 3, 4, 5, 57, 56, 55, 54, 53, 52, 22, 23, 24, 25, 26, 27, 51, 50, 49, 48, 47, 46, 28, 29, 30, 31, 32, 33, 45, 44, 43, 42, 41, 40, 39, 38, 37, 36, 35, 34, 21, 20, 19, 18, 17, 16, 15, 14, 13, 12, 11, 10, 9, 8, 7, 6] | src = 6, dest = 0
2026-06-12 01:18:21.797 - [DEBUG] ||| prep_pass ||| Next permutation = [None, None, None, None, None, None, None, None, 2, 3, 4, 5, 57, 56, 55, 54, 53, 52, 22, 23, 24, 25, 26, 27, 51, 50, 49, 48, 47, 46, 28, 29, 30, 31, 32, 33, 45, 44, 43, 42, 41, 40, 39, 38, 37, 36, 35, 34, 21, 20, 19, 18, 17, 16, 15, 14, 13, 12, 11, 10, 9, 8, 7, 6]
2026-06-12 01:18:21.797 - [DEBUG] ||| prep_pass ||| Chain complete
2026-06-12 01:18:21.798 - [DEBUG] ||| run ||| pending_perm = [None, None, None, None, None, None, None, None, 2, 3, 4, 5, 57, 56, 55, 54, 53, 52, 22, 23, 24, 25, 26, 27, 51, 50, 49, 48, 47, 46, 28, 29, 30, 31, 32, 33, 45, 44, 43, 42, 41, 40, 39, 38, 37, 36, 35, 34, 21, 20, 19, 18, 17, 16, 15, 14, 13, 12, 11, 10, 9, 8, 7, 6] | src = 8, dest = 2
2026-06-12 01:18:21.799 - [DEBUG] ||| prep_pass ||| Next permutation = [None, None, None, None, None, None, None, None, None, None, 4, 5, 57, 56, 55, 54, 53, 52, 22, 23, 24, 25, 26, 27, 51, 50, 49, 48, 47, 46, 28, 29, 30, 31, 32, 33, 45, 44, 43, 42, 41, 40, 39, 38, 37, 36, 35, 34, 21, 20, 19, 18, 17, 16, 15, 14, 13, 12, 11, 10, 9, 8, 7, 6]
2026-06-12 01:18:21.799 - [DEBUG] ||| prep_pass ||| Chain complete
2026-06-12 01:18:21.800 - [DEBUG] ||| run ||| pending_perm = [None, None, None, None, None, None, None, None, None, None, 4, 5, 57, 56, 55, 54, 53, 52, 22, 23, 24, 25, 26, 27, 51, 50, 49, 48, 47, 46, 28, 29, 30, 31, 32, 33, 45, 44, 43, 42, 41, 40, 39, 38, 37, 36, 35, 34, 21, 20, 19, 18, 17, 16, 15, 14, 13, 12, 11, 10, 9, 8, 7, 6] | src = 10, dest = 4
2026-06-12 01:18:21.800 - [DEBUG] ||| prep_pass ||| Next permutation = [None, None, None, None, None, None, None, None, None, None, None, None, 57, 56, 55, 54, 53, 52, 22, 23, 24, 25, 26, 27, 51, 50, 49, 48, 47, 46, 28, 29, 30, 31, 32, 33, 45, 44, 43, 42, 41, 40, 39, 38, 37, 36, 35, 34, 21, 20, 19, 18, 17, 16, 15, 14, 13, 12, 11, 10, 9, 8, 7, 6]
2026-06-12 01:18:21.801 - [DEBUG] ||| prep_pass ||| Chain complete
2026-06-12 01:18:21.801 - [DEBUG] ||| run ||| pending_perm = [None, None, None, None, None, None, None, None, None, None, None, None, 57, 56, 55, 54, 53, 52, 22, 23, 24, 25, 26, 27, 51, 50, 49, 48, 47, 46, 28, 29, 30, 31, 32, 33, 45, 44, 43, 42, 41, 40, 39, 38, 37, 36, 35, 34, 21, 20, 19, 18, 17, 16, 15, 14, 13, 12, 11, 10, 9, 8, 7, 6] | src = 12, dest = 57
2026-06-12 01:18:21.802 - [DEBUG] ||| prep_pass ||| Next permutation = [None, None, None, None, None, None, None, None, None, None, None, None, None, None, 55, 54, 53, 52, 22, 23, 24, 25, 26, 27, 51, 50, 49, 48, 47, 46, 28, 29, 30, 31, 32, 33, 45, 44, 43, 42, 41, 40, 39, 38, 37, 36, 35, 34, 21, 20, 19, 18, 17, 16, 15, 14, 13, 12, 11, 10, 9, 8, 7, 6]
2026-06-12 01:18:21.802 - [DEBUG] ||| prep_pass ||| Chain complete
2026-06-12 01:18:21.803 - [DEBUG] ||| run ||| pending_perm = [None, None, None, None, None, None, None, None, None, None, None, None, None, None, 55, 54, 53, 52, 22, 23, 24, 25, 26, 27, 51, 50, 49, 48, 47, 46, 28, 29, 30, 31, 32, 33, 45, 44, 43, 42, 41, 40, 39, 38, 37, 36, 35, 34, 21, 20, 19, 18, 17, 16, 15, 14, 13, 12, 11, 10, 9, 8, 7, 6] | src = 14, dest = 55
2026-06-12 01:18:21.804 - [DEBUG] ||| prep_pass ||| Next permutation = [None, None, None, None, None, None, None, None, None, None, None, None, None, None, None, None, 53, 52, 22, 23, 24, 25, 26, 27, 51, 50, 49, 48, 47, 46, 28, 29, 30, 31, 32, 33, 45, 44, 43, 42, 41, 40, 39, 38, 37, 36, 35, 34, 21, 20, 19, 18, 17, 16, 15, 14, 13, 12, 11, 10, 9, 8, 7, 6]
2026-06-12 01:18:21.804 - [DEBUG] ||| prep_pass ||| Chain complete
2026-06-12 01:18:21.804 - [DEBUG] ||| run ||| pending_perm = [None, None, None, None, None, None, None, None, None, None, None, None, None, None, None, None, 53, 52, 22, 23, 24, 25, 26, 27, 51, 50, 49, 48, 47, 46, 28, 29, 30, 31, 32, 33, 45, 44, 43, 42, 41, 40, 39, 38, 37, 36, 35, 34, 21, 20, 19, 18, 17, 16, 15, 14, 13, 12, 11, 10, 9, 8, 7, 6] | src = 16, dest = 53
2026-06-12 01:18:21.805 - [DEBUG] ||| prep_pass ||| Next permutation = [None, None, None, None, None, None, None, None, None, None, None, None, None, None, None, None, None, None, 22, 23, 24, 25, 26, 27, 51, 50, 49, 48, 47, 46, 28, 29, 30, 31, 32, 33, 45, 44, 43, 42, 41, 40, 39, 38, 37, 36, 35, 34, 21, 20, 19, 18, 17, 16, 15, 14, 13, 12, 11, 10, 9, 8, 7, 6]
2026-06-12 01:18:21.805 - [DEBUG] ||| prep_pass ||| Chain complete
2026-06-12 01:18:21.806 - [DEBUG] ||| run ||| pending_perm = [None, None, None, None, None, None, None, None, None, None, None, None, None, None, None, None, None, None, 22, 23, 24, 25, 26, 27, 51, 50, 49, 48, 47, 46, 28, 29, 30, 31, 32, 33, 45, 44, 43, 42, 41, 40, 39, 38, 37, 36, 35, 34, 21, 20, 19, 18, 17, 16, 15, 14, 13, 12, 11, 10, 9, 8, 7, 6] | src = 18, dest = 22
2026-06-12 01:18:21.806 - [DEBUG] ||| prep_pass ||| Next permutation = [None, None, None, None, None, None, None, None, None, None, None, None, None, None, None, None, None, None, None, None, 24, 25, 26, 27, 51, 50, 49, 48, 47, 46, 28, 29, 30, 31, 32, 33, 45, 44, 43, 42, 41, 40, 39, 38, 37, 36, 35, 34, 21, 20, 19, 18, 17, 16, 15, 14, 13, 12, 11, 10, 9, 8, 7, 6]
2026-06-12 01:18:21.807 - [DEBUG] ||| prep_pass ||| Chain complete
2026-06-12 01:18:21.807 - [DEBUG] ||| run ||| pending_perm = [None, None, None, None, None, None, None, None, None, None, None, None, None, None, None, None, None, None, None, None, 24, 25, 26, 27, 51, 50, 49, 48, 47, 46, 28, 29, 30, 31, 32, 33, 45, 44, 43, 42, 41, 40, 39, 38, 37, 36, 35, 34, 21, 20, 19, 18, 17, 16, 15, 14, 13, 12, 11, 10, 9, 8, 7, 6] | src = 20, dest = 24
2026-06-12 01:18:21.808 - [DEBUG] ||| prep_pass ||| Next permutation = [None, None, None, None, None, None, None, None, None, None, None, None, None, None, None, None, None, None, None, None, None, None, 26, 27, 51, 50, 49, 48, 47, 46, 28, 29, 30, 31, 32, 33, 45, 44, 43, 42, 41, 40, 39, 38, 37, 36, 35, 34, 21, 20, 19, 18, 17, 16, 15, 14, 13, 12, 11, 10, 9, 8, 7, 6]
2026-06-12 01:18:21.808 - [DEBUG] ||| prep_pass ||| Chain complete
2026-06-12 01:18:21.809 - [DEBUG] ||| run ||| pending_perm = [None, None, None, None, None, None, None, None, None, None, None, None, None, None, None, None, None, None, None, None, None, None, 26, 27, 51, 50, 49, 48, 47, 46, 28, 29, 30, 31, 32, 33, 45, 44, 43, 42, 41, 40, 39, 38, 37, 36, 35, 34, 21, 20, 19, 18, 17, 16, 15, 14, 13, 12, 11, 10, 9, 8, 7, 6] | src = 22, dest = 26
2026-06-12 01:18:21.809 - [DEBUG] ||| prep_pass ||| Next permutation = [None, None, None, None, None, None, None, None, None, None, None, None, None, None, None, None, None, None, None, None, None, None, None, None, 51, 50, 49, 48, 47, 46, 28, 29, 30, 31, 32, 33, 45, 44, 43, 42, 41, 40, 39, 38, 37, 36, 35, 34, 21, 20, 19, 18, 17, 16, 15, 14, 13, 12, 11, 10, 9, 8, 7, 6]
2026-06-12 01:18:21.810 - [DEBUG] ||| prep_pass ||| Chain complete
2026-06-12 01:18:21.810 - [DEBUG] ||| run ||| pending_perm = [None, None, None, None, None, None, None, None, None, None, None, None, None, None, None, None, None, None, None, None, None, None, None, None, 51, 50, 49, 48, 47, 46, 28, 29, 30, 31, 32, 33, 45, 44, 43, 42, 41, 40, 39, 38, 37, 36, 35, 34, 21, 20, 19, 18, 17, 16, 15, 14, 13, 12, 11, 10, 9, 8, 7, 6] | src = 24, dest = 51
2026-06-12 01:18:21.811 - [DEBUG] ||| prep_pass ||| Next permutation = [None, None, None, None, None, None, None, None, None, None, None, None, None, None, None, None, None, None, None, None, None, None, None, None, None, None, 49, 48, 47, 46, 28, 29, 30, 31, 32, 33, 45, 44, 43, 42, 41, 40, 39, 38, 37, 36, 35, 34, 21, 20, 19, 18, 17, 16, 15, 14, 13, 12, 11, 10, 9, 8, 7, 6]
2026-06-12 01:18:21.811 - [DEBUG] ||| prep_pass ||| Chain complete
2026-06-12 01:18:21.812 - [DEBUG] ||| run ||| pending_perm = [None, None, None, None, None, None, None, None, None, None, None, None, None, None, None, None, None, None, None, None, None, None, None, None, None, None, 49, 48, 47, 46, 28, 29, 30, 31, 32, 33, 45, 44, 43, 42, 41, 40, 39, 38, 37, 36, 35, 34, 21, 20, 19, 18, 17, 16, 15, 14, 13, 12, 11, 10, 9, 8, 7, 6] | src = 26, dest = 49
2026-06-12 01:18:21.812 - [DEBUG] ||| prep_pass ||| Next permutation = [None, None, None, None, None, None, None, None, None, None, None, None, None, None, None, None, None, None, None, None, None, None, None, None, None, None, None, None, 47, 46, 28, 29, 30, 31, 32, 33, 45, 44, 43, 42, 41, 40, 39, 38, 37, 36, 35, 34, 21, 20, 19, 18, 17, 16, 15, 14, 13, 12, 11, 10, 9, 8, 7, 6]
2026-06-12 01:18:21.813 - [DEBUG] ||| prep_pass ||| Chain complete
2026-06-12 01:18:21.814 - [DEBUG] ||| run ||| pending_perm = [None, None, None, None, None, None, None, None, None, None, None, None, None, None, None, None, None, None, None, None, None, None, None, None, None, None, None, None, 47, 46, 28, 29, 30, 31, 32, 33, 45, 44, 43, 42, 41, 40, 39, 38, 37, 36, 35, 34, 21, 20, 19, 18, 17, 16, 15, 14, 13, 12, 11, 10, 9, 8, 7, 6] | src = 28, dest = 47
2026-06-12 01:18:21.815 - [DEBUG] ||| prep_pass ||| Next permutation = [None, None, None, None, None, None, None, None, None, None, None, None, None, None, None, None, None, None, None, None, None, None, None, None, None, None, None, None, None, None, 28, 29, 30, 31, 32, 33, 45, 44, 43, 42, 41, 40, 39, 38, 37, 36, 35, 34, 21, 20, 19, 18, 17, 16, 15, 14, 13, 12, 11, 10, 9, 8, 7, 6]
2026-06-12 01:18:21.815 - [DEBUG] ||| prep_pass ||| Chain complete
2026-06-12 01:18:21.816 - [DEBUG] ||| run ||| pending_perm = [None, None, None, None, None, None, None, None, None, None, None, None, None, None, None, None, None, None, None, None, None, None, None, None, None, None, None, None, None, None, 28, 29, 30, 31, 32, 33, 45, 44, 43, 42, 41, 40, 39, 38, 37, 36, 35, 34, 21, 20, 19, 18, 17, 16, 15, 14, 13, 12, 11, 10, 9, 8, 7, 6] | src = 30, dest = 28
2026-06-12 01:18:21.817 - [DEBUG] ||| prep_pass ||| Next permutation = [None, None, None, None, None, None, None, None, None, None, None, None, None, None, None, None, None, None, None, None, None, None, None, None, None, None, None, None, None, None, None, None, 30, 31, 32, 33, 45, 44, 43, 42, 41, 40, 39, 38, 37, 36, 35, 34, 21, 20, 19, 18, 17, 16, 15, 14, 13, 12, 11, 10, 9, 8, 7, 6]
2026-06-12 01:18:21.817 - [DEBUG] ||| prep_pass ||| Chain complete
2026-06-12 01:18:21.818 - [DEBUG] ||| run ||| pending_perm = [None, None, None, None, None, None, None, None, None, None, None, None, None, None, None, None, None, None, None, None, None, None, None, None, None, None, None, None, None, None, None, None, 30, 31, 32, 33, 45, 44, 43, 42, 41, 40, 39, 38, 37, 36, 35, 34, 21, 20, 19, 18, 17, 16, 15, 14, 13, 12, 11, 10, 9, 8, 7, 6] | src = 32, dest = 30
2026-06-12 01:18:21.819 - [DEBUG] ||| prep_pass ||| Next permutation = [None, None, None, None, None, None, None, None, None, None, None, None, None, None, None, None, None, None, None, None, None, None, None, None, None, None, None, None, None, None, None, None, None, None, 32, 33, 45, 44, 43, 42, 41, 40, 39, 38, 37, 36, 35, 34, 21, 20, 19, 18, 17, 16, 15, 14, 13, 12, 11, 10, 9, 8, 7, 6]
2026-06-12 01:18:21.819 - [DEBUG] ||| prep_pass ||| Chain complete
2026-06-12 01:18:21.820 - [DEBUG] ||| run ||| pending_perm = [None, None, None, None, None, None, None, None, None, None, None, None, None, None, None, None, None, None, None, None, None, None, None, None, None, None, None, None, None, None, None, None, None, None, 32, 33, 45, 44, 43, 42, 41, 40, 39, 38, 37, 36, 35, 34, 21, 20, 19, 18, 17, 16, 15, 14, 13, 12, 11, 10, 9, 8, 7, 6] | src = 34, dest = 32
2026-06-12 01:18:21.820 - [DEBUG] ||| prep_pass ||| Next permutation = [None, None, None, None, None, None, None, None, None, None, None, None, None, None, None, None, None, None, None, None, None, None, None, None, None, None, None, None, None, None, None, None, None, None, None, None, 45, 44, 43, 42, 41, 40, 39, 38, 37, 36, 35, 34, 21, 20, 19, 18, 17, 16, 15, 14, 13, 12, 11, 10, 9, 8, 7, 6]
2026-06-12 01:18:21.821 - [DEBUG] ||| prep_pass ||| Chain complete
2026-06-12 01:18:21.821 - [DEBUG] ||| run ||| pending_perm = [None, None, None, None, None, None, None, None, None, None, None, None, None, None, None, None, None, None, None, None, None, None, None, None, None, None, None, None, None, None, None, None, None, None, None, None, 45, 44, 43, 42, 41, 40, 39, 38, 37, 36, 35, 34, 21, 20, 19, 18, 17, 16, 15, 14, 13, 12, 11, 10, 9, 8, 7, 6] | src = 36, dest = 45
2026-06-12 01:18:21.822 - [DEBUG] ||| prep_pass ||| Next permutation = [None, None, None, None, None, None, None, None, None, None, None, None, None, None, None, None, None, None, None, None, None, None, None, None, None, None, None, None, None, None, None, None, None, None, None, None, None, None, 43, 42, 41, 40, 39, 38, 37, 36, 35, 34, 21, 20, 19, 18, 17, 16, 15, 14, 13, 12, 11, 10, 9, 8, 7, 6]
2026-06-12 01:18:21.822 - [DEBUG] ||| prep_pass ||| Chain complete
2026-06-12 01:18:21.823 - [DEBUG] ||| run ||| pending_perm = [None, None, None, None, None, None, None, None, None, None, None, None, None, None, None, None, None, None, None, None, None, None, None, None, None, None, None, None, None, None, None, None, None, None, None, None, None, None, 43, 42, 41, 40, 39, 38, 37, 36, 35, 34, 21, 20, 19, 18, 17, 16, 15, 14, 13, 12, 11, 10, 9, 8, 7, 6] | src = 38, dest = 43
2026-06-12 01:18:21.824 - [DEBUG] ||| prep_pass ||| Next permutation = [None, None, None, None, None, None, None, None, None, None, None, None, None, None, None, None, None, None, None, None, None, None, None, None, None, None, None, None, None, None, None, None, None, None, None, None, None, None, None, None, 41, 40, 39, 38, 37, 36, 35, 34, 21, 20, 19, 18, 17, 16, 15, 14, 13, 12, 11, 10, 9, 8, 7, 6]
2026-06-12 01:18:21.824 - [DEBUG] ||| prep_pass ||| Chain complete
2026-06-12 01:18:21.825 - [DEBUG] ||| run ||| pending_perm = [None, None, None, None, None, None, None, None, None, None, None, None, None, None, None, None, None, None, None, None, None, None, None, None, None, None, None, None, None, None, None, None, None, None, None, None, None, None, None, None, 41, 40, 39, 38, 37, 36, 35, 34, 21, 20, 19, 18, 17, 16, 15, 14, 13, 12, 11, 10, 9, 8, 7, 6] | src = 40, dest = 41
2026-06-12 01:18:21.825 - [DEBUG] ||| prep_pass ||| Next permutation = [None, None, None, None, None, None, None, None, None, None, None, None, None, None, None, None, None, None, None, None, None, None, None, None, None, None, None, None, None, None, None, None, None, None, None, None, None, None, None, None, None, None, 39, 38, 37, 36, 35, 34, 21, 20, 19, 18, 17, 16, 15, 14, 13, 12, 11, 10, 9, 8, 7, 6]
2026-06-12 01:18:21.826 - [DEBUG] ||| prep_pass ||| Chain complete
2026-06-12 01:18:21.826 - [DEBUG] ||| run ||| pending_perm = [None, None, None, None, None, None, None, None, None, None, None, None, None, None, None, None, None, None, None, None, None, None, None, None, None, None, None, None, None, None, None, None, None, None, None, None, None, None, None, None, None, None, 39, 38, 37, 36, 35, 34, 21, 20, 19, 18, 17, 16, 15, 14, 13, 12, 11, 10, 9, 8, 7, 6] | src = 42, dest = 39
2026-06-12 01:18:21.827 - [DEBUG] ||| prep_pass ||| Next permutation = [None, None, None, None, None, None, None, None, None, None, None, None, None, None, None, None, None, None, None, None, None, None, None, None, None, None, None, None, None, None, None, None, None, None, None, None, None, None, None, None, None, None, None, None, 37, 36, 35, 34, 21, 20, 19, 18, 17, 16, 15, 14, 13, 12, 11, 10, 9, 8, 7, 6]
2026-06-12 01:18:21.827 - [DEBUG] ||| prep_pass ||| Chain complete
2026-06-12 01:18:21.828 - [DEBUG] ||| run ||| pending_perm = [None, None, None, None, None, None, None, None, None, None, None, None, None, None, None, None, None, None, None, None, None, None, None, None, None, None, None, None, None, None, None, None, None, None, None, None, None, None, None, None, None, None, None, None, 37, 36, 35, 34, 21, 20, 19, 18, 17, 16, 15, 14, 13, 12, 11, 10, 9, 8, 7, 6] | src = 44, dest = 37
2026-06-12 01:18:21.828 - [DEBUG] ||| prep_pass ||| Next permutation = [None, None, None, None, None, None, None, None, None, None, None, None, None, None, None, None, None, None, None, None, None, None, None, None, None, None, None, None, None, None, None, None, None, None, None, None, None, None, None, None, None, None, None, None, None, None, 35, 34, 21, 20, 19, 18, 17, 16, 15, 14, 13, 12, 11, 10, 9, 8, 7, 6]
2026-06-12 01:18:21.829 - [DEBUG] ||| prep_pass ||| Chain complete
2026-06-12 01:18:21.829 - [DEBUG] ||| run ||| pending_perm = [None, None, None, None, None, None, None, None, None, None, None, None, None, None, None, None, None, None, None, None, None, None, None, None, None, None, None, None, None, None, None, None, None, None, None, None, None, None, None, None, None, None, None, None, None, None, 35, 34, 21, 20, 19, 18, 17, 16, 15, 14, 13, 12, 11, 10, 9, 8, 7, 6] | src = 46, dest = 35
2026-06-12 01:18:21.830 - [DEBUG] ||| prep_pass ||| Next permutation = [None, None, None, None, None, None, None, None, None, None, None, None, None, None, None, None, None, None, None, None, None, None, None, None, None, None, None, None, None, None, None, None, None, None, None, None, None, None, None, None, None, None, None, None, None, None, None, None, 21, 20, 19, 18, 17, 16, 15, 14, 13, 12, 11, 10, 9, 8, 7, 6]
2026-06-12 01:18:21.830 - [DEBUG] ||| prep_pass ||| Chain complete
2026-06-12 01:18:21.831 - [DEBUG] ||| run ||| pending_perm = [None, None, None, None, None, None, None, None, None, None, None, None, None, None, None, None, None, None, None, None, None, None, None, None, None, None, None, None, None, None, None, None, None, None, None, None, None, None, None, None, None, None, None, None, None, None, None, None, 21, 20, 19, 18, 17, 16, 15, 14, 13, 12, 11, 10, 9, 8, 7, 6] | src = 48, dest = 21
2026-06-12 01:18:21.831 - [DEBUG] ||| prep_pass ||| Next permutation = [None, None, None, None, None, None, None, None, None, None, None, None, None, None, None, None, None, None, None, None, None, None, None, None, None, None, None, None, None, None, None, None, None, None, None, None, None, None, None, None, None, None, None, None, None, None, None, None, None, None, 19, 18, 17, 16, 15, 14, 13, 12, 11, 10, 9, 8, 7, 6]
2026-06-12 01:18:21.832 - [DEBUG] ||| prep_pass ||| Chain complete
2026-06-12 01:18:21.832 - [DEBUG] ||| run ||| pending_perm = [None, None, None, None, None, None, None, None, None, None, None, None, None, None, None, None, None, None, None, None, None, None, None, None, None, None, None, None, None, None, None, None, None, None, None, None, None, None, None, None, None, None, None, None, None, None, None, None, None, None, 19, 18, 17, 16, 15, 14, 13, 12, 11, 10, 9, 8, 7, 6] | src = 50, dest = 19
2026-06-12 01:18:21.833 - [DEBUG] ||| prep_pass ||| Next permutation = [None, None, None, None, None, None, None, None, None, None, None, None, None, None, None, None, None, None, None, None, None, None, None, None, None, None, None, None, None, None, None, None, None, None, None, None, None, None, None, None, None, None, None, None, None, None, None, None, None, None, None, None, 17, 16, 15, 14, 13, 12, 11, 10, 9, 8, 7, 6]
2026-06-12 01:18:21.833 - [DEBUG] ||| prep_pass ||| Chain complete
2026-06-12 01:18:21.833 - [DEBUG] ||| run ||| pending_perm = [None, None, None, None, None, None, None, None, None, None, None, None, None, None, None, None, None, None, None, None, None, None, None, None, None, None, None, None, None, None, None, None, None, None, None, None, None, None, None, None, None, None, None, None, None, None, None, None, None, None, None, None, 17, 16, 15, 14, 13, 12, 11, 10, 9, 8, 7, 6] | src = 52, dest = 17
2026-06-12 01:18:21.834 - [DEBUG] ||| prep_pass ||| Next permutation = [None, None, None, None, None, None, None, None, None, None, None, None, None, None, None, None, None, None, None, None, None, None, None, None, None, None, None, None, None, None, None, None, None, None, None, None, None, None, None, None, None, None, None, None, None, None, None, None, None, None, None, None, None, None, 15, 14, 13, 12, 11, 10, 9, 8, 7, 6]
2026-06-12 01:18:21.834 - [DEBUG] ||| prep_pass ||| Chain complete
2026-06-12 01:18:21.835 - [DEBUG] ||| run ||| pending_perm = [None, None, None, None, None, None, None, None, None, None, None, None, None, None, None, None, None, None, None, None, None, None, None, None, None, None, None, None, None, None, None, None, None, None, None, None, None, None, None, None, None, None, None, None, None, None, None, None, None, None, None, None, None, None, 15, 14, 13, 12, 11, 10, 9, 8, 7, 6] | src = 54, dest = 15
2026-06-12 01:18:21.835 - [DEBUG] ||| prep_pass ||| Next permutation = [None, None, None, None, None, None, None, None, None, None, None, None, None, None, None, None, None, None, None, None, None, None, None, None, None, None, None, None, None, None, None, None, None, None, None, None, None, None, None, None, None, None, None, None, None, None, None, None, None, None, None, None, None, None, None, None, 13, 12, 11, 10, 9, 8, 7, 6]
2026-06-12 01:18:21.835 - [DEBUG] ||| prep_pass ||| Chain complete
2026-06-12 01:18:21.836 - [DEBUG] ||| run ||| pending_perm = [None, None, None, None, None, None, None, None, None, None, None, None, None, None, None, None, None, None, None, None, None, None, None, None, None, None, None, None, None, None, None, None, None, None, None, None, None, None, None, None, None, None, None, None, None, None, None, None, None, None, None, None, None, None, None, None, 13, 12, 11, 10, 9, 8, 7, 6] | src = 56, dest = 13
2026-06-12 01:18:21.836 - [DEBUG] ||| prep_pass ||| Next permutation = [None, None, None, None, None, None, None, None, None, None, None, None, None, None, None, None, None, None, None, None, None, None, None, None, None, None, None, None, None, None, None, None, None, None, None, None, None, None, None, None, None, None, None, None, None, None, None, None, None, None, None, None, None, None, None, None, None, None, 11, 10, 9, 8, 7, 6]
2026-06-12 01:18:21.836 - [DEBUG] ||| prep_pass ||| Chain complete
2026-06-12 01:18:21.837 - [DEBUG] ||| run ||| pending_perm = [None, None, None, None, None, None, None, None, None, None, None, None, None, None, None, None, None, None, None, None, None, None, None, None, None, None, None, None, None, None, None, None, None, None, None, None, None, None, None, None, None, None, None, None, None, None, None, None, None, None, None, None, None, None, None, None, None, None, 11, 10, 9, 8, 7, 6] | src = 58, dest = 11
2026-06-12 01:18:21.837 - [DEBUG] ||| prep_pass ||| Next permutation = [None, None, None, None, None, None, None, None, None, None, None, None, None, None, None, None, None, None, None, None, None, None, None, None, None, None, None, None, None, None, None, None, None, None, None, None, None, None, None, None, None, None, None, None, None, None, None, None, None, None, None, None, None, None, None, None, None, None, None, None, 9, 8, 7, 6]
2026-06-12 01:18:21.838 - [DEBUG] ||| prep_pass ||| Chain complete
2026-06-12 01:18:21.839 - [DEBUG] ||| run ||| pending_perm = [None, None, None, None, None, None, None, None, None, None, None, None, None, None, None, None, None, None, None, None, None, None, None, None, None, None, None, None, None, None, None, None, None, None, None, None, None, None, None, None, None, None, None, None, None, None, None, None, None, None, None, None, None, None, None, None, None, None, None, None, 9, 8, 7, 6] | src = 60, dest = 9
2026-06-12 01:18:21.840 - [DEBUG] ||| prep_pass ||| Next permutation = [None, None, None, None, None, None, None, None, None, None, None, None, None, None, None, None, None, None, None, None, None, None, None, None, None, None, None, None, None, None, None, None, None, None, None, None, None, None, None, None, None, None, None, None, None, None, None, None, None, None, None, None, None, None, None, None, None, None, None, None, None, None, 7, 6]
2026-06-12 01:18:21.840 - [DEBUG] ||| prep_pass ||| Chain complete
2026-06-12 01:18:21.841 - [DEBUG] ||| run ||| pending_perm = [None, None, None, None, None, None, None, None, None, None, None, None, None, None, None, None, None, None, None, None, None, None, None, None, None, None, None, None, None, None, None, None, None, None, None, None, None, None, None, None, None, None, None, None, None, None, None, None, None, None, None, None, None, None, None, None, None, None, None, None, None, None, 7, 6] | src = 62, dest = 7
2026-06-12 01:18:21.841 - [DEBUG] ||| prep_pass ||| Next permutation = [None, None, None, None, None, None, None, None, None, None, None, None, None, None, None, None, None, None, None, None, None, None, None, None, None, None, None, None, None, None, None, None, None, None, None, None, None, None, None, None, None, None, None, None, None, None, None, None, None, None, None, None, None, None, None, None, None, None, None, None, None, None, None, None]
2026-06-12 01:18:21.841 - [DEBUG] ||| prep_pass ||| Chain complete
2026-06-12 01:18:21.842 - [DEBUG] ||| propogate ||| stage = 0, input perm = [63, 62, 61, 60, 59, 58, 0, 1, 2, 3, 4, 5, 57, 56, 55, 54, 53, 52, 22, 23, 24, 25, 26, 27, 51, 50, 49, 48, 47, 46, 28, 29, 30, 31, 32, 33, 45, 44, 43, 42, 41, 40, 39, 38, 37, 36, 35, 34, 21, 20, 19, 18, 17, 16, 15, 14, 13, 12, 11, 10, 9, 8, 7, 6]
2026-06-12 01:18:21.842 - [DEBUG] ||| run ||| Stage[0] | Output permutation = [63, 61, 59, 0, 2, 4, 57, 55, 53, 22, 24, 26, 51, 49, 47, 28, 30, 32, 45, 43, 41, 39, 37, 35, 21, 19, 17, 15, 13, 11, 9, 7, 62, 60, 58, 1, 3, 5, 56, 54, 52, 23, 25, 27, 50, 48, 46, 29, 31, 33, 44, 42, 40, 38, 36, 34, 20, 18, 16, 14, 12, 10, 8, 6]
2026-06-12 01:18:21.843 - [DEBUG] ||| run ||| Stage[1] || perm_split = 2, split_len = 32, sw_split = 16, sub_perms = [[63, 61, 59, 0, 2, 4, 57, 55, 53, 22, 24, 26, 51, 49, 47, 28, 30, 32, 45, 43, 41, 39, 37, 35, 21, 19, 17, 15, 13, 11, 9, 7], [62, 60, 58, 1, 3, 5, 56, 54, 52, 23, 25, 27, 50, 48, 46, 29, 31, 33, 44, 42, 40, 38, 36, 34, 20, 18, 16, 14, 12, 10, 8, 6]]
2026-06-12 01:18:21.843 - [DEBUG] ||| normalize_perm ||| Permutation post normalization = [31, 30, 29, 0, 1, 2, 28, 27, 26, 11, 12, 13, 25, 24, 23, 14, 15, 16, 22, 21, 20, 19, 18, 17, 10, 9, 8, 7, 6, 5, 4, 3]
2026-06-12 01:18:21.844 - [DEBUG] ||| run ||| pending_perm = [31, 30, 29, 0, 1, 2, 28, 27, 26, 11, 12, 13, 25, 24, 23, 14, 15, 16, 22, 21, 20, 19, 18, 17, 10, 9, 8, 7, 6, 5, 4, 3] | src = 0, dest = 31
2026-06-12 01:18:21.844 - [DEBUG] ||| prep_pass ||| Next permutation = [None, None, 29, 0, 1, 2, 28, 27, 26, 11, 12, 13, 25, 24, 23, 14, 15, 16, 22, 21, 20, 19, 18, 17, 10, 9, 8, 7, 6, 5, 4, 3]
2026-06-12 01:18:21.844 - [DEBUG] ||| prep_pass ||| Chain complete
2026-06-12 01:18:21.845 - [DEBUG] ||| run ||| pending_perm = [None, None, 29, 0, 1, 2, 28, 27, 26, 11, 12, 13, 25, 24, 23, 14, 15, 16, 22, 21, 20, 19, 18, 17, 10, 9, 8, 7, 6, 5, 4, 3] | src = 2, dest = 29
2026-06-12 01:18:21.845 - [DEBUG] ||| prep_pass ||| Next permutation = [None, None, None, None, 1, 2, 28, 27, 26, 11, 12, 13, 25, 24, 23, 14, 15, 16, 22, 21, 20, 19, 18, 17, 10, 9, 8, 7, 6, 5, 4, 3]
2026-06-12 01:18:21.846 - [DEBUG] ||| prep_pass ||| rb_src = 7, rb_dest = 27
2026-06-12 01:18:21.846 - [DEBUG] ||| prep_pass ||| Next permutation = [None, None, None, None, 1, 2, None, None, 26, 11, 12, 13, 25, 24, 23, 14, 15, 16, 22, 21, 20, 19, 18, 17, 10, 9, 8, 7, 6, 5, 4, 3]
2026-06-12 01:18:21.847 - [DEBUG] ||| prep_pass ||| rb_src = 9, rb_dest = 11
2026-06-12 01:18:21.847 - [DEBUG] ||| prep_pass ||| Next permutation = [None, None, None, None, 1, 2, None, None, None, None, 12, 13, 25, 24, 23, 14, 15, 16, 22, 21, 20, 19, 18, 17, 10, 9, 8, 7, 6, 5, 4, 3]
2026-06-12 01:18:21.848 - [DEBUG] ||| prep_pass ||| rb_src = 25, rb_dest = 9
2026-06-12 01:18:21.848 - [DEBUG] ||| prep_pass ||| Next permutation = [None, None, None, None, 1, 2, None, None, None, None, 12, 13, 25, 24, 23, 14, 15, 16, 22, 21, 20, 19, 18, 17, None, None, 8, 7, 6, 5, 4, 3]
2026-06-12 01:18:21.849 - [DEBUG] ||| prep_pass ||| rb_src = 27, rb_dest = 7
2026-06-12 01:18:21.849 - [DEBUG] ||| prep_pass ||| Next permutation = [None, None, None, None, 1, 2, None, None, None, None, 12, 13, 25, 24, 23, 14, 15, 16, 22, 21, 20, 19, 18, 17, None, None, None, None, 6, 5, 4, 3]
2026-06-12 01:18:21.850 - [DEBUG] ||| prep_pass ||| rb_src = 29, rb_dest = 5
2026-06-12 01:18:21.850 - [DEBUG] ||| prep_pass ||| Next permutation = [None, None, None, None, 1, 2, None, None, None, None, 12, 13, 25, 24, 23, 14, 15, 16, 22, 21, 20, 19, 18, 17, None, None, None, None, None, None, 4, 3]
2026-06-12 01:18:21.851 - [DEBUG] ||| prep_pass ||| rb_src = 31, rb_dest = 3
2026-06-12 01:18:21.851 - [DEBUG] ||| prep_pass ||| Next permutation = [None, None, None, None, 1, 2, None, None, None, None, 12, 13, 25, 24, 23, 14, 15, 16, 22, 21, 20, 19, 18, 17, None, None, None, None, None, None, None, None]
2026-06-12 01:18:21.852 - [DEBUG] ||| prep_pass ||| rb_src = 4, rb_dest = 1
2026-06-12 01:18:21.852 - [DEBUG] ||| prep_pass ||| Next permutation = [None, None, None, None, None, None, None, None, None, None, 12, 13, 25, 24, 23, 14, 15, 16, 22, 21, 20, 19, 18, 17, None, None, None, None, None, None, None, None]
2026-06-12 01:18:21.853 - [DEBUG] ||| prep_pass ||| Chain complete
2026-06-12 01:18:21.854 - [DEBUG] ||| run ||| pending_perm = [None, None, None, None, None, None, None, None, None, None, 12, 13, 25, 24, 23, 14, 15, 16, 22, 21, 20, 19, 18, 17, None, None, None, None, None, None, None, None] | src = 10, dest = 12
2026-06-12 01:18:21.854 - [DEBUG] ||| prep_pass ||| Next permutation = [None, None, None, None, None, None, None, None, None, None, None, None, 25, 24, 23, 14, 15, 16, 22, 21, 20, 19, 18, 17, None, None, None, None, None, None, None, None]
2026-06-12 01:18:21.855 - [DEBUG] ||| prep_pass ||| Chain complete
2026-06-12 01:18:21.855 - [DEBUG] ||| run ||| pending_perm = [None, None, None, None, None, None, None, None, None, None, None, None, 25, 24, 23, 14, 15, 16, 22, 21, 20, 19, 18, 17, None, None, None, None, None, None, None, None] | src = 12, dest = 25
2026-06-12 01:18:21.856 - [DEBUG] ||| prep_pass ||| Next permutation = [None, None, None, None, None, None, None, None, None, None, None, None, None, None, 23, 14, 15, 16, 22, 21, 20, 19, 18, 17, None, None, None, None, None, None, None, None]
2026-06-12 01:18:21.856 - [DEBUG] ||| prep_pass ||| Chain complete
2026-06-12 01:18:21.857 - [DEBUG] ||| run ||| pending_perm = [None, None, None, None, None, None, None, None, None, None, None, None, None, None, 23, 14, 15, 16, 22, 21, 20, 19, 18, 17, None, None, None, None, None, None, None, None] | src = 14, dest = 23
2026-06-12 01:18:21.857 - [DEBUG] ||| prep_pass ||| Next permutation = [None, None, None, None, None, None, None, None, None, None, None, None, None, None, None, None, 15, 16, 22, 21, 20, 19, 18, 17, None, None, None, None, None, None, None, None]
2026-06-12 01:18:21.857 - [DEBUG] ||| prep_pass ||| rb_src = 19, rb_dest = 21
2026-06-12 01:18:21.858 - [DEBUG] ||| prep_pass ||| Next permutation = [None, None, None, None, None, None, None, None, None, None, None, None, None, None, None, None, 15, 16, None, None, 20, 19, 18, 17, None, None, None, None, None, None, None, None]
2026-06-12 01:18:21.858 - [DEBUG] ||| prep_pass ||| rb_src = 21, rb_dest = 19
2026-06-12 01:18:21.859 - [DEBUG] ||| prep_pass ||| Next permutation = [None, None, None, None, None, None, None, None, None, None, None, None, None, None, None, None, 15, 16, None, None, None, None, 18, 17, None, None, None, None, None, None, None, None]
2026-06-12 01:18:21.859 - [DEBUG] ||| prep_pass ||| rb_src = 23, rb_dest = 17
2026-06-12 01:18:21.860 - [DEBUG] ||| prep_pass ||| Next permutation = [None, None, None, None, None, None, None, None, None, None, None, None, None, None, None, None, 15, 16, None, None, None, None, None, None, None, None, None, None, None, None, None, None]
2026-06-12 01:18:21.860 - [DEBUG] ||| prep_pass ||| rb_src = 16, rb_dest = 15
2026-06-12 01:18:21.861 - [DEBUG] ||| prep_pass ||| Next permutation = [None, None, None, None, None, None, None, None, None, None, None, None, None, None, None, None, None, None, None, None, None, None, None, None, None, None, None, None, None, None, None, None]
2026-06-12 01:18:21.861 - [DEBUG] ||| prep_pass ||| Chain complete
2026-06-12 01:18:21.861 - [DEBUG] ||| normalize_perm ||| Permutation post normalization = [31, 30, 29, 0, 1, 2, 28, 27, 26, 11, 12, 13, 25, 24, 23, 14, 15, 16, 22, 21, 20, 19, 18, 17, 10, 9, 8, 7, 6, 5, 4, 3]
2026-06-12 01:18:21.862 - [DEBUG] ||| run ||| pending_perm = [31, 30, 29, 0, 1, 2, 28, 27, 26, 11, 12, 13, 25, 24, 23, 14, 15, 16, 22, 21, 20, 19, 18, 17, 10, 9, 8, 7, 6, 5, 4, 3] | src = 0, dest = 31
2026-06-12 01:18:21.862 - [DEBUG] ||| prep_pass ||| Next permutation = [None, None, 29, 0, 1, 2, 28, 27, 26, 11, 12, 13, 25, 24, 23, 14, 15, 16, 22, 21, 20, 19, 18, 17, 10, 9, 8, 7, 6, 5, 4, 3]
2026-06-12 01:18:21.863 - [DEBUG] ||| prep_pass ||| Chain complete
2026-06-12 01:18:21.863 - [DEBUG] ||| run ||| pending_perm = [None, None, 29, 0, 1, 2, 28, 27, 26, 11, 12, 13, 25, 24, 23, 14, 15, 16, 22, 21, 20, 19, 18, 17, 10, 9, 8, 7, 6, 5, 4, 3] | src = 2, dest = 29
2026-06-12 01:18:21.863 - [DEBUG] ||| prep_pass ||| Next permutation = [None, None, None, None, 1, 2, 28, 27, 26, 11, 12, 13, 25, 24, 23, 14, 15, 16, 22, 21, 20, 19, 18, 17, 10, 9, 8, 7, 6, 5, 4, 3]
2026-06-12 01:18:21.864 - [DEBUG] ||| prep_pass ||| rb_src = 7, rb_dest = 27
2026-06-12 01:18:21.864 - [DEBUG] ||| prep_pass ||| Next permutation = [None, None, None, None, 1, 2, None, None, 26, 11, 12, 13, 25, 24, 23, 14, 15, 16, 22, 21, 20, 19, 18, 17, 10, 9, 8, 7, 6, 5, 4, 3]
2026-06-12 01:18:21.865 - [DEBUG] ||| prep_pass ||| rb_src = 9, rb_dest = 11
2026-06-12 01:18:21.865 - [DEBUG] ||| prep_pass ||| Next permutation = [None, None, None, None, 1, 2, None, None, None, None, 12, 13, 25, 24, 23, 14, 15, 16, 22, 21, 20, 19, 18, 17, 10, 9, 8, 7, 6, 5, 4, 3]
2026-06-12 01:18:21.865 - [DEBUG] ||| prep_pass ||| rb_src = 25, rb_dest = 9
2026-06-12 01:18:21.866 - [DEBUG] ||| prep_pass ||| Next permutation = [None, None, None, None, 1, 2, None, None, None, None, 12, 13, 25, 24, 23, 14, 15, 16, 22, 21, 20, 19, 18, 17, None, None, 8, 7, 6, 5, 4, 3]
2026-06-12 01:18:21.866 - [DEBUG] ||| prep_pass ||| rb_src = 27, rb_dest = 7
2026-06-12 01:18:21.867 - [DEBUG] ||| prep_pass ||| Next permutation = [None, None, None, None, 1, 2, None, None, None, None, 12, 13, 25, 24, 23, 14, 15, 16, 22, 21, 20, 19, 18, 17, None, None, None, None, 6, 5, 4, 3]
2026-06-12 01:18:21.867 - [DEBUG] ||| prep_pass ||| rb_src = 29, rb_dest = 5
2026-06-12 01:18:21.868 - [DEBUG] ||| prep_pass ||| Next permutation = [None, None, None, None, 1, 2, None, None, None, None, 12, 13, 25, 24, 23, 14, 15, 16, 22, 21, 20, 19, 18, 17, None, None, None, None, None, None, 4, 3]
2026-06-12 01:18:21.868 - [DEBUG] ||| prep_pass ||| rb_src = 31, rb_dest = 3
2026-06-12 01:18:21.869 - [DEBUG] ||| prep_pass ||| Next permutation = [None, None, None, None, 1, 2, None, None, None, None, 12, 13, 25, 24, 23, 14, 15, 16, 22, 21, 20, 19, 18, 17, None, None, None, None, None, None, None, None]
2026-06-12 01:18:21.869 - [DEBUG] ||| prep_pass ||| rb_src = 4, rb_dest = 1
2026-06-12 01:18:21.870 - [DEBUG] ||| prep_pass ||| Next permutation = [None, None, None, None, None, None, None, None, None, None, 12, 13, 25, 24, 23, 14, 15, 16, 22, 21, 20, 19, 18, 17, None, None, None, None, None, None, None, None]
2026-06-12 01:18:21.870 - [DEBUG] ||| prep_pass ||| Chain complete
2026-06-12 01:18:21.870 - [DEBUG] ||| run ||| pending_perm = [None, None, None, None, None, None, None, None, None, None, 12, 13, 25, 24, 23, 14, 15, 16, 22, 21, 20, 19, 18, 17, None, None, None, None, None, None, None, None] | src = 10, dest = 12
2026-06-12 01:18:21.871 - [DEBUG] ||| prep_pass ||| Next permutation = [None, None, None, None, None, None, None, None, None, None, None, None, 25, 24, 23, 14, 15, 16, 22, 21, 20, 19, 18, 17, None, None, None, None, None, None, None, None]
2026-06-12 01:18:21.871 - [DEBUG] ||| prep_pass ||| Chain complete
2026-06-12 01:18:21.872 - [DEBUG] ||| run ||| pending_perm = [None, None, None, None, None, None, None, None, None, None, None, None, 25, 24, 23, 14, 15, 16, 22, 21, 20, 19, 18, 17, None, None, None, None, None, None, None, None] | src = 12, dest = 25
2026-06-12 01:18:21.872 - [DEBUG] ||| prep_pass ||| Next permutation = [None, None, None, None, None, None, None, None, None, None, None, None, None, None, 23, 14, 15, 16, 22, 21, 20, 19, 18, 17, None, None, None, None, None, None, None, None]
2026-06-12 01:18:21.873 - [DEBUG] ||| prep_pass ||| Chain complete
2026-06-12 01:18:21.873 - [DEBUG] ||| run ||| pending_perm = [None, None, None, None, None, None, None, None, None, None, None, None, None, None, 23, 14, 15, 16, 22, 21, 20, 19, 18, 17, None, None, None, None, None, None, None, None] | src = 14, dest = 23
2026-06-12 01:18:21.873 - [DEBUG] ||| prep_pass ||| Next permutation = [None, None, None, None, None, None, None, None, None, None, None, None, None, None, None, None, 15, 16, 22, 21, 20, 19, 18, 17, None, None, None, None, None, None, None, None]
2026-06-12 01:18:21.874 - [DEBUG] ||| prep_pass ||| rb_src = 19, rb_dest = 21
2026-06-12 01:18:21.874 - [DEBUG] ||| prep_pass ||| Next permutation = [None, None, None, None, None, None, None, None, None, None, None, None, None, None, None, None, 15, 16, None, None, 20, 19, 18, 17, None, None, None, None, None, None, None, None]
2026-06-12 01:18:21.875 - [DEBUG] ||| prep_pass ||| rb_src = 21, rb_dest = 19
2026-06-12 01:18:21.875 - [DEBUG] ||| prep_pass ||| Next permutation = [None, None, None, None, None, None, None, None, None, None, None, None, None, None, None, None, 15, 16, None, None, None, None, 18, 17, None, None, None, None, None, None, None, None]
2026-06-12 01:18:21.875 - [DEBUG] ||| prep_pass ||| rb_src = 23, rb_dest = 17
2026-06-12 01:18:21.876 - [DEBUG] ||| prep_pass ||| Next permutation = [None, None, None, None, None, None, None, None, None, None, None, None, None, None, None, None, 15, 16, None, None, None, None, None, None, None, None, None, None, None, None, None, None]
2026-06-12 01:18:21.876 - [DEBUG] ||| prep_pass ||| rb_src = 16, rb_dest = 15
2026-06-12 01:18:21.877 - [DEBUG] ||| prep_pass ||| Next permutation = [None, None, None, None, None, None, None, None, None, None, None, None, None, None, None, None, None, None, None, None, None, None, None, None, None, None, None, None, None, None, None, None]
2026-06-12 01:18:21.877 - [DEBUG] ||| prep_pass ||| Chain complete
2026-06-12 01:18:21.877 - [DEBUG] ||| propogate ||| stage = 1, input perm = [63, 61, 59, 0, 2, 4, 57, 55, 53, 22, 24, 26, 51, 49, 47, 28, 30, 32, 45, 43, 41, 39, 37, 35, 21, 19, 17, 15, 13, 11, 9, 7, 62, 60, 58, 1, 3, 5, 56, 54, 52, 23, 25, 27, 50, 48, 46, 29, 31, 33, 44, 42, 40, 38, 36, 34, 20, 18, 16, 14, 12, 10, 8, 6]
2026-06-12 01:18:21.878 - [DEBUG] ||| run ||| Stage[1] | Output permutation = [63, 59, 2, 55, 22, 24, 51, 47, 30, 43, 39, 35, 19, 15, 11, 7, 61, 0, 4, 57, 53, 26, 49, 28, 32, 45, 41, 37, 21, 17, 13, 9, 62, 58, 3, 54, 23, 25, 50, 46, 31, 42, 38, 34, 18, 14, 10, 6, 60, 1, 5, 56, 52, 27, 48, 29, 33, 44, 40, 36, 20, 16, 12, 8]
2026-06-12 01:18:21.878 - [DEBUG] ||| run ||| Stage[2] || perm_split = 4, split_len = 16, sw_split = 8, sub_perms = [[63, 59, 2, 55, 22, 24, 51, 47, 30, 43, 39, 35, 19, 15, 11, 7], [61, 0, 4, 57, 53, 26, 49, 28, 32, 45, 41, 37, 21, 17, 13, 9], [62, 58, 3, 54, 23, 25, 50, 46, 31, 42, 38, 34, 18, 14, 10, 6], [60, 1, 5, 56, 52, 27, 48, 29, 33, 44, 40, 36, 20, 16, 12, 8]]
2026-06-12 01:18:21.879 - [DEBUG] ||| normalize_perm ||| Permutation post normalization = [15, 14, 0, 13, 5, 6, 12, 11, 7, 10, 9, 8, 4, 3, 2, 1]
2026-06-12 01:18:21.879 - [DEBUG] ||| run ||| pending_perm = [15, 14, 0, 13, 5, 6, 12, 11, 7, 10, 9, 8, 4, 3, 2, 1] | src = 0, dest = 15
2026-06-12 01:18:21.879 - [DEBUG] ||| prep_pass ||| Next permutation = [None, None, 0, 13, 5, 6, 12, 11, 7, 10, 9, 8, 4, 3, 2, 1]
2026-06-12 01:18:21.880 - [DEBUG] ||| prep_pass ||| Chain complete
2026-06-12 01:18:21.880 - [DEBUG] ||| run ||| pending_perm = [None, None, 0, 13, 5, 6, 12, 11, 7, 10, 9, 8, 4, 3, 2, 1] | src = 2, dest = 0
2026-06-12 01:18:21.881 - [DEBUG] ||| prep_pass ||| Next permutation = [None, None, None, None, 5, 6, 12, 11, 7, 10, 9, 8, 4, 3, 2, 1]
2026-06-12 01:18:21.881 - [DEBUG] ||| prep_pass ||| rb_src = 14, rb_dest = 2
2026-06-12 01:18:21.881 - [DEBUG] ||| prep_pass ||| Next permutation = [None, None, None, None, 5, 6, 12, 11, 7, 10, 9, 8, 4, 3, None, None]
2026-06-12 01:18:21.882 - [DEBUG] ||| prep_pass ||| rb_src = 12, rb_dest = 4
2026-06-12 01:18:21.882 - [DEBUG] ||| prep_pass ||| Next permutation = [None, None, None, None, 5, 6, 12, 11, 7, 10, 9, 8, None, None, None, None]
2026-06-12 01:18:21.883 - [DEBUG] ||| prep_pass ||| rb_src = 5, rb_dest = 6
2026-06-12 01:18:21.884 - [DEBUG] ||| prep_pass ||| Next permutation = [None, None, None, None, None, None, 12, 11, 7, 10, 9, 8, None, None, None, None]
2026-06-12 01:18:21.884 - [DEBUG] ||| prep_pass ||| rb_src = 9, rb_dest = 10
2026-06-12 01:18:21.885 - [DEBUG] ||| prep_pass ||| Next permutation = [None, None, None, None, None, None, 12, 11, None, None, 9, 8, None, None, None, None]
2026-06-12 01:18:21.885 - [DEBUG] ||| prep_pass ||| rb_src = 6, rb_dest = 12
2026-06-12 01:18:21.886 - [DEBUG] ||| prep_pass ||| Next permutation = [None, None, None, None, None, None, None, None, None, None, 9, 8, None, None, None, None]
2026-06-12 01:18:21.887 - [DEBUG] ||| prep_pass ||| Chain complete
2026-06-12 01:18:21.887 - [DEBUG] ||| run ||| pending_perm = [None, None, None, None, None, None, None, None, None, None, 9, 8, None, None, None, None] | src = 10, dest = 9
2026-06-12 01:18:21.888 - [DEBUG] ||| prep_pass ||| Next permutation = [None, None, None, None, None, None, None, None, None, None, None, None, None, None, None, None]
2026-06-12 01:18:21.888 - [DEBUG] ||| prep_pass ||| Chain complete
2026-06-12 01:18:21.889 - [DEBUG] ||| normalize_perm ||| Permutation post normalization = [15, 0, 1, 14, 13, 6, 12, 7, 8, 11, 10, 9, 5, 4, 3, 2]
2026-06-12 01:18:21.889 - [DEBUG] ||| run ||| pending_perm = [15, 0, 1, 14, 13, 6, 12, 7, 8, 11, 10, 9, 5, 4, 3, 2] | src = 0, dest = 15
2026-06-12 01:18:21.890 - [DEBUG] ||| prep_pass ||| Next permutation = [None, None, 1, 14, 13, 6, 12, 7, 8, 11, 10, 9, 5, 4, 3, 2]
2026-06-12 01:18:21.890 - [DEBUG] ||| prep_pass ||| rb_src = 2, rb_dest = 1
2026-06-12 01:18:21.891 - [DEBUG] ||| prep_pass ||| Next permutation = [None, None, None, None, 13, 6, 12, 7, 8, 11, 10, 9, 5, 4, 3, 2]
2026-06-12 01:18:21.892 - [DEBUG] ||| prep_pass ||| Chain complete
2026-06-12 01:18:21.892 - [DEBUG] ||| run ||| pending_perm = [None, None, None, None, 13, 6, 12, 7, 8, 11, 10, 9, 5, 4, 3, 2] | src = 4, dest = 13
2026-06-12 01:18:21.893 - [DEBUG] ||| prep_pass ||| Next permutation = [None, None, None, None, None, None, 12, 7, 8, 11, 10, 9, 5, 4, 3, 2]
2026-06-12 01:18:21.893 - [DEBUG] ||| prep_pass ||| rb_src = 7, rb_dest = 7
2026-06-12 01:18:21.894 - [DEBUG] ||| prep_pass ||| Next permutation = [None, None, None, None, None, None, None, None, 8, 11, 10, 9, 5, 4, 3, 2]
2026-06-12 01:18:21.894 - [DEBUG] ||| prep_pass ||| Chain complete
2026-06-12 01:18:21.895 - [DEBUG] ||| run ||| pending_perm = [None, None, None, None, None, None, None, None, 8, 11, 10, 9, 5, 4, 3, 2] | src = 8, dest = 8
2026-06-12 01:18:21.896 - [DEBUG] ||| prep_pass ||| Next permutation = [None, None, None, None, None, None, None, None, None, None, 10, 9, 5, 4, 3, 2]
2026-06-12 01:18:21.896 - [DEBUG] ||| prep_pass ||| rb_src = 10, rb_dest = 10
2026-06-12 01:18:21.897 - [DEBUG] ||| prep_pass ||| Next permutation = [None, None, None, None, None, None, None, None, None, None, None, None, 5, 4, 3, 2]
2026-06-12 01:18:21.897 - [DEBUG] ||| prep_pass ||| Chain complete
2026-06-12 01:18:21.898 - [DEBUG] ||| run ||| pending_perm = [None, None, None, None, None, None, None, None, None, None, None, None, 5, 4, 3, 2] | src = 12, dest = 5
2026-06-12 01:18:21.898 - [DEBUG] ||| prep_pass ||| Next permutation = [None, None, None, None, None, None, None, None, None, None, None, None, None, None, 3, 2]
2026-06-12 01:18:21.899 - [DEBUG] ||| prep_pass ||| Chain complete
2026-06-12 01:18:21.900 - [DEBUG] ||| run ||| pending_perm = [None, None, None, None, None, None, None, None, None, None, None, None, None, None, 3, 2] | src = 14, dest = 3
2026-06-12 01:18:21.900 - [DEBUG] ||| prep_pass ||| Next permutation = [None, None, None, None, None, None, None, None, None, None, None, None, None, None, None, None]
2026-06-12 01:18:21.901 - [DEBUG] ||| prep_pass ||| Chain complete
2026-06-12 01:18:21.901 - [DEBUG] ||| normalize_perm ||| Permutation post normalization = [15, 14, 0, 13, 5, 6, 12, 11, 7, 10, 9, 8, 4, 3, 2, 1]
2026-06-12 01:18:21.902 - [DEBUG] ||| run ||| pending_perm = [15, 14, 0, 13, 5, 6, 12, 11, 7, 10, 9, 8, 4, 3, 2, 1] | src = 0, dest = 15
2026-06-12 01:18:21.902 - [DEBUG] ||| prep_pass ||| Next permutation = [None, None, 0, 13, 5, 6, 12, 11, 7, 10, 9, 8, 4, 3, 2, 1]
2026-06-12 01:18:21.903 - [DEBUG] ||| prep_pass ||| Chain complete
2026-06-12 01:18:21.903 - [DEBUG] ||| run ||| pending_perm = [None, None, 0, 13, 5, 6, 12, 11, 7, 10, 9, 8, 4, 3, 2, 1] | src = 2, dest = 0
2026-06-12 01:18:21.904 - [DEBUG] ||| prep_pass ||| Next permutation = [None, None, None, None, 5, 6, 12, 11, 7, 10, 9, 8, 4, 3, 2, 1]
2026-06-12 01:18:21.905 - [DEBUG] ||| prep_pass ||| rb_src = 14, rb_dest = 2
2026-06-12 01:18:21.905 - [DEBUG] ||| prep_pass ||| Next permutation = [None, None, None, None, 5, 6, 12, 11, 7, 10, 9, 8, 4, 3, None, None]
2026-06-12 01:18:21.906 - [DEBUG] ||| prep_pass ||| rb_src = 12, rb_dest = 4
2026-06-12 01:18:21.906 - [DEBUG] ||| prep_pass ||| Next permutation = [None, None, None, None, 5, 6, 12, 11, 7, 10, 9, 8, None, None, None, None]
2026-06-12 01:18:21.907 - [DEBUG] ||| prep_pass ||| rb_src = 5, rb_dest = 6
2026-06-12 01:18:21.907 - [DEBUG] ||| prep_pass ||| Next permutation = [None, None, None, None, None, None, 12, 11, 7, 10, 9, 8, None, None, None, None]
2026-06-12 01:18:21.908 - [DEBUG] ||| prep_pass ||| rb_src = 9, rb_dest = 10
2026-06-12 01:18:21.908 - [DEBUG] ||| prep_pass ||| Next permutation = [None, None, None, None, None, None, 12, 11, None, None, 9, 8, None, None, None, None]
2026-06-12 01:18:21.909 - [DEBUG] ||| prep_pass ||| rb_src = 6, rb_dest = 12
2026-06-12 01:18:21.910 - [DEBUG] ||| prep_pass ||| Next permutation = [None, None, None, None, None, None, None, None, None, None, 9, 8, None, None, None, None]
2026-06-12 01:18:21.910 - [DEBUG] ||| prep_pass ||| Chain complete
2026-06-12 01:18:21.911 - [DEBUG] ||| run ||| pending_perm = [None, None, None, None, None, None, None, None, None, None, 9, 8, None, None, None, None] | src = 10, dest = 9
2026-06-12 01:18:21.911 - [DEBUG] ||| prep_pass ||| Next permutation = [None, None, None, None, None, None, None, None, None, None, None, None, None, None, None, None]
2026-06-12 01:18:21.912 - [DEBUG] ||| prep_pass ||| Chain complete
2026-06-12 01:18:21.912 - [DEBUG] ||| normalize_perm ||| Permutation post normalization = [15, 0, 1, 14, 13, 6, 12, 7, 8, 11, 10, 9, 5, 4, 3, 2]
2026-06-12 01:18:21.913 - [DEBUG] ||| run ||| pending_perm = [15, 0, 1, 14, 13, 6, 12, 7, 8, 11, 10, 9, 5, 4, 3, 2] | src = 0, dest = 15
2026-06-12 01:18:21.914 - [DEBUG] ||| prep_pass ||| Next permutation = [None, None, 1, 14, 13, 6, 12, 7, 8, 11, 10, 9, 5, 4, 3, 2]
2026-06-12 01:18:21.914 - [DEBUG] ||| prep_pass ||| rb_src = 2, rb_dest = 1
2026-06-12 01:18:21.915 - [DEBUG] ||| prep_pass ||| Next permutation = [None, None, None, None, 13, 6, 12, 7, 8, 11, 10, 9, 5, 4, 3, 2]
2026-06-12 01:18:21.915 - [DEBUG] ||| prep_pass ||| Chain complete
2026-06-12 01:18:21.916 - [DEBUG] ||| run ||| pending_perm = [None, None, None, None, 13, 6, 12, 7, 8, 11, 10, 9, 5, 4, 3, 2] | src = 4, dest = 13
2026-06-12 01:18:21.917 - [DEBUG] ||| prep_pass ||| Next permutation = [None, None, None, None, None, None, 12, 7, 8, 11, 10, 9, 5, 4, 3, 2]
2026-06-12 01:18:21.917 - [DEBUG] ||| prep_pass ||| rb_src = 7, rb_dest = 7
2026-06-12 01:18:21.918 - [DEBUG] ||| prep_pass ||| Next permutation = [None, None, None, None, None, None, None, None, 8, 11, 10, 9, 5, 4, 3, 2]
2026-06-12 01:18:21.918 - [DEBUG] ||| prep_pass ||| Chain complete
2026-06-12 01:18:21.919 - [DEBUG] ||| run ||| pending_perm = [None, None, None, None, None, None, None, None, 8, 11, 10, 9, 5, 4, 3, 2] | src = 8, dest = 8
2026-06-12 01:18:21.919 - [DEBUG] ||| prep_pass ||| Next permutation = [None, None, None, None, None, None, None, None, None, None, 10, 9, 5, 4, 3, 2]
2026-06-12 01:18:21.920 - [DEBUG] ||| prep_pass ||| rb_src = 10, rb_dest = 10
2026-06-12 01:18:21.920 - [DEBUG] ||| prep_pass ||| Next permutation = [None, None, None, None, None, None, None, None, None, None, None, None, 5, 4, 3, 2]
2026-06-12 01:18:21.921 - [DEBUG] ||| prep_pass ||| Chain complete
2026-06-12 01:18:21.921 - [DEBUG] ||| run ||| pending_perm = [None, None, None, None, None, None, None, None, None, None, None, None, 5, 4, 3, 2] | src = 12, dest = 5
2026-06-12 01:18:21.922 - [DEBUG] ||| prep_pass ||| Next permutation = [None, None, None, None, None, None, None, None, None, None, None, None, None, None, 3, 2]
2026-06-12 01:18:21.923 - [DEBUG] ||| prep_pass ||| Chain complete
2026-06-12 01:18:21.923 - [DEBUG] ||| run ||| pending_perm = [None, None, None, None, None, None, None, None, None, None, None, None, None, None, 3, 2] | src = 14, dest = 3
2026-06-12 01:18:21.924 - [DEBUG] ||| prep_pass ||| Next permutation = [None, None, None, None, None, None, None, None, None, None, None, None, None, None, None, None]
2026-06-12 01:18:21.924 - [DEBUG] ||| prep_pass ||| Chain complete
2026-06-12 01:18:21.925 - [DEBUG] ||| propogate ||| stage = 2, input perm = [63, 59, 2, 55, 22, 24, 51, 47, 30, 43, 39, 35, 19, 15, 11, 7, 61, 0, 4, 57, 53, 26, 49, 28, 32, 45, 41, 37, 21, 17, 13, 9, 62, 58, 3, 54, 23, 25, 50, 46, 31, 42, 38, 34, 18, 14, 10, 6, 60, 1, 5, 56, 52, 27, 48, 29, 33, 44, 40, 36, 20, 16, 12, 8]
2026-06-12 01:18:21.925 - [DEBUG] ||| run ||| Stage[2] | Output permutation = [63, 2, 24, 51, 43, 39, 19, 11, 59, 55, 22, 47, 30, 35, 15, 7, 61, 4, 53, 28, 32, 41, 21, 13, 0, 57, 26, 49, 45, 37, 17, 9, 62, 3, 25, 50, 42, 38, 18, 10, 58, 54, 23, 46, 31, 34, 14, 6, 60, 5, 52, 29, 33, 40, 20, 12, 1, 56, 27, 48, 44, 36, 16, 8]
2026-06-12 01:18:21.926 - [DEBUG] ||| run ||| Stage[3] || perm_split = 8, split_len = 8, sw_split = 4, sub_perms = [[63, 2, 24, 51, 43, 39, 19, 11], [59, 55, 22, 47, 30, 35, 15, 7], [61, 4, 53, 28, 32, 41, 21, 13], [0, 57, 26, 49, 45, 37, 17, 9], [62, 3, 25, 50, 42, 38, 18, 10], [58, 54, 23, 46, 31, 34, 14, 6], [60, 5, 52, 29, 33, 40, 20, 12], [1, 56, 27, 48, 44, 36, 16, 8]]
2026-06-12 01:18:21.927 - [DEBUG] ||| normalize_perm ||| Permutation post normalization = [7, 0, 3, 6, 5, 4, 2, 1]
2026-06-12 01:18:21.927 - [DEBUG] ||| run ||| pending_perm = [7, 0, 3, 6, 5, 4, 2, 1] | src = 0, dest = 7
2026-06-12 01:18:21.928 - [DEBUG] ||| prep_pass ||| Next permutation = [None, None, 3, 6, 5, 4, 2, 1]
2026-06-12 01:18:21.928 - [DEBUG] ||| prep_pass ||| rb_src = 2, rb_dest = 3
2026-06-12 01:18:21.929 - [DEBUG] ||| prep_pass ||| Next permutation = [None, None, None, None, 5, 4, 2, 1]
2026-06-12 01:18:21.929 - [DEBUG] ||| prep_pass ||| rb_src = 7, rb_dest = 1
2026-06-12 01:18:21.930 - [DEBUG] ||| prep_pass ||| Next permutation = [None, None, None, None, 5, 4, None, None]
2026-06-12 01:18:21.930 - [DEBUG] ||| prep_pass ||| Chain complete
2026-06-12 01:18:21.931 - [DEBUG] ||| run ||| pending_perm = [None, None, None, None, 5, 4, None, None] | src = 4, dest = 5
2026-06-12 01:18:21.931 - [DEBUG] ||| prep_pass ||| Next permutation = [None, None, None, None, None, None, None, None]
2026-06-12 01:18:21.932 - [DEBUG] ||| prep_pass ||| Chain complete
2026-06-12 01:18:21.932 - [DEBUG] ||| normalize_perm ||| Permutation post normalization = [7, 6, 2, 5, 3, 4, 1, 0]
2026-06-12 01:18:21.933 - [DEBUG] ||| run ||| pending_perm = [7, 6, 2, 5, 3, 4, 1, 0] | src = 0, dest = 7
2026-06-12 01:18:21.933 - [DEBUG] ||| prep_pass ||| Next permutation = [None, None, 2, 5, 3, 4, 1, 0]
2026-06-12 01:18:21.934 - [DEBUG] ||| prep_pass ||| Chain complete
2026-06-12 01:18:21.934 - [DEBUG] ||| run ||| pending_perm = [None, None, 2, 5, 3, 4, 1, 0] | src = 2, dest = 2
2026-06-12 01:18:21.935 - [DEBUG] ||| prep_pass ||| Next permutation = [None, None, None, None, 3, 4, 1, 0]
2026-06-12 01:18:21.935 - [DEBUG] ||| prep_pass ||| rb_src = 5, rb_dest = 4
2026-06-12 01:18:21.936 - [DEBUG] ||| prep_pass ||| Next permutation = [None, None, None, None, None, None, 1, 0]
2026-06-12 01:18:21.936 - [DEBUG] ||| prep_pass ||| Chain complete
2026-06-12 01:18:21.936 - [DEBUG] ||| run ||| pending_perm = [None, None, None, None, None, None, 1, 0] | src = 6, dest = 1
2026-06-12 01:18:21.937 - [DEBUG] ||| prep_pass ||| Next permutation = [None, None, None, None, None, None, None, None]
2026-06-12 01:18:21.937 - [DEBUG] ||| prep_pass ||| Chain complete
2026-06-12 01:18:21.938 - [DEBUG] ||| normalize_perm ||| Permutation post normalization = [7, 0, 6, 3, 4, 5, 2, 1]
2026-06-12 01:18:21.938 - [DEBUG] ||| run ||| pending_perm = [7, 0, 6, 3, 4, 5, 2, 1] | src = 0, dest = 7
2026-06-12 01:18:21.938 - [DEBUG] ||| prep_pass ||| Next permutation = [None, None, 6, 3, 4, 5, 2, 1]
2026-06-12 01:18:21.939 - [DEBUG] ||| prep_pass ||| rb_src = 3, rb_dest = 3
2026-06-12 01:18:21.939 - [DEBUG] ||| prep_pass ||| Next permutation = [None, None, None, None, 4, 5, 2, 1]
2026-06-12 01:18:21.940 - [DEBUG] ||| prep_pass ||| rb_src = 7, rb_dest = 1
2026-06-12 01:18:21.940 - [DEBUG] ||| prep_pass ||| Next permutation = [None, None, None, None, 4, 5, None, None]
2026-06-12 01:18:21.941 - [DEBUG] ||| prep_pass ||| Chain complete
2026-06-12 01:18:21.941 - [DEBUG] ||| run ||| pending_perm = [None, None, None, None, 4, 5, None, None] | src = 4, dest = 4
2026-06-12 01:18:21.942 - [DEBUG] ||| prep_pass ||| Next permutation = [None, None, None, None, None, None, None, None]
2026-06-12 01:18:21.942 - [DEBUG] ||| prep_pass ||| Chain complete
2026-06-12 01:18:21.943 - [DEBUG] ||| normalize_perm ||| Permutation post normalization = [0, 7, 3, 6, 5, 4, 2, 1]
2026-06-12 01:18:21.943 - [DEBUG] ||| run ||| pending_perm = [0, 7, 3, 6, 5, 4, 2, 1] | src = 0, dest = 0
2026-06-12 01:18:21.943 - [DEBUG] ||| prep_pass ||| Next permutation = [None, None, 3, 6, 5, 4, 2, 1]
2026-06-12 01:18:21.944 - [DEBUG] ||| prep_pass ||| rb_src = 6, rb_dest = 2
2026-06-12 01:18:21.944 - [DEBUG] ||| prep_pass ||| Next permutation = [None, None, 3, 6, 5, 4, None, None]
2026-06-12 01:18:21.945 - [DEBUG] ||| prep_pass ||| rb_src = 3, rb_dest = 6
2026-06-12 01:18:21.945 - [DEBUG] ||| prep_pass ||| Next permutation = [None, None, None, None, 5, 4, None, None]
2026-06-12 01:18:21.945 - [DEBUG] ||| prep_pass ||| Chain complete
2026-06-12 01:18:21.946 - [DEBUG] ||| run ||| pending_perm = [None, None, None, None, 5, 4, None, None] | src = 4, dest = 5
2026-06-12 01:18:21.946 - [DEBUG] ||| prep_pass ||| Next permutation = [None, None, None, None, None, None, None, None]
2026-06-12 01:18:21.947 - [DEBUG] ||| prep_pass ||| Chain complete
2026-06-12 01:18:21.947 - [DEBUG] ||| normalize_perm ||| Permutation post normalization = [7, 0, 3, 6, 5, 4, 2, 1]
2026-06-12 01:18:21.947 - [DEBUG] ||| run ||| pending_perm = [7, 0, 3, 6, 5, 4, 2, 1] | src = 0, dest = 7
2026-06-12 01:18:21.948 - [DEBUG] ||| prep_pass ||| Next permutation = [None, None, 3, 6, 5, 4, 2, 1]
2026-06-12 01:18:21.948 - [DEBUG] ||| prep_pass ||| rb_src = 2, rb_dest = 3
2026-06-12 01:18:21.949 - [DEBUG] ||| prep_pass ||| Next permutation = [None, None, None, None, 5, 4, 2, 1]
2026-06-12 01:18:21.949 - [DEBUG] ||| prep_pass ||| rb_src = 7, rb_dest = 1
2026-06-12 01:18:21.950 - [DEBUG] ||| prep_pass ||| Next permutation = [None, None, None, None, 5, 4, None, None]
2026-06-12 01:18:21.950 - [DEBUG] ||| prep_pass ||| Chain complete
2026-06-12 01:18:21.950 - [DEBUG] ||| run ||| pending_perm = [None, None, None, None, 5, 4, None, None] | src = 4, dest = 5
2026-06-12 01:18:21.951 - [DEBUG] ||| prep_pass ||| Next permutation = [None, None, None, None, None, None, None, None]
2026-06-12 01:18:21.951 - [DEBUG] ||| prep_pass ||| Chain complete
2026-06-12 01:18:21.952 - [DEBUG] ||| normalize_perm ||| Permutation post normalization = [7, 6, 2, 5, 3, 4, 1, 0]
2026-06-12 01:18:21.952 - [DEBUG] ||| run ||| pending_perm = [7, 6, 2, 5, 3, 4, 1, 0] | src = 0, dest = 7
2026-06-12 01:18:21.952 - [DEBUG] ||| prep_pass ||| Next permutation = [None, None, 2, 5, 3, 4, 1, 0]
2026-06-12 01:18:21.953 - [DEBUG] ||| prep_pass ||| Chain complete
2026-06-12 01:18:21.953 - [DEBUG] ||| run ||| pending_perm = [None, None, 2, 5, 3, 4, 1, 0] | src = 2, dest = 2
2026-06-12 01:18:21.954 - [DEBUG] ||| prep_pass ||| Next permutation = [None, None, None, None, 3, 4, 1, 0]
2026-06-12 01:18:21.954 - [DEBUG] ||| prep_pass ||| rb_src = 5, rb_dest = 4
2026-06-12 01:18:21.954 - [DEBUG] ||| prep_pass ||| Next permutation = [None, None, None, None, None, None, 1, 0]
2026-06-12 01:18:21.955 - [DEBUG] ||| prep_pass ||| Chain complete
2026-06-12 01:18:21.955 - [DEBUG] ||| run ||| pending_perm = [None, None, None, None, None, None, 1, 0] | src = 6, dest = 1
2026-06-12 01:18:21.956 - [DEBUG] ||| prep_pass ||| Next permutation = [None, None, None, None, None, None, None, None]
2026-06-12 01:18:21.956 - [DEBUG] ||| prep_pass ||| Chain complete
2026-06-12 01:18:21.957 - [DEBUG] ||| normalize_perm ||| Permutation post normalization = [7, 0, 6, 3, 4, 5, 2, 1]
2026-06-12 01:18:21.957 - [DEBUG] ||| run ||| pending_perm = [7, 0, 6, 3, 4, 5, 2, 1] | src = 0, dest = 7
2026-06-12 01:18:21.958 - [DEBUG] ||| prep_pass ||| Next permutation = [None, None, 6, 3, 4, 5, 2, 1]
2026-06-12 01:18:21.958 - [DEBUG] ||| prep_pass ||| rb_src = 3, rb_dest = 3
2026-06-12 01:18:21.959 - [DEBUG] ||| prep_pass ||| Next permutation = [None, None, None, None, 4, 5, 2, 1]
2026-06-12 01:18:21.959 - [DEBUG] ||| prep_pass ||| rb_src = 7, rb_dest = 1
2026-06-12 01:18:21.959 - [DEBUG] ||| prep_pass ||| Next permutation = [None, None, None, None, 4, 5, None, None]
2026-06-12 01:18:21.960 - [DEBUG] ||| prep_pass ||| Chain complete
2026-06-12 01:18:21.960 - [DEBUG] ||| run ||| pending_perm = [None, None, None, None, 4, 5, None, None] | src = 4, dest = 4
2026-06-12 01:18:21.961 - [DEBUG] ||| prep_pass ||| Next permutation = [None, None, None, None, None, None, None, None]
2026-06-12 01:18:21.961 - [DEBUG] ||| prep_pass ||| Chain complete
2026-06-12 01:18:21.961 - [DEBUG] ||| normalize_perm ||| Permutation post normalization = [0, 7, 3, 6, 5, 4, 2, 1]
2026-06-12 01:18:21.962 - [DEBUG] ||| run ||| pending_perm = [0, 7, 3, 6, 5, 4, 2, 1] | src = 0, dest = 0
2026-06-12 01:18:21.962 - [DEBUG] ||| prep_pass ||| Next permutation = [None, None, 3, 6, 5, 4, 2, 1]
2026-06-12 01:18:21.963 - [DEBUG] ||| prep_pass ||| rb_src = 6, rb_dest = 2
2026-06-12 01:18:21.963 - [DEBUG] ||| prep_pass ||| Next permutation = [None, None, 3, 6, 5, 4, None, None]
2026-06-12 01:18:21.964 - [DEBUG] ||| prep_pass ||| rb_src = 3, rb_dest = 6
2026-06-12 01:18:21.964 - [DEBUG] ||| prep_pass ||| Next permutation = [None, None, None, None, 5, 4, None, None]
2026-06-12 01:18:21.964 - [DEBUG] ||| prep_pass ||| Chain complete
2026-06-12 01:18:21.965 - [DEBUG] ||| run ||| pending_perm = [None, None, None, None, 5, 4, None, None] | src = 4, dest = 5
2026-06-12 01:18:21.965 - [DEBUG] ||| prep_pass ||| Next permutation = [None, None, None, None, None, None, None, None]
2026-06-12 01:18:21.966 - [DEBUG] ||| prep_pass ||| Chain complete
2026-06-12 01:18:21.966 - [DEBUG] ||| propogate ||| stage = 3, input perm = [63, 2, 24, 51, 43, 39, 19, 11, 59, 55, 22, 47, 30, 35, 15, 7, 61, 4, 53, 28, 32, 41, 21, 13, 0, 57, 26, 49, 45, 37, 17, 9, 62, 3, 25, 50, 42, 38, 18, 10, 58, 54, 23, 46, 31, 34, 14, 6, 60, 5, 52, 29, 33, 40, 20, 12, 1, 56, 27, 48, 44, 36, 16, 8]
2026-06-12 01:18:21.967 - [DEBUG] ||| run ||| Stage[3] | Output permutation = [63, 24, 43, 11, 2, 51, 39, 19, 59, 22, 35, 15, 55, 47, 30, 7, 61, 28, 32, 13, 4, 53, 41, 21, 0, 49, 45, 17, 57, 26, 37, 9, 62, 25, 42, 10, 3, 50, 38, 18, 58, 23, 34, 14, 54, 46, 31, 6, 60, 29, 33, 12, 5, 52, 40, 20, 1, 48, 44, 16, 56, 27, 36, 8]
2026-06-12 01:18:21.967 - [DEBUG] ||| run ||| Stage[4] || perm_split = 16, split_len = 4, sw_split = 2, sub_perms = [[63, 24, 43, 11], [2, 51, 39, 19], [59, 22, 35, 15], [55, 47, 30, 7], [61, 28, 32, 13], [4, 53, 41, 21], [0, 49, 45, 17], [57, 26, 37, 9], [62, 25, 42, 10], [3, 50, 38, 18], [58, 23, 34, 14], [54, 46, 31, 6], [60, 29, 33, 12], [5, 52, 40, 20], [1, 48, 44, 16], [56, 27, 36, 8]]
2026-06-12 01:18:21.968 - [DEBUG] ||| normalize_perm ||| Permutation post normalization = [3, 1, 2, 0]
2026-06-12 01:18:21.968 - [DEBUG] ||| run ||| pending_perm = [3, 1, 2, 0] | src = 0, dest = 3
2026-06-12 01:18:21.968 - [DEBUG] ||| prep_pass ||| Next permutation = [None, None, 2, 0]
2026-06-12 01:18:21.969 - [DEBUG] ||| prep_pass ||| rb_src = 3, rb_dest = 0
2026-06-12 01:18:21.969 - [DEBUG] ||| prep_pass ||| Next permutation = [None, None, None, None]
2026-06-12 01:18:21.970 - [DEBUG] ||| prep_pass ||| Chain complete
2026-06-12 01:18:21.970 - [DEBUG] ||| normalize_perm ||| Permutation post normalization = [0, 3, 2, 1]
2026-06-12 01:18:21.971 - [DEBUG] ||| run ||| pending_perm = [0, 3, 2, 1] | src = 0, dest = 0
2026-06-12 01:18:21.971 - [DEBUG] ||| prep_pass ||| Next permutation = [None, None, 2, 1]
2026-06-12 01:18:21.972 - [DEBUG] ||| prep_pass ||| rb_src = 2, rb_dest = 2
2026-06-12 01:18:21.972 - [DEBUG] ||| prep_pass ||| Next permutation = [None, None, None, None]
2026-06-12 01:18:21.973 - [DEBUG] ||| prep_pass ||| Chain complete
2026-06-12 01:18:21.973 - [DEBUG] ||| normalize_perm ||| Permutation post normalization = [3, 1, 2, 0]
2026-06-12 01:18:21.973 - [DEBUG] ||| run ||| pending_perm = [3, 1, 2, 0] | src = 0, dest = 3
2026-06-12 01:18:21.974 - [DEBUG] ||| prep_pass ||| Next permutation = [None, None, 2, 0]
2026-06-12 01:18:21.974 - [DEBUG] ||| prep_pass ||| rb_src = 3, rb_dest = 0
2026-06-12 01:18:21.975 - [DEBUG] ||| prep_pass ||| Next permutation = [None, None, None, None]
2026-06-12 01:18:21.975 - [DEBUG] ||| prep_pass ||| Chain complete
2026-06-12 01:18:21.976 - [DEBUG] ||| normalize_perm ||| Permutation post normalization = [3, 2, 1, 0]
2026-06-12 01:18:21.976 - [DEBUG] ||| run ||| pending_perm = [3, 2, 1, 0] | src = 0, dest = 3
2026-06-12 01:18:21.976 - [DEBUG] ||| prep_pass ||| Next permutation = [None, None, 1, 0]
2026-06-12 01:18:21.977 - [DEBUG] ||| prep_pass ||| Chain complete
2026-06-12 01:18:21.977 - [DEBUG] ||| run ||| pending_perm = [None, None, 1, 0] | src = 2, dest = 1
2026-06-12 01:18:21.978 - [DEBUG] ||| prep_pass ||| Next permutation = [None, None, None, None]
2026-06-12 01:18:21.978 - [DEBUG] ||| prep_pass ||| Chain complete
2026-06-12 01:18:21.978 - [DEBUG] ||| normalize_perm ||| Permutation post normalization = [3, 1, 2, 0]
2026-06-12 01:18:21.979 - [DEBUG] ||| run ||| pending_perm = [3, 1, 2, 0] | src = 0, dest = 3
2026-06-12 01:18:21.979 - [DEBUG] ||| prep_pass ||| Next permutation = [None, None, 2, 0]
2026-06-12 01:18:21.980 - [DEBUG] ||| prep_pass ||| rb_src = 3, rb_dest = 0
2026-06-12 01:18:21.980 - [DEBUG] ||| prep_pass ||| Next permutation = [None, None, None, None]
2026-06-12 01:18:21.980 - [DEBUG] ||| prep_pass ||| Chain complete
2026-06-12 01:18:21.981 - [DEBUG] ||| normalize_perm ||| Permutation post normalization = [0, 3, 2, 1]
2026-06-12 01:18:21.981 - [DEBUG] ||| run ||| pending_perm = [0, 3, 2, 1] | src = 0, dest = 0
2026-06-12 01:18:21.982 - [DEBUG] ||| prep_pass ||| Next permutation = [None, None, 2, 1]
2026-06-12 01:18:21.982 - [DEBUG] ||| prep_pass ||| rb_src = 2, rb_dest = 2
2026-06-12 01:18:21.983 - [DEBUG] ||| prep_pass ||| Next permutation = [None, None, None, None]
2026-06-12 01:18:21.983 - [DEBUG] ||| prep_pass ||| Chain complete
2026-06-12 01:18:21.983 - [DEBUG] ||| normalize_perm ||| Permutation post normalization = [0, 3, 2, 1]
2026-06-12 01:18:21.984 - [DEBUG] ||| run ||| pending_perm = [0, 3, 2, 1] | src = 0, dest = 0
2026-06-12 01:18:21.984 - [DEBUG] ||| prep_pass ||| Next permutation = [None, None, 2, 1]
2026-06-12 01:18:21.985 - [DEBUG] ||| prep_pass ||| rb_src = 2, rb_dest = 2
2026-06-12 01:18:21.985 - [DEBUG] ||| prep_pass ||| Next permutation = [None, None, None, None]
2026-06-12 01:18:21.985 - [DEBUG] ||| prep_pass ||| Chain complete
2026-06-12 01:18:21.986 - [DEBUG] ||| normalize_perm ||| Permutation post normalization = [3, 1, 2, 0]
2026-06-12 01:18:21.987 - [DEBUG] ||| run ||| pending_perm = [3, 1, 2, 0] | src = 0, dest = 3
2026-06-12 01:18:21.987 - [DEBUG] ||| prep_pass ||| Next permutation = [None, None, 2, 0]
2026-06-12 01:18:21.988 - [DEBUG] ||| prep_pass ||| rb_src = 3, rb_dest = 0
2026-06-12 01:18:21.988 - [DEBUG] ||| prep_pass ||| Next permutation = [None, None, None, None]
2026-06-12 01:18:21.989 - [DEBUG] ||| prep_pass ||| Chain complete
2026-06-12 01:18:21.989 - [DEBUG] ||| normalize_perm ||| Permutation post normalization = [3, 1, 2, 0]
2026-06-12 01:18:21.990 - [DEBUG] ||| run ||| pending_perm = [3, 1, 2, 0] | src = 0, dest = 3
2026-06-12 01:18:21.990 - [DEBUG] ||| prep_pass ||| Next permutation = [None, None, 2, 0]
2026-06-12 01:18:21.991 - [DEBUG] ||| prep_pass ||| rb_src = 3, rb_dest = 0
2026-06-12 01:18:21.991 - [DEBUG] ||| prep_pass ||| Next permutation = [None, None, None, None]
2026-06-12 01:18:21.992 - [DEBUG] ||| prep_pass ||| Chain complete
2026-06-12 01:18:21.992 - [DEBUG] ||| normalize_perm ||| Permutation post normalization = [0, 3, 2, 1]
2026-06-12 01:18:21.992 - [DEBUG] ||| run ||| pending_perm = [0, 3, 2, 1] | src = 0, dest = 0
2026-06-12 01:18:21.993 - [DEBUG] ||| prep_pass ||| Next permutation = [None, None, 2, 1]
2026-06-12 01:18:21.993 - [DEBUG] ||| prep_pass ||| rb_src = 2, rb_dest = 2
2026-06-12 01:18:21.993 - [DEBUG] ||| prep_pass ||| Next permutation = [None, None, None, None]
2026-06-12 01:18:21.994 - [DEBUG] ||| prep_pass ||| Chain complete
2026-06-12 01:18:21.994 - [DEBUG] ||| normalize_perm ||| Permutation post normalization = [3, 1, 2, 0]
2026-06-12 01:18:21.994 - [DEBUG] ||| run ||| pending_perm = [3, 1, 2, 0] | src = 0, dest = 3
2026-06-12 01:18:21.995 - [DEBUG] ||| prep_pass ||| Next permutation = [None, None, 2, 0]
2026-06-12 01:18:21.995 - [DEBUG] ||| prep_pass ||| rb_src = 3, rb_dest = 0
2026-06-12 01:18:21.996 - [DEBUG] ||| prep_pass ||| Next permutation = [None, None, None, None]
2026-06-12 01:18:21.996 - [DEBUG] ||| prep_pass ||| Chain complete
2026-06-12 01:18:21.997 - [DEBUG] ||| normalize_perm ||| Permutation post normalization = [3, 2, 1, 0]
2026-06-12 01:18:21.997 - [DEBUG] ||| run ||| pending_perm = [3, 2, 1, 0] | src = 0, dest = 3
2026-06-12 01:18:21.997 - [DEBUG] ||| prep_pass ||| Next permutation = [None, None, 1, 0]
2026-06-12 01:18:21.998 - [DEBUG] ||| prep_pass ||| Chain complete
2026-06-12 01:18:21.998 - [DEBUG] ||| run ||| pending_perm = [None, None, 1, 0] | src = 2, dest = 1
2026-06-12 01:18:21.999 - [DEBUG] ||| prep_pass ||| Next permutation = [None, None, None, None]
2026-06-12 01:18:21.999 - [DEBUG] ||| prep_pass ||| Chain complete
2026-06-12 01:18:22.000 - [DEBUG] ||| normalize_perm ||| Permutation post normalization = [3, 1, 2, 0]
2026-06-12 01:18:22.000 - [DEBUG] ||| run ||| pending_perm = [3, 1, 2, 0] | src = 0, dest = 3
2026-06-12 01:18:22.001 - [DEBUG] ||| prep_pass ||| Next permutation = [None, None, 2, 0]
2026-06-12 01:18:22.001 - [DEBUG] ||| prep_pass ||| rb_src = 3, rb_dest = 0
2026-06-12 01:18:22.002 - [DEBUG] ||| prep_pass ||| Next permutation = [None, None, None, None]
2026-06-12 01:18:22.002 - [DEBUG] ||| prep_pass ||| Chain complete
2026-06-12 01:18:22.003 - [DEBUG] ||| normalize_perm ||| Permutation post normalization = [0, 3, 2, 1]
2026-06-12 01:18:22.003 - [DEBUG] ||| run ||| pending_perm = [0, 3, 2, 1] | src = 0, dest = 0
2026-06-12 01:18:22.004 - [DEBUG] ||| prep_pass ||| Next permutation = [None, None, 2, 1]
2026-06-12 01:18:22.004 - [DEBUG] ||| prep_pass ||| rb_src = 2, rb_dest = 2
2026-06-12 01:18:22.005 - [DEBUG] ||| prep_pass ||| Next permutation = [None, None, None, None]
2026-06-12 01:18:22.005 - [DEBUG] ||| prep_pass ||| Chain complete
2026-06-12 01:18:22.006 - [DEBUG] ||| normalize_perm ||| Permutation post normalization = [0, 3, 2, 1]
2026-06-12 01:18:22.006 - [DEBUG] ||| run ||| pending_perm = [0, 3, 2, 1] | src = 0, dest = 0
2026-06-12 01:18:22.006 - [DEBUG] ||| prep_pass ||| Next permutation = [None, None, 2, 1]
2026-06-12 01:18:22.007 - [DEBUG] ||| prep_pass ||| rb_src = 2, rb_dest = 2
2026-06-12 01:18:22.007 - [DEBUG] ||| prep_pass ||| Next permutation = [None, None, None, None]
2026-06-12 01:18:22.008 - [DEBUG] ||| prep_pass ||| Chain complete
2026-06-12 01:18:22.008 - [DEBUG] ||| normalize_perm ||| Permutation post normalization = [3, 1, 2, 0]
2026-06-12 01:18:22.009 - [DEBUG] ||| run ||| pending_perm = [3, 1, 2, 0] | src = 0, dest = 3
2026-06-12 01:18:22.009 - [DEBUG] ||| prep_pass ||| Next permutation = [None, None, 2, 0]
2026-06-12 01:18:22.009 - [DEBUG] ||| prep_pass ||| rb_src = 3, rb_dest = 0
2026-06-12 01:18:22.010 - [DEBUG] ||| prep_pass ||| Next permutation = [None, None, None, None]
2026-06-12 01:18:22.010 - [DEBUG] ||| prep_pass ||| Chain complete
2026-06-12 01:18:22.011 - [DEBUG] ||| propogate ||| stage = 4, input perm = [63, 24, 43, 11, 2, 51, 39, 19, 59, 22, 35, 15, 55, 47, 30, 7, 61, 28, 32, 13, 4, 53, 41, 21, 0, 49, 45, 17, 57, 26, 37, 9, 62, 25, 42, 10, 3, 50, 38, 18, 58, 23, 34, 14, 54, 46, 31, 6, 60, 29, 33, 12, 5, 52, 40, 20, 1, 48, 44, 16, 56, 27, 36, 8]
2026-06-12 01:18:22.011 - [DEBUG] ||| run ||| Stage[4] | Output permutation = [63, 11, 24, 43, 2, 39, 51, 19, 59, 15, 22, 35, 55, 30, 47, 7, 61, 13, 28, 32, 4, 41, 53, 21, 0, 45, 49, 17, 57, 9, 26, 37, 62, 10, 25, 42, 3, 38, 50, 18, 58, 14, 23, 34, 54, 31, 46, 6, 60, 12, 29, 33, 5, 40, 52, 20, 1, 44, 48, 16, 56, 8, 27, 36]
2026-06-12 01:18:22.012 - [DEBUG] ||| propogate ||| stage = 5, input perm = [63, 11, 24, 43, 2, 39, 51, 19, 59, 15, 22, 35, 55, 30, 47, 7, 61, 13, 28, 32, 4, 41, 53, 21, 0, 45, 49, 17, 57, 9, 26, 37, 62, 10, 25, 42, 3, 38, 50, 18, 58, 14, 23, 34, 54, 31, 46, 6, 60, 12, 29, 33, 5, 40, 52, 20, 1, 44, 48, 16, 56, 8, 27, 36]
2026-06-12 01:18:22.012 - [DEBUG] ||| run ||| Stage[5] | Output permutation = [11, 24, 63, 43, 2, 19, 39, 51, 15, 22, 59, 35, 30, 7, 55, 47, 13, 28, 61, 32, 4, 21, 41, 53, 0, 17, 45, 49, 9, 26, 57, 37, 10, 25, 62, 42, 3, 18, 38, 50, 14, 23, 58, 34, 31, 6, 54, 46, 12, 29, 60, 33, 5, 20, 40, 52, 1, 16, 44, 48, 8, 27, 56, 36]
2026-06-12 01:18:22.013 - [DEBUG] ||| propogate ||| stage = 6, input perm = [11, 24, 63, 43, 2, 19, 39, 51, 15, 22, 59, 35, 30, 7, 55, 47, 13, 28, 61, 32, 4, 21, 41, 53, 0, 17, 45, 49, 9, 26, 57, 37, 10, 25, 62, 42, 3, 18, 38, 50, 14, 23, 58, 34, 31, 6, 54, 46, 12, 29, 60, 33, 5, 20, 40, 52, 1, 16, 44, 48, 8, 27, 56, 36]
2026-06-12 01:18:22.013 - [DEBUG] ||| run ||| Stage[6] | Output permutation = [11, 2, 24, 19, 43, 39, 63, 51, 15, 7, 22, 30, 35, 47, 59, 55, 13, 4, 28, 21, 32, 41, 61, 53, 0, 9, 17, 26, 45, 37, 49, 57, 10, 3, 25, 18, 42, 38, 62, 50, 14, 6, 23, 31, 34, 46, 58, 54, 12, 5, 29, 20, 33, 40, 60, 52, 1, 8, 16, 27, 44, 36, 48, 56]
2026-06-12 01:18:22.014 - [DEBUG] ||| propogate ||| stage = 7, input perm = [11, 2, 24, 19, 43, 39, 63, 51, 15, 7, 22, 30, 35, 47, 59, 55, 13, 4, 28, 21, 32, 41, 61, 53, 0, 9, 17, 26, 45, 37, 49, 57, 10, 3, 25, 18, 42, 38, 62, 50, 14, 6, 23, 31, 34, 46, 58, 54, 12, 5, 29, 20, 33, 40, 60, 52, 1, 8, 16, 27, 44, 36, 48, 56]
2026-06-12 01:18:22.014 - [DEBUG] ||| run ||| Stage[7] | Output permutation = [2, 7, 11, 15, 19, 22, 24, 30, 39, 35, 43, 47, 51, 55, 63, 59, 4, 0, 13, 9, 21, 17, 28, 26, 32, 37, 41, 45, 53, 49, 61, 57, 3, 6, 10, 14, 18, 23, 25, 31, 38, 34, 42, 46, 50, 54, 62, 58, 5, 1, 12, 8, 20, 16, 29, 27, 33, 36, 40, 44, 52, 48, 60, 56]
2026-06-12 01:18:22.015 - [DEBUG] ||| propogate ||| stage = 8, input perm = [2, 7, 11, 15, 19, 22, 24, 30, 39, 35, 43, 47, 51, 55, 63, 59, 4, 0, 13, 9, 21, 17, 28, 26, 32, 37, 41, 45, 53, 49, 61, 57, 3, 6, 10, 14, 18, 23, 25, 31, 38, 34, 42, 46, 50, 54, 62, 58, 5, 1, 12, 8, 20, 16, 29, 27, 33, 36, 40, 44, 52, 48, 60, 56]
2026-06-12 01:18:22.015 - [DEBUG] ||| run ||| Stage[8] | Output permutation = [2, 0, 7, 4, 11, 9, 15, 13, 19, 17, 22, 21, 24, 26, 30, 28, 35, 32, 39, 37, 43, 41, 47, 45, 51, 49, 55, 53, 59, 57, 63, 61, 3, 1, 6, 5, 10, 8, 14, 12, 18, 16, 23, 20, 25, 27, 31, 29, 34, 33, 38, 36, 42, 40, 46, 44, 50, 48, 54, 52, 58, 56, 62, 60]
2026-06-12 01:18:22.016 - [DEBUG] ||| propogate ||| stage = 9, input perm = [2, 0, 7, 4, 11, 9, 15, 13, 19, 17, 22, 21, 24, 26, 30, 28, 35, 32, 39, 37, 43, 41, 47, 45, 51, 49, 55, 53, 59, 57, 63, 61, 3, 1, 6, 5, 10, 8, 14, 12, 18, 16, 23, 20, 25, 27, 31, 29, 34, 33, 38, 36, 42, 40, 46, 44, 50, 48, 54, 52, 58, 56, 62, 60]
2026-06-12 01:18:22.017 - [DEBUG] ||| run ||| Stage[9] | Output permutation = [0, 1, 2, 3, 4, 5, 7, 6, 9, 8, 11, 10, 13, 12, 15, 14, 17, 16, 19, 18, 21, 20, 22, 23, 24, 25, 26, 27, 28, 29, 30, 31, 32, 33, 35, 34, 37, 36, 39, 38, 41, 40, 43, 42, 45, 44, 47, 46, 49, 48, 51, 50, 53, 52, 55, 54, 57, 56, 59, 58, 61, 60, 63, 62]
2026-06-12 01:18:22.017 - [DEBUG] ||| propogate ||| stage = 10, input perm = [0, 1, 2, 3, 4, 5, 7, 6, 9, 8, 11, 10, 13, 12, 15, 14, 17, 16, 19, 18, 21, 20, 22, 23, 24, 25, 26, 27, 28, 29, 30, 31, 32, 33, 35, 34, 37, 36, 39, 38, 41, 40, 43, 42, 45, 44, 47, 46, 49, 48, 51, 50, 53, 52, 55, 54, 57, 56, 59, 58, 61, 60, 63, 62]
2026-06-12 01:18:22.018 - [DEBUG] ||| run ||| Stage[10] | Output permutation = [0, 1, 2, 3, 4, 5, 6, 7, 8, 9, 10, 11, 12, 13, 14, 15, 16, 17, 18, 19, 20, 21, 22, 23, 24, 25, 26, 27, 28, 29, 30, 31, 32, 33, 34, 35, 36, 37, 38, 39, 40, 41, 42, 43, 44, 45, 46, 47, 48, 49, 50, 51, 52, 53, 54, 55, 56, 57, 58, 59, 60, 61, 62, 63]
2026-06-12 01:18:22.019 - [DEBUG] ||| run ||| Benes Routing: PASSED
2026-06-12 01:18:22.020 - [DEBUG] ||| run ||| Attempting to route Benes permutation = [(6, 0), (7, 2), (8, 4), (9, 6), (10, 5), (11, 3), (12, 1), (13, 7), (14, 8), (15, 10), (16, 12), (17, 14), (18, 13), (19, 11), (20, 9), (21, 15), (34, 16), (35, 18), (36, 20), (37, 22), (38, 21), (39, 19), (40, 17), (41, 23), (42, 24), (43, 26), (44, 28), (45, 30), (46, 29), (47, 27), (48, 25), (49, 31)]
2026-06-12 01:18:22.021 - [DEBUG] ||| balance_perm ||| almost-balanced_perm = [None, None, None, None, None, None, 0, 2, 4, 6, 5, 3, 1, 7, 8, 10, 12, 14, 13, 11, 9, 15, None, None, None, None, None, None, None, None, None, None, None, None, 16, 18, 20, 22, 21, 19, 17, 23, 24, 26, 28, 30, 29, 27, 25, 31, None, None, None, None, None, None, None, None, None, None, None, None, None, None]; free_dest = [32, 33, 34, 35, 36, 37, 38, 39, 40, 41, 42, 43, 44, 45, 46, 47, 48, 49, 50, 51, 52, 53, 54, 55, 56, 57, 58, 59, 60, 61, 62, 63]
2026-06-12 01:18:22.021 - [DEBUG] ||| balance_perm ||| balanced_perm = [63, 62, 61, 60, 59, 58, 0, 2, 4, 6, 5, 3, 1, 7, 8, 10, 12, 14, 13, 11, 9, 15, 57, 56, 55, 54, 53, 52, 51, 50, 49, 48, 47, 46, 16, 18, 20, 22, 21, 19, 17, 23, 24, 26, 28, 30, 29, 27, 25, 31, 45, 44, 43, 42, 41, 40, 39, 38, 37, 36, 35, 34, 33, 32]
2026-06-12 01:18:22.022 - [DEBUG] ||| run ||| Stage[0] || perm_split = 1, split_len = 64, sw_split = 32, sub_perms = [[63, 62, 61, 60, 59, 58, 0, 2, 4, 6, 5, 3, 1, 7, 8, 10, 12, 14, 13, 11, 9, 15, 57, 56, 55, 54, 53, 52, 51, 50, 49, 48, 47, 46, 16, 18, 20, 22, 21, 19, 17, 23, 24, 26, 28, 30, 29, 27, 25, 31, 45, 44, 43, 42, 41, 40, 39, 38, 37, 36, 35, 34, 33, 32]]
2026-06-12 01:18:22.022 - [DEBUG] ||| normalize_perm ||| Permutation post normalization = [63, 62, 61, 60, 59, 58, 0, 2, 4, 6, 5, 3, 1, 7, 8, 10, 12, 14, 13, 11, 9, 15, 57, 56, 55, 54, 53, 52, 51, 50, 49, 48, 47, 46, 16, 18, 20, 22, 21, 19, 17, 23, 24, 26, 28, 30, 29, 27, 25, 31, 45, 44, 43, 42, 41, 40, 39, 38, 37, 36, 35, 34, 33, 32]
2026-06-12 01:18:22.023 - [DEBUG] ||| run ||| pending_perm = [63, 62, 61, 60, 59, 58, 0, 2, 4, 6, 5, 3, 1, 7, 8, 10, 12, 14, 13, 11, 9, 15, 57, 56, 55, 54, 53, 52, 51, 50, 49, 48, 47, 46, 16, 18, 20, 22, 21, 19, 17, 23, 24, 26, 28, 30, 29, 27, 25, 31, 45, 44, 43, 42, 41, 40, 39, 38, 37, 36, 35, 34, 33, 32] | src = 0, dest = 63
2026-06-12 01:18:22.023 - [DEBUG] ||| prep_pass ||| Next permutation = [None, None, 61, 60, 59, 58, 0, 2, 4, 6, 5, 3, 1, 7, 8, 10, 12, 14, 13, 11, 9, 15, 57, 56, 55, 54, 53, 52, 51, 50, 49, 48, 47, 46, 16, 18, 20, 22, 21, 19, 17, 23, 24, 26, 28, 30, 29, 27, 25, 31, 45, 44, 43, 42, 41, 40, 39, 38, 37, 36, 35, 34, 33, 32]
2026-06-12 01:18:22.024 - [DEBUG] ||| prep_pass ||| Chain complete
2026-06-12 01:18:22.024 - [DEBUG] ||| run ||| pending_perm = [None, None, 61, 60, 59, 58, 0, 2, 4, 6, 5, 3, 1, 7, 8, 10, 12, 14, 13, 11, 9, 15, 57, 56, 55, 54, 53, 52, 51, 50, 49, 48, 47, 46, 16, 18, 20, 22, 21, 19, 17, 23, 24, 26, 28, 30, 29, 27, 25, 31, 45, 44, 43, 42, 41, 40, 39, 38, 37, 36, 35, 34, 33, 32] | src = 2, dest = 61
2026-06-12 01:18:22.025 - [DEBUG] ||| prep_pass ||| Next permutation = [None, None, None, None, 59, 58, 0, 2, 4, 6, 5, 3, 1, 7, 8, 10, 12, 14, 13, 11, 9, 15, 57, 56, 55, 54, 53, 52, 51, 50, 49, 48, 47, 46, 16, 18, 20, 22, 21, 19, 17, 23, 24, 26, 28, 30, 29, 27, 25, 31, 45, 44, 43, 42, 41, 40, 39, 38, 37, 36, 35, 34, 33, 32]
2026-06-12 01:18:22.025 - [DEBUG] ||| prep_pass ||| Chain complete
2026-06-12 01:18:22.026 - [DEBUG] ||| run ||| pending_perm = [None, None, None, None, 59, 58, 0, 2, 4, 6, 5, 3, 1, 7, 8, 10, 12, 14, 13, 11, 9, 15, 57, 56, 55, 54, 53, 52, 51, 50, 49, 48, 47, 46, 16, 18, 20, 22, 21, 19, 17, 23, 24, 26, 28, 30, 29, 27, 25, 31, 45, 44, 43, 42, 41, 40, 39, 38, 37, 36, 35, 34, 33, 32] | src = 4, dest = 59
2026-06-12 01:18:22.026 - [DEBUG] ||| prep_pass ||| Next permutation = [None, None, None, None, None, None, 0, 2, 4, 6, 5, 3, 1, 7, 8, 10, 12, 14, 13, 11, 9, 15, 57, 56, 55, 54, 53, 52, 51, 50, 49, 48, 47, 46, 16, 18, 20, 22, 21, 19, 17, 23, 24, 26, 28, 30, 29, 27, 25, 31, 45, 44, 43, 42, 41, 40, 39, 38, 37, 36, 35, 34, 33, 32]
2026-06-12 01:18:22.027 - [DEBUG] ||| prep_pass ||| Chain complete
2026-06-12 01:18:22.027 - [DEBUG] ||| run ||| pending_perm = [None, None, None, None, None, None, 0, 2, 4, 6, 5, 3, 1, 7, 8, 10, 12, 14, 13, 11, 9, 15, 57, 56, 55, 54, 53, 52, 51, 50, 49, 48, 47, 46, 16, 18, 20, 22, 21, 19, 17, 23, 24, 26, 28, 30, 29, 27, 25, 31, 45, 44, 43, 42, 41, 40, 39, 38, 37, 36, 35, 34, 33, 32] | src = 6, dest = 0
2026-06-12 01:18:22.027 - [DEBUG] ||| prep_pass ||| Next permutation = [None, None, None, None, None, None, None, None, 4, 6, 5, 3, 1, 7, 8, 10, 12, 14, 13, 11, 9, 15, 57, 56, 55, 54, 53, 52, 51, 50, 49, 48, 47, 46, 16, 18, 20, 22, 21, 19, 17, 23, 24, 26, 28, 30, 29, 27, 25, 31, 45, 44, 43, 42, 41, 40, 39, 38, 37, 36, 35, 34, 33, 32]
2026-06-12 01:18:22.028 - [DEBUG] ||| prep_pass ||| rb_src = 13, rb_dest = 7
2026-06-12 01:18:22.028 - [DEBUG] ||| prep_pass ||| Next permutation = [None, None, None, None, None, None, None, None, 4, 6, 5, 3, None, None, 8, 10, 12, 14, 13, 11, 9, 15, 57, 56, 55, 54, 53, 52, 51, 50, 49, 48, 47, 46, 16, 18, 20, 22, 21, 19, 17, 23, 24, 26, 28, 30, 29, 27, 25, 31, 45, 44, 43, 42, 41, 40, 39, 38, 37, 36, 35, 34, 33, 32]
2026-06-12 01:18:22.029 - [DEBUG] ||| prep_pass ||| rb_src = 8, rb_dest = 4
2026-06-12 01:18:22.029 - [DEBUG] ||| prep_pass ||| Next permutation = [None, None, None, None, None, None, None, None, None, None, 5, 3, None, None, 8, 10, 12, 14, 13, 11, 9, 15, 57, 56, 55, 54, 53, 52, 51, 50, 49, 48, 47, 46, 16, 18, 20, 22, 21, 19, 17, 23, 24, 26, 28, 30, 29, 27, 25, 31, 45, 44, 43, 42, 41, 40, 39, 38, 37, 36, 35, 34, 33, 32]
2026-06-12 01:18:22.030 - [DEBUG] ||| prep_pass ||| rb_src = 11, rb_dest = 3
2026-06-12 01:18:22.030 - [DEBUG] ||| prep_pass ||| Next permutation = [None, None, None, None, None, None, None, None, None, None, None, None, None, None, 8, 10, 12, 14, 13, 11, 9, 15, 57, 56, 55, 54, 53, 52, 51, 50, 49, 48, 47, 46, 16, 18, 20, 22, 21, 19, 17, 23, 24, 26, 28, 30, 29, 27, 25, 31, 45, 44, 43, 42, 41, 40, 39, 38, 37, 36, 35, 34, 33, 32]
2026-06-12 01:18:22.031 - [DEBUG] ||| prep_pass ||| Chain complete
2026-06-12 01:18:22.032 - [DEBUG] ||| run ||| pending_perm = [None, None, None, None, None, None, None, None, None, None, None, None, None, None, 8, 10, 12, 14, 13, 11, 9, 15, 57, 56, 55, 54, 53, 52, 51, 50, 49, 48, 47, 46, 16, 18, 20, 22, 21, 19, 17, 23, 24, 26, 28, 30, 29, 27, 25, 31, 45, 44, 43, 42, 41, 40, 39, 38, 37, 36, 35, 34, 33, 32] | src = 14, dest = 8
2026-06-12 01:18:22.032 - [DEBUG] ||| prep_pass ||| Next permutation = [None, None, None, None, None, None, None, None, None, None, None, None, None, None, None, None, 12, 14, 13, 11, 9, 15, 57, 56, 55, 54, 53, 52, 51, 50, 49, 48, 47, 46, 16, 18, 20, 22, 21, 19, 17, 23, 24, 26, 28, 30, 29, 27, 25, 31, 45, 44, 43, 42, 41, 40, 39, 38, 37, 36, 35, 34, 33, 32]
2026-06-12 01:18:22.033 - [DEBUG] ||| prep_pass ||| rb_src = 21, rb_dest = 15
2026-06-12 01:18:22.034 - [DEBUG] ||| prep_pass ||| Next permutation = [None, None, None, None, None, None, None, None, None, None, None, None, None, None, None, None, 12, 14, 13, 11, None, None, 57, 56, 55, 54, 53, 52, 51, 50, 49, 48, 47, 46, 16, 18, 20, 22, 21, 19, 17, 23, 24, 26, 28, 30, 29, 27, 25, 31, 45, 44, 43, 42, 41, 40, 39, 38, 37, 36, 35, 34, 33, 32]
2026-06-12 01:18:22.034 - [DEBUG] ||| prep_pass ||| rb_src = 16, rb_dest = 12
2026-06-12 01:18:22.035 - [DEBUG] ||| prep_pass ||| Next permutation = [None, None, None, None, None, None, None, None, None, None, None, None, None, None, None, None, None, None, 13, 11, None, None, 57, 56, 55, 54, 53, 52, 51, 50, 49, 48, 47, 46, 16, 18, 20, 22, 21, 19, 17, 23, 24, 26, 28, 30, 29, 27, 25, 31, 45, 44, 43, 42, 41, 40, 39, 38, 37, 36, 35, 34, 33, 32]
2026-06-12 01:18:22.036 - [DEBUG] ||| prep_pass ||| rb_src = 19, rb_dest = 11
2026-06-12 01:18:22.036 - [DEBUG] ||| prep_pass ||| Next permutation = [None, None, None, None, None, None, None, None, None, None, None, None, None, None, None, None, None, None, None, None, None, None, 57, 56, 55, 54, 53, 52, 51, 50, 49, 48, 47, 46, 16, 18, 20, 22, 21, 19, 17, 23, 24, 26, 28, 30, 29, 27, 25, 31, 45, 44, 43, 42, 41, 40, 39, 38, 37, 36, 35, 34, 33, 32]
2026-06-12 01:18:22.037 - [DEBUG] ||| prep_pass ||| Chain complete
2026-06-12 01:18:22.037 - [DEBUG] ||| run ||| pending_perm = [None, None, None, None, None, None, None, None, None, None, None, None, None, None, None, None, None, None, None, None, None, None, 57, 56, 55, 54, 53, 52, 51, 50, 49, 48, 47, 46, 16, 18, 20, 22, 21, 19, 17, 23, 24, 26, 28, 30, 29, 27, 25, 31, 45, 44, 43, 42, 41, 40, 39, 38, 37, 36, 35, 34, 33, 32] | src = 22, dest = 57
2026-06-12 01:18:22.038 - [DEBUG] ||| prep_pass ||| Next permutation = [None, None, None, None, None, None, None, None, None, None, None, None, None, None, None, None, None, None, None, None, None, None, None, None, 55, 54, 53, 52, 51, 50, 49, 48, 47, 46, 16, 18, 20, 22, 21, 19, 17, 23, 24, 26, 28, 30, 29, 27, 25, 31, 45, 44, 43, 42, 41, 40, 39, 38, 37, 36, 35, 34, 33, 32]
2026-06-12 01:18:22.039 - [DEBUG] ||| prep_pass ||| Chain complete
2026-06-12 01:18:22.059 - [DEBUG] ||| run ||| pending_perm = [None, None, None, None, None, None, None, None, None, None, None, None, None, None, None, None, None, None, None, None, None, None, None, None, 55, 54, 53, 52, 51, 50, 49, 48, 47, 46, 16, 18, 20, 22, 21, 19, 17, 23, 24, 26, 28, 30, 29, 27, 25, 31, 45, 44, 43, 42, 41, 40, 39, 38, 37, 36, 35, 34, 33, 32] | src = 24, dest = 55
2026-06-12 01:18:22.074 - [DEBUG] ||| prep_pass ||| Next permutation = [None, None, None, None, None, None, None, None, None, None, None, None, None, None, None, None, None, None, None, None, None, None, None, None, None, None, 53, 52, 51, 50, 49, 48, 47, 46, 16, 18, 20, 22, 21, 19, 17, 23, 24, 26, 28, 30, 29, 27, 25, 31, 45, 44, 43, 42, 41, 40, 39, 38, 37, 36, 35, 34, 33, 32]
2026-06-12 01:18:22.076 - [DEBUG] ||| prep_pass ||| Chain complete
2026-06-12 01:18:22.087 - [DEBUG] ||| run ||| pending_perm = [None, None, None, None, None, None, None, None, None, None, None, None, None, None, None, None, None, None, None, None, None, None, None, None, None, None, 53, 52, 51, 50, 49, 48, 47, 46, 16, 18, 20, 22, 21, 19, 17, 23, 24, 26, 28, 30, 29, 27, 25, 31, 45, 44, 43, 42, 41, 40, 39, 38, 37, 36, 35, 34, 33, 32] | src = 26, dest = 53
2026-06-12 01:18:22.088 - [DEBUG] ||| prep_pass ||| Next permutation = [None, None, None, None, None, None, None, None, None, None, None, None, None, None, None, None, None, None, None, None, None, None, None, None, None, None, None, None, 51, 50, 49, 48, 47, 46, 16, 18, 20, 22, 21, 19, 17, 23, 24, 26, 28, 30, 29, 27, 25, 31, 45, 44, 43, 42, 41, 40, 39, 38, 37, 36, 35, 34, 33, 32]
2026-06-12 01:18:22.089 - [DEBUG] ||| prep_pass ||| Chain complete
2026-06-12 01:18:22.090 - [DEBUG] ||| run ||| pending_perm = [None, None, None, None, None, None, None, None, None, None, None, None, None, None, None, None, None, None, None, None, None, None, None, None, None, None, None, None, 51, 50, 49, 48, 47, 46, 16, 18, 20, 22, 21, 19, 17, 23, 24, 26, 28, 30, 29, 27, 25, 31, 45, 44, 43, 42, 41, 40, 39, 38, 37, 36, 35, 34, 33, 32] | src = 28, dest = 51
2026-06-12 01:18:22.091 - [DEBUG] ||| prep_pass ||| Next permutation = [None, None, None, None, None, None, None, None, None, None, None, None, None, None, None, None, None, None, None, None, None, None, None, None, None, None, None, None, None, None, 49, 48, 47, 46, 16, 18, 20, 22, 21, 19, 17, 23, 24, 26, 28, 30, 29, 27, 25, 31, 45, 44, 43, 42, 41, 40, 39, 38, 37, 36, 35, 34, 33, 32]
2026-06-12 01:18:22.091 - [DEBUG] ||| prep_pass ||| Chain complete
2026-06-12 01:18:22.092 - [DEBUG] ||| run ||| pending_perm = [None, None, None, None, None, None, None, None, None, None, None, None, None, None, None, None, None, None, None, None, None, None, None, None, None, None, None, None, None, None, 49, 48, 47, 46, 16, 18, 20, 22, 21, 19, 17, 23, 24, 26, 28, 30, 29, 27, 25, 31, 45, 44, 43, 42, 41, 40, 39, 38, 37, 36, 35, 34, 33, 32] | src = 30, dest = 49
2026-06-12 01:18:22.092 - [DEBUG] ||| prep_pass ||| Next permutation = [None, None, None, None, None, None, None, None, None, None, None, None, None, None, None, None, None, None, None, None, None, None, None, None, None, None, None, None, None, None, None, None, 47, 46, 16, 18, 20, 22, 21, 19, 17, 23, 24, 26, 28, 30, 29, 27, 25, 31, 45, 44, 43, 42, 41, 40, 39, 38, 37, 36, 35, 34, 33, 32]
2026-06-12 01:18:22.093 - [DEBUG] ||| prep_pass ||| Chain complete
2026-06-12 01:18:22.093 - [DEBUG] ||| run ||| pending_perm = [None, None, None, None, None, None, None, None, None, None, None, None, None, None, None, None, None, None, None, None, None, None, None, None, None, None, None, None, None, None, None, None, 47, 46, 16, 18, 20, 22, 21, 19, 17, 23, 24, 26, 28, 30, 29, 27, 25, 31, 45, 44, 43, 42, 41, 40, 39, 38, 37, 36, 35, 34, 33, 32] | src = 32, dest = 47
2026-06-12 01:18:22.094 - [DEBUG] ||| prep_pass ||| Next permutation = [None, None, None, None, None, None, None, None, None, None, None, None, None, None, None, None, None, None, None, None, None, None, None, None, None, None, None, None, None, None, None, None, None, None, 16, 18, 20, 22, 21, 19, 17, 23, 24, 26, 28, 30, 29, 27, 25, 31, 45, 44, 43, 42, 41, 40, 39, 38, 37, 36, 35, 34, 33, 32]
2026-06-12 01:18:22.094 - [DEBUG] ||| prep_pass ||| Chain complete
2026-06-12 01:18:22.094 - [DEBUG] ||| run ||| pending_perm = [None, None, None, None, None, None, None, None, None, None, None, None, None, None, None, None, None, None, None, None, None, None, None, None, None, None, None, None, None, None, None, None, None, None, 16, 18, 20, 22, 21, 19, 17, 23, 24, 26, 28, 30, 29, 27, 25, 31, 45, 44, 43, 42, 41, 40, 39, 38, 37, 36, 35, 34, 33, 32] | src = 34, dest = 16
2026-06-12 01:18:22.095 - [DEBUG] ||| prep_pass ||| Next permutation = [None, None, None, None, None, None, None, None, None, None, None, None, None, None, None, None, None, None, None, None, None, None, None, None, None, None, None, None, None, None, None, None, None, None, None, None, 20, 22, 21, 19, 17, 23, 24, 26, 28, 30, 29, 27, 25, 31, 45, 44, 43, 42, 41, 40, 39, 38, 37, 36, 35, 34, 33, 32]
2026-06-12 01:18:22.095 - [DEBUG] ||| prep_pass ||| rb_src = 41, rb_dest = 23
2026-06-12 01:18:22.096 - [DEBUG] ||| prep_pass ||| Next permutation = [None, None, None, None, None, None, None, None, None, None, None, None, None, None, None, None, None, None, None, None, None, None, None, None, None, None, None, None, None, None, None, None, None, None, None, None, 20, 22, 21, 19, None, None, 24, 26, 28, 30, 29, 27, 25, 31, 45, 44, 43, 42, 41, 40, 39, 38, 37, 36, 35, 34, 33, 32]
2026-06-12 01:18:22.096 - [DEBUG] ||| prep_pass ||| rb_src = 36, rb_dest = 20
2026-06-12 01:18:22.096 - [DEBUG] ||| prep_pass ||| Next permutation = [None, None, None, None, None, None, None, None, None, None, None, None, None, None, None, None, None, None, None, None, None, None, None, None, None, None, None, None, None, None, None, None, None, None, None, None, None, None, 21, 19, None, None, 24, 26, 28, 30, 29, 27, 25, 31, 45, 44, 43, 42, 41, 40, 39, 38, 37, 36, 35, 34, 33, 32]
2026-06-12 01:18:22.097 - [DEBUG] ||| prep_pass ||| rb_src = 39, rb_dest = 19
2026-06-12 01:18:22.097 - [DEBUG] ||| prep_pass ||| Next permutation = [None, None, None, None, None, None, None, None, None, None, None, None, None, None, None, None, None, None, None, None, None, None, None, None, None, None, None, None, None, None, None, None, None, None, None, None, None, None, None, None, None, None, 24, 26, 28, 30, 29, 27, 25, 31, 45, 44, 43, 42, 41, 40, 39, 38, 37, 36, 35, 34, 33, 32]
2026-06-12 01:18:22.098 - [DEBUG] ||| prep_pass ||| Chain complete
2026-06-12 01:18:22.098 - [DEBUG] ||| run ||| pending_perm = [None, None, None, None, None, None, None, None, None, None, None, None, None, None, None, None, None, None, None, None, None, None, None, None, None, None, None, None, None, None, None, None, None, None, None, None, None, None, None, None, None, None, 24, 26, 28, 30, 29, 27, 25, 31, 45, 44, 43, 42, 41, 40, 39, 38, 37, 36, 35, 34, 33, 32] | src = 42, dest = 24
2026-06-12 01:18:22.101 - [DEBUG] ||| prep_pass ||| Next permutation = [None, None, None, None, None, None, None, None, None, None, None, None, None, None, None, None, None, None, None, None, None, None, None, None, None, None, None, None, None, None, None, None, None, None, None, None, None, None, None, None, None, None, None, None, 28, 30, 29, 27, 25, 31, 45, 44, 43, 42, 41, 40, 39, 38, 37, 36, 35, 34, 33, 32]
2026-06-12 01:18:22.104 - [DEBUG] ||| prep_pass ||| rb_src = 49, rb_dest = 31
2026-06-12 01:18:22.105 - [DEBUG] ||| prep_pass ||| Next permutation = [None, None, None, None, None, None, None, None, None, None, None, None, None, None, None, None, None, None, None, None, None, None, None, None, None, None, None, None, None, None, None, None, None, None, None, None, None, None, None, None, None, None, None, None, 28, 30, 29, 27, None, None, 45, 44, 43, 42, 41, 40, 39, 38, 37, 36, 35, 34, 33, 32]
2026-06-12 01:18:22.108 - [DEBUG] ||| prep_pass ||| rb_src = 44, rb_dest = 28
2026-06-12 01:18:22.108 - [DEBUG] ||| prep_pass ||| Next permutation = [None, None, None, None, None, None, None, None, None, None, None, None, None, None, None, None, None, None, None, None, None, None, None, None, None, None, None, None, None, None, None, None, None, None, None, None, None, None, None, None, None, None, None, None, None, None, 29, 27, None, None, 45, 44, 43, 42, 41, 40, 39, 38, 37, 36, 35, 34, 33, 32]
2026-06-12 01:18:22.108 - [DEBUG] ||| prep_pass ||| rb_src = 47, rb_dest = 27
2026-06-12 01:18:22.109 - [DEBUG] ||| prep_pass ||| Next permutation = [None, None, None, None, None, None, None, None, None, None, None, None, None, None, None, None, None, None, None, None, None, None, None, None, None, None, None, None, None, None, None, None, None, None, None, None, None, None, None, None, None, None, None, None, None, None, None, None, None, None, 45, 44, 43, 42, 41, 40, 39, 38, 37, 36, 35, 34, 33, 32]
2026-06-12 01:18:22.109 - [DEBUG] ||| prep_pass ||| Chain complete
2026-06-12 01:18:22.109 - [DEBUG] ||| run ||| pending_perm = [None, None, None, None, None, None, None, None, None, None, None, None, None, None, None, None, None, None, None, None, None, None, None, None, None, None, None, None, None, None, None, None, None, None, None, None, None, None, None, None, None, None, None, None, None, None, None, None, None, None, 45, 44, 43, 42, 41, 40, 39, 38, 37, 36, 35, 34, 33, 32] | src = 50, dest = 45
2026-06-12 01:18:22.110 - [DEBUG] ||| prep_pass ||| Next permutation = [None, None, None, None, None, None, None, None, None, None, None, None, None, None, None, None, None, None, None, None, None, None, None, None, None, None, None, None, None, None, None, None, None, None, None, None, None, None, None, None, None, None, None, None, None, None, None, None, None, None, None, None, 43, 42, 41, 40, 39, 38, 37, 36, 35, 34, 33, 32]
2026-06-12 01:18:22.110 - [DEBUG] ||| prep_pass ||| Chain complete
2026-06-12 01:18:22.110 - [DEBUG] ||| run ||| pending_perm = [None, None, None, None, None, None, None, None, None, None, None, None, None, None, None, None, None, None, None, None, None, None, None, None, None, None, None, None, None, None, None, None, None, None, None, None, None, None, None, None, None, None, None, None, None, None, None, None, None, None, None, None, 43, 42, 41, 40, 39, 38, 37, 36, 35, 34, 33, 32] | src = 52, dest = 43
2026-06-12 01:18:22.111 - [DEBUG] ||| prep_pass ||| Next permutation = [None, None, None, None, None, None, None, None, None, None, None, None, None, None, None, None, None, None, None, None, None, None, None, None, None, None, None, None, None, None, None, None, None, None, None, None, None, None, None, None, None, None, None, None, None, None, None, None, None, None, None, None, None, None, 41, 40, 39, 38, 37, 36, 35, 34, 33, 32]
2026-06-12 01:18:22.111 - [DEBUG] ||| prep_pass ||| Chain complete
2026-06-12 01:18:22.111 - [DEBUG] ||| run ||| pending_perm = [None, None, None, None, None, None, None, None, None, None, None, None, None, None, None, None, None, None, None, None, None, None, None, None, None, None, None, None, None, None, None, None, None, None, None, None, None, None, None, None, None, None, None, None, None, None, None, None, None, None, None, None, None, None, 41, 40, 39, 38, 37, 36, 35, 34, 33, 32] | src = 54, dest = 41
2026-06-12 01:18:22.112 - [DEBUG] ||| prep_pass ||| Next permutation = [None, None, None, None, None, None, None, None, None, None, None, None, None, None, None, None, None, None, None, None, None, None, None, None, None, None, None, None, None, None, None, None, None, None, None, None, None, None, None, None, None, None, None, None, None, None, None, None, None, None, None, None, None, None, None, None, 39, 38, 37, 36, 35, 34, 33, 32]
2026-06-12 01:18:22.112 - [DEBUG] ||| prep_pass ||| Chain complete
2026-06-12 01:18:22.113 - [DEBUG] ||| run ||| pending_perm = [None, None, None, None, None, None, None, None, None, None, None, None, None, None, None, None, None, None, None, None, None, None, None, None, None, None, None, None, None, None, None, None, None, None, None, None, None, None, None, None, None, None, None, None, None, None, None, None, None, None, None, None, None, None, None, None, 39, 38, 37, 36, 35, 34, 33, 32] | src = 56, dest = 39
2026-06-12 01:18:22.113 - [DEBUG] ||| prep_pass ||| Next permutation = [None, None, None, None, None, None, None, None, None, None, None, None, None, None, None, None, None, None, None, None, None, None, None, None, None, None, None, None, None, None, None, None, None, None, None, None, None, None, None, None, None, None, None, None, None, None, None, None, None, None, None, None, None, None, None, None, None, None, 37, 36, 35, 34, 33, 32]
2026-06-12 01:18:22.113 - [DEBUG] ||| prep_pass ||| Chain complete
2026-06-12 01:18:22.114 - [DEBUG] ||| run ||| pending_perm = [None, None, None, None, None, None, None, None, None, None, None, None, None, None, None, None, None, None, None, None, None, None, None, None, None, None, None, None, None, None, None, None, None, None, None, None, None, None, None, None, None, None, None, None, None, None, None, None, None, None, None, None, None, None, None, None, None, None, 37, 36, 35, 34, 33, 32] | src = 58, dest = 37
2026-06-12 01:18:22.114 - [DEBUG] ||| prep_pass ||| Next permutation = [None, None, None, None, None, None, None, None, None, None, None, None, None, None, None, None, None, None, None, None, None, None, None, None, None, None, None, None, None, None, None, None, None, None, None, None, None, None, None, None, None, None, None, None, None, None, None, None, None, None, None, None, None, None, None, None, None, None, None, None, 35, 34, 33, 32]
2026-06-12 01:18:22.114 - [DEBUG] ||| prep_pass ||| Chain complete
2026-06-12 01:18:22.115 - [DEBUG] ||| run ||| pending_perm = [None, None, None, None, None, None, None, None, None, None, None, None, None, None, None, None, None, None, None, None, None, None, None, None, None, None, None, None, None, None, None, None, None, None, None, None, None, None, None, None, None, None, None, None, None, None, None, None, None, None, None, None, None, None, None, None, None, None, None, None, 35, 34, 33, 32] | src = 60, dest = 35
2026-06-12 01:18:22.115 - [DEBUG] ||| prep_pass ||| Next permutation = [None, None, None, None, None, None, None, None, None, None, None, None, None, None, None, None, None, None, None, None, None, None, None, None, None, None, None, None, None, None, None, None, None, None, None, None, None, None, None, None, None, None, None, None, None, None, None, None, None, None, None, None, None, None, None, None, None, None, None, None, None, None, 33, 32]
2026-06-12 01:18:22.115 - [DEBUG] ||| prep_pass ||| Chain complete
2026-06-12 01:18:22.116 - [DEBUG] ||| run ||| pending_perm = [None, None, None, None, None, None, None, None, None, None, None, None, None, None, None, None, None, None, None, None, None, None, None, None, None, None, None, None, None, None, None, None, None, None, None, None, None, None, None, None, None, None, None, None, None, None, None, None, None, None, None, None, None, None, None, None, None, None, None, None, None, None, 33, 32] | src = 62, dest = 33
2026-06-12 01:18:22.116 - [DEBUG] ||| prep_pass ||| Next permutation = [None, None, None, None, None, None, None, None, None, None, None, None, None, None, None, None, None, None, None, None, None, None, None, None, None, None, None, None, None, None, None, None, None, None, None, None, None, None, None, None, None, None, None, None, None, None, None, None, None, None, None, None, None, None, None, None, None, None, None, None, None, None, None, None]
2026-06-12 01:18:22.116 - [DEBUG] ||| prep_pass ||| Chain complete
2026-06-12 01:18:22.117 - [DEBUG] ||| propogate ||| stage = 0, input perm = [63, 62, 61, 60, 59, 58, 0, 2, 4, 6, 5, 3, 1, 7, 8, 10, 12, 14, 13, 11, 9, 15, 57, 56, 55, 54, 53, 52, 51, 50, 49, 48, 47, 46, 16, 18, 20, 22, 21, 19, 17, 23, 24, 26, 28, 30, 29, 27, 25, 31, 45, 44, 43, 42, 41, 40, 39, 38, 37, 36, 35, 34, 33, 32]
2026-06-12 01:18:22.117 - [DEBUG] ||| run ||| Stage[0] | Output permutation = [63, 61, 59, 0, 4, 3, 7, 8, 12, 11, 15, 57, 55, 53, 51, 49, 47, 16, 20, 19, 23, 24, 28, 27, 31, 45, 43, 41, 39, 37, 35, 33, 62, 60, 58, 2, 6, 5, 1, 10, 14, 13, 9, 56, 54, 52, 50, 48, 46, 18, 22, 21, 17, 26, 30, 29, 25, 44, 42, 40, 38, 36, 34, 32]
2026-06-12 01:18:22.117 - [DEBUG] ||| run ||| Stage[1] || perm_split = 2, split_len = 32, sw_split = 16, sub_perms = [[63, 61, 59, 0, 4, 3, 7, 8, 12, 11, 15, 57, 55, 53, 51, 49, 47, 16, 20, 19, 23, 24, 28, 27, 31, 45, 43, 41, 39, 37, 35, 33], [62, 60, 58, 2, 6, 5, 1, 10, 14, 13, 9, 56, 54, 52, 50, 48, 46, 18, 22, 21, 17, 26, 30, 29, 25, 44, 42, 40, 38, 36, 34, 32]]
2026-06-12 01:18:22.117 - [DEBUG] ||| normalize_perm ||| Permutation post normalization = [31, 30, 29, 0, 2, 1, 3, 4, 6, 5, 7, 28, 27, 26, 25, 24, 23, 8, 10, 9, 11, 12, 14, 13, 15, 22, 21, 20, 19, 18, 17, 16]
2026-06-12 01:18:22.118 - [DEBUG] ||| run ||| pending_perm = [31, 30, 29, 0, 2, 1, 3, 4, 6, 5, 7, 28, 27, 26, 25, 24, 23, 8, 10, 9, 11, 12, 14, 13, 15, 22, 21, 20, 19, 18, 17, 16] | src = 0, dest = 31
2026-06-12 01:18:22.118 - [DEBUG] ||| prep_pass ||| Next permutation = [None, None, 29, 0, 2, 1, 3, 4, 6, 5, 7, 28, 27, 26, 25, 24, 23, 8, 10, 9, 11, 12, 14, 13, 15, 22, 21, 20, 19, 18, 17, 16]
2026-06-12 01:18:22.118 - [DEBUG] ||| prep_pass ||| Chain complete
2026-06-12 01:18:22.119 - [DEBUG] ||| run ||| pending_perm = [None, None, 29, 0, 2, 1, 3, 4, 6, 5, 7, 28, 27, 26, 25, 24, 23, 8, 10, 9, 11, 12, 14, 13, 15, 22, 21, 20, 19, 18, 17, 16] | src = 2, dest = 29
2026-06-12 01:18:22.119 - [DEBUG] ||| prep_pass ||| Next permutation = [None, None, None, None, 2, 1, 3, 4, 6, 5, 7, 28, 27, 26, 25, 24, 23, 8, 10, 9, 11, 12, 14, 13, 15, 22, 21, 20, 19, 18, 17, 16]
2026-06-12 01:18:22.119 - [DEBUG] ||| prep_pass ||| rb_src = 10, rb_dest = 7
2026-06-12 01:18:22.120 - [DEBUG] ||| prep_pass ||| Next permutation = [None, None, None, None, 2, 1, 3, 4, 6, 5, None, None, 27, 26, 25, 24, 23, 8, 10, 9, 11, 12, 14, 13, 15, 22, 21, 20, 19, 18, 17, 16]
2026-06-12 01:18:22.120 - [DEBUG] ||| prep_pass ||| rb_src = 9, rb_dest = 5
2026-06-12 01:18:22.120 - [DEBUG] ||| prep_pass ||| Next permutation = [None, None, None, None, 2, 1, 3, 4, None, None, None, None, 27, 26, 25, 24, 23, 8, 10, 9, 11, 12, 14, 13, 15, 22, 21, 20, 19, 18, 17, 16]
2026-06-12 01:18:22.121 - [DEBUG] ||| prep_pass ||| rb_src = 6, rb_dest = 3
2026-06-12 01:18:22.122 - [DEBUG] ||| prep_pass ||| Next permutation = [None, None, None, None, 2, 1, None, None, None, None, None, None, 27, 26, 25, 24, 23, 8, 10, 9, 11, 12, 14, 13, 15, 22, 21, 20, 19, 18, 17, 16]
2026-06-12 01:18:22.122 - [DEBUG] ||| prep_pass ||| rb_src = 5, rb_dest = 1
2026-06-12 01:18:22.122 - [DEBUG] ||| prep_pass ||| Next permutation = [None, None, None, None, None, None, None, None, None, None, None, None, 27, 26, 25, 24, 23, 8, 10, 9, 11, 12, 14, 13, 15, 22, 21, 20, 19, 18, 17, 16]
2026-06-12 01:18:22.123 - [DEBUG] ||| prep_pass ||| Chain complete
2026-06-12 01:18:22.123 - [DEBUG] ||| run ||| pending_perm = [None, None, None, None, None, None, None, None, None, None, None, None, 27, 26, 25, 24, 23, 8, 10, 9, 11, 12, 14, 13, 15, 22, 21, 20, 19, 18, 17, 16] | src = 12, dest = 27
2026-06-12 01:18:22.123 - [DEBUG] ||| prep_pass ||| Next permutation = [None, None, None, None, None, None, None, None, None, None, None, None, None, None, 25, 24, 23, 8, 10, 9, 11, 12, 14, 13, 15, 22, 21, 20, 19, 18, 17, 16]
2026-06-12 01:18:22.124 - [DEBUG] ||| prep_pass ||| Chain complete
2026-06-12 01:18:22.124 - [DEBUG] ||| run ||| pending_perm = [None, None, None, None, None, None, None, None, None, None, None, None, None, None, 25, 24, 23, 8, 10, 9, 11, 12, 14, 13, 15, 22, 21, 20, 19, 18, 17, 16] | src = 14, dest = 25
2026-06-12 01:18:22.125 - [DEBUG] ||| prep_pass ||| Next permutation = [None, None, None, None, None, None, None, None, None, None, None, None, None, None, None, None, 23, 8, 10, 9, 11, 12, 14, 13, 15, 22, 21, 20, 19, 18, 17, 16]
2026-06-12 01:18:22.125 - [DEBUG] ||| prep_pass ||| Chain complete
2026-06-12 01:18:22.125 - [DEBUG] ||| run ||| pending_perm = [None, None, None, None, None, None, None, None, None, None, None, None, None, None, None, None, 23, 8, 10, 9, 11, 12, 14, 13, 15, 22, 21, 20, 19, 18, 17, 16] | src = 16, dest = 23
2026-06-12 01:18:22.126 - [DEBUG] ||| prep_pass ||| Next permutation = [None, None, None, None, None, None, None, None, None, None, None, None, None, None, None, None, None, None, 10, 9, 11, 12, 14, 13, 15, 22, 21, 20, 19, 18, 17, 16]
2026-06-12 01:18:22.126 - [DEBUG] ||| prep_pass ||| rb_src = 24, rb_dest = 15
2026-06-12 01:18:22.126 - [DEBUG] ||| prep_pass ||| Next permutation = [None, None, None, None, None, None, None, None, None, None, None, None, None, None, None, None, None, None, 10, 9, 11, 12, 14, 13, None, None, 21, 20, 19, 18, 17, 16]
2026-06-12 01:18:22.127 - [DEBUG] ||| prep_pass ||| rb_src = 23, rb_dest = 13
2026-06-12 01:18:22.127 - [DEBUG] ||| prep_pass ||| Next permutation = [None, None, None, None, None, None, None, None, None, None, None, None, None, None, None, None, None, None, 10, 9, 11, 12, None, None, None, None, 21, 20, 19, 18, 17, 16]
2026-06-12 01:18:22.127 - [DEBUG] ||| prep_pass ||| rb_src = 20, rb_dest = 11
2026-06-12 01:18:22.128 - [DEBUG] ||| prep_pass ||| Next permutation = [None, None, None, None, None, None, None, None, None, None, None, None, None, None, None, None, None, None, 10, 9, None, None, None, None, None, None, 21, 20, 19, 18, 17, 16]
2026-06-12 01:18:22.128 - [DEBUG] ||| prep_pass ||| rb_src = 19, rb_dest = 9
2026-06-12 01:18:22.128 - [DEBUG] ||| prep_pass ||| Next permutation = [None, None, None, None, None, None, None, None, None, None, None, None, None, None, None, None, None, None, None, None, None, None, None, None, None, None, 21, 20, 19, 18, 17, 16]
2026-06-12 01:18:22.129 - [DEBUG] ||| prep_pass ||| Chain complete
2026-06-12 01:18:22.129 - [DEBUG] ||| run ||| pending_perm = [None, None, None, None, None, None, None, None, None, None, None, None, None, None, None, None, None, None, None, None, None, None, None, None, None, None, 21, 20, 19, 18, 17, 16] | src = 26, dest = 21
2026-06-12 01:18:22.129 - [DEBUG] ||| prep_pass ||| Next permutation = [None, None, None, None, None, None, None, None, None, None, None, None, None, None, None, None, None, None, None, None, None, None, None, None, None, None, None, None, 19, 18, 17, 16]
2026-06-12 01:18:22.130 - [DEBUG] ||| prep_pass ||| Chain complete
2026-06-12 01:18:22.130 - [DEBUG] ||| run ||| pending_perm = [None, None, None, None, None, None, None, None, None, None, None, None, None, None, None, None, None, None, None, None, None, None, None, None, None, None, None, None, 19, 18, 17, 16] | src = 28, dest = 19
2026-06-12 01:18:22.130 - [DEBUG] ||| prep_pass ||| Next permutation = [None, None, None, None, None, None, None, None, None, None, None, None, None, None, None, None, None, None, None, None, None, None, None, None, None, None, None, None, None, None, 17, 16]
2026-06-12 01:18:22.130 - [DEBUG] ||| prep_pass ||| Chain complete
2026-06-12 01:18:22.131 - [DEBUG] ||| run ||| pending_perm = [None, None, None, None, None, None, None, None, None, None, None, None, None, None, None, None, None, None, None, None, None, None, None, None, None, None, None, None, None, None, 17, 16] | src = 30, dest = 17
2026-06-12 01:18:22.131 - [DEBUG] ||| prep_pass ||| Next permutation = [None, None, None, None, None, None, None, None, None, None, None, None, None, None, None, None, None, None, None, None, None, None, None, None, None, None, None, None, None, None, None, None]
2026-06-12 01:18:22.131 - [DEBUG] ||| prep_pass ||| Chain complete
2026-06-12 01:18:22.132 - [DEBUG] ||| normalize_perm ||| Permutation post normalization = [31, 30, 29, 1, 3, 2, 0, 5, 7, 6, 4, 28, 27, 26, 25, 24, 23, 9, 11, 10, 8, 13, 15, 14, 12, 22, 21, 20, 19, 18, 17, 16]
2026-06-12 01:18:22.132 - [DEBUG] ||| run ||| pending_perm = [31, 30, 29, 1, 3, 2, 0, 5, 7, 6, 4, 28, 27, 26, 25, 24, 23, 9, 11, 10, 8, 13, 15, 14, 12, 22, 21, 20, 19, 18, 17, 16] | src = 0, dest = 31
2026-06-12 01:18:22.133 - [DEBUG] ||| prep_pass ||| Next permutation = [None, None, 29, 1, 3, 2, 0, 5, 7, 6, 4, 28, 27, 26, 25, 24, 23, 9, 11, 10, 8, 13, 15, 14, 12, 22, 21, 20, 19, 18, 17, 16]
2026-06-12 01:18:22.133 - [DEBUG] ||| prep_pass ||| Chain complete
2026-06-12 01:18:22.133 - [DEBUG] ||| run ||| pending_perm = [None, None, 29, 1, 3, 2, 0, 5, 7, 6, 4, 28, 27, 26, 25, 24, 23, 9, 11, 10, 8, 13, 15, 14, 12, 22, 21, 20, 19, 18, 17, 16] | src = 2, dest = 29
2026-06-12 01:18:22.133 - [DEBUG] ||| prep_pass ||| Next permutation = [None, None, None, None, 3, 2, 0, 5, 7, 6, 4, 28, 27, 26, 25, 24, 23, 9, 11, 10, 8, 13, 15, 14, 12, 22, 21, 20, 19, 18, 17, 16]
2026-06-12 01:18:22.134 - [DEBUG] ||| prep_pass ||| rb_src = 10, rb_dest = 4
2026-06-12 01:18:22.134 - [DEBUG] ||| prep_pass ||| Next permutation = [None, None, None, None, 3, 2, 0, 5, 7, 6, None, None, 27, 26, 25, 24, 23, 9, 11, 10, 8, 13, 15, 14, 12, 22, 21, 20, 19, 18, 17, 16]
2026-06-12 01:18:22.134 - [DEBUG] ||| prep_pass ||| rb_src = 6, rb_dest = 0
2026-06-12 01:18:22.135 - [DEBUG] ||| prep_pass ||| Next permutation = [None, None, None, None, 3, 2, None, None, 7, 6, None, None, 27, 26, 25, 24, 23, 9, 11, 10, 8, 13, 15, 14, 12, 22, 21, 20, 19, 18, 17, 16]
2026-06-12 01:18:22.135 - [DEBUG] ||| prep_pass ||| Chain complete
2026-06-12 01:18:22.136 - [DEBUG] ||| run ||| pending_perm = [None, None, None, None, 3, 2, None, None, 7, 6, None, None, 27, 26, 25, 24, 23, 9, 11, 10, 8, 13, 15, 14, 12, 22, 21, 20, 19, 18, 17, 16] | src = 4, dest = 3
2026-06-12 01:18:22.136 - [DEBUG] ||| prep_pass ||| Next permutation = [None, None, None, None, None, None, None, None, 7, 6, None, None, 27, 26, 25, 24, 23, 9, 11, 10, 8, 13, 15, 14, 12, 22, 21, 20, 19, 18, 17, 16]
2026-06-12 01:18:22.137 - [DEBUG] ||| prep_pass ||| Chain complete
2026-06-12 01:18:22.137 - [DEBUG] ||| run ||| pending_perm = [None, None, None, None, None, None, None, None, 7, 6, None, None, 27, 26, 25, 24, 23, 9, 11, 10, 8, 13, 15, 14, 12, 22, 21, 20, 19, 18, 17, 16] | src = 8, dest = 7
2026-06-12 01:18:22.137 - [DEBUG] ||| prep_pass ||| Next permutation = [None, None, None, None, None, None, None, None, None, None, None, None, 27, 26, 25, 24, 23, 9, 11, 10, 8, 13, 15, 14, 12, 22, 21, 20, 19, 18, 17, 16]
2026-06-12 01:18:22.138 - [DEBUG] ||| prep_pass ||| Chain complete
2026-06-12 01:18:22.138 - [DEBUG] ||| run ||| pending_perm = [None, None, None, None, None, None, None, None, None, None, None, None, 27, 26, 25, 24, 23, 9, 11, 10, 8, 13, 15, 14, 12, 22, 21, 20, 19, 18, 17, 16] | src = 12, dest = 27
2026-06-12 01:18:22.139 - [DEBUG] ||| prep_pass ||| Next permutation = [None, None, None, None, None, None, None, None, None, None, None, None, None, None, 25, 24, 23, 9, 11, 10, 8, 13, 15, 14, 12, 22, 21, 20, 19, 18, 17, 16]
2026-06-12 01:18:22.139 - [DEBUG] ||| prep_pass ||| Chain complete
2026-06-12 01:18:22.140 - [DEBUG] ||| run ||| pending_perm = [None, None, None, None, None, None, None, None, None, None, None, None, None, None, 25, 24, 23, 9, 11, 10, 8, 13, 15, 14, 12, 22, 21, 20, 19, 18, 17, 16] | src = 14, dest = 25
2026-06-12 01:18:22.140 - [DEBUG] ||| prep_pass ||| Next permutation = [None, None, None, None, None, None, None, None, None, None, None, None, None, None, None, None, 23, 9, 11, 10, 8, 13, 15, 14, 12, 22, 21, 20, 19, 18, 17, 16]
2026-06-12 01:18:22.141 - [DEBUG] ||| prep_pass ||| Chain complete
2026-06-12 01:18:22.141 - [DEBUG] ||| run ||| pending_perm = [None, None, None, None, None, None, None, None, None, None, None, None, None, None, None, None, 23, 9, 11, 10, 8, 13, 15, 14, 12, 22, 21, 20, 19, 18, 17, 16] | src = 16, dest = 23
2026-06-12 01:18:22.142 - [DEBUG] ||| prep_pass ||| Next permutation = [None, None, None, None, None, None, None, None, None, None, None, None, None, None, None, None, None, None, 11, 10, 8, 13, 15, 14, 12, 22, 21, 20, 19, 18, 17, 16]
2026-06-12 01:18:22.142 - [DEBUG] ||| prep_pass ||| rb_src = 24, rb_dest = 12
2026-06-12 01:18:22.143 - [DEBUG] ||| prep_pass ||| Next permutation = [None, None, None, None, None, None, None, None, None, None, None, None, None, None, None, None, None, None, 11, 10, 8, 13, 15, 14, None, None, 21, 20, 19, 18, 17, 16]
2026-06-12 01:18:22.143 - [DEBUG] ||| prep_pass ||| rb_src = 20, rb_dest = 8
2026-06-12 01:18:22.144 - [DEBUG] ||| prep_pass ||| Next permutation = [None, None, None, None, None, None, None, None, None, None, None, None, None, None, None, None, None, None, 11, 10, None, None, 15, 14, None, None, 21, 20, 19, 18, 17, 16]
2026-06-12 01:18:22.144 - [DEBUG] ||| prep_pass ||| Chain complete
2026-06-12 01:18:22.144 - [DEBUG] ||| run ||| pending_perm = [None, None, None, None, None, None, None, None, None, None, None, None, None, None, None, None, None, None, 11, 10, None, None, 15, 14, None, None, 21, 20, 19, 18, 17, 16] | src = 18, dest = 11
2026-06-12 01:18:22.145 - [DEBUG] ||| prep_pass ||| Next permutation = [None, None, None, None, None, None, None, None, None, None, None, None, None, None, None, None, None, None, None, None, None, None, 15, 14, None, None, 21, 20, 19, 18, 17, 16]
2026-06-12 01:18:22.145 - [DEBUG] ||| prep_pass ||| Chain complete
2026-06-12 01:18:22.146 - [DEBUG] ||| run ||| pending_perm = [None, None, None, None, None, None, None, None, None, None, None, None, None, None, None, None, None, None, None, None, None, None, 15, 14, None, None, 21, 20, 19, 18, 17, 16] | src = 22, dest = 15
2026-06-12 01:18:22.146 - [DEBUG] ||| prep_pass ||| Next permutation = [None, None, None, None, None, None, None, None, None, None, None, None, None, None, None, None, None, None, None, None, None, None, None, None, None, None, 21, 20, 19, 18, 17, 16]
2026-06-12 01:18:22.146 - [DEBUG] ||| prep_pass ||| Chain complete
2026-06-12 01:18:22.147 - [DEBUG] ||| run ||| pending_perm = [None, None, None, None, None, None, None, None, None, None, None, None, None, None, None, None, None, None, None, None, None, None, None, None, None, None, 21, 20, 19, 18, 17, 16] | src = 26, dest = 21
2026-06-12 01:18:22.147 - [DEBUG] ||| prep_pass ||| Next permutation = [None, None, None, None, None, None, None, None, None, None, None, None, None, None, None, None, None, None, None, None, None, None, None, None, None, None, None, None, 19, 18, 17, 16]
2026-06-12 01:18:22.148 - [DEBUG] ||| prep_pass ||| Chain complete
2026-06-12 01:18:22.148 - [DEBUG] ||| run ||| pending_perm = [None, None, None, None, None, None, None, None, None, None, None, None, None, None, None, None, None, None, None, None, None, None, None, None, None, None, None, None, 19, 18, 17, 16] | src = 28, dest = 19
2026-06-12 01:18:22.148 - [DEBUG] ||| prep_pass ||| Next permutation = [None, None, None, None, None, None, None, None, None, None, None, None, None, None, None, None, None, None, None, None, None, None, None, None, None, None, None, None, None, None, 17, 16]
2026-06-12 01:18:22.149 - [DEBUG] ||| prep_pass ||| Chain complete
2026-06-12 01:18:22.149 - [DEBUG] ||| run ||| pending_perm = [None, None, None, None, None, None, None, None, None, None, None, None, None, None, None, None, None, None, None, None, None, None, None, None, None, None, None, None, None, None, 17, 16] | src = 30, dest = 17
2026-06-12 01:18:22.150 - [DEBUG] ||| prep_pass ||| Next permutation = [None, None, None, None, None, None, None, None, None, None, None, None, None, None, None, None, None, None, None, None, None, None, None, None, None, None, None, None, None, None, None, None]
2026-06-12 01:18:22.150 - [DEBUG] ||| prep_pass ||| Chain complete
2026-06-12 01:18:22.151 - [DEBUG] ||| propogate ||| stage = 1, input perm = [63, 61, 59, 0, 4, 3, 7, 8, 12, 11, 15, 57, 55, 53, 51, 49, 47, 16, 20, 19, 23, 24, 28, 27, 31, 45, 43, 41, 39, 37, 35, 33, 62, 60, 58, 2, 6, 5, 1, 10, 14, 13, 9, 56, 54, 52, 50, 48, 46, 18, 22, 21, 17, 26, 30, 29, 25, 44, 42, 40, 38, 36, 34, 32]
2026-06-12 01:18:22.151 - [DEBUG] ||| run ||| Stage[1] | Output permutation = [63, 59, 3, 7, 11, 15, 55, 51, 47, 19, 23, 27, 31, 43, 39, 35, 61, 0, 4, 8, 12, 57, 53, 49, 16, 20, 24, 28, 45, 41, 37, 33, 62, 58, 6, 1, 14, 9, 54, 50, 46, 22, 17, 30, 25, 42, 38, 34, 60, 2, 5, 10, 13, 56, 52, 48, 18, 21, 26, 29, 44, 40, 36, 32]
2026-06-12 01:18:22.151 - [DEBUG] ||| run ||| Stage[2] || perm_split = 4, split_len = 16, sw_split = 8, sub_perms = [[63, 59, 3, 7, 11, 15, 55, 51, 47, 19, 23, 27, 31, 43, 39, 35], [61, 0, 4, 8, 12, 57, 53, 49, 16, 20, 24, 28, 45, 41, 37, 33], [62, 58, 6, 1, 14, 9, 54, 50, 46, 22, 17, 30, 25, 42, 38, 34], [60, 2, 5, 10, 13, 56, 52, 48, 18, 21, 26, 29, 44, 40, 36, 32]]
2026-06-12 01:18:22.152 - [DEBUG] ||| normalize_perm ||| Permutation post normalization = [15, 14, 0, 1, 2, 3, 13, 12, 11, 4, 5, 6, 7, 10, 9, 8]
2026-06-12 01:18:22.152 - [DEBUG] ||| run ||| pending_perm = [15, 14, 0, 1, 2, 3, 13, 12, 11, 4, 5, 6, 7, 10, 9, 8] | src = 0, dest = 15
2026-06-12 01:18:22.153 - [DEBUG] ||| prep_pass ||| Next permutation = [None, None, 0, 1, 2, 3, 13, 12, 11, 4, 5, 6, 7, 10, 9, 8]
2026-06-12 01:18:22.153 - [DEBUG] ||| prep_pass ||| Chain complete
2026-06-12 01:18:22.154 - [DEBUG] ||| run ||| pending_perm = [None, None, 0, 1, 2, 3, 13, 12, 11, 4, 5, 6, 7, 10, 9, 8] | src = 2, dest = 0
2026-06-12 01:18:22.154 - [DEBUG] ||| prep_pass ||| Next permutation = [None, None, None, None, 2, 3, 13, 12, 11, 4, 5, 6, 7, 10, 9, 8]
2026-06-12 01:18:22.155 - [DEBUG] ||| prep_pass ||| Chain complete
2026-06-12 01:18:22.155 - [DEBUG] ||| run ||| pending_perm = [None, None, None, None, 2, 3, 13, 12, 11, 4, 5, 6, 7, 10, 9, 8] | src = 4, dest = 2
2026-06-12 01:18:22.156 - [DEBUG] ||| prep_pass ||| Next permutation = [None, None, None, None, None, None, 13, 12, 11, 4, 5, 6, 7, 10, 9, 8]
2026-06-12 01:18:22.156 - [DEBUG] ||| prep_pass ||| Chain complete
2026-06-12 01:18:22.156 - [DEBUG] ||| run ||| pending_perm = [None, None, None, None, None, None, 13, 12, 11, 4, 5, 6, 7, 10, 9, 8] | src = 6, dest = 13
2026-06-12 01:18:22.157 - [DEBUG] ||| prep_pass ||| Next permutation = [None, None, None, None, None, None, None, None, 11, 4, 5, 6, 7, 10, 9, 8]
2026-06-12 01:18:22.157 - [DEBUG] ||| prep_pass ||| Chain complete
2026-06-12 01:18:22.158 - [DEBUG] ||| run ||| pending_perm = [None, None, None, None, None, None, None, None, 11, 4, 5, 6, 7, 10, 9, 8] | src = 8, dest = 11
2026-06-12 01:18:22.158 - [DEBUG] ||| prep_pass ||| Next permutation = [None, None, None, None, None, None, None, None, None, None, 5, 6, 7, 10, 9, 8]
2026-06-12 01:18:22.158 - [DEBUG] ||| prep_pass ||| rb_src = 12, rb_dest = 7
2026-06-12 01:18:22.159 - [DEBUG] ||| prep_pass ||| Next permutation = [None, None, None, None, None, None, None, None, None, None, 5, 6, None, None, 9, 8]
2026-06-12 01:18:22.159 - [DEBUG] ||| prep_pass ||| rb_src = 10, rb_dest = 5
2026-06-12 01:18:22.160 - [DEBUG] ||| prep_pass ||| Next permutation = [None, None, None, None, None, None, None, None, None, None, None, None, None, None, 9, 8]
2026-06-12 01:18:22.160 - [DEBUG] ||| prep_pass ||| Chain complete
2026-06-12 01:18:22.161 - [DEBUG] ||| run ||| pending_perm = [None, None, None, None, None, None, None, None, None, None, None, None, None, None, 9, 8] | src = 14, dest = 9
2026-06-12 01:18:22.161 - [DEBUG] ||| prep_pass ||| Next permutation = [None, None, None, None, None, None, None, None, None, None, None, None, None, None, None, None]
2026-06-12 01:18:22.161 - [DEBUG] ||| prep_pass ||| Chain complete
2026-06-12 01:18:22.162 - [DEBUG] ||| normalize_perm ||| Permutation post normalization = [15, 0, 1, 2, 3, 14, 13, 12, 4, 5, 6, 7, 11, 10, 9, 8]
2026-06-12 01:18:22.162 - [DEBUG] ||| run ||| pending_perm = [15, 0, 1, 2, 3, 14, 13, 12, 4, 5, 6, 7, 11, 10, 9, 8] | src = 0, dest = 15
2026-06-12 01:18:22.163 - [DEBUG] ||| prep_pass ||| Next permutation = [None, None, 1, 2, 3, 14, 13, 12, 4, 5, 6, 7, 11, 10, 9, 8]
2026-06-12 01:18:22.163 - [DEBUG] ||| prep_pass ||| rb_src = 4, rb_dest = 3
2026-06-12 01:18:22.163 - [DEBUG] ||| prep_pass ||| Next permutation = [None, None, 1, 2, None, None, 13, 12, 4, 5, 6, 7, 11, 10, 9, 8]
2026-06-12 01:18:22.164 - [DEBUG] ||| prep_pass ||| rb_src = 2, rb_dest = 1
2026-06-12 01:18:22.164 - [DEBUG] ||| prep_pass ||| Next permutation = [None, None, None, None, None, None, 13, 12, 4, 5, 6, 7, 11, 10, 9, 8]
2026-06-12 01:18:22.164 - [DEBUG] ||| prep_pass ||| Chain complete
2026-06-12 01:18:22.165 - [DEBUG] ||| run ||| pending_perm = [None, None, None, None, None, None, 13, 12, 4, 5, 6, 7, 11, 10, 9, 8] | src = 6, dest = 13
2026-06-12 01:18:22.165 - [DEBUG] ||| prep_pass ||| Next permutation = [None, None, None, None, None, None, None, None, 4, 5, 6, 7, 11, 10, 9, 8]
2026-06-12 01:18:22.165 - [DEBUG] ||| prep_pass ||| Chain complete
2026-06-12 01:18:22.166 - [DEBUG] ||| run ||| pending_perm = [None, None, None, None, None, None, None, None, 4, 5, 6, 7, 11, 10, 9, 8] | src = 8, dest = 4
2026-06-12 01:18:22.166 - [DEBUG] ||| prep_pass ||| Next permutation = [None, None, None, None, None, None, None, None, None, None, 6, 7, 11, 10, 9, 8]
2026-06-12 01:18:22.166 - [DEBUG] ||| prep_pass ||| Chain complete
2026-06-12 01:18:22.167 - [DEBUG] ||| run ||| pending_perm = [None, None, None, None, None, None, None, None, None, None, 6, 7, 11, 10, 9, 8] | src = 10, dest = 6
2026-06-12 01:18:22.167 - [DEBUG] ||| prep_pass ||| Next permutation = [None, None, None, None, None, None, None, None, None, None, None, None, 11, 10, 9, 8]
2026-06-12 01:18:22.168 - [DEBUG] ||| prep_pass ||| Chain complete
2026-06-12 01:18:22.168 - [DEBUG] ||| run ||| pending_perm = [None, None, None, None, None, None, None, None, None, None, None, None, 11, 10, 9, 8] | src = 12, dest = 11
2026-06-12 01:18:22.168 - [DEBUG] ||| prep_pass ||| Next permutation = [None, None, None, None, None, None, None, None, None, None, None, None, None, None, 9, 8]
2026-06-12 01:18:22.169 - [DEBUG] ||| prep_pass ||| Chain complete
2026-06-12 01:18:22.169 - [DEBUG] ||| run ||| pending_perm = [None, None, None, None, None, None, None, None, None, None, None, None, None, None, 9, 8] | src = 14, dest = 9
2026-06-12 01:18:22.169 - [DEBUG] ||| prep_pass ||| Next permutation = [None, None, None, None, None, None, None, None, None, None, None, None, None, None, None, None]
2026-06-12 01:18:22.170 - [DEBUG] ||| prep_pass ||| Chain complete
2026-06-12 01:18:22.170 - [DEBUG] ||| normalize_perm ||| Permutation post normalization = [15, 14, 1, 0, 3, 2, 13, 12, 11, 5, 4, 7, 6, 10, 9, 8]
2026-06-12 01:18:22.171 - [DEBUG] ||| run ||| pending_perm = [15, 14, 1, 0, 3, 2, 13, 12, 11, 5, 4, 7, 6, 10, 9, 8] | src = 0, dest = 15
2026-06-12 01:18:22.171 - [DEBUG] ||| prep_pass ||| Next permutation = [None, None, 1, 0, 3, 2, 13, 12, 11, 5, 4, 7, 6, 10, 9, 8]
2026-06-12 01:18:22.171 - [DEBUG] ||| prep_pass ||| Chain complete
2026-06-12 01:18:22.172 - [DEBUG] ||| run ||| pending_perm = [None, None, 1, 0, 3, 2, 13, 12, 11, 5, 4, 7, 6, 10, 9, 8] | src = 2, dest = 1
2026-06-12 01:18:22.172 - [DEBUG] ||| prep_pass ||| Next permutation = [None, None, None, None, 3, 2, 13, 12, 11, 5, 4, 7, 6, 10, 9, 8]
2026-06-12 01:18:22.173 - [DEBUG] ||| prep_pass ||| Chain complete
2026-06-12 01:18:22.173 - [DEBUG] ||| run ||| pending_perm = [None, None, None, None, 3, 2, 13, 12, 11, 5, 4, 7, 6, 10, 9, 8] | src = 4, dest = 3
2026-06-12 01:18:22.173 - [DEBUG] ||| prep_pass ||| Next permutation = [None, None, None, None, None, None, 13, 12, 11, 5, 4, 7, 6, 10, 9, 8]
2026-06-12 01:18:22.174 - [DEBUG] ||| prep_pass ||| Chain complete
2026-06-12 01:18:22.174 - [DEBUG] ||| run ||| pending_perm = [None, None, None, None, None, None, 13, 12, 11, 5, 4, 7, 6, 10, 9, 8] | src = 6, dest = 13
2026-06-12 01:18:22.175 - [DEBUG] ||| prep_pass ||| Next permutation = [None, None, None, None, None, None, None, None, 11, 5, 4, 7, 6, 10, 9, 8]
2026-06-12 01:18:22.175 - [DEBUG] ||| prep_pass ||| Chain complete
2026-06-12 01:18:22.176 - [DEBUG] ||| run ||| pending_perm = [None, None, None, None, None, None, None, None, 11, 5, 4, 7, 6, 10, 9, 8] | src = 8, dest = 11
2026-06-12 01:18:22.176 - [DEBUG] ||| prep_pass ||| Next permutation = [None, None, None, None, None, None, None, None, None, None, 4, 7, 6, 10, 9, 8]
2026-06-12 01:18:22.177 - [DEBUG] ||| prep_pass ||| rb_src = 12, rb_dest = 6
2026-06-12 01:18:22.177 - [DEBUG] ||| prep_pass ||| Next permutation = [None, None, None, None, None, None, None, None, None, None, 4, 7, None, None, 9, 8]
2026-06-12 01:18:22.178 - [DEBUG] ||| prep_pass ||| rb_src = 10, rb_dest = 4
2026-06-12 01:18:22.178 - [DEBUG] ||| prep_pass ||| Next permutation = [None, None, None, None, None, None, None, None, None, None, None, None, None, None, 9, 8]
2026-06-12 01:18:22.179 - [DEBUG] ||| prep_pass ||| Chain complete
2026-06-12 01:18:22.179 - [DEBUG] ||| run ||| pending_perm = [None, None, None, None, None, None, None, None, None, None, None, None, None, None, 9, 8] | src = 14, dest = 9
2026-06-12 01:18:22.180 - [DEBUG] ||| prep_pass ||| Next permutation = [None, None, None, None, None, None, None, None, None, None, None, None, None, None, None, None]
2026-06-12 01:18:22.180 - [DEBUG] ||| prep_pass ||| Chain complete
2026-06-12 01:18:22.180 - [DEBUG] ||| normalize_perm ||| Permutation post normalization = [15, 0, 1, 2, 3, 14, 13, 12, 4, 5, 6, 7, 11, 10, 9, 8]
2026-06-12 01:18:22.181 - [DEBUG] ||| run ||| pending_perm = [15, 0, 1, 2, 3, 14, 13, 12, 4, 5, 6, 7, 11, 10, 9, 8] | src = 0, dest = 15
2026-06-12 01:18:22.181 - [DEBUG] ||| prep_pass ||| Next permutation = [None, None, 1, 2, 3, 14, 13, 12, 4, 5, 6, 7, 11, 10, 9, 8]
2026-06-12 01:18:22.182 - [DEBUG] ||| prep_pass ||| rb_src = 4, rb_dest = 3
2026-06-12 01:18:22.182 - [DEBUG] ||| prep_pass ||| Next permutation = [None, None, 1, 2, None, None, 13, 12, 4, 5, 6, 7, 11, 10, 9, 8]
2026-06-12 01:18:22.182 - [DEBUG] ||| prep_pass ||| rb_src = 2, rb_dest = 1
2026-06-12 01:18:22.183 - [DEBUG] ||| prep_pass ||| Next permutation = [None, None, None, None, None, None, 13, 12, 4, 5, 6, 7, 11, 10, 9, 8]
2026-06-12 01:18:22.183 - [DEBUG] ||| prep_pass ||| Chain complete
2026-06-12 01:18:22.184 - [DEBUG] ||| run ||| pending_perm = [None, None, None, None, None, None, 13, 12, 4, 5, 6, 7, 11, 10, 9, 8] | src = 6, dest = 13
2026-06-12 01:18:22.184 - [DEBUG] ||| prep_pass ||| Next permutation = [None, None, None, None, None, None, None, None, 4, 5, 6, 7, 11, 10, 9, 8]
2026-06-12 01:18:22.184 - [DEBUG] ||| prep_pass ||| Chain complete
2026-06-12 01:18:22.185 - [DEBUG] ||| run ||| pending_perm = [None, None, None, None, None, None, None, None, 4, 5, 6, 7, 11, 10, 9, 8] | src = 8, dest = 4
2026-06-12 01:18:22.185 - [DEBUG] ||| prep_pass ||| Next permutation = [None, None, None, None, None, None, None, None, None, None, 6, 7, 11, 10, 9, 8]
2026-06-12 01:18:22.185 - [DEBUG] ||| prep_pass ||| Chain complete
2026-06-12 01:18:22.186 - [DEBUG] ||| run ||| pending_perm = [None, None, None, None, None, None, None, None, None, None, 6, 7, 11, 10, 9, 8] | src = 10, dest = 6
2026-06-12 01:18:22.186 - [DEBUG] ||| prep_pass ||| Next permutation = [None, None, None, None, None, None, None, None, None, None, None, None, 11, 10, 9, 8]
2026-06-12 01:18:22.187 - [DEBUG] ||| prep_pass ||| Chain complete
2026-06-12 01:18:22.187 - [DEBUG] ||| run ||| pending_perm = [None, None, None, None, None, None, None, None, None, None, None, None, 11, 10, 9, 8] | src = 12, dest = 11
2026-06-12 01:18:22.187 - [DEBUG] ||| prep_pass ||| Next permutation = [None, None, None, None, None, None, None, None, None, None, None, None, None, None, 9, 8]
2026-06-12 01:18:22.188 - [DEBUG] ||| prep_pass ||| Chain complete
2026-06-12 01:18:22.188 - [DEBUG] ||| run ||| pending_perm = [None, None, None, None, None, None, None, None, None, None, None, None, None, None, 9, 8] | src = 14, dest = 9
2026-06-12 01:18:22.188 - [DEBUG] ||| prep_pass ||| Next permutation = [None, None, None, None, None, None, None, None, None, None, None, None, None, None, None, None]
2026-06-12 01:18:22.189 - [DEBUG] ||| prep_pass ||| Chain complete
2026-06-12 01:18:22.189 - [DEBUG] ||| propogate ||| stage = 2, input perm = [63, 59, 3, 7, 11, 15, 55, 51, 47, 19, 23, 27, 31, 43, 39, 35, 61, 0, 4, 8, 12, 57, 53, 49, 16, 20, 24, 28, 45, 41, 37, 33, 62, 58, 6, 1, 14, 9, 54, 50, 46, 22, 17, 30, 25, 42, 38, 34, 60, 2, 5, 10, 13, 56, 52, 48, 18, 21, 26, 29, 44, 40, 36, 32]
2026-06-12 01:18:22.189 - [DEBUG] ||| run ||| Stage[2] | Output permutation = [63, 3, 11, 55, 47, 23, 31, 39, 59, 7, 15, 51, 19, 27, 43, 35, 61, 4, 12, 53, 16, 24, 45, 37, 0, 8, 57, 49, 20, 28, 41, 33, 62, 6, 14, 54, 46, 17, 25, 38, 58, 1, 9, 50, 22, 30, 42, 34, 60, 5, 13, 52, 18, 26, 44, 36, 2, 10, 56, 48, 21, 29, 40, 32]
2026-06-12 01:18:22.190 - [DEBUG] ||| run ||| Stage[3] || perm_split = 8, split_len = 8, sw_split = 4, sub_perms = [[63, 3, 11, 55, 47, 23, 31, 39], [59, 7, 15, 51, 19, 27, 43, 35], [61, 4, 12, 53, 16, 24, 45, 37], [0, 8, 57, 49, 20, 28, 41, 33], [62, 6, 14, 54, 46, 17, 25, 38], [58, 1, 9, 50, 22, 30, 42, 34], [60, 5, 13, 52, 18, 26, 44, 36], [2, 10, 56, 48, 21, 29, 40, 32]]
2026-06-12 01:18:22.190 - [DEBUG] ||| normalize_perm ||| Permutation post normalization = [7, 0, 1, 6, 5, 2, 3, 4]
2026-06-12 01:18:22.191 - [DEBUG] ||| run ||| pending_perm = [7, 0, 1, 6, 5, 2, 3, 4] | src = 0, dest = 7
2026-06-12 01:18:22.191 - [DEBUG] ||| prep_pass ||| Next permutation = [None, None, 1, 6, 5, 2, 3, 4]
2026-06-12 01:18:22.191 - [DEBUG] ||| prep_pass ||| rb_src = 2, rb_dest = 1
2026-06-12 01:18:22.192 - [DEBUG] ||| prep_pass ||| Next permutation = [None, None, None, None, 5, 2, 3, 4]
2026-06-12 01:18:22.192 - [DEBUG] ||| prep_pass ||| Chain complete
2026-06-12 01:18:22.193 - [DEBUG] ||| run ||| pending_perm = [None, None, None, None, 5, 2, 3, 4] | src = 4, dest = 5
2026-06-12 01:18:22.193 - [DEBUG] ||| prep_pass ||| Next permutation = [None, None, None, None, None, None, 3, 4]
2026-06-12 01:18:22.193 - [DEBUG] ||| prep_pass ||| rb_src = 6, rb_dest = 3
2026-06-12 01:18:22.194 - [DEBUG] ||| prep_pass ||| Next permutation = [None, None, None, None, None, None, None, None]
2026-06-12 01:18:22.194 - [DEBUG] ||| prep_pass ||| Chain complete
2026-06-12 01:18:22.195 - [DEBUG] ||| normalize_perm ||| Permutation post normalization = [7, 0, 1, 6, 2, 3, 5, 4]
2026-06-12 01:18:22.195 - [DEBUG] ||| run ||| pending_perm = [7, 0, 1, 6, 2, 3, 5, 4] | src = 0, dest = 7
2026-06-12 01:18:22.196 - [DEBUG] ||| prep_pass ||| Next permutation = [None, None, 1, 6, 2, 3, 5, 4]
2026-06-12 01:18:22.196 - [DEBUG] ||| prep_pass ||| rb_src = 2, rb_dest = 1
2026-06-12 01:18:22.197 - [DEBUG] ||| prep_pass ||| Next permutation = [None, None, None, None, 2, 3, 5, 4]
2026-06-12 01:18:22.197 - [DEBUG] ||| prep_pass ||| Chain complete
2026-06-12 01:18:22.198 - [DEBUG] ||| run ||| pending_perm = [None, None, None, None, 2, 3, 5, 4] | src = 4, dest = 2
2026-06-12 01:18:22.198 - [DEBUG] ||| prep_pass ||| Next permutation = [None, None, None, None, None, None, 5, 4]
2026-06-12 01:18:22.198 - [DEBUG] ||| prep_pass ||| Chain complete
2026-06-12 01:18:22.199 - [DEBUG] ||| run ||| pending_perm = [None, None, None, None, None, None, 5, 4] | src = 6, dest = 5
2026-06-12 01:18:22.199 - [DEBUG] ||| prep_pass ||| Next permutation = [None, None, None, None, None, None, None, None]
2026-06-12 01:18:22.200 - [DEBUG] ||| prep_pass ||| Chain complete
2026-06-12 01:18:22.200 - [DEBUG] ||| normalize_perm ||| Permutation post normalization = [7, 0, 1, 6, 2, 3, 5, 4]
2026-06-12 01:18:22.201 - [DEBUG] ||| run ||| pending_perm = [7, 0, 1, 6, 2, 3, 5, 4] | src = 0, dest = 7
2026-06-12 01:18:22.201 - [DEBUG] ||| prep_pass ||| Next permutation = [None, None, 1, 6, 2, 3, 5, 4]
2026-06-12 01:18:22.202 - [DEBUG] ||| prep_pass ||| rb_src = 2, rb_dest = 1
2026-06-12 01:18:22.202 - [DEBUG] ||| prep_pass ||| Next permutation = [None, None, None, None, 2, 3, 5, 4]
2026-06-12 01:18:22.203 - [DEBUG] ||| prep_pass ||| Chain complete
2026-06-12 01:18:22.203 - [DEBUG] ||| run ||| pending_perm = [None, None, None, None, 2, 3, 5, 4] | src = 4, dest = 2
2026-06-12 01:18:22.203 - [DEBUG] ||| prep_pass ||| Next permutation = [None, None, None, None, None, None, 5, 4]
2026-06-12 01:18:22.204 - [DEBUG] ||| prep_pass ||| Chain complete
2026-06-12 01:18:22.204 - [DEBUG] ||| run ||| pending_perm = [None, None, None, None, None, None, 5, 4] | src = 6, dest = 5
2026-06-12 01:18:22.205 - [DEBUG] ||| prep_pass ||| Next permutation = [None, None, None, None, None, None, None, None]
2026-06-12 01:18:22.205 - [DEBUG] ||| prep_pass ||| Chain complete
2026-06-12 01:18:22.205 - [DEBUG] ||| normalize_perm ||| Permutation post normalization = [0, 1, 7, 6, 2, 3, 5, 4]
2026-06-12 01:18:22.206 - [DEBUG] ||| run ||| pending_perm = [0, 1, 7, 6, 2, 3, 5, 4] | src = 0, dest = 0
2026-06-12 01:18:22.206 - [DEBUG] ||| prep_pass ||| Next permutation = [None, None, 7, 6, 2, 3, 5, 4]
2026-06-12 01:18:22.207 - [DEBUG] ||| prep_pass ||| Chain complete
2026-06-12 01:18:22.207 - [DEBUG] ||| run ||| pending_perm = [None, None, 7, 6, 2, 3, 5, 4] | src = 2, dest = 7
2026-06-12 01:18:22.208 - [DEBUG] ||| prep_pass ||| Next permutation = [None, None, None, None, 2, 3, 5, 4]
2026-06-12 01:18:22.208 - [DEBUG] ||| prep_pass ||| Chain complete
2026-06-12 01:18:22.209 - [DEBUG] ||| run ||| pending_perm = [None, None, None, None, 2, 3, 5, 4] | src = 4, dest = 2
2026-06-12 01:18:22.209 - [DEBUG] ||| prep_pass ||| Next permutation = [None, None, None, None, None, None, 5, 4]
2026-06-12 01:18:22.210 - [DEBUG] ||| prep_pass ||| Chain complete
2026-06-12 01:18:22.210 - [DEBUG] ||| run ||| pending_perm = [None, None, None, None, None, None, 5, 4] | src = 6, dest = 5
2026-06-12 01:18:22.211 - [DEBUG] ||| prep_pass ||| Next permutation = [None, None, None, None, None, None, None, None]
2026-06-12 01:18:22.211 - [DEBUG] ||| prep_pass ||| Chain complete
2026-06-12 01:18:22.212 - [DEBUG] ||| normalize_perm ||| Permutation post normalization = [7, 0, 1, 6, 5, 2, 3, 4]
2026-06-12 01:18:22.212 - [DEBUG] ||| run ||| pending_perm = [7, 0, 1, 6, 5, 2, 3, 4] | src = 0, dest = 7
2026-06-12 01:18:22.212 - [DEBUG] ||| prep_pass ||| Next permutation = [None, None, 1, 6, 5, 2, 3, 4]
2026-06-12 01:18:22.213 - [DEBUG] ||| prep_pass ||| rb_src = 2, rb_dest = 1
2026-06-12 01:18:22.213 - [DEBUG] ||| prep_pass ||| Next permutation = [None, None, None, None, 5, 2, 3, 4]
2026-06-12 01:18:22.213 - [DEBUG] ||| prep_pass ||| Chain complete
2026-06-12 01:18:22.214 - [DEBUG] ||| run ||| pending_perm = [None, None, None, None, 5, 2, 3, 4] | src = 4, dest = 5
2026-06-12 01:18:22.214 - [DEBUG] ||| prep_pass ||| Next permutation = [None, None, None, None, None, None, 3, 4]
2026-06-12 01:18:22.215 - [DEBUG] ||| prep_pass ||| rb_src = 6, rb_dest = 3
2026-06-12 01:18:22.215 - [DEBUG] ||| prep_pass ||| Next permutation = [None, None, None, None, None, None, None, None]
2026-06-12 01:18:22.215 - [DEBUG] ||| prep_pass ||| Chain complete
2026-06-12 01:18:22.216 - [DEBUG] ||| normalize_perm ||| Permutation post normalization = [7, 0, 1, 6, 2, 3, 5, 4]
2026-06-12 01:18:22.216 - [DEBUG] ||| run ||| pending_perm = [7, 0, 1, 6, 2, 3, 5, 4] | src = 0, dest = 7
2026-06-12 01:18:22.216 - [DEBUG] ||| prep_pass ||| Next permutation = [None, None, 1, 6, 2, 3, 5, 4]
2026-06-12 01:18:22.217 - [DEBUG] ||| prep_pass ||| rb_src = 2, rb_dest = 1
2026-06-12 01:18:22.217 - [DEBUG] ||| prep_pass ||| Next permutation = [None, None, None, None, 2, 3, 5, 4]
2026-06-12 01:18:22.217 - [DEBUG] ||| prep_pass ||| Chain complete
2026-06-12 01:18:22.218 - [DEBUG] ||| run ||| pending_perm = [None, None, None, None, 2, 3, 5, 4] | src = 4, dest = 2
2026-06-12 01:18:22.218 - [DEBUG] ||| prep_pass ||| Next permutation = [None, None, None, None, None, None, 5, 4]
2026-06-12 01:18:22.219 - [DEBUG] ||| prep_pass ||| Chain complete
2026-06-12 01:18:22.219 - [DEBUG] ||| run ||| pending_perm = [None, None, None, None, None, None, 5, 4] | src = 6, dest = 5
2026-06-12 01:18:22.219 - [DEBUG] ||| prep_pass ||| Next permutation = [None, None, None, None, None, None, None, None]
2026-06-12 01:18:22.220 - [DEBUG] ||| prep_pass ||| Chain complete
2026-06-12 01:18:22.220 - [DEBUG] ||| normalize_perm ||| Permutation post normalization = [7, 0, 1, 6, 2, 3, 5, 4]
2026-06-12 01:18:22.221 - [DEBUG] ||| run ||| pending_perm = [7, 0, 1, 6, 2, 3, 5, 4] | src = 0, dest = 7
2026-06-12 01:18:22.221 - [DEBUG] ||| prep_pass ||| Next permutation = [None, None, 1, 6, 2, 3, 5, 4]
2026-06-12 01:18:22.222 - [DEBUG] ||| prep_pass ||| rb_src = 2, rb_dest = 1
2026-06-12 01:18:22.222 - [DEBUG] ||| prep_pass ||| Next permutation = [None, None, None, None, 2, 3, 5, 4]
2026-06-12 01:18:22.222 - [DEBUG] ||| prep_pass ||| Chain complete
2026-06-12 01:18:22.223 - [DEBUG] ||| run ||| pending_perm = [None, None, None, None, 2, 3, 5, 4] | src = 4, dest = 2
2026-06-12 01:18:22.223 - [DEBUG] ||| prep_pass ||| Next permutation = [None, None, None, None, None, None, 5, 4]
2026-06-12 01:18:22.224 - [DEBUG] ||| prep_pass ||| Chain complete
2026-06-12 01:18:22.224 - [DEBUG] ||| run ||| pending_perm = [None, None, None, None, None, None, 5, 4] | src = 6, dest = 5
2026-06-12 01:18:22.225 - [DEBUG] ||| prep_pass ||| Next permutation = [None, None, None, None, None, None, None, None]
2026-06-12 01:18:22.225 - [DEBUG] ||| prep_pass ||| Chain complete
2026-06-12 01:18:22.226 - [DEBUG] ||| normalize_perm ||| Permutation post normalization = [0, 1, 7, 6, 2, 3, 5, 4]
2026-06-12 01:18:22.226 - [DEBUG] ||| run ||| pending_perm = [0, 1, 7, 6, 2, 3, 5, 4] | src = 0, dest = 0
2026-06-12 01:18:22.226 - [DEBUG] ||| prep_pass ||| Next permutation = [None, None, 7, 6, 2, 3, 5, 4]
2026-06-12 01:18:22.227 - [DEBUG] ||| prep_pass ||| Chain complete
2026-06-12 01:18:22.227 - [DEBUG] ||| run ||| pending_perm = [None, None, 7, 6, 2, 3, 5, 4] | src = 2, dest = 7
2026-06-12 01:18:22.228 - [DEBUG] ||| prep_pass ||| Next permutation = [None, None, None, None, 2, 3, 5, 4]
2026-06-12 01:18:22.228 - [DEBUG] ||| prep_pass ||| Chain complete
2026-06-12 01:18:22.228 - [DEBUG] ||| run ||| pending_perm = [None, None, None, None, 2, 3, 5, 4] | src = 4, dest = 2
2026-06-12 01:18:22.229 - [DEBUG] ||| prep_pass ||| Next permutation = [None, None, None, None, None, None, 5, 4]
2026-06-12 01:18:22.229 - [DEBUG] ||| prep_pass ||| Chain complete
2026-06-12 01:18:22.229 - [DEBUG] ||| run ||| pending_perm = [None, None, None, None, None, None, 5, 4] | src = 6, dest = 5
2026-06-12 01:18:22.230 - [DEBUG] ||| prep_pass ||| Next permutation = [None, None, None, None, None, None, None, None]
2026-06-12 01:18:22.230 - [DEBUG] ||| prep_pass ||| Chain complete
2026-06-12 01:18:22.230 - [DEBUG] ||| propogate ||| stage = 3, input perm = [63, 3, 11, 55, 47, 23, 31, 39, 59, 7, 15, 51, 19, 27, 43, 35, 61, 4, 12, 53, 16, 24, 45, 37, 0, 8, 57, 49, 20, 28, 41, 33, 62, 6, 14, 54, 46, 17, 25, 38, 58, 1, 9, 50, 22, 30, 42, 34, 60, 5, 13, 52, 18, 26, 44, 36, 2, 10, 56, 48, 21, 29, 40, 32]
2026-06-12 01:18:22.231 - [DEBUG] ||| run ||| Stage[3] | Output permutation = [63, 11, 47, 31, 3, 55, 23, 39, 59, 15, 19, 43, 7, 51, 27, 35, 61, 12, 16, 45, 4, 53, 24, 37, 0, 57, 20, 41, 8, 49, 28, 33, 62, 14, 46, 25, 6, 54, 17, 38, 58, 9, 22, 42, 1, 50, 30, 34, 60, 13, 18, 44, 5, 52, 26, 36, 2, 56, 21, 40, 10, 48, 29, 32]
2026-06-12 01:18:22.231 - [DEBUG] ||| run ||| Stage[4] || perm_split = 16, split_len = 4, sw_split = 2, sub_perms = [[63, 11, 47, 31], [3, 55, 23, 39], [59, 15, 19, 43], [7, 51, 27, 35], [61, 12, 16, 45], [4, 53, 24, 37], [0, 57, 20, 41], [8, 49, 28, 33], [62, 14, 46, 25], [6, 54, 17, 38], [58, 9, 22, 42], [1, 50, 30, 34], [60, 13, 18, 44], [5, 52, 26, 36], [2, 56, 21, 40], [10, 48, 29, 32]]
2026-06-12 01:18:22.232 - [DEBUG] ||| normalize_perm ||| Permutation post normalization = [3, 0, 2, 1]
2026-06-12 01:18:22.232 - [DEBUG] ||| run ||| pending_perm = [3, 0, 2, 1] | src = 0, dest = 3
2026-06-12 01:18:22.232 - [DEBUG] ||| prep_pass ||| Next permutation = [None, None, 2, 1]
2026-06-12 01:18:22.233 - [DEBUG] ||| prep_pass ||| rb_src = 3, rb_dest = 1
2026-06-12 01:18:22.233 - [DEBUG] ||| prep_pass ||| Next permutation = [None, None, None, None]
2026-06-12 01:18:22.233 - [DEBUG] ||| prep_pass ||| Chain complete
2026-06-12 01:18:22.234 - [DEBUG] ||| normalize_perm ||| Permutation post normalization = [0, 3, 1, 2]
2026-06-12 01:18:22.234 - [DEBUG] ||| run ||| pending_perm = [0, 3, 1, 2] | src = 0, dest = 0
2026-06-12 01:18:22.234 - [DEBUG] ||| prep_pass ||| Next permutation = [None, None, 1, 2]
2026-06-12 01:18:22.235 - [DEBUG] ||| prep_pass ||| rb_src = 3, rb_dest = 2
2026-06-12 01:18:22.235 - [DEBUG] ||| prep_pass ||| Next permutation = [None, None, None, None]
2026-06-12 01:18:22.236 - [DEBUG] ||| prep_pass ||| Chain complete
2026-06-12 01:18:22.236 - [DEBUG] ||| normalize_perm ||| Permutation post normalization = [3, 0, 1, 2]
2026-06-12 01:18:22.236 - [DEBUG] ||| run ||| pending_perm = [3, 0, 1, 2] | src = 0, dest = 3
2026-06-12 01:18:22.237 - [DEBUG] ||| prep_pass ||| Next permutation = [None, None, 1, 2]
2026-06-12 01:18:22.237 - [DEBUG] ||| prep_pass ||| rb_src = 2, rb_dest = 1
2026-06-12 01:18:22.237 - [DEBUG] ||| prep_pass ||| Next permutation = [None, None, None, None]
2026-06-12 01:18:22.238 - [DEBUG] ||| prep_pass ||| Chain complete
2026-06-12 01:18:22.238 - [DEBUG] ||| normalize_perm ||| Permutation post normalization = [0, 3, 1, 2]
2026-06-12 01:18:22.239 - [DEBUG] ||| run ||| pending_perm = [0, 3, 1, 2] | src = 0, dest = 0
2026-06-12 01:18:22.239 - [DEBUG] ||| prep_pass ||| Next permutation = [None, None, 1, 2]
2026-06-12 01:18:22.240 - [DEBUG] ||| prep_pass ||| rb_src = 3, rb_dest = 2
2026-06-12 01:18:22.240 - [DEBUG] ||| prep_pass ||| Next permutation = [None, None, None, None]
2026-06-12 01:18:22.240 - [DEBUG] ||| prep_pass ||| Chain complete
2026-06-12 01:18:22.241 - [DEBUG] ||| normalize_perm ||| Permutation post normalization = [3, 0, 1, 2]
2026-06-12 01:18:22.241 - [DEBUG] ||| run ||| pending_perm = [3, 0, 1, 2] | src = 0, dest = 3
2026-06-12 01:18:22.241 - [DEBUG] ||| prep_pass ||| Next permutation = [None, None, 1, 2]
2026-06-12 01:18:22.242 - [DEBUG] ||| prep_pass ||| rb_src = 2, rb_dest = 1
2026-06-12 01:18:22.242 - [DEBUG] ||| prep_pass ||| Next permutation = [None, None, None, None]
2026-06-12 01:18:22.242 - [DEBUG] ||| prep_pass ||| Chain complete
2026-06-12 01:18:22.243 - [DEBUG] ||| normalize_perm ||| Permutation post normalization = [0, 3, 1, 2]
2026-06-12 01:18:22.243 - [DEBUG] ||| run ||| pending_perm = [0, 3, 1, 2] | src = 0, dest = 0
2026-06-12 01:18:22.244 - [DEBUG] ||| prep_pass ||| Next permutation = [None, None, 1, 2]
2026-06-12 01:18:22.244 - [DEBUG] ||| prep_pass ||| rb_src = 3, rb_dest = 2
2026-06-12 01:18:22.244 - [DEBUG] ||| prep_pass ||| Next permutation = [None, None, None, None]
2026-06-12 01:18:22.245 - [DEBUG] ||| prep_pass ||| Chain complete
2026-06-12 01:18:22.245 - [DEBUG] ||| normalize_perm ||| Permutation post normalization = [0, 3, 1, 2]
2026-06-12 01:18:22.245 - [DEBUG] ||| run ||| pending_perm = [0, 3, 1, 2] | src = 0, dest = 0
2026-06-12 01:18:22.246 - [DEBUG] ||| prep_pass ||| Next permutation = [None, None, 1, 2]
2026-06-12 01:18:22.246 - [DEBUG] ||| prep_pass ||| rb_src = 3, rb_dest = 2
2026-06-12 01:18:22.246 - [DEBUG] ||| prep_pass ||| Next permutation = [None, None, None, None]
2026-06-12 01:18:22.247 - [DEBUG] ||| prep_pass ||| Chain complete
2026-06-12 01:18:22.247 - [DEBUG] ||| normalize_perm ||| Permutation post normalization = [0, 3, 1, 2]
2026-06-12 01:18:22.247 - [DEBUG] ||| run ||| pending_perm = [0, 3, 1, 2] | src = 0, dest = 0
2026-06-12 01:18:22.248 - [DEBUG] ||| prep_pass ||| Next permutation = [None, None, 1, 2]
2026-06-12 01:18:22.248 - [DEBUG] ||| prep_pass ||| rb_src = 3, rb_dest = 2
2026-06-12 01:18:22.249 - [DEBUG] ||| prep_pass ||| Next permutation = [None, None, None, None]
2026-06-12 01:18:22.249 - [DEBUG] ||| prep_pass ||| Chain complete
2026-06-12 01:18:22.249 - [DEBUG] ||| normalize_perm ||| Permutation post normalization = [3, 0, 2, 1]
2026-06-12 01:18:22.250 - [DEBUG] ||| run ||| pending_perm = [3, 0, 2, 1] | src = 0, dest = 3
2026-06-12 01:18:22.250 - [DEBUG] ||| prep_pass ||| Next permutation = [None, None, 2, 1]
2026-06-12 01:18:22.250 - [DEBUG] ||| prep_pass ||| rb_src = 3, rb_dest = 1
2026-06-12 01:18:22.251 - [DEBUG] ||| prep_pass ||| Next permutation = [None, None, None, None]
2026-06-12 01:18:22.251 - [DEBUG] ||| prep_pass ||| Chain complete
2026-06-12 01:18:22.251 - [DEBUG] ||| normalize_perm ||| Permutation post normalization = [0, 3, 1, 2]
2026-06-12 01:18:22.252 - [DEBUG] ||| run ||| pending_perm = [0, 3, 1, 2] | src = 0, dest = 0
2026-06-12 01:18:22.252 - [DEBUG] ||| prep_pass ||| Next permutation = [None, None, 1, 2]
2026-06-12 01:18:22.252 - [DEBUG] ||| prep_pass ||| rb_src = 3, rb_dest = 2
2026-06-12 01:18:22.253 - [DEBUG] ||| prep_pass ||| Next permutation = [None, None, None, None]
2026-06-12 01:18:22.253 - [DEBUG] ||| prep_pass ||| Chain complete
2026-06-12 01:18:22.254 - [DEBUG] ||| normalize_perm ||| Permutation post normalization = [3, 0, 1, 2]
2026-06-12 01:18:22.254 - [DEBUG] ||| run ||| pending_perm = [3, 0, 1, 2] | src = 0, dest = 3
2026-06-12 01:18:22.254 - [DEBUG] ||| prep_pass ||| Next permutation = [None, None, 1, 2]
2026-06-12 01:18:22.255 - [DEBUG] ||| prep_pass ||| rb_src = 2, rb_dest = 1
2026-06-12 01:18:22.255 - [DEBUG] ||| prep_pass ||| Next permutation = [None, None, None, None]
2026-06-12 01:18:22.256 - [DEBUG] ||| prep_pass ||| Chain complete
2026-06-12 01:18:22.256 - [DEBUG] ||| normalize_perm ||| Permutation post normalization = [0, 3, 1, 2]
2026-06-12 01:18:22.256 - [DEBUG] ||| run ||| pending_perm = [0, 3, 1, 2] | src = 0, dest = 0
2026-06-12 01:18:22.257 - [DEBUG] ||| prep_pass ||| Next permutation = [None, None, 1, 2]
2026-06-12 01:18:22.257 - [DEBUG] ||| prep_pass ||| rb_src = 3, rb_dest = 2
2026-06-12 01:18:22.257 - [DEBUG] ||| prep_pass ||| Next permutation = [None, None, None, None]
2026-06-12 01:18:22.258 - [DEBUG] ||| prep_pass ||| Chain complete
2026-06-12 01:18:22.258 - [DEBUG] ||| normalize_perm ||| Permutation post normalization = [3, 0, 1, 2]
2026-06-12 01:18:22.258 - [DEBUG] ||| run ||| pending_perm = [3, 0, 1, 2] | src = 0, dest = 3
2026-06-12 01:18:22.259 - [DEBUG] ||| prep_pass ||| Next permutation = [None, None, 1, 2]
2026-06-12 01:18:22.259 - [DEBUG] ||| prep_pass ||| rb_src = 2, rb_dest = 1
2026-06-12 01:18:22.260 - [DEBUG] ||| prep_pass ||| Next permutation = [None, None, None, None]
2026-06-12 01:18:22.260 - [DEBUG] ||| prep_pass ||| Chain complete
2026-06-12 01:18:22.260 - [DEBUG] ||| normalize_perm ||| Permutation post normalization = [0, 3, 1, 2]
2026-06-12 01:18:22.261 - [DEBUG] ||| run ||| pending_perm = [0, 3, 1, 2] | src = 0, dest = 0
2026-06-12 01:18:22.261 - [DEBUG] ||| prep_pass ||| Next permutation = [None, None, 1, 2]
2026-06-12 01:18:22.261 - [DEBUG] ||| prep_pass ||| rb_src = 3, rb_dest = 2
2026-06-12 01:18:22.262 - [DEBUG] ||| prep_pass ||| Next permutation = [None, None, None, None]
2026-06-12 01:18:22.262 - [DEBUG] ||| prep_pass ||| Chain complete
2026-06-12 01:18:22.262 - [DEBUG] ||| normalize_perm ||| Permutation post normalization = [0, 3, 1, 2]
2026-06-12 01:18:22.263 - [DEBUG] ||| run ||| pending_perm = [0, 3, 1, 2] | src = 0, dest = 0
2026-06-12 01:18:22.263 - [DEBUG] ||| prep_pass ||| Next permutation = [None, None, 1, 2]
2026-06-12 01:18:22.264 - [DEBUG] ||| prep_pass ||| rb_src = 3, rb_dest = 2
2026-06-12 01:18:22.264 - [DEBUG] ||| prep_pass ||| Next permutation = [None, None, None, None]
2026-06-12 01:18:22.264 - [DEBUG] ||| prep_pass ||| Chain complete
2026-06-12 01:18:22.265 - [DEBUG] ||| normalize_perm ||| Permutation post normalization = [0, 3, 1, 2]
2026-06-12 01:18:22.265 - [DEBUG] ||| run ||| pending_perm = [0, 3, 1, 2] | src = 0, dest = 0
2026-06-12 01:18:22.265 - [DEBUG] ||| prep_pass ||| Next permutation = [None, None, 1, 2]
2026-06-12 01:18:22.266 - [DEBUG] ||| prep_pass ||| rb_src = 3, rb_dest = 2
2026-06-12 01:18:22.266 - [DEBUG] ||| prep_pass ||| Next permutation = [None, None, None, None]
2026-06-12 01:18:22.266 - [DEBUG] ||| prep_pass ||| Chain complete
2026-06-12 01:18:22.267 - [DEBUG] ||| propogate ||| stage = 4, input perm = [63, 11, 47, 31, 3, 55, 23, 39, 59, 15, 19, 43, 7, 51, 27, 35, 61, 12, 16, 45, 4, 53, 24, 37, 0, 57, 20, 41, 8, 49, 28, 33, 62, 14, 46, 25, 6, 54, 17, 38, 58, 9, 22, 42, 1, 50, 30, 34, 60, 13, 18, 44, 5, 52, 26, 36, 2, 56, 21, 40, 10, 48, 29, 32]
2026-06-12 01:18:22.267 - [DEBUG] ||| run ||| Stage[4] | Output permutation = [63, 31, 11, 47, 3, 39, 55, 23, 59, 19, 15, 43, 7, 35, 51, 27, 61, 16, 12, 45, 4, 37, 53, 24, 0, 41, 57, 20, 8, 33, 49, 28, 62, 25, 14, 46, 6, 38, 54, 17, 58, 22, 9, 42, 1, 34, 50, 30, 60, 18, 13, 44, 5, 36, 52, 26, 2, 40, 56, 21, 10, 32, 48, 29]
2026-06-12 01:18:22.268 - [DEBUG] ||| propogate ||| stage = 5, input perm = [63, 31, 11, 47, 3, 39, 55, 23, 59, 19, 15, 43, 7, 35, 51, 27, 61, 16, 12, 45, 4, 37, 53, 24, 0, 41, 57, 20, 8, 33, 49, 28, 62, 25, 14, 46, 6, 38, 54, 17, 58, 22, 9, 42, 1, 34, 50, 30, 60, 18, 13, 44, 5, 36, 52, 26, 2, 40, 56, 21, 10, 32, 48, 29]
2026-06-12 01:18:22.268 - [DEBUG] ||| run ||| Stage[5] | Output permutation = [31, 11, 63, 47, 3, 23, 39, 55, 19, 15, 59, 43, 7, 27, 35, 51, 16, 12, 61, 45, 4, 24, 37, 53, 0, 20, 41, 57, 8, 28, 33, 49, 25, 14, 62, 46, 6, 17, 38, 54, 22, 9, 58, 42, 1, 30, 34, 50, 18, 13, 60, 44, 5, 26, 36, 52, 2, 21, 40, 56, 10, 29, 32, 48]
2026-06-12 01:18:22.269 - [DEBUG] ||| propogate ||| stage = 6, input perm = [31, 11, 63, 47, 3, 23, 39, 55, 19, 15, 59, 43, 7, 27, 35, 51, 16, 12, 61, 45, 4, 24, 37, 53, 0, 20, 41, 57, 8, 28, 33, 49, 25, 14, 62, 46, 6, 17, 38, 54, 22, 9, 58, 42, 1, 30, 34, 50, 18, 13, 60, 44, 5, 26, 36, 52, 2, 21, 40, 56, 10, 29, 32, 48]
2026-06-12 01:18:22.269 - [DEBUG] ||| run ||| Stage[6] | Output permutation = [11, 3, 31, 23, 47, 39, 63, 55, 15, 7, 19, 27, 43, 35, 59, 51, 12, 4, 16, 24, 45, 37, 61, 53, 0, 8, 20, 28, 41, 33, 57, 49, 14, 6, 25, 17, 46, 38, 62, 54, 9, 1, 22, 30, 42, 34, 58, 50, 13, 5, 18, 26, 44, 36, 60, 52, 2, 10, 21, 29, 40, 32, 56, 48]
2026-06-12 01:18:22.270 - [DEBUG] ||| propogate ||| stage = 7, input perm = [11, 3, 31, 23, 47, 39, 63, 55, 15, 7, 19, 27, 43, 35, 59, 51, 12, 4, 16, 24, 45, 37, 61, 53, 0, 8, 20, 28, 41, 33, 57, 49, 14, 6, 25, 17, 46, 38, 62, 54, 9, 1, 22, 30, 42, 34, 58, 50, 13, 5, 18, 26, 44, 36, 60, 52, 2, 10, 21, 29, 40, 32, 56, 48]
2026-06-12 01:18:22.270 - [DEBUG] ||| run ||| Stage[7] | Output permutation = [3, 7, 11, 15, 23, 19, 31, 27, 39, 35, 47, 43, 55, 51, 63, 59, 4, 0, 12, 8, 16, 20, 24, 28, 37, 33, 45, 41, 53, 49, 61, 57, 6, 1, 14, 9, 17, 22, 25, 30, 38, 34, 46, 42, 54, 50, 62, 58, 5, 2, 13, 10, 18, 21, 26, 29, 36, 32, 44, 40, 52, 48, 60, 56]
2026-06-12 01:18:22.271 - [DEBUG] ||| propogate ||| stage = 8, input perm = [3, 7, 11, 15, 23, 19, 31, 27, 39, 35, 47, 43, 55, 51, 63, 59, 4, 0, 12, 8, 16, 20, 24, 28, 37, 33, 45, 41, 53, 49, 61, 57, 6, 1, 14, 9, 17, 22, 25, 30, 38, 34, 46, 42, 54, 50, 62, 58, 5, 2, 13, 10, 18, 21, 26, 29, 36, 32, 44, 40, 52, 48, 60, 56]
2026-06-12 01:18:22.271 - [DEBUG] ||| run ||| Stage[8] | Output permutation = [3, 0, 7, 4, 11, 8, 15, 12, 19, 16, 23, 20, 27, 24, 31, 28, 35, 33, 39, 37, 43, 41, 47, 45, 51, 49, 55, 53, 59, 57, 63, 61, 1, 2, 6, 5, 9, 10, 14, 13, 17, 18, 22, 21, 25, 26, 30, 29, 34, 32, 38, 36, 42, 40, 46, 44, 50, 48, 54, 52, 58, 56, 62, 60]
2026-06-12 01:18:22.272 - [DEBUG] ||| propogate ||| stage = 9, input perm = [3, 0, 7, 4, 11, 8, 15, 12, 19, 16, 23, 20, 27, 24, 31, 28, 35, 33, 39, 37, 43, 41, 47, 45, 51, 49, 55, 53, 59, 57, 63, 61, 1, 2, 6, 5, 9, 10, 14, 13, 17, 18, 22, 21, 25, 26, 30, 29, 34, 32, 38, 36, 42, 40, 46, 44, 50, 48, 54, 52, 58, 56, 62, 60]
2026-06-12 01:18:22.272 - [DEBUG] ||| run ||| Stage[9] | Output permutation = [0, 1, 3, 2, 4, 5, 7, 6, 8, 9, 11, 10, 12, 13, 15, 14, 16, 17, 19, 18, 20, 21, 23, 22, 24, 25, 27, 26, 28, 29, 31, 30, 33, 32, 35, 34, 37, 36, 39, 38, 41, 40, 43, 42, 45, 44, 47, 46, 49, 48, 51, 50, 53, 52, 55, 54, 57, 56, 59, 58, 61, 60, 63, 62]
2026-06-12 01:18:22.273 - [DEBUG] ||| propogate ||| stage = 10, input perm = [0, 1, 3, 2, 4, 5, 7, 6, 8, 9, 11, 10, 12, 13, 15, 14, 16, 17, 19, 18, 20, 21, 23, 22, 24, 25, 27, 26, 28, 29, 31, 30, 33, 32, 35, 34, 37, 36, 39, 38, 41, 40, 43, 42, 45, 44, 47, 46, 49, 48, 51, 50, 53, 52, 55, 54, 57, 56, 59, 58, 61, 60, 63, 62]
2026-06-12 01:18:22.273 - [DEBUG] ||| run ||| Stage[10] | Output permutation = [0, 1, 2, 3, 4, 5, 6, 7, 8, 9, 10, 11, 12, 13, 14, 15, 16, 17, 18, 19, 20, 21, 22, 23, 24, 25, 26, 27, 28, 29, 30, 31, 32, 33, 34, 35, 36, 37, 38, 39, 40, 41, 42, 43, 44, 45, 46, 47, 48, 49, 50, 51, 52, 53, 54, 55, 56, 57, 58, 59, 60, 61, 62, 63]
2026-06-12 01:18:22.273 - [DEBUG] ||| run ||| Benes Routing: PASSED
2026-06-12 01:18:22.274 - [DEBUG] ||| run ||| Attempting to route Benes permutation = [(6, 1), (7, 3), (8, 5), (9, 7), (10, 4), (11, 2), (12, 0), (13, 6), (14, 9), (15, 11), (16, 13), (17, 15), (18, 12), (19, 10), (20, 8), (21, 14), (34, 17), (35, 19), (36, 21), (37, 23), (38, 20), (39, 18), (40, 16), (41, 22), (42, 25), (43, 27), (44, 29), (45, 31), (46, 28), (47, 26), (48, 24), (49, 30)]
2026-06-12 01:18:22.275 - [DEBUG] ||| balance_perm ||| almost-balanced_perm = [None, None, None, None, None, None, 1, 3, 5, 7, 4, 2, 0, 6, 9, 11, 13, 15, 12, 10, 8, 14, None, None, None, None, None, None, None, None, None, None, None, None, 17, 19, 21, 23, 20, 18, 16, 22, 25, 27, 29, 31, 28, 26, 24, 30, None, None, None, None, None, None, None, None, None, None, None, None, None, None]; free_dest = [32, 33, 34, 35, 36, 37, 38, 39, 40, 41, 42, 43, 44, 45, 46, 47, 48, 49, 50, 51, 52, 53, 54, 55, 56, 57, 58, 59, 60, 61, 62, 63]
2026-06-12 01:18:22.275 - [DEBUG] ||| balance_perm ||| balanced_perm = [63, 62, 61, 60, 59, 58, 1, 3, 5, 7, 4, 2, 0, 6, 9, 11, 13, 15, 12, 10, 8, 14, 57, 56, 55, 54, 53, 52, 51, 50, 49, 48, 47, 46, 17, 19, 21, 23, 20, 18, 16, 22, 25, 27, 29, 31, 28, 26, 24, 30, 45, 44, 43, 42, 41, 40, 39, 38, 37, 36, 35, 34, 33, 32]
2026-06-12 01:18:22.276 - [DEBUG] ||| run ||| Stage[0] || perm_split = 1, split_len = 64, sw_split = 32, sub_perms = [[63, 62, 61, 60, 59, 58, 1, 3, 5, 7, 4, 2, 0, 6, 9, 11, 13, 15, 12, 10, 8, 14, 57, 56, 55, 54, 53, 52, 51, 50, 49, 48, 47, 46, 17, 19, 21, 23, 20, 18, 16, 22, 25, 27, 29, 31, 28, 26, 24, 30, 45, 44, 43, 42, 41, 40, 39, 38, 37, 36, 35, 34, 33, 32]]
2026-06-12 01:18:22.276 - [DEBUG] ||| normalize_perm ||| Permutation post normalization = [63, 62, 61, 60, 59, 58, 1, 3, 5, 7, 4, 2, 0, 6, 9, 11, 13, 15, 12, 10, 8, 14, 57, 56, 55, 54, 53, 52, 51, 50, 49, 48, 47, 46, 17, 19, 21, 23, 20, 18, 16, 22, 25, 27, 29, 31, 28, 26, 24, 30, 45, 44, 43, 42, 41, 40, 39, 38, 37, 36, 35, 34, 33, 32]
2026-06-12 01:18:22.277 - [DEBUG] ||| run ||| pending_perm = [63, 62, 61, 60, 59, 58, 1, 3, 5, 7, 4, 2, 0, 6, 9, 11, 13, 15, 12, 10, 8, 14, 57, 56, 55, 54, 53, 52, 51, 50, 49, 48, 47, 46, 17, 19, 21, 23, 20, 18, 16, 22, 25, 27, 29, 31, 28, 26, 24, 30, 45, 44, 43, 42, 41, 40, 39, 38, 37, 36, 35, 34, 33, 32] | src = 0, dest = 63
2026-06-12 01:18:22.277 - [DEBUG] ||| prep_pass ||| Next permutation = [None, None, 61, 60, 59, 58, 1, 3, 5, 7, 4, 2, 0, 6, 9, 11, 13, 15, 12, 10, 8, 14, 57, 56, 55, 54, 53, 52, 51, 50, 49, 48, 47, 46, 17, 19, 21, 23, 20, 18, 16, 22, 25, 27, 29, 31, 28, 26, 24, 30, 45, 44, 43, 42, 41, 40, 39, 38, 37, 36, 35, 34, 33, 32]
2026-06-12 01:18:22.277 - [DEBUG] ||| prep_pass ||| Chain complete
2026-06-12 01:18:22.278 - [DEBUG] ||| run ||| pending_perm = [None, None, 61, 60, 59, 58, 1, 3, 5, 7, 4, 2, 0, 6, 9, 11, 13, 15, 12, 10, 8, 14, 57, 56, 55, 54, 53, 52, 51, 50, 49, 48, 47, 46, 17, 19, 21, 23, 20, 18, 16, 22, 25, 27, 29, 31, 28, 26, 24, 30, 45, 44, 43, 42, 41, 40, 39, 38, 37, 36, 35, 34, 33, 32] | src = 2, dest = 61
2026-06-12 01:18:22.278 - [DEBUG] ||| prep_pass ||| Next permutation = [None, None, None, None, 59, 58, 1, 3, 5, 7, 4, 2, 0, 6, 9, 11, 13, 15, 12, 10, 8, 14, 57, 56, 55, 54, 53, 52, 51, 50, 49, 48, 47, 46, 17, 19, 21, 23, 20, 18, 16, 22, 25, 27, 29, 31, 28, 26, 24, 30, 45, 44, 43, 42, 41, 40, 39, 38, 37, 36, 35, 34, 33, 32]
2026-06-12 01:18:22.278 - [DEBUG] ||| prep_pass ||| Chain complete
2026-06-12 01:18:22.279 - [DEBUG] ||| run ||| pending_perm = [None, None, None, None, 59, 58, 1, 3, 5, 7, 4, 2, 0, 6, 9, 11, 13, 15, 12, 10, 8, 14, 57, 56, 55, 54, 53, 52, 51, 50, 49, 48, 47, 46, 17, 19, 21, 23, 20, 18, 16, 22, 25, 27, 29, 31, 28, 26, 24, 30, 45, 44, 43, 42, 41, 40, 39, 38, 37, 36, 35, 34, 33, 32] | src = 4, dest = 59
2026-06-12 01:18:22.279 - [DEBUG] ||| prep_pass ||| Next permutation = [None, None, None, None, None, None, 1, 3, 5, 7, 4, 2, 0, 6, 9, 11, 13, 15, 12, 10, 8, 14, 57, 56, 55, 54, 53, 52, 51, 50, 49, 48, 47, 46, 17, 19, 21, 23, 20, 18, 16, 22, 25, 27, 29, 31, 28, 26, 24, 30, 45, 44, 43, 42, 41, 40, 39, 38, 37, 36, 35, 34, 33, 32]
2026-06-12 01:18:22.280 - [DEBUG] ||| prep_pass ||| Chain complete
2026-06-12 01:18:22.280 - [DEBUG] ||| run ||| pending_perm = [None, None, None, None, None, None, 1, 3, 5, 7, 4, 2, 0, 6, 9, 11, 13, 15, 12, 10, 8, 14, 57, 56, 55, 54, 53, 52, 51, 50, 49, 48, 47, 46, 17, 19, 21, 23, 20, 18, 16, 22, 25, 27, 29, 31, 28, 26, 24, 30, 45, 44, 43, 42, 41, 40, 39, 38, 37, 36, 35, 34, 33, 32] | src = 6, dest = 1
2026-06-12 01:18:22.280 - [DEBUG] ||| prep_pass ||| Next permutation = [None, None, None, None, None, None, None, None, 5, 7, 4, 2, 0, 6, 9, 11, 13, 15, 12, 10, 8, 14, 57, 56, 55, 54, 53, 52, 51, 50, 49, 48, 47, 46, 17, 19, 21, 23, 20, 18, 16, 22, 25, 27, 29, 31, 28, 26, 24, 30, 45, 44, 43, 42, 41, 40, 39, 38, 37, 36, 35, 34, 33, 32]
2026-06-12 01:18:22.281 - [DEBUG] ||| prep_pass ||| rb_src = 13, rb_dest = 6
2026-06-12 01:18:22.281 - [DEBUG] ||| prep_pass ||| Next permutation = [None, None, None, None, None, None, None, None, 5, 7, 4, 2, None, None, 9, 11, 13, 15, 12, 10, 8, 14, 57, 56, 55, 54, 53, 52, 51, 50, 49, 48, 47, 46, 17, 19, 21, 23, 20, 18, 16, 22, 25, 27, 29, 31, 28, 26, 24, 30, 45, 44, 43, 42, 41, 40, 39, 38, 37, 36, 35, 34, 33, 32]
2026-06-12 01:18:22.281 - [DEBUG] ||| prep_pass ||| rb_src = 8, rb_dest = 5
2026-06-12 01:18:22.282 - [DEBUG] ||| prep_pass ||| Next permutation = [None, None, None, None, None, None, None, None, None, None, 4, 2, None, None, 9, 11, 13, 15, 12, 10, 8, 14, 57, 56, 55, 54, 53, 52, 51, 50, 49, 48, 47, 46, 17, 19, 21, 23, 20, 18, 16, 22, 25, 27, 29, 31, 28, 26, 24, 30, 45, 44, 43, 42, 41, 40, 39, 38, 37, 36, 35, 34, 33, 32]
2026-06-12 01:18:22.282 - [DEBUG] ||| prep_pass ||| rb_src = 11, rb_dest = 2
2026-06-12 01:18:22.283 - [DEBUG] ||| prep_pass ||| Next permutation = [None, None, None, None, None, None, None, None, None, None, None, None, None, None, 9, 11, 13, 15, 12, 10, 8, 14, 57, 56, 55, 54, 53, 52, 51, 50, 49, 48, 47, 46, 17, 19, 21, 23, 20, 18, 16, 22, 25, 27, 29, 31, 28, 26, 24, 30, 45, 44, 43, 42, 41, 40, 39, 38, 37, 36, 35, 34, 33, 32]
2026-06-12 01:18:22.283 - [DEBUG] ||| prep_pass ||| Chain complete
2026-06-12 01:18:22.284 - [DEBUG] ||| run ||| pending_perm = [None, None, None, None, None, None, None, None, None, None, None, None, None, None, 9, 11, 13, 15, 12, 10, 8, 14, 57, 56, 55, 54, 53, 52, 51, 50, 49, 48, 47, 46, 17, 19, 21, 23, 20, 18, 16, 22, 25, 27, 29, 31, 28, 26, 24, 30, 45, 44, 43, 42, 41, 40, 39, 38, 37, 36, 35, 34, 33, 32] | src = 14, dest = 9
2026-06-12 01:18:22.284 - [DEBUG] ||| prep_pass ||| Next permutation = [None, None, None, None, None, None, None, None, None, None, None, None, None, None, None, None, 13, 15, 12, 10, 8, 14, 57, 56, 55, 54, 53, 52, 51, 50, 49, 48, 47, 46, 17, 19, 21, 23, 20, 18, 16, 22, 25, 27, 29, 31, 28, 26, 24, 30, 45, 44, 43, 42, 41, 40, 39, 38, 37, 36, 35, 34, 33, 32]
2026-06-12 01:18:22.285 - [DEBUG] ||| prep_pass ||| rb_src = 21, rb_dest = 14
2026-06-12 01:18:22.285 - [DEBUG] ||| prep_pass ||| Next permutation = [None, None, None, None, None, None, None, None, None, None, None, None, None, None, None, None, 13, 15, 12, 10, None, None, 57, 56, 55, 54, 53, 52, 51, 50, 49, 48, 47, 46, 17, 19, 21, 23, 20, 18, 16, 22, 25, 27, 29, 31, 28, 26, 24, 30, 45, 44, 43, 42, 41, 40, 39, 38, 37, 36, 35, 34, 33, 32]
2026-06-12 01:18:22.286 - [DEBUG] ||| prep_pass ||| rb_src = 16, rb_dest = 13
2026-06-12 01:18:22.286 - [DEBUG] ||| prep_pass ||| Next permutation = [None, None, None, None, None, None, None, None, None, None, None, None, None, None, None, None, None, None, 12, 10, None, None, 57, 56, 55, 54, 53, 52, 51, 50, 49, 48, 47, 46, 17, 19, 21, 23, 20, 18, 16, 22, 25, 27, 29, 31, 28, 26, 24, 30, 45, 44, 43, 42, 41, 40, 39, 38, 37, 36, 35, 34, 33, 32]
2026-06-12 01:18:22.287 - [DEBUG] ||| prep_pass ||| rb_src = 19, rb_dest = 10
2026-06-12 01:18:22.287 - [DEBUG] ||| prep_pass ||| Next permutation = [None, None, None, None, None, None, None, None, None, None, None, None, None, None, None, None, None, None, None, None, None, None, 57, 56, 55, 54, 53, 52, 51, 50, 49, 48, 47, 46, 17, 19, 21, 23, 20, 18, 16, 22, 25, 27, 29, 31, 28, 26, 24, 30, 45, 44, 43, 42, 41, 40, 39, 38, 37, 36, 35, 34, 33, 32]
2026-06-12 01:18:22.288 - [DEBUG] ||| prep_pass ||| Chain complete
2026-06-12 01:18:22.288 - [DEBUG] ||| run ||| pending_perm = [None, None, None, None, None, None, None, None, None, None, None, None, None, None, None, None, None, None, None, None, None, None, 57, 56, 55, 54, 53, 52, 51, 50, 49, 48, 47, 46, 17, 19, 21, 23, 20, 18, 16, 22, 25, 27, 29, 31, 28, 26, 24, 30, 45, 44, 43, 42, 41, 40, 39, 38, 37, 36, 35, 34, 33, 32] | src = 22, dest = 57
2026-06-12 01:18:22.288 - [DEBUG] ||| prep_pass ||| Next permutation = [None, None, None, None, None, None, None, None, None, None, None, None, None, None, None, None, None, None, None, None, None, None, None, None, 55, 54, 53, 52, 51, 50, 49, 48, 47, 46, 17, 19, 21, 23, 20, 18, 16, 22, 25, 27, 29, 31, 28, 26, 24, 30, 45, 44, 43, 42, 41, 40, 39, 38, 37, 36, 35, 34, 33, 32]
2026-06-12 01:18:22.289 - [DEBUG] ||| prep_pass ||| Chain complete
2026-06-12 01:18:22.289 - [DEBUG] ||| run ||| pending_perm = [None, None, None, None, None, None, None, None, None, None, None, None, None, None, None, None, None, None, None, None, None, None, None, None, 55, 54, 53, 52, 51, 50, 49, 48, 47, 46, 17, 19, 21, 23, 20, 18, 16, 22, 25, 27, 29, 31, 28, 26, 24, 30, 45, 44, 43, 42, 41, 40, 39, 38, 37, 36, 35, 34, 33, 32] | src = 24, dest = 55
2026-06-12 01:18:22.290 - [DEBUG] ||| prep_pass ||| Next permutation = [None, None, None, None, None, None, None, None, None, None, None, None, None, None, None, None, None, None, None, None, None, None, None, None, None, None, 53, 52, 51, 50, 49, 48, 47, 46, 17, 19, 21, 23, 20, 18, 16, 22, 25, 27, 29, 31, 28, 26, 24, 30, 45, 44, 43, 42, 41, 40, 39, 38, 37, 36, 35, 34, 33, 32]
2026-06-12 01:18:22.290 - [DEBUG] ||| prep_pass ||| Chain complete
2026-06-12 01:18:22.290 - [DEBUG] ||| run ||| pending_perm = [None, None, None, None, None, None, None, None, None, None, None, None, None, None, None, None, None, None, None, None, None, None, None, None, None, None, 53, 52, 51, 50, 49, 48, 47, 46, 17, 19, 21, 23, 20, 18, 16, 22, 25, 27, 29, 31, 28, 26, 24, 30, 45, 44, 43, 42, 41, 40, 39, 38, 37, 36, 35, 34, 33, 32] | src = 26, dest = 53
2026-06-12 01:18:22.291 - [DEBUG] ||| prep_pass ||| Next permutation = [None, None, None, None, None, None, None, None, None, None, None, None, None, None, None, None, None, None, None, None, None, None, None, None, None, None, None, None, 51, 50, 49, 48, 47, 46, 17, 19, 21, 23, 20, 18, 16, 22, 25, 27, 29, 31, 28, 26, 24, 30, 45, 44, 43, 42, 41, 40, 39, 38, 37, 36, 35, 34, 33, 32]
2026-06-12 01:18:22.291 - [DEBUG] ||| prep_pass ||| Chain complete
2026-06-12 01:18:22.292 - [DEBUG] ||| run ||| pending_perm = [None, None, None, None, None, None, None, None, None, None, None, None, None, None, None, None, None, None, None, None, None, None, None, None, None, None, None, None, 51, 50, 49, 48, 47, 46, 17, 19, 21, 23, 20, 18, 16, 22, 25, 27, 29, 31, 28, 26, 24, 30, 45, 44, 43, 42, 41, 40, 39, 38, 37, 36, 35, 34, 33, 32] | src = 28, dest = 51
2026-06-12 01:18:22.292 - [DEBUG] ||| prep_pass ||| Next permutation = [None, None, None, None, None, None, None, None, None, None, None, None, None, None, None, None, None, None, None, None, None, None, None, None, None, None, None, None, None, None, 49, 48, 47, 46, 17, 19, 21, 23, 20, 18, 16, 22, 25, 27, 29, 31, 28, 26, 24, 30, 45, 44, 43, 42, 41, 40, 39, 38, 37, 36, 35, 34, 33, 32]
2026-06-12 01:18:22.292 - [DEBUG] ||| prep_pass ||| Chain complete
2026-06-12 01:18:22.293 - [DEBUG] ||| run ||| pending_perm = [None, None, None, None, None, None, None, None, None, None, None, None, None, None, None, None, None, None, None, None, None, None, None, None, None, None, None, None, None, None, 49, 48, 47, 46, 17, 19, 21, 23, 20, 18, 16, 22, 25, 27, 29, 31, 28, 26, 24, 30, 45, 44, 43, 42, 41, 40, 39, 38, 37, 36, 35, 34, 33, 32] | src = 30, dest = 49
2026-06-12 01:18:22.293 - [DEBUG] ||| prep_pass ||| Next permutation = [None, None, None, None, None, None, None, None, None, None, None, None, None, None, None, None, None, None, None, None, None, None, None, None, None, None, None, None, None, None, None, None, 47, 46, 17, 19, 21, 23, 20, 18, 16, 22, 25, 27, 29, 31, 28, 26, 24, 30, 45, 44, 43, 42, 41, 40, 39, 38, 37, 36, 35, 34, 33, 32]
2026-06-12 01:18:22.293 - [DEBUG] ||| prep_pass ||| Chain complete
2026-06-12 01:18:22.294 - [DEBUG] ||| run ||| pending_perm = [None, None, None, None, None, None, None, None, None, None, None, None, None, None, None, None, None, None, None, None, None, None, None, None, None, None, None, None, None, None, None, None, 47, 46, 17, 19, 21, 23, 20, 18, 16, 22, 25, 27, 29, 31, 28, 26, 24, 30, 45, 44, 43, 42, 41, 40, 39, 38, 37, 36, 35, 34, 33, 32] | src = 32, dest = 47
2026-06-12 01:18:22.294 - [DEBUG] ||| prep_pass ||| Next permutation = [None, None, None, None, None, None, None, None, None, None, None, None, None, None, None, None, None, None, None, None, None, None, None, None, None, None, None, None, None, None, None, None, None, None, 17, 19, 21, 23, 20, 18, 16, 22, 25, 27, 29, 31, 28, 26, 24, 30, 45, 44, 43, 42, 41, 40, 39, 38, 37, 36, 35, 34, 33, 32]
2026-06-12 01:18:22.294 - [DEBUG] ||| prep_pass ||| Chain complete
2026-06-12 01:18:22.295 - [DEBUG] ||| run ||| pending_perm = [None, None, None, None, None, None, None, None, None, None, None, None, None, None, None, None, None, None, None, None, None, None, None, None, None, None, None, None, None, None, None, None, None, None, 17, 19, 21, 23, 20, 18, 16, 22, 25, 27, 29, 31, 28, 26, 24, 30, 45, 44, 43, 42, 41, 40, 39, 38, 37, 36, 35, 34, 33, 32] | src = 34, dest = 17
2026-06-12 01:18:22.295 - [DEBUG] ||| prep_pass ||| Next permutation = [None, None, None, None, None, None, None, None, None, None, None, None, None, None, None, None, None, None, None, None, None, None, None, None, None, None, None, None, None, None, None, None, None, None, None, None, 21, 23, 20, 18, 16, 22, 25, 27, 29, 31, 28, 26, 24, 30, 45, 44, 43, 42, 41, 40, 39, 38, 37, 36, 35, 34, 33, 32]
2026-06-12 01:18:22.296 - [DEBUG] ||| prep_pass ||| rb_src = 41, rb_dest = 22
2026-06-12 01:18:22.296 - [DEBUG] ||| prep_pass ||| Next permutation = [None, None, None, None, None, None, None, None, None, None, None, None, None, None, None, None, None, None, None, None, None, None, None, None, None, None, None, None, None, None, None, None, None, None, None, None, 21, 23, 20, 18, None, None, 25, 27, 29, 31, 28, 26, 24, 30, 45, 44, 43, 42, 41, 40, 39, 38, 37, 36, 35, 34, 33, 32]
2026-06-12 01:18:22.296 - [DEBUG] ||| prep_pass ||| rb_src = 36, rb_dest = 21
2026-06-12 01:18:22.297 - [DEBUG] ||| prep_pass ||| Next permutation = [None, None, None, None, None, None, None, None, None, None, None, None, None, None, None, None, None, None, None, None, None, None, None, None, None, None, None, None, None, None, None, None, None, None, None, None, None, None, 20, 18, None, None, 25, 27, 29, 31, 28, 26, 24, 30, 45, 44, 43, 42, 41, 40, 39, 38, 37, 36, 35, 34, 33, 32]
2026-06-12 01:18:22.297 - [DEBUG] ||| prep_pass ||| rb_src = 39, rb_dest = 18
2026-06-12 01:18:22.297 - [DEBUG] ||| prep_pass ||| Next permutation = [None, None, None, None, None, None, None, None, None, None, None, None, None, None, None, None, None, None, None, None, None, None, None, None, None, None, None, None, None, None, None, None, None, None, None, None, None, None, None, None, None, None, 25, 27, 29, 31, 28, 26, 24, 30, 45, 44, 43, 42, 41, 40, 39, 38, 37, 36, 35, 34, 33, 32]
2026-06-12 01:18:22.298 - [DEBUG] ||| prep_pass ||| Chain complete
2026-06-12 01:18:22.298 - [DEBUG] ||| run ||| pending_perm = [None, None, None, None, None, None, None, None, None, None, None, None, None, None, None, None, None, None, None, None, None, None, None, None, None, None, None, None, None, None, None, None, None, None, None, None, None, None, None, None, None, None, 25, 27, 29, 31, 28, 26, 24, 30, 45, 44, 43, 42, 41, 40, 39, 38, 37, 36, 35, 34, 33, 32] | src = 42, dest = 25
2026-06-12 01:18:22.298 - [DEBUG] ||| prep_pass ||| Next permutation = [None, None, None, None, None, None, None, None, None, None, None, None, None, None, None, None, None, None, None, None, None, None, None, None, None, None, None, None, None, None, None, None, None, None, None, None, None, None, None, None, None, None, None, None, 29, 31, 28, 26, 24, 30, 45, 44, 43, 42, 41, 40, 39, 38, 37, 36, 35, 34, 33, 32]
2026-06-12 01:18:22.299 - [DEBUG] ||| prep_pass ||| rb_src = 49, rb_dest = 30
2026-06-12 01:18:22.299 - [DEBUG] ||| prep_pass ||| Next permutation = [None, None, None, None, None, None, None, None, None, None, None, None, None, None, None, None, None, None, None, None, None, None, None, None, None, None, None, None, None, None, None, None, None, None, None, None, None, None, None, None, None, None, None, None, 29, 31, 28, 26, None, None, 45, 44, 43, 42, 41, 40, 39, 38, 37, 36, 35, 34, 33, 32]
2026-06-12 01:18:22.300 - [DEBUG] ||| prep_pass ||| rb_src = 44, rb_dest = 29
2026-06-12 01:18:22.300 - [DEBUG] ||| prep_pass ||| Next permutation = [None, None, None, None, None, None, None, None, None, None, None, None, None, None, None, None, None, None, None, None, None, None, None, None, None, None, None, None, None, None, None, None, None, None, None, None, None, None, None, None, None, None, None, None, None, None, 28, 26, None, None, 45, 44, 43, 42, 41, 40, 39, 38, 37, 36, 35, 34, 33, 32]
2026-06-12 01:18:22.300 - [DEBUG] ||| prep_pass ||| rb_src = 47, rb_dest = 26
2026-06-12 01:18:22.301 - [DEBUG] ||| prep_pass ||| Next permutation = [None, None, None, None, None, None, None, None, None, None, None, None, None, None, None, None, None, None, None, None, None, None, None, None, None, None, None, None, None, None, None, None, None, None, None, None, None, None, None, None, None, None, None, None, None, None, None, None, None, None, 45, 44, 43, 42, 41, 40, 39, 38, 37, 36, 35, 34, 33, 32]
2026-06-12 01:18:22.301 - [DEBUG] ||| prep_pass ||| Chain complete
2026-06-12 01:18:22.301 - [DEBUG] ||| run ||| pending_perm = [None, None, None, None, None, None, None, None, None, None, None, None, None, None, None, None, None, None, None, None, None, None, None, None, None, None, None, None, None, None, None, None, None, None, None, None, None, None, None, None, None, None, None, None, None, None, None, None, None, None, 45, 44, 43, 42, 41, 40, 39, 38, 37, 36, 35, 34, 33, 32] | src = 50, dest = 45
2026-06-12 01:18:22.302 - [DEBUG] ||| prep_pass ||| Next permutation = [None, None, None, None, None, None, None, None, None, None, None, None, None, None, None, None, None, None, None, None, None, None, None, None, None, None, None, None, None, None, None, None, None, None, None, None, None, None, None, None, None, None, None, None, None, None, None, None, None, None, None, None, 43, 42, 41, 40, 39, 38, 37, 36, 35, 34, 33, 32]
2026-06-12 01:18:22.302 - [DEBUG] ||| prep_pass ||| Chain complete
2026-06-12 01:18:22.303 - [DEBUG] ||| run ||| pending_perm = [None, None, None, None, None, None, None, None, None, None, None, None, None, None, None, None, None, None, None, None, None, None, None, None, None, None, None, None, None, None, None, None, None, None, None, None, None, None, None, None, None, None, None, None, None, None, None, None, None, None, None, None, 43, 42, 41, 40, 39, 38, 37, 36, 35, 34, 33, 32] | src = 52, dest = 43
2026-06-12 01:18:22.304 - [DEBUG] ||| prep_pass ||| Next permutation = [None, None, None, None, None, None, None, None, None, None, None, None, None, None, None, None, None, None, None, None, None, None, None, None, None, None, None, None, None, None, None, None, None, None, None, None, None, None, None, None, None, None, None, None, None, None, None, None, None, None, None, None, None, None, 41, 40, 39, 38, 37, 36, 35, 34, 33, 32]
2026-06-12 01:18:22.304 - [DEBUG] ||| prep_pass ||| Chain complete
2026-06-12 01:18:22.305 - [DEBUG] ||| run ||| pending_perm = [None, None, None, None, None, None, None, None, None, None, None, None, None, None, None, None, None, None, None, None, None, None, None, None, None, None, None, None, None, None, None, None, None, None, None, None, None, None, None, None, None, None, None, None, None, None, None, None, None, None, None, None, None, None, 41, 40, 39, 38, 37, 36, 35, 34, 33, 32] | src = 54, dest = 41
2026-06-12 01:18:22.305 - [DEBUG] ||| prep_pass ||| Next permutation = [None, None, None, None, None, None, None, None, None, None, None, None, None, None, None, None, None, None, None, None, None, None, None, None, None, None, None, None, None, None, None, None, None, None, None, None, None, None, None, None, None, None, None, None, None, None, None, None, None, None, None, None, None, None, None, None, 39, 38, 37, 36, 35, 34, 33, 32]
2026-06-12 01:18:22.306 - [DEBUG] ||| prep_pass ||| Chain complete
2026-06-12 01:18:22.306 - [DEBUG] ||| run ||| pending_perm = [None, None, None, None, None, None, None, None, None, None, None, None, None, None, None, None, None, None, None, None, None, None, None, None, None, None, None, None, None, None, None, None, None, None, None, None, None, None, None, None, None, None, None, None, None, None, None, None, None, None, None, None, None, None, None, None, 39, 38, 37, 36, 35, 34, 33, 32] | src = 56, dest = 39
2026-06-12 01:18:22.307 - [DEBUG] ||| prep_pass ||| Next permutation = [None, None, None, None, None, None, None, None, None, None, None, None, None, None, None, None, None, None, None, None, None, None, None, None, None, None, None, None, None, None, None, None, None, None, None, None, None, None, None, None, None, None, None, None, None, None, None, None, None, None, None, None, None, None, None, None, None, None, 37, 36, 35, 34, 33, 32]
2026-06-12 01:18:22.307 - [DEBUG] ||| prep_pass ||| Chain complete
2026-06-12 01:18:22.308 - [DEBUG] ||| run ||| pending_perm = [None, None, None, None, None, None, None, None, None, None, None, None, None, None, None, None, None, None, None, None, None, None, None, None, None, None, None, None, None, None, None, None, None, None, None, None, None, None, None, None, None, None, None, None, None, None, None, None, None, None, None, None, None, None, None, None, None, None, 37, 36, 35, 34, 33, 32] | src = 58, dest = 37
2026-06-12 01:18:22.308 - [DEBUG] ||| prep_pass ||| Next permutation = [None, None, None, None, None, None, None, None, None, None, None, None, None, None, None, None, None, None, None, None, None, None, None, None, None, None, None, None, None, None, None, None, None, None, None, None, None, None, None, None, None, None, None, None, None, None, None, None, None, None, None, None, None, None, None, None, None, None, None, None, 35, 34, 33, 32]
2026-06-12 01:18:22.308 - [DEBUG] ||| prep_pass ||| Chain complete
2026-06-12 01:18:22.308 - [DEBUG] ||| run ||| pending_perm = [None, None, None, None, None, None, None, None, None, None, None, None, None, None, None, None, None, None, None, None, None, None, None, None, None, None, None, None, None, None, None, None, None, None, None, None, None, None, None, None, None, None, None, None, None, None, None, None, None, None, None, None, None, None, None, None, None, None, None, None, 35, 34, 33, 32] | src = 60, dest = 35
2026-06-12 01:18:22.309 - [DEBUG] ||| prep_pass ||| Next permutation = [None, None, None, None, None, None, None, None, None, None, None, None, None, None, None, None, None, None, None, None, None, None, None, None, None, None, None, None, None, None, None, None, None, None, None, None, None, None, None, None, None, None, None, None, None, None, None, None, None, None, None, None, None, None, None, None, None, None, None, None, None, None, 33, 32]
2026-06-12 01:18:22.309 - [DEBUG] ||| prep_pass ||| Chain complete
2026-06-12 01:18:22.309 - [DEBUG] ||| run ||| pending_perm = [None, None, None, None, None, None, None, None, None, None, None, None, None, None, None, None, None, None, None, None, None, None, None, None, None, None, None, None, None, None, None, None, None, None, None, None, None, None, None, None, None, None, None, None, None, None, None, None, None, None, None, None, None, None, None, None, None, None, None, None, None, None, 33, 32] | src = 62, dest = 33
2026-06-12 01:18:22.310 - [DEBUG] ||| prep_pass ||| Next permutation = [None, None, None, None, None, None, None, None, None, None, None, None, None, None, None, None, None, None, None, None, None, None, None, None, None, None, None, None, None, None, None, None, None, None, None, None, None, None, None, None, None, None, None, None, None, None, None, None, None, None, None, None, None, None, None, None, None, None, None, None, None, None, None, None]
2026-06-12 01:18:22.310 - [DEBUG] ||| prep_pass ||| Chain complete
2026-06-12 01:18:22.311 - [DEBUG] ||| propogate ||| stage = 0, input perm = [63, 62, 61, 60, 59, 58, 1, 3, 5, 7, 4, 2, 0, 6, 9, 11, 13, 15, 12, 10, 8, 14, 57, 56, 55, 54, 53, 52, 51, 50, 49, 48, 47, 46, 17, 19, 21, 23, 20, 18, 16, 22, 25, 27, 29, 31, 28, 26, 24, 30, 45, 44, 43, 42, 41, 40, 39, 38, 37, 36, 35, 34, 33, 32]
2026-06-12 01:18:22.311 - [DEBUG] ||| run ||| Stage[0] | Output permutation = [63, 61, 59, 1, 5, 2, 6, 9, 13, 10, 14, 57, 55, 53, 51, 49, 47, 17, 21, 18, 22, 25, 29, 26, 30, 45, 43, 41, 39, 37, 35, 33, 62, 60, 58, 3, 7, 4, 0, 11, 15, 12, 8, 56, 54, 52, 50, 48, 46, 19, 23, 20, 16, 27, 31, 28, 24, 44, 42, 40, 38, 36, 34, 32]
2026-06-12 01:18:22.312 - [DEBUG] ||| run ||| Stage[1] || perm_split = 2, split_len = 32, sw_split = 16, sub_perms = [[63, 61, 59, 1, 5, 2, 6, 9, 13, 10, 14, 57, 55, 53, 51, 49, 47, 17, 21, 18, 22, 25, 29, 26, 30, 45, 43, 41, 39, 37, 35, 33], [62, 60, 58, 3, 7, 4, 0, 11, 15, 12, 8, 56, 54, 52, 50, 48, 46, 19, 23, 20, 16, 27, 31, 28, 24, 44, 42, 40, 38, 36, 34, 32]]
2026-06-12 01:18:22.312 - [DEBUG] ||| normalize_perm ||| Permutation post normalization = [31, 30, 29, 0, 2, 1, 3, 4, 6, 5, 7, 28, 27, 26, 25, 24, 23, 8, 10, 9, 11, 12, 14, 13, 15, 22, 21, 20, 19, 18, 17, 16]
2026-06-12 01:18:22.312 - [DEBUG] ||| run ||| pending_perm = [31, 30, 29, 0, 2, 1, 3, 4, 6, 5, 7, 28, 27, 26, 25, 24, 23, 8, 10, 9, 11, 12, 14, 13, 15, 22, 21, 20, 19, 18, 17, 16] | src = 0, dest = 31
2026-06-12 01:18:22.313 - [DEBUG] ||| prep_pass ||| Next permutation = [None, None, 29, 0, 2, 1, 3, 4, 6, 5, 7, 28, 27, 26, 25, 24, 23, 8, 10, 9, 11, 12, 14, 13, 15, 22, 21, 20, 19, 18, 17, 16]
2026-06-12 01:18:22.313 - [DEBUG] ||| prep_pass ||| Chain complete
2026-06-12 01:18:22.313 - [DEBUG] ||| run ||| pending_perm = [None, None, 29, 0, 2, 1, 3, 4, 6, 5, 7, 28, 27, 26, 25, 24, 23, 8, 10, 9, 11, 12, 14, 13, 15, 22, 21, 20, 19, 18, 17, 16] | src = 2, dest = 29
2026-06-12 01:18:22.314 - [DEBUG] ||| prep_pass ||| Next permutation = [None, None, None, None, 2, 1, 3, 4, 6, 5, 7, 28, 27, 26, 25, 24, 23, 8, 10, 9, 11, 12, 14, 13, 15, 22, 21, 20, 19, 18, 17, 16]
2026-06-12 01:18:22.314 - [DEBUG] ||| prep_pass ||| rb_src = 10, rb_dest = 7
2026-06-12 01:18:22.314 - [DEBUG] ||| prep_pass ||| Next permutation = [None, None, None, None, 2, 1, 3, 4, 6, 5, None, None, 27, 26, 25, 24, 23, 8, 10, 9, 11, 12, 14, 13, 15, 22, 21, 20, 19, 18, 17, 16]
2026-06-12 01:18:22.315 - [DEBUG] ||| prep_pass ||| rb_src = 9, rb_dest = 5
2026-06-12 01:18:22.315 - [DEBUG] ||| prep_pass ||| Next permutation = [None, None, None, None, 2, 1, 3, 4, None, None, None, None, 27, 26, 25, 24, 23, 8, 10, 9, 11, 12, 14, 13, 15, 22, 21, 20, 19, 18, 17, 16]
2026-06-12 01:18:22.315 - [DEBUG] ||| prep_pass ||| rb_src = 6, rb_dest = 3
2026-06-12 01:18:22.316 - [DEBUG] ||| prep_pass ||| Next permutation = [None, None, None, None, 2, 1, None, None, None, None, None, None, 27, 26, 25, 24, 23, 8, 10, 9, 11, 12, 14, 13, 15, 22, 21, 20, 19, 18, 17, 16]
2026-06-12 01:18:22.316 - [DEBUG] ||| prep_pass ||| rb_src = 5, rb_dest = 1
2026-06-12 01:18:22.316 - [DEBUG] ||| prep_pass ||| Next permutation = [None, None, None, None, None, None, None, None, None, None, None, None, 27, 26, 25, 24, 23, 8, 10, 9, 11, 12, 14, 13, 15, 22, 21, 20, 19, 18, 17, 16]
2026-06-12 01:18:22.317 - [DEBUG] ||| prep_pass ||| Chain complete
2026-06-12 01:18:22.317 - [DEBUG] ||| run ||| pending_perm = [None, None, None, None, None, None, None, None, None, None, None, None, 27, 26, 25, 24, 23, 8, 10, 9, 11, 12, 14, 13, 15, 22, 21, 20, 19, 18, 17, 16] | src = 12, dest = 27
2026-06-12 01:18:22.317 - [DEBUG] ||| prep_pass ||| Next permutation = [None, None, None, None, None, None, None, None, None, None, None, None, None, None, 25, 24, 23, 8, 10, 9, 11, 12, 14, 13, 15, 22, 21, 20, 19, 18, 17, 16]
2026-06-12 01:18:22.318 - [DEBUG] ||| prep_pass ||| Chain complete
2026-06-12 01:18:22.318 - [DEBUG] ||| run ||| pending_perm = [None, None, None, None, None, None, None, None, None, None, None, None, None, None, 25, 24, 23, 8, 10, 9, 11, 12, 14, 13, 15, 22, 21, 20, 19, 18, 17, 16] | src = 14, dest = 25
2026-06-12 01:18:22.319 - [DEBUG] ||| prep_pass ||| Next permutation = [None, None, None, None, None, None, None, None, None, None, None, None, None, None, None, None, 23, 8, 10, 9, 11, 12, 14, 13, 15, 22, 21, 20, 19, 18, 17, 16]
2026-06-12 01:18:22.319 - [DEBUG] ||| prep_pass ||| Chain complete
2026-06-12 01:18:22.320 - [DEBUG] ||| run ||| pending_perm = [None, None, None, None, None, None, None, None, None, None, None, None, None, None, None, None, 23, 8, 10, 9, 11, 12, 14, 13, 15, 22, 21, 20, 19, 18, 17, 16] | src = 16, dest = 23
2026-06-12 01:18:22.320 - [DEBUG] ||| prep_pass ||| Next permutation = [None, None, None, None, None, None, None, None, None, None, None, None, None, None, None, None, None, None, 10, 9, 11, 12, 14, 13, 15, 22, 21, 20, 19, 18, 17, 16]
2026-06-12 01:18:22.320 - [DEBUG] ||| prep_pass ||| rb_src = 24, rb_dest = 15
2026-06-12 01:18:22.321 - [DEBUG] ||| prep_pass ||| Next permutation = [None, None, None, None, None, None, None, None, None, None, None, None, None, None, None, None, None, None, 10, 9, 11, 12, 14, 13, None, None, 21, 20, 19, 18, 17, 16]
2026-06-12 01:18:22.321 - [DEBUG] ||| prep_pass ||| rb_src = 23, rb_dest = 13
2026-06-12 01:18:22.321 - [DEBUG] ||| prep_pass ||| Next permutation = [None, None, None, None, None, None, None, None, None, None, None, None, None, None, None, None, None, None, 10, 9, 11, 12, None, None, None, None, 21, 20, 19, 18, 17, 16]
2026-06-12 01:18:22.322 - [DEBUG] ||| prep_pass ||| rb_src = 20, rb_dest = 11
2026-06-12 01:18:22.322 - [DEBUG] ||| prep_pass ||| Next permutation = [None, None, None, None, None, None, None, None, None, None, None, None, None, None, None, None, None, None, 10, 9, None, None, None, None, None, None, 21, 20, 19, 18, 17, 16]
2026-06-12 01:18:22.323 - [DEBUG] ||| prep_pass ||| rb_src = 19, rb_dest = 9
2026-06-12 01:18:22.323 - [DEBUG] ||| prep_pass ||| Next permutation = [None, None, None, None, None, None, None, None, None, None, None, None, None, None, None, None, None, None, None, None, None, None, None, None, None, None, 21, 20, 19, 18, 17, 16]
2026-06-12 01:18:22.323 - [DEBUG] ||| prep_pass ||| Chain complete
2026-06-12 01:18:22.324 - [DEBUG] ||| run ||| pending_perm = [None, None, None, None, None, None, None, None, None, None, None, None, None, None, None, None, None, None, None, None, None, None, None, None, None, None, 21, 20, 19, 18, 17, 16] | src = 26, dest = 21
2026-06-12 01:18:22.324 - [DEBUG] ||| prep_pass ||| Next permutation = [None, None, None, None, None, None, None, None, None, None, None, None, None, None, None, None, None, None, None, None, None, None, None, None, None, None, None, None, 19, 18, 17, 16]
2026-06-12 01:18:22.324 - [DEBUG] ||| prep_pass ||| Chain complete
2026-06-12 01:18:22.325 - [DEBUG] ||| run ||| pending_perm = [None, None, None, None, None, None, None, None, None, None, None, None, None, None, None, None, None, None, None, None, None, None, None, None, None, None, None, None, 19, 18, 17, 16] | src = 28, dest = 19
2026-06-12 01:18:22.325 - [DEBUG] ||| prep_pass ||| Next permutation = [None, None, None, None, None, None, None, None, None, None, None, None, None, None, None, None, None, None, None, None, None, None, None, None, None, None, None, None, None, None, 17, 16]
2026-06-12 01:18:22.325 - [DEBUG] ||| prep_pass ||| Chain complete
2026-06-12 01:18:22.326 - [DEBUG] ||| run ||| pending_perm = [None, None, None, None, None, None, None, None, None, None, None, None, None, None, None, None, None, None, None, None, None, None, None, None, None, None, None, None, None, None, 17, 16] | src = 30, dest = 17
2026-06-12 01:18:22.326 - [DEBUG] ||| prep_pass ||| Next permutation = [None, None, None, None, None, None, None, None, None, None, None, None, None, None, None, None, None, None, None, None, None, None, None, None, None, None, None, None, None, None, None, None]
2026-06-12 01:18:22.327 - [DEBUG] ||| prep_pass ||| Chain complete
2026-06-12 01:18:22.327 - [DEBUG] ||| normalize_perm ||| Permutation post normalization = [31, 30, 29, 1, 3, 2, 0, 5, 7, 6, 4, 28, 27, 26, 25, 24, 23, 9, 11, 10, 8, 13, 15, 14, 12, 22, 21, 20, 19, 18, 17, 16]
2026-06-12 01:18:22.328 - [DEBUG] ||| run ||| pending_perm = [31, 30, 29, 1, 3, 2, 0, 5, 7, 6, 4, 28, 27, 26, 25, 24, 23, 9, 11, 10, 8, 13, 15, 14, 12, 22, 21, 20, 19, 18, 17, 16] | src = 0, dest = 31
2026-06-12 01:18:22.328 - [DEBUG] ||| prep_pass ||| Next permutation = [None, None, 29, 1, 3, 2, 0, 5, 7, 6, 4, 28, 27, 26, 25, 24, 23, 9, 11, 10, 8, 13, 15, 14, 12, 22, 21, 20, 19, 18, 17, 16]
2026-06-12 01:18:22.329 - [DEBUG] ||| prep_pass ||| Chain complete
2026-06-12 01:18:22.329 - [DEBUG] ||| run ||| pending_perm = [None, None, 29, 1, 3, 2, 0, 5, 7, 6, 4, 28, 27, 26, 25, 24, 23, 9, 11, 10, 8, 13, 15, 14, 12, 22, 21, 20, 19, 18, 17, 16] | src = 2, dest = 29
2026-06-12 01:18:22.330 - [DEBUG] ||| prep_pass ||| Next permutation = [None, None, None, None, 3, 2, 0, 5, 7, 6, 4, 28, 27, 26, 25, 24, 23, 9, 11, 10, 8, 13, 15, 14, 12, 22, 21, 20, 19, 18, 17, 16]
2026-06-12 01:18:22.330 - [DEBUG] ||| prep_pass ||| rb_src = 10, rb_dest = 4
2026-06-12 01:18:22.331 - [DEBUG] ||| prep_pass ||| Next permutation = [None, None, None, None, 3, 2, 0, 5, 7, 6, None, None, 27, 26, 25, 24, 23, 9, 11, 10, 8, 13, 15, 14, 12, 22, 21, 20, 19, 18, 17, 16]
2026-06-12 01:18:22.331 - [DEBUG] ||| prep_pass ||| rb_src = 6, rb_dest = 0
2026-06-12 01:18:22.332 - [DEBUG] ||| prep_pass ||| Next permutation = [None, None, None, None, 3, 2, None, None, 7, 6, None, None, 27, 26, 25, 24, 23, 9, 11, 10, 8, 13, 15, 14, 12, 22, 21, 20, 19, 18, 17, 16]
2026-06-12 01:18:22.332 - [DEBUG] ||| prep_pass ||| Chain complete
2026-06-12 01:18:22.333 - [DEBUG] ||| run ||| pending_perm = [None, None, None, None, 3, 2, None, None, 7, 6, None, None, 27, 26, 25, 24, 23, 9, 11, 10, 8, 13, 15, 14, 12, 22, 21, 20, 19, 18, 17, 16] | src = 4, dest = 3
2026-06-12 01:18:22.333 - [DEBUG] ||| prep_pass ||| Next permutation = [None, None, None, None, None, None, None, None, 7, 6, None, None, 27, 26, 25, 24, 23, 9, 11, 10, 8, 13, 15, 14, 12, 22, 21, 20, 19, 18, 17, 16]
2026-06-12 01:18:22.333 - [DEBUG] ||| prep_pass ||| Chain complete
2026-06-12 01:18:22.334 - [DEBUG] ||| run ||| pending_perm = [None, None, None, None, None, None, None, None, 7, 6, None, None, 27, 26, 25, 24, 23, 9, 11, 10, 8, 13, 15, 14, 12, 22, 21, 20, 19, 18, 17, 16] | src = 8, dest = 7
2026-06-12 01:18:22.334 - [DEBUG] ||| prep_pass ||| Next permutation = [None, None, None, None, None, None, None, None, None, None, None, None, 27, 26, 25, 24, 23, 9, 11, 10, 8, 13, 15, 14, 12, 22, 21, 20, 19, 18, 17, 16]
2026-06-12 01:18:22.335 - [DEBUG] ||| prep_pass ||| Chain complete
2026-06-12 01:18:22.335 - [DEBUG] ||| run ||| pending_perm = [None, None, None, None, None, None, None, None, None, None, None, None, 27, 26, 25, 24, 23, 9, 11, 10, 8, 13, 15, 14, 12, 22, 21, 20, 19, 18, 17, 16] | src = 12, dest = 27
2026-06-12 01:18:22.335 - [DEBUG] ||| prep_pass ||| Next permutation = [None, None, None, None, None, None, None, None, None, None, None, None, None, None, 25, 24, 23, 9, 11, 10, 8, 13, 15, 14, 12, 22, 21, 20, 19, 18, 17, 16]
2026-06-12 01:18:22.336 - [DEBUG] ||| prep_pass ||| Chain complete
2026-06-12 01:18:22.336 - [DEBUG] ||| run ||| pending_perm = [None, None, None, None, None, None, None, None, None, None, None, None, None, None, 25, 24, 23, 9, 11, 10, 8, 13, 15, 14, 12, 22, 21, 20, 19, 18, 17, 16] | src = 14, dest = 25
2026-06-12 01:18:22.336 - [DEBUG] ||| prep_pass ||| Next permutation = [None, None, None, None, None, None, None, None, None, None, None, None, None, None, None, None, 23, 9, 11, 10, 8, 13, 15, 14, 12, 22, 21, 20, 19, 18, 17, 16]
2026-06-12 01:18:22.337 - [DEBUG] ||| prep_pass ||| Chain complete
2026-06-12 01:18:22.337 - [DEBUG] ||| run ||| pending_perm = [None, None, None, None, None, None, None, None, None, None, None, None, None, None, None, None, 23, 9, 11, 10, 8, 13, 15, 14, 12, 22, 21, 20, 19, 18, 17, 16] | src = 16, dest = 23
2026-06-12 01:18:22.338 - [DEBUG] ||| prep_pass ||| Next permutation = [None, None, None, None, None, None, None, None, None, None, None, None, None, None, None, None, None, None, 11, 10, 8, 13, 15, 14, 12, 22, 21, 20, 19, 18, 17, 16]
2026-06-12 01:18:22.338 - [DEBUG] ||| prep_pass ||| rb_src = 24, rb_dest = 12
2026-06-12 01:18:22.338 - [DEBUG] ||| prep_pass ||| Next permutation = [None, None, None, None, None, None, None, None, None, None, None, None, None, None, None, None, None, None, 11, 10, 8, 13, 15, 14, None, None, 21, 20, 19, 18, 17, 16]
2026-06-12 01:18:22.339 - [DEBUG] ||| prep_pass ||| rb_src = 20, rb_dest = 8
2026-06-12 01:18:22.340 - [DEBUG] ||| prep_pass ||| Next permutation = [None, None, None, None, None, None, None, None, None, None, None, None, None, None, None, None, None, None, 11, 10, None, None, 15, 14, None, None, 21, 20, 19, 18, 17, 16]
2026-06-12 01:18:22.340 - [DEBUG] ||| prep_pass ||| Chain complete
2026-06-12 01:18:22.341 - [DEBUG] ||| run ||| pending_perm = [None, None, None, None, None, None, None, None, None, None, None, None, None, None, None, None, None, None, 11, 10, None, None, 15, 14, None, None, 21, 20, 19, 18, 17, 16] | src = 18, dest = 11
2026-06-12 01:18:22.341 - [DEBUG] ||| prep_pass ||| Next permutation = [None, None, None, None, None, None, None, None, None, None, None, None, None, None, None, None, None, None, None, None, None, None, 15, 14, None, None, 21, 20, 19, 18, 17, 16]
2026-06-12 01:18:22.342 - [DEBUG] ||| prep_pass ||| Chain complete
2026-06-12 01:18:22.342 - [DEBUG] ||| run ||| pending_perm = [None, None, None, None, None, None, None, None, None, None, None, None, None, None, None, None, None, None, None, None, None, None, 15, 14, None, None, 21, 20, 19, 18, 17, 16] | src = 22, dest = 15
2026-06-12 01:18:22.343 - [DEBUG] ||| prep_pass ||| Next permutation = [None, None, None, None, None, None, None, None, None, None, None, None, None, None, None, None, None, None, None, None, None, None, None, None, None, None, 21, 20, 19, 18, 17, 16]
2026-06-12 01:18:22.343 - [DEBUG] ||| prep_pass ||| Chain complete
2026-06-12 01:18:22.344 - [DEBUG] ||| run ||| pending_perm = [None, None, None, None, None, None, None, None, None, None, None, None, None, None, None, None, None, None, None, None, None, None, None, None, None, None, 21, 20, 19, 18, 17, 16] | src = 26, dest = 21
2026-06-12 01:18:22.344 - [DEBUG] ||| prep_pass ||| Next permutation = [None, None, None, None, None, None, None, None, None, None, None, None, None, None, None, None, None, None, None, None, None, None, None, None, None, None, None, None, 19, 18, 17, 16]
2026-06-12 01:18:22.344 - [DEBUG] ||| prep_pass ||| Chain complete
2026-06-12 01:18:22.345 - [DEBUG] ||| run ||| pending_perm = [None, None, None, None, None, None, None, None, None, None, None, None, None, None, None, None, None, None, None, None, None, None, None, None, None, None, None, None, 19, 18, 17, 16] | src = 28, dest = 19
2026-06-12 01:18:22.345 - [DEBUG] ||| prep_pass ||| Next permutation = [None, None, None, None, None, None, None, None, None, None, None, None, None, None, None, None, None, None, None, None, None, None, None, None, None, None, None, None, None, None, 17, 16]
2026-06-12 01:18:22.346 - [DEBUG] ||| prep_pass ||| Chain complete
2026-06-12 01:18:22.346 - [DEBUG] ||| run ||| pending_perm = [None, None, None, None, None, None, None, None, None, None, None, None, None, None, None, None, None, None, None, None, None, None, None, None, None, None, None, None, None, None, 17, 16] | src = 30, dest = 17
2026-06-12 01:18:22.346 - [DEBUG] ||| prep_pass ||| Next permutation = [None, None, None, None, None, None, None, None, None, None, None, None, None, None, None, None, None, None, None, None, None, None, None, None, None, None, None, None, None, None, None, None]
2026-06-12 01:18:22.347 - [DEBUG] ||| prep_pass ||| Chain complete
2026-06-12 01:18:22.347 - [DEBUG] ||| propogate ||| stage = 1, input perm = [63, 61, 59, 1, 5, 2, 6, 9, 13, 10, 14, 57, 55, 53, 51, 49, 47, 17, 21, 18, 22, 25, 29, 26, 30, 45, 43, 41, 39, 37, 35, 33, 62, 60, 58, 3, 7, 4, 0, 11, 15, 12, 8, 56, 54, 52, 50, 48, 46, 19, 23, 20, 16, 27, 31, 28, 24, 44, 42, 40, 38, 36, 34, 32]
2026-06-12 01:18:22.348 - [DEBUG] ||| run ||| Stage[1] | Output permutation = [63, 59, 2, 6, 10, 14, 55, 51, 47, 18, 22, 26, 30, 43, 39, 35, 61, 1, 5, 9, 13, 57, 53, 49, 17, 21, 25, 29, 45, 41, 37, 33, 62, 58, 7, 0, 15, 8, 54, 50, 46, 23, 16, 31, 24, 42, 38, 34, 60, 3, 4, 11, 12, 56, 52, 48, 19, 20, 27, 28, 44, 40, 36, 32]
2026-06-12 01:18:22.348 - [DEBUG] ||| run ||| Stage[2] || perm_split = 4, split_len = 16, sw_split = 8, sub_perms = [[63, 59, 2, 6, 10, 14, 55, 51, 47, 18, 22, 26, 30, 43, 39, 35], [61, 1, 5, 9, 13, 57, 53, 49, 17, 21, 25, 29, 45, 41, 37, 33], [62, 58, 7, 0, 15, 8, 54, 50, 46, 23, 16, 31, 24, 42, 38, 34], [60, 3, 4, 11, 12, 56, 52, 48, 19, 20, 27, 28, 44, 40, 36, 32]]
2026-06-12 01:18:22.348 - [DEBUG] ||| normalize_perm ||| Permutation post normalization = [15, 14, 0, 1, 2, 3, 13, 12, 11, 4, 5, 6, 7, 10, 9, 8]
2026-06-12 01:18:22.349 - [DEBUG] ||| run ||| pending_perm = [15, 14, 0, 1, 2, 3, 13, 12, 11, 4, 5, 6, 7, 10, 9, 8] | src = 0, dest = 15
2026-06-12 01:18:22.349 - [DEBUG] ||| prep_pass ||| Next permutation = [None, None, 0, 1, 2, 3, 13, 12, 11, 4, 5, 6, 7, 10, 9, 8]
2026-06-12 01:18:22.349 - [DEBUG] ||| prep_pass ||| Chain complete
2026-06-12 01:18:22.350 - [DEBUG] ||| run ||| pending_perm = [None, None, 0, 1, 2, 3, 13, 12, 11, 4, 5, 6, 7, 10, 9, 8] | src = 2, dest = 0
2026-06-12 01:18:22.350 - [DEBUG] ||| prep_pass ||| Next permutation = [None, None, None, None, 2, 3, 13, 12, 11, 4, 5, 6, 7, 10, 9, 8]
2026-06-12 01:18:22.350 - [DEBUG] ||| prep_pass ||| Chain complete
2026-06-12 01:18:22.351 - [DEBUG] ||| run ||| pending_perm = [None, None, None, None, 2, 3, 13, 12, 11, 4, 5, 6, 7, 10, 9, 8] | src = 4, dest = 2
2026-06-12 01:18:22.351 - [DEBUG] ||| prep_pass ||| Next permutation = [None, None, None, None, None, None, 13, 12, 11, 4, 5, 6, 7, 10, 9, 8]
2026-06-12 01:18:22.351 - [DEBUG] ||| prep_pass ||| Chain complete
2026-06-12 01:18:22.352 - [DEBUG] ||| run ||| pending_perm = [None, None, None, None, None, None, 13, 12, 11, 4, 5, 6, 7, 10, 9, 8] | src = 6, dest = 13
2026-06-12 01:18:22.352 - [DEBUG] ||| prep_pass ||| Next permutation = [None, None, None, None, None, None, None, None, 11, 4, 5, 6, 7, 10, 9, 8]
2026-06-12 01:18:22.352 - [DEBUG] ||| prep_pass ||| Chain complete
2026-06-12 01:18:22.353 - [DEBUG] ||| run ||| pending_perm = [None, None, None, None, None, None, None, None, 11, 4, 5, 6, 7, 10, 9, 8] | src = 8, dest = 11
2026-06-12 01:18:22.353 - [DEBUG] ||| prep_pass ||| Next permutation = [None, None, None, None, None, None, None, None, None, None, 5, 6, 7, 10, 9, 8]
2026-06-12 01:18:22.353 - [DEBUG] ||| prep_pass ||| rb_src = 12, rb_dest = 7
2026-06-12 01:18:22.354 - [DEBUG] ||| prep_pass ||| Next permutation = [None, None, None, None, None, None, None, None, None, None, 5, 6, None, None, 9, 8]
2026-06-12 01:18:22.354 - [DEBUG] ||| prep_pass ||| rb_src = 10, rb_dest = 5
2026-06-12 01:18:22.354 - [DEBUG] ||| prep_pass ||| Next permutation = [None, None, None, None, None, None, None, None, None, None, None, None, None, None, 9, 8]
2026-06-12 01:18:22.355 - [DEBUG] ||| prep_pass ||| Chain complete
2026-06-12 01:18:22.355 - [DEBUG] ||| run ||| pending_perm = [None, None, None, None, None, None, None, None, None, None, None, None, None, None, 9, 8] | src = 14, dest = 9
2026-06-12 01:18:22.356 - [DEBUG] ||| prep_pass ||| Next permutation = [None, None, None, None, None, None, None, None, None, None, None, None, None, None, None, None]
2026-06-12 01:18:22.356 - [DEBUG] ||| prep_pass ||| Chain complete
2026-06-12 01:18:22.357 - [DEBUG] ||| normalize_perm ||| Permutation post normalization = [15, 0, 1, 2, 3, 14, 13, 12, 4, 5, 6, 7, 11, 10, 9, 8]
2026-06-12 01:18:22.357 - [DEBUG] ||| run ||| pending_perm = [15, 0, 1, 2, 3, 14, 13, 12, 4, 5, 6, 7, 11, 10, 9, 8] | src = 0, dest = 15
2026-06-12 01:18:22.357 - [DEBUG] ||| prep_pass ||| Next permutation = [None, None, 1, 2, 3, 14, 13, 12, 4, 5, 6, 7, 11, 10, 9, 8]
2026-06-12 01:18:22.358 - [DEBUG] ||| prep_pass ||| rb_src = 4, rb_dest = 3
2026-06-12 01:18:22.358 - [DEBUG] ||| prep_pass ||| Next permutation = [None, None, 1, 2, None, None, 13, 12, 4, 5, 6, 7, 11, 10, 9, 8]
2026-06-12 01:18:22.358 - [DEBUG] ||| prep_pass ||| rb_src = 2, rb_dest = 1
2026-06-12 01:18:22.359 - [DEBUG] ||| prep_pass ||| Next permutation = [None, None, None, None, None, None, 13, 12, 4, 5, 6, 7, 11, 10, 9, 8]
2026-06-12 01:18:22.359 - [DEBUG] ||| prep_pass ||| Chain complete
2026-06-12 01:18:22.359 - [DEBUG] ||| run ||| pending_perm = [None, None, None, None, None, None, 13, 12, 4, 5, 6, 7, 11, 10, 9, 8] | src = 6, dest = 13
2026-06-12 01:18:22.360 - [DEBUG] ||| prep_pass ||| Next permutation = [None, None, None, None, None, None, None, None, 4, 5, 6, 7, 11, 10, 9, 8]
2026-06-12 01:18:22.360 - [DEBUG] ||| prep_pass ||| Chain complete
2026-06-12 01:18:22.360 - [DEBUG] ||| run ||| pending_perm = [None, None, None, None, None, None, None, None, 4, 5, 6, 7, 11, 10, 9, 8] | src = 8, dest = 4
2026-06-12 01:18:22.361 - [DEBUG] ||| prep_pass ||| Next permutation = [None, None, None, None, None, None, None, None, None, None, 6, 7, 11, 10, 9, 8]
2026-06-12 01:18:22.361 - [DEBUG] ||| prep_pass ||| Chain complete
2026-06-12 01:18:22.361 - [DEBUG] ||| run ||| pending_perm = [None, None, None, None, None, None, None, None, None, None, 6, 7, 11, 10, 9, 8] | src = 10, dest = 6
2026-06-12 01:18:22.362 - [DEBUG] ||| prep_pass ||| Next permutation = [None, None, None, None, None, None, None, None, None, None, None, None, 11, 10, 9, 8]
2026-06-12 01:18:22.362 - [DEBUG] ||| prep_pass ||| Chain complete
2026-06-12 01:18:22.362 - [DEBUG] ||| run ||| pending_perm = [None, None, None, None, None, None, None, None, None, None, None, None, 11, 10, 9, 8] | src = 12, dest = 11
2026-06-12 01:18:22.363 - [DEBUG] ||| prep_pass ||| Next permutation = [None, None, None, None, None, None, None, None, None, None, None, None, None, None, 9, 8]
2026-06-12 01:18:22.363 - [DEBUG] ||| prep_pass ||| Chain complete
2026-06-12 01:18:22.363 - [DEBUG] ||| run ||| pending_perm = [None, None, None, None, None, None, None, None, None, None, None, None, None, None, 9, 8] | src = 14, dest = 9
2026-06-12 01:18:22.364 - [DEBUG] ||| prep_pass ||| Next permutation = [None, None, None, None, None, None, None, None, None, None, None, None, None, None, None, None]
2026-06-12 01:18:22.364 - [DEBUG] ||| prep_pass ||| Chain complete
2026-06-12 01:18:22.365 - [DEBUG] ||| normalize_perm ||| Permutation post normalization = [15, 14, 1, 0, 3, 2, 13, 12, 11, 5, 4, 7, 6, 10, 9, 8]
2026-06-12 01:18:22.365 - [DEBUG] ||| run ||| pending_perm = [15, 14, 1, 0, 3, 2, 13, 12, 11, 5, 4, 7, 6, 10, 9, 8] | src = 0, dest = 15
2026-06-12 01:18:22.365 - [DEBUG] ||| prep_pass ||| Next permutation = [None, None, 1, 0, 3, 2, 13, 12, 11, 5, 4, 7, 6, 10, 9, 8]
2026-06-12 01:18:22.366 - [DEBUG] ||| prep_pass ||| Chain complete
2026-06-12 01:18:22.366 - [DEBUG] ||| run ||| pending_perm = [None, None, 1, 0, 3, 2, 13, 12, 11, 5, 4, 7, 6, 10, 9, 8] | src = 2, dest = 1
2026-06-12 01:18:22.366 - [DEBUG] ||| prep_pass ||| Next permutation = [None, None, None, None, 3, 2, 13, 12, 11, 5, 4, 7, 6, 10, 9, 8]
2026-06-12 01:18:22.367 - [DEBUG] ||| prep_pass ||| Chain complete
2026-06-12 01:18:22.367 - [DEBUG] ||| run ||| pending_perm = [None, None, None, None, 3, 2, 13, 12, 11, 5, 4, 7, 6, 10, 9, 8] | src = 4, dest = 3
2026-06-12 01:18:22.367 - [DEBUG] ||| prep_pass ||| Next permutation = [None, None, None, None, None, None, 13, 12, 11, 5, 4, 7, 6, 10, 9, 8]
2026-06-12 01:18:22.368 - [DEBUG] ||| prep_pass ||| Chain complete
2026-06-12 01:18:22.368 - [DEBUG] ||| run ||| pending_perm = [None, None, None, None, None, None, 13, 12, 11, 5, 4, 7, 6, 10, 9, 8] | src = 6, dest = 13
2026-06-12 01:18:22.368 - [DEBUG] ||| prep_pass ||| Next permutation = [None, None, None, None, None, None, None, None, 11, 5, 4, 7, 6, 10, 9, 8]
2026-06-12 01:18:22.369 - [DEBUG] ||| prep_pass ||| Chain complete
2026-06-12 01:18:22.369 - [DEBUG] ||| run ||| pending_perm = [None, None, None, None, None, None, None, None, 11, 5, 4, 7, 6, 10, 9, 8] | src = 8, dest = 11
2026-06-12 01:18:22.369 - [DEBUG] ||| prep_pass ||| Next permutation = [None, None, None, None, None, None, None, None, None, None, 4, 7, 6, 10, 9, 8]
2026-06-12 01:18:22.370 - [DEBUG] ||| prep_pass ||| rb_src = 12, rb_dest = 6
2026-06-12 01:18:22.370 - [DEBUG] ||| prep_pass ||| Next permutation = [None, None, None, None, None, None, None, None, None, None, 4, 7, None, None, 9, 8]
2026-06-12 01:18:22.370 - [DEBUG] ||| prep_pass ||| rb_src = 10, rb_dest = 4
2026-06-12 01:18:22.371 - [DEBUG] ||| prep_pass ||| Next permutation = [None, None, None, None, None, None, None, None, None, None, None, None, None, None, 9, 8]
2026-06-12 01:18:22.371 - [DEBUG] ||| prep_pass ||| Chain complete
2026-06-12 01:18:22.372 - [DEBUG] ||| run ||| pending_perm = [None, None, None, None, None, None, None, None, None, None, None, None, None, None, 9, 8] | src = 14, dest = 9
2026-06-12 01:18:22.372 - [DEBUG] ||| prep_pass ||| Next permutation = [None, None, None, None, None, None, None, None, None, None, None, None, None, None, None, None]
2026-06-12 01:18:22.372 - [DEBUG] ||| prep_pass ||| Chain complete
2026-06-12 01:18:22.373 - [DEBUG] ||| normalize_perm ||| Permutation post normalization = [15, 0, 1, 2, 3, 14, 13, 12, 4, 5, 6, 7, 11, 10, 9, 8]
2026-06-12 01:18:22.373 - [DEBUG] ||| run ||| pending_perm = [15, 0, 1, 2, 3, 14, 13, 12, 4, 5, 6, 7, 11, 10, 9, 8] | src = 0, dest = 15
2026-06-12 01:18:22.373 - [DEBUG] ||| prep_pass ||| Next permutation = [None, None, 1, 2, 3, 14, 13, 12, 4, 5, 6, 7, 11, 10, 9, 8]
2026-06-12 01:18:22.374 - [DEBUG] ||| prep_pass ||| rb_src = 4, rb_dest = 3
2026-06-12 01:18:22.374 - [DEBUG] ||| prep_pass ||| Next permutation = [None, None, 1, 2, None, None, 13, 12, 4, 5, 6, 7, 11, 10, 9, 8]
2026-06-12 01:18:22.374 - [DEBUG] ||| prep_pass ||| rb_src = 2, rb_dest = 1
2026-06-12 01:18:22.375 - [DEBUG] ||| prep_pass ||| Next permutation = [None, None, None, None, None, None, 13, 12, 4, 5, 6, 7, 11, 10, 9, 8]
2026-06-12 01:18:22.375 - [DEBUG] ||| prep_pass ||| Chain complete
2026-06-12 01:18:22.375 - [DEBUG] ||| run ||| pending_perm = [None, None, None, None, None, None, 13, 12, 4, 5, 6, 7, 11, 10, 9, 8] | src = 6, dest = 13
2026-06-12 01:18:22.376 - [DEBUG] ||| prep_pass ||| Next permutation = [None, None, None, None, None, None, None, None, 4, 5, 6, 7, 11, 10, 9, 8]
2026-06-12 01:18:22.376 - [DEBUG] ||| prep_pass ||| Chain complete
2026-06-12 01:18:22.376 - [DEBUG] ||| run ||| pending_perm = [None, None, None, None, None, None, None, None, 4, 5, 6, 7, 11, 10, 9, 8] | src = 8, dest = 4
2026-06-12 01:18:22.377 - [DEBUG] ||| prep_pass ||| Next permutation = [None, None, None, None, None, None, None, None, None, None, 6, 7, 11, 10, 9, 8]
2026-06-12 01:18:22.377 - [DEBUG] ||| prep_pass ||| Chain complete
2026-06-12 01:18:22.377 - [DEBUG] ||| run ||| pending_perm = [None, None, None, None, None, None, None, None, None, None, 6, 7, 11, 10, 9, 8] | src = 10, dest = 6
2026-06-12 01:18:22.378 - [DEBUG] ||| prep_pass ||| Next permutation = [None, None, None, None, None, None, None, None, None, None, None, None, 11, 10, 9, 8]
2026-06-12 01:18:22.378 - [DEBUG] ||| prep_pass ||| Chain complete
2026-06-12 01:18:22.378 - [DEBUG] ||| run ||| pending_perm = [None, None, None, None, None, None, None, None, None, None, None, None, 11, 10, 9, 8] | src = 12, dest = 11
2026-06-12 01:18:22.379 - [DEBUG] ||| prep_pass ||| Next permutation = [None, None, None, None, None, None, None, None, None, None, None, None, None, None, 9, 8]
2026-06-12 01:18:22.379 - [DEBUG] ||| prep_pass ||| Chain complete
2026-06-12 01:18:22.379 - [DEBUG] ||| run ||| pending_perm = [None, None, None, None, None, None, None, None, None, None, None, None, None, None, 9, 8] | src = 14, dest = 9
2026-06-12 01:18:22.380 - [DEBUG] ||| prep_pass ||| Next permutation = [None, None, None, None, None, None, None, None, None, None, None, None, None, None, None, None]
2026-06-12 01:18:22.380 - [DEBUG] ||| prep_pass ||| Chain complete
2026-06-12 01:18:22.380 - [DEBUG] ||| propogate ||| stage = 2, input perm = [63, 59, 2, 6, 10, 14, 55, 51, 47, 18, 22, 26, 30, 43, 39, 35, 61, 1, 5, 9, 13, 57, 53, 49, 17, 21, 25, 29, 45, 41, 37, 33, 62, 58, 7, 0, 15, 8, 54, 50, 46, 23, 16, 31, 24, 42, 38, 34, 60, 3, 4, 11, 12, 56, 52, 48, 19, 20, 27, 28, 44, 40, 36, 32]
2026-06-12 01:18:22.381 - [DEBUG] ||| run ||| Stage[2] | Output permutation = [63, 2, 10, 55, 47, 22, 30, 39, 59, 6, 14, 51, 18, 26, 43, 35, 61, 5, 13, 53, 17, 25, 45, 37, 1, 9, 57, 49, 21, 29, 41, 33, 62, 7, 15, 54, 46, 16, 24, 38, 58, 0, 8, 50, 23, 31, 42, 34, 60, 4, 12, 52, 19, 27, 44, 36, 3, 11, 56, 48, 20, 28, 40, 32]
2026-06-12 01:18:22.381 - [DEBUG] ||| run ||| Stage[3] || perm_split = 8, split_len = 8, sw_split = 4, sub_perms = [[63, 2, 10, 55, 47, 22, 30, 39], [59, 6, 14, 51, 18, 26, 43, 35], [61, 5, 13, 53, 17, 25, 45, 37], [1, 9, 57, 49, 21, 29, 41, 33], [62, 7, 15, 54, 46, 16, 24, 38], [58, 0, 8, 50, 23, 31, 42, 34], [60, 4, 12, 52, 19, 27, 44, 36], [3, 11, 56, 48, 20, 28, 40, 32]]
2026-06-12 01:18:22.381 - [DEBUG] ||| normalize_perm ||| Permutation post normalization = [7, 0, 1, 6, 5, 2, 3, 4]
2026-06-12 01:18:22.382 - [DEBUG] ||| run ||| pending_perm = [7, 0, 1, 6, 5, 2, 3, 4] | src = 0, dest = 7
2026-06-12 01:18:22.382 - [DEBUG] ||| prep_pass ||| Next permutation = [None, None, 1, 6, 5, 2, 3, 4]
2026-06-12 01:18:22.382 - [DEBUG] ||| prep_pass ||| rb_src = 2, rb_dest = 1
2026-06-12 01:18:22.383 - [DEBUG] ||| prep_pass ||| Next permutation = [None, None, None, None, 5, 2, 3, 4]
2026-06-12 01:18:22.383 - [DEBUG] ||| prep_pass ||| Chain complete
2026-06-12 01:18:22.383 - [DEBUG] ||| run ||| pending_perm = [None, None, None, None, 5, 2, 3, 4] | src = 4, dest = 5
2026-06-12 01:18:22.384 - [DEBUG] ||| prep_pass ||| Next permutation = [None, None, None, None, None, None, 3, 4]
2026-06-12 01:18:22.384 - [DEBUG] ||| prep_pass ||| rb_src = 6, rb_dest = 3
2026-06-12 01:18:22.384 - [DEBUG] ||| prep_pass ||| Next permutation = [None, None, None, None, None, None, None, None]
2026-06-12 01:18:22.385 - [DEBUG] ||| prep_pass ||| Chain complete
2026-06-12 01:18:22.385 - [DEBUG] ||| normalize_perm ||| Permutation post normalization = [7, 0, 1, 6, 2, 3, 5, 4]
2026-06-12 01:18:22.385 - [DEBUG] ||| run ||| pending_perm = [7, 0, 1, 6, 2, 3, 5, 4] | src = 0, dest = 7
2026-06-12 01:18:22.386 - [DEBUG] ||| prep_pass ||| Next permutation = [None, None, 1, 6, 2, 3, 5, 4]
2026-06-12 01:18:22.386 - [DEBUG] ||| prep_pass ||| rb_src = 2, rb_dest = 1
2026-06-12 01:18:22.386 - [DEBUG] ||| prep_pass ||| Next permutation = [None, None, None, None, 2, 3, 5, 4]
2026-06-12 01:18:22.387 - [DEBUG] ||| prep_pass ||| Chain complete
2026-06-12 01:18:22.387 - [DEBUG] ||| run ||| pending_perm = [None, None, None, None, 2, 3, 5, 4] | src = 4, dest = 2
2026-06-12 01:18:22.387 - [DEBUG] ||| prep_pass ||| Next permutation = [None, None, None, None, None, None, 5, 4]
2026-06-12 01:18:22.388 - [DEBUG] ||| prep_pass ||| Chain complete
2026-06-12 01:18:22.388 - [DEBUG] ||| run ||| pending_perm = [None, None, None, None, None, None, 5, 4] | src = 6, dest = 5
2026-06-12 01:18:22.388 - [DEBUG] ||| prep_pass ||| Next permutation = [None, None, None, None, None, None, None, None]
2026-06-12 01:18:22.389 - [DEBUG] ||| prep_pass ||| Chain complete
2026-06-12 01:18:22.389 - [DEBUG] ||| normalize_perm ||| Permutation post normalization = [7, 0, 1, 6, 2, 3, 5, 4]
2026-06-12 01:18:22.389 - [DEBUG] ||| run ||| pending_perm = [7, 0, 1, 6, 2, 3, 5, 4] | src = 0, dest = 7
2026-06-12 01:18:22.390 - [DEBUG] ||| prep_pass ||| Next permutation = [None, None, 1, 6, 2, 3, 5, 4]
2026-06-12 01:18:22.390 - [DEBUG] ||| prep_pass ||| rb_src = 2, rb_dest = 1
2026-06-12 01:18:22.390 - [DEBUG] ||| prep_pass ||| Next permutation = [None, None, None, None, 2, 3, 5, 4]
2026-06-12 01:18:22.390 - [DEBUG] ||| prep_pass ||| Chain complete
2026-06-12 01:18:22.391 - [DEBUG] ||| run ||| pending_perm = [None, None, None, None, 2, 3, 5, 4] | src = 4, dest = 2
2026-06-12 01:18:22.391 - [DEBUG] ||| prep_pass ||| Next permutation = [None, None, None, None, None, None, 5, 4]
2026-06-12 01:18:22.392 - [DEBUG] ||| prep_pass ||| Chain complete
2026-06-12 01:18:22.392 - [DEBUG] ||| run ||| pending_perm = [None, None, None, None, None, None, 5, 4] | src = 6, dest = 5
2026-06-12 01:18:22.392 - [DEBUG] ||| prep_pass ||| Next permutation = [None, None, None, None, None, None, None, None]
2026-06-12 01:18:22.392 - [DEBUG] ||| prep_pass ||| Chain complete
2026-06-12 01:18:22.393 - [DEBUG] ||| normalize_perm ||| Permutation post normalization = [0, 1, 7, 6, 2, 3, 5, 4]
2026-06-12 01:18:22.393 - [DEBUG] ||| run ||| pending_perm = [0, 1, 7, 6, 2, 3, 5, 4] | src = 0, dest = 0
2026-06-12 01:18:22.393 - [DEBUG] ||| prep_pass ||| Next permutation = [None, None, 7, 6, 2, 3, 5, 4]
2026-06-12 01:18:22.394 - [DEBUG] ||| prep_pass ||| Chain complete
2026-06-12 01:18:22.394 - [DEBUG] ||| run ||| pending_perm = [None, None, 7, 6, 2, 3, 5, 4] | src = 2, dest = 7
2026-06-12 01:18:22.394 - [DEBUG] ||| prep_pass ||| Next permutation = [None, None, None, None, 2, 3, 5, 4]
2026-06-12 01:18:22.395 - [DEBUG] ||| prep_pass ||| Chain complete
2026-06-12 01:18:22.395 - [DEBUG] ||| run ||| pending_perm = [None, None, None, None, 2, 3, 5, 4] | src = 4, dest = 2
2026-06-12 01:18:22.395 - [DEBUG] ||| prep_pass ||| Next permutation = [None, None, None, None, None, None, 5, 4]
2026-06-12 01:18:22.396 - [DEBUG] ||| prep_pass ||| Chain complete
2026-06-12 01:18:22.396 - [DEBUG] ||| run ||| pending_perm = [None, None, None, None, None, None, 5, 4] | src = 6, dest = 5
2026-06-12 01:18:22.396 - [DEBUG] ||| prep_pass ||| Next permutation = [None, None, None, None, None, None, None, None]
2026-06-12 01:18:22.396 - [DEBUG] ||| prep_pass ||| Chain complete
2026-06-12 01:18:22.397 - [DEBUG] ||| normalize_perm ||| Permutation post normalization = [7, 0, 1, 6, 5, 2, 3, 4]
2026-06-12 01:18:22.397 - [DEBUG] ||| run ||| pending_perm = [7, 0, 1, 6, 5, 2, 3, 4] | src = 0, dest = 7
2026-06-12 01:18:22.397 - [DEBUG] ||| prep_pass ||| Next permutation = [None, None, 1, 6, 5, 2, 3, 4]
2026-06-12 01:18:22.398 - [DEBUG] ||| prep_pass ||| rb_src = 2, rb_dest = 1
2026-06-12 01:18:22.398 - [DEBUG] ||| prep_pass ||| Next permutation = [None, None, None, None, 5, 2, 3, 4]
2026-06-12 01:18:22.398 - [DEBUG] ||| prep_pass ||| Chain complete
2026-06-12 01:18:22.399 - [DEBUG] ||| run ||| pending_perm = [None, None, None, None, 5, 2, 3, 4] | src = 4, dest = 5
2026-06-12 01:18:22.399 - [DEBUG] ||| prep_pass ||| Next permutation = [None, None, None, None, None, None, 3, 4]
2026-06-12 01:18:22.399 - [DEBUG] ||| prep_pass ||| rb_src = 6, rb_dest = 3
2026-06-12 01:18:22.400 - [DEBUG] ||| prep_pass ||| Next permutation = [None, None, None, None, None, None, None, None]
2026-06-12 01:18:22.400 - [DEBUG] ||| prep_pass ||| Chain complete
2026-06-12 01:18:22.401 - [DEBUG] ||| normalize_perm ||| Permutation post normalization = [7, 0, 1, 6, 2, 3, 5, 4]
2026-06-12 01:18:22.401 - [DEBUG] ||| run ||| pending_perm = [7, 0, 1, 6, 2, 3, 5, 4] | src = 0, dest = 7
2026-06-12 01:18:22.402 - [DEBUG] ||| prep_pass ||| Next permutation = [None, None, 1, 6, 2, 3, 5, 4]
2026-06-12 01:18:22.402 - [DEBUG] ||| prep_pass ||| rb_src = 2, rb_dest = 1
2026-06-12 01:18:22.403 - [DEBUG] ||| prep_pass ||| Next permutation = [None, None, None, None, 2, 3, 5, 4]
2026-06-12 01:18:22.403 - [DEBUG] ||| prep_pass ||| Chain complete
2026-06-12 01:18:22.404 - [DEBUG] ||| run ||| pending_perm = [None, None, None, None, 2, 3, 5, 4] | src = 4, dest = 2
2026-06-12 01:18:22.404 - [DEBUG] ||| prep_pass ||| Next permutation = [None, None, None, None, None, None, 5, 4]
2026-06-12 01:18:22.405 - [DEBUG] ||| prep_pass ||| Chain complete
2026-06-12 01:18:22.405 - [DEBUG] ||| run ||| pending_perm = [None, None, None, None, None, None, 5, 4] | src = 6, dest = 5
2026-06-12 01:18:22.406 - [DEBUG] ||| prep_pass ||| Next permutation = [None, None, None, None, None, None, None, None]
2026-06-12 01:18:22.406 - [DEBUG] ||| prep_pass ||| Chain complete
2026-06-12 01:18:22.407 - [DEBUG] ||| normalize_perm ||| Permutation post normalization = [7, 0, 1, 6, 2, 3, 5, 4]
2026-06-12 01:18:22.407 - [DEBUG] ||| run ||| pending_perm = [7, 0, 1, 6, 2, 3, 5, 4] | src = 0, dest = 7
2026-06-12 01:18:22.407 - [DEBUG] ||| prep_pass ||| Next permutation = [None, None, 1, 6, 2, 3, 5, 4]
2026-06-12 01:18:22.408 - [DEBUG] ||| prep_pass ||| rb_src = 2, rb_dest = 1
2026-06-12 01:18:22.408 - [DEBUG] ||| prep_pass ||| Next permutation = [None, None, None, None, 2, 3, 5, 4]
2026-06-12 01:18:22.408 - [DEBUG] ||| prep_pass ||| Chain complete
2026-06-12 01:18:22.409 - [DEBUG] ||| run ||| pending_perm = [None, None, None, None, 2, 3, 5, 4] | src = 4, dest = 2
2026-06-12 01:18:22.409 - [DEBUG] ||| prep_pass ||| Next permutation = [None, None, None, None, None, None, 5, 4]
2026-06-12 01:18:22.409 - [DEBUG] ||| prep_pass ||| Chain complete
2026-06-12 01:18:22.410 - [DEBUG] ||| run ||| pending_perm = [None, None, None, None, None, None, 5, 4] | src = 6, dest = 5
2026-06-12 01:18:22.410 - [DEBUG] ||| prep_pass ||| Next permutation = [None, None, None, None, None, None, None, None]
2026-06-12 01:18:22.410 - [DEBUG] ||| prep_pass ||| Chain complete
2026-06-12 01:18:22.411 - [DEBUG] ||| normalize_perm ||| Permutation post normalization = [0, 1, 7, 6, 2, 3, 5, 4]
2026-06-12 01:18:22.411 - [DEBUG] ||| run ||| pending_perm = [0, 1, 7, 6, 2, 3, 5, 4] | src = 0, dest = 0
2026-06-12 01:18:22.412 - [DEBUG] ||| prep_pass ||| Next permutation = [None, None, 7, 6, 2, 3, 5, 4]
2026-06-12 01:18:22.412 - [DEBUG] ||| prep_pass ||| Chain complete
2026-06-12 01:18:22.412 - [DEBUG] ||| run ||| pending_perm = [None, None, 7, 6, 2, 3, 5, 4] | src = 2, dest = 7
2026-06-12 01:18:22.413 - [DEBUG] ||| prep_pass ||| Next permutation = [None, None, None, None, 2, 3, 5, 4]
2026-06-12 01:18:22.413 - [DEBUG] ||| prep_pass ||| Chain complete
2026-06-12 01:18:22.414 - [DEBUG] ||| run ||| pending_perm = [None, None, None, None, 2, 3, 5, 4] | src = 4, dest = 2
2026-06-12 01:18:22.414 - [DEBUG] ||| prep_pass ||| Next permutation = [None, None, None, None, None, None, 5, 4]
2026-06-12 01:18:22.414 - [DEBUG] ||| prep_pass ||| Chain complete
2026-06-12 01:18:22.415 - [DEBUG] ||| run ||| pending_perm = [None, None, None, None, None, None, 5, 4] | src = 6, dest = 5
2026-06-12 01:18:22.415 - [DEBUG] ||| prep_pass ||| Next permutation = [None, None, None, None, None, None, None, None]
2026-06-12 01:18:22.416 - [DEBUG] ||| prep_pass ||| Chain complete
2026-06-12 01:18:22.416 - [DEBUG] ||| propogate ||| stage = 3, input perm = [63, 2, 10, 55, 47, 22, 30, 39, 59, 6, 14, 51, 18, 26, 43, 35, 61, 5, 13, 53, 17, 25, 45, 37, 1, 9, 57, 49, 21, 29, 41, 33, 62, 7, 15, 54, 46, 16, 24, 38, 58, 0, 8, 50, 23, 31, 42, 34, 60, 4, 12, 52, 19, 27, 44, 36, 3, 11, 56, 48, 20, 28, 40, 32]
2026-06-12 01:18:22.416 - [DEBUG] ||| run ||| Stage[3] | Output permutation = [63, 10, 47, 30, 2, 55, 22, 39, 59, 14, 18, 43, 6, 51, 26, 35, 61, 13, 17, 45, 5, 53, 25, 37, 1, 57, 21, 41, 9, 49, 29, 33, 62, 15, 46, 24, 7, 54, 16, 38, 58, 8, 23, 42, 0, 50, 31, 34, 60, 12, 19, 44, 4, 52, 27, 36, 3, 56, 20, 40, 11, 48, 28, 32]
2026-06-12 01:18:22.417 - [DEBUG] ||| run ||| Stage[4] || perm_split = 16, split_len = 4, sw_split = 2, sub_perms = [[63, 10, 47, 30], [2, 55, 22, 39], [59, 14, 18, 43], [6, 51, 26, 35], [61, 13, 17, 45], [5, 53, 25, 37], [1, 57, 21, 41], [9, 49, 29, 33], [62, 15, 46, 24], [7, 54, 16, 38], [58, 8, 23, 42], [0, 50, 31, 34], [60, 12, 19, 44], [4, 52, 27, 36], [3, 56, 20, 40], [11, 48, 28, 32]]
2026-06-12 01:18:22.417 - [DEBUG] ||| normalize_perm ||| Permutation post normalization = [3, 0, 2, 1]
2026-06-12 01:18:22.417 - [DEBUG] ||| run ||| pending_perm = [3, 0, 2, 1] | src = 0, dest = 3
2026-06-12 01:18:22.418 - [DEBUG] ||| prep_pass ||| Next permutation = [None, None, 2, 1]
2026-06-12 01:18:22.418 - [DEBUG] ||| prep_pass ||| rb_src = 3, rb_dest = 1
2026-06-12 01:18:22.418 - [DEBUG] ||| prep_pass ||| Next permutation = [None, None, None, None]
2026-06-12 01:18:22.419 - [DEBUG] ||| prep_pass ||| Chain complete
2026-06-12 01:18:22.419 - [DEBUG] ||| normalize_perm ||| Permutation post normalization = [0, 3, 1, 2]
2026-06-12 01:18:22.419 - [DEBUG] ||| run ||| pending_perm = [0, 3, 1, 2] | src = 0, dest = 0
2026-06-12 01:18:22.420 - [DEBUG] ||| prep_pass ||| Next permutation = [None, None, 1, 2]
2026-06-12 01:18:22.420 - [DEBUG] ||| prep_pass ||| rb_src = 3, rb_dest = 2
2026-06-12 01:18:22.420 - [DEBUG] ||| prep_pass ||| Next permutation = [None, None, None, None]
2026-06-12 01:18:22.421 - [DEBUG] ||| prep_pass ||| Chain complete
2026-06-12 01:18:22.421 - [DEBUG] ||| normalize_perm ||| Permutation post normalization = [3, 0, 1, 2]
2026-06-12 01:18:22.422 - [DEBUG] ||| run ||| pending_perm = [3, 0, 1, 2] | src = 0, dest = 3
2026-06-12 01:18:22.422 - [DEBUG] ||| prep_pass ||| Next permutation = [None, None, 1, 2]
2026-06-12 01:18:22.422 - [DEBUG] ||| prep_pass ||| rb_src = 2, rb_dest = 1
2026-06-12 01:18:22.423 - [DEBUG] ||| prep_pass ||| Next permutation = [None, None, None, None]
2026-06-12 01:18:22.423 - [DEBUG] ||| prep_pass ||| Chain complete
2026-06-12 01:18:22.423 - [DEBUG] ||| normalize_perm ||| Permutation post normalization = [0, 3, 1, 2]
2026-06-12 01:18:22.424 - [DEBUG] ||| run ||| pending_perm = [0, 3, 1, 2] | src = 0, dest = 0
2026-06-12 01:18:22.424 - [DEBUG] ||| prep_pass ||| Next permutation = [None, None, 1, 2]
2026-06-12 01:18:22.424 - [DEBUG] ||| prep_pass ||| rb_src = 3, rb_dest = 2
2026-06-12 01:18:22.425 - [DEBUG] ||| prep_pass ||| Next permutation = [None, None, None, None]
2026-06-12 01:18:22.425 - [DEBUG] ||| prep_pass ||| Chain complete
2026-06-12 01:18:22.425 - [DEBUG] ||| normalize_perm ||| Permutation post normalization = [3, 0, 1, 2]
2026-06-12 01:18:22.426 - [DEBUG] ||| run ||| pending_perm = [3, 0, 1, 2] | src = 0, dest = 3
2026-06-12 01:18:22.426 - [DEBUG] ||| prep_pass ||| Next permutation = [None, None, 1, 2]
2026-06-12 01:18:22.426 - [DEBUG] ||| prep_pass ||| rb_src = 2, rb_dest = 1
2026-06-12 01:18:22.427 - [DEBUG] ||| prep_pass ||| Next permutation = [None, None, None, None]
2026-06-12 01:18:22.427 - [DEBUG] ||| prep_pass ||| Chain complete
2026-06-12 01:18:22.428 - [DEBUG] ||| normalize_perm ||| Permutation post normalization = [0, 3, 1, 2]
2026-06-12 01:18:22.428 - [DEBUG] ||| run ||| pending_perm = [0, 3, 1, 2] | src = 0, dest = 0
2026-06-12 01:18:22.428 - [DEBUG] ||| prep_pass ||| Next permutation = [None, None, 1, 2]
2026-06-12 01:18:22.428 - [DEBUG] ||| prep_pass ||| rb_src = 3, rb_dest = 2
2026-06-12 01:18:22.429 - [DEBUG] ||| prep_pass ||| Next permutation = [None, None, None, None]
2026-06-12 01:18:22.429 - [DEBUG] ||| prep_pass ||| Chain complete
2026-06-12 01:18:22.430 - [DEBUG] ||| normalize_perm ||| Permutation post normalization = [0, 3, 1, 2]
2026-06-12 01:18:22.430 - [DEBUG] ||| run ||| pending_perm = [0, 3, 1, 2] | src = 0, dest = 0
2026-06-12 01:18:22.430 - [DEBUG] ||| prep_pass ||| Next permutation = [None, None, 1, 2]
2026-06-12 01:18:22.431 - [DEBUG] ||| prep_pass ||| rb_src = 3, rb_dest = 2
2026-06-12 01:18:22.431 - [DEBUG] ||| prep_pass ||| Next permutation = [None, None, None, None]
2026-06-12 01:18:22.431 - [DEBUG] ||| prep_pass ||| Chain complete
2026-06-12 01:18:22.432 - [DEBUG] ||| normalize_perm ||| Permutation post normalization = [0, 3, 1, 2]
2026-06-12 01:18:22.432 - [DEBUG] ||| run ||| pending_perm = [0, 3, 1, 2] | src = 0, dest = 0
2026-06-12 01:18:22.433 - [DEBUG] ||| prep_pass ||| Next permutation = [None, None, 1, 2]
2026-06-12 01:18:22.433 - [DEBUG] ||| prep_pass ||| rb_src = 3, rb_dest = 2
2026-06-12 01:18:22.433 - [DEBUG] ||| prep_pass ||| Next permutation = [None, None, None, None]
2026-06-12 01:18:22.434 - [DEBUG] ||| prep_pass ||| Chain complete
2026-06-12 01:18:22.434 - [DEBUG] ||| normalize_perm ||| Permutation post normalization = [3, 0, 2, 1]
2026-06-12 01:18:22.434 - [DEBUG] ||| run ||| pending_perm = [3, 0, 2, 1] | src = 0, dest = 3
2026-06-12 01:18:22.435 - [DEBUG] ||| prep_pass ||| Next permutation = [None, None, 2, 1]
2026-06-12 01:18:22.435 - [DEBUG] ||| prep_pass ||| rb_src = 3, rb_dest = 1
2026-06-12 01:18:22.436 - [DEBUG] ||| prep_pass ||| Next permutation = [None, None, None, None]
2026-06-12 01:18:22.436 - [DEBUG] ||| prep_pass ||| Chain complete
2026-06-12 01:18:22.436 - [DEBUG] ||| normalize_perm ||| Permutation post normalization = [0, 3, 1, 2]
2026-06-12 01:18:22.437 - [DEBUG] ||| run ||| pending_perm = [0, 3, 1, 2] | src = 0, dest = 0
2026-06-12 01:18:22.437 - [DEBUG] ||| prep_pass ||| Next permutation = [None, None, 1, 2]
2026-06-12 01:18:22.437 - [DEBUG] ||| prep_pass ||| rb_src = 3, rb_dest = 2
2026-06-12 01:18:22.438 - [DEBUG] ||| prep_pass ||| Next permutation = [None, None, None, None]
2026-06-12 01:18:22.438 - [DEBUG] ||| prep_pass ||| Chain complete
2026-06-12 01:18:22.438 - [DEBUG] ||| normalize_perm ||| Permutation post normalization = [3, 0, 1, 2]
2026-06-12 01:18:22.439 - [DEBUG] ||| run ||| pending_perm = [3, 0, 1, 2] | src = 0, dest = 3
2026-06-12 01:18:22.439 - [DEBUG] ||| prep_pass ||| Next permutation = [None, None, 1, 2]
2026-06-12 01:18:22.440 - [DEBUG] ||| prep_pass ||| rb_src = 2, rb_dest = 1
2026-06-12 01:18:22.440 - [DEBUG] ||| prep_pass ||| Next permutation = [None, None, None, None]
2026-06-12 01:18:22.440 - [DEBUG] ||| prep_pass ||| Chain complete
2026-06-12 01:18:22.441 - [DEBUG] ||| normalize_perm ||| Permutation post normalization = [0, 3, 1, 2]
2026-06-12 01:18:22.441 - [DEBUG] ||| run ||| pending_perm = [0, 3, 1, 2] | src = 0, dest = 0
2026-06-12 01:18:22.442 - [DEBUG] ||| prep_pass ||| Next permutation = [None, None, 1, 2]
2026-06-12 01:18:22.442 - [DEBUG] ||| prep_pass ||| rb_src = 3, rb_dest = 2
2026-06-12 01:18:22.442 - [DEBUG] ||| prep_pass ||| Next permutation = [None, None, None, None]
2026-06-12 01:18:22.443 - [DEBUG] ||| prep_pass ||| Chain complete
2026-06-12 01:18:22.443 - [DEBUG] ||| normalize_perm ||| Permutation post normalization = [3, 0, 1, 2]
2026-06-12 01:18:22.444 - [DEBUG] ||| run ||| pending_perm = [3, 0, 1, 2] | src = 0, dest = 3
2026-06-12 01:18:22.444 - [DEBUG] ||| prep_pass ||| Next permutation = [None, None, 1, 2]
2026-06-12 01:18:22.445 - [DEBUG] ||| prep_pass ||| rb_src = 2, rb_dest = 1
2026-06-12 01:18:22.445 - [DEBUG] ||| prep_pass ||| Next permutation = [None, None, None, None]
2026-06-12 01:18:22.445 - [DEBUG] ||| prep_pass ||| Chain complete
2026-06-12 01:18:22.446 - [DEBUG] ||| normalize_perm ||| Permutation post normalization = [0, 3, 1, 2]
2026-06-12 01:18:22.446 - [DEBUG] ||| run ||| pending_perm = [0, 3, 1, 2] | src = 0, dest = 0
2026-06-12 01:18:22.446 - [DEBUG] ||| prep_pass ||| Next permutation = [None, None, 1, 2]
2026-06-12 01:18:22.447 - [DEBUG] ||| prep_pass ||| rb_src = 3, rb_dest = 2
2026-06-12 01:18:22.447 - [DEBUG] ||| prep_pass ||| Next permutation = [None, None, None, None]
2026-06-12 01:18:22.447 - [DEBUG] ||| prep_pass ||| Chain complete
2026-06-12 01:18:22.448 - [DEBUG] ||| normalize_perm ||| Permutation post normalization = [0, 3, 1, 2]
2026-06-12 01:18:22.448 - [DEBUG] ||| run ||| pending_perm = [0, 3, 1, 2] | src = 0, dest = 0
2026-06-12 01:18:22.448 - [DEBUG] ||| prep_pass ||| Next permutation = [None, None, 1, 2]
2026-06-12 01:18:22.448 - [DEBUG] ||| prep_pass ||| rb_src = 3, rb_dest = 2
2026-06-12 01:18:22.449 - [DEBUG] ||| prep_pass ||| Next permutation = [None, None, None, None]
2026-06-12 01:18:22.449 - [DEBUG] ||| prep_pass ||| Chain complete
2026-06-12 01:18:22.449 - [DEBUG] ||| normalize_perm ||| Permutation post normalization = [0, 3, 1, 2]
2026-06-12 01:18:22.450 - [DEBUG] ||| run ||| pending_perm = [0, 3, 1, 2] | src = 0, dest = 0
2026-06-12 01:18:22.450 - [DEBUG] ||| prep_pass ||| Next permutation = [None, None, 1, 2]
2026-06-12 01:18:22.450 - [DEBUG] ||| prep_pass ||| rb_src = 3, rb_dest = 2
2026-06-12 01:18:22.450 - [DEBUG] ||| prep_pass ||| Next permutation = [None, None, None, None]
2026-06-12 01:18:22.451 - [DEBUG] ||| prep_pass ||| Chain complete
2026-06-12 01:18:22.451 - [DEBUG] ||| propogate ||| stage = 4, input perm = [63, 10, 47, 30, 2, 55, 22, 39, 59, 14, 18, 43, 6, 51, 26, 35, 61, 13, 17, 45, 5, 53, 25, 37, 1, 57, 21, 41, 9, 49, 29, 33, 62, 15, 46, 24, 7, 54, 16, 38, 58, 8, 23, 42, 0, 50, 31, 34, 60, 12, 19, 44, 4, 52, 27, 36, 3, 56, 20, 40, 11, 48, 28, 32]
2026-06-12 01:18:22.452 - [DEBUG] ||| run ||| Stage[4] | Output permutation = [63, 30, 10, 47, 2, 39, 55, 22, 59, 18, 14, 43, 6, 35, 51, 26, 61, 17, 13, 45, 5, 37, 53, 25, 1, 41, 57, 21, 9, 33, 49, 29, 62, 24, 15, 46, 7, 38, 54, 16, 58, 23, 8, 42, 0, 34, 50, 31, 60, 19, 12, 44, 4, 36, 52, 27, 3, 40, 56, 20, 11, 32, 48, 28]
2026-06-12 01:18:22.452 - [DEBUG] ||| propogate ||| stage = 5, input perm = [63, 30, 10, 47, 2, 39, 55, 22, 59, 18, 14, 43, 6, 35, 51, 26, 61, 17, 13, 45, 5, 37, 53, 25, 1, 41, 57, 21, 9, 33, 49, 29, 62, 24, 15, 46, 7, 38, 54, 16, 58, 23, 8, 42, 0, 34, 50, 31, 60, 19, 12, 44, 4, 36, 52, 27, 3, 40, 56, 20, 11, 32, 48, 28]
2026-06-12 01:18:22.453 - [DEBUG] ||| run ||| Stage[5] | Output permutation = [30, 10, 63, 47, 2, 22, 39, 55, 18, 14, 59, 43, 6, 26, 35, 51, 17, 13, 61, 45, 5, 25, 37, 53, 1, 21, 41, 57, 9, 29, 33, 49, 24, 15, 62, 46, 7, 16, 38, 54, 23, 8, 58, 42, 0, 31, 34, 50, 19, 12, 60, 44, 4, 27, 36, 52, 3, 20, 40, 56, 11, 28, 32, 48]
2026-06-12 01:18:22.453 - [DEBUG] ||| propogate ||| stage = 6, input perm = [30, 10, 63, 47, 2, 22, 39, 55, 18, 14, 59, 43, 6, 26, 35, 51, 17, 13, 61, 45, 5, 25, 37, 53, 1, 21, 41, 57, 9, 29, 33, 49, 24, 15, 62, 46, 7, 16, 38, 54, 23, 8, 58, 42, 0, 31, 34, 50, 19, 12, 60, 44, 4, 27, 36, 52, 3, 20, 40, 56, 11, 28, 32, 48]
2026-06-12 01:18:22.454 - [DEBUG] ||| run ||| Stage[6] | Output permutation = [10, 2, 30, 22, 47, 39, 63, 55, 14, 6, 18, 26, 43, 35, 59, 51, 13, 5, 17, 25, 45, 37, 61, 53, 1, 9, 21, 29, 41, 33, 57, 49, 15, 7, 24, 16, 46, 38, 62, 54, 8, 0, 23, 31, 42, 34, 58, 50, 12, 4, 19, 27, 44, 36, 60, 52, 3, 11, 20, 28, 40, 32, 56, 48]
2026-06-12 01:18:22.454 - [DEBUG] ||| propogate ||| stage = 7, input perm = [10, 2, 30, 22, 47, 39, 63, 55, 14, 6, 18, 26, 43, 35, 59, 51, 13, 5, 17, 25, 45, 37, 61, 53, 1, 9, 21, 29, 41, 33, 57, 49, 15, 7, 24, 16, 46, 38, 62, 54, 8, 0, 23, 31, 42, 34, 58, 50, 12, 4, 19, 27, 44, 36, 60, 52, 3, 11, 20, 28, 40, 32, 56, 48]
2026-06-12 01:18:22.455 - [DEBUG] ||| run ||| Stage[7] | Output permutation = [2, 6, 10, 14, 22, 18, 30, 26, 39, 35, 47, 43, 55, 51, 63, 59, 5, 1, 13, 9, 17, 21, 25, 29, 37, 33, 45, 41, 53, 49, 61, 57, 7, 0, 15, 8, 16, 23, 24, 31, 38, 34, 46, 42, 54, 50, 62, 58, 4, 3, 12, 11, 19, 20, 27, 28, 36, 32, 44, 40, 52, 48, 60, 56]
2026-06-12 01:18:22.455 - [DEBUG] ||| propogate ||| stage = 8, input perm = [2, 6, 10, 14, 22, 18, 30, 26, 39, 35, 47, 43, 55, 51, 63, 59, 5, 1, 13, 9, 17, 21, 25, 29, 37, 33, 45, 41, 53, 49, 61, 57, 7, 0, 15, 8, 16, 23, 24, 31, 38, 34, 46, 42, 54, 50, 62, 58, 4, 3, 12, 11, 19, 20, 27, 28, 36, 32, 44, 40, 52, 48, 60, 56]
2026-06-12 01:18:22.456 - [DEBUG] ||| run ||| Stage[8] | Output permutation = [2, 1, 6, 5, 10, 9, 14, 13, 18, 17, 22, 21, 26, 25, 30, 29, 35, 33, 39, 37, 43, 41, 47, 45, 51, 49, 55, 53, 59, 57, 63, 61, 0, 3, 7, 4, 8, 11, 15, 12, 16, 19, 23, 20, 24, 27, 31, 28, 34, 32, 38, 36, 42, 40, 46, 44, 50, 48, 54, 52, 58, 56, 62, 60]
2026-06-12 01:18:22.456 - [DEBUG] ||| propogate ||| stage = 9, input perm = [2, 1, 6, 5, 10, 9, 14, 13, 18, 17, 22, 21, 26, 25, 30, 29, 35, 33, 39, 37, 43, 41, 47, 45, 51, 49, 55, 53, 59, 57, 63, 61, 0, 3, 7, 4, 8, 11, 15, 12, 16, 19, 23, 20, 24, 27, 31, 28, 34, 32, 38, 36, 42, 40, 46, 44, 50, 48, 54, 52, 58, 56, 62, 60]
2026-06-12 01:18:22.457 - [DEBUG] ||| run ||| Stage[9] | Output permutation = [1, 0, 2, 3, 5, 4, 6, 7, 9, 8, 10, 11, 13, 12, 14, 15, 17, 16, 18, 19, 21, 20, 22, 23, 25, 24, 26, 27, 29, 28, 30, 31, 33, 32, 35, 34, 37, 36, 39, 38, 41, 40, 43, 42, 45, 44, 47, 46, 49, 48, 51, 50, 53, 52, 55, 54, 57, 56, 59, 58, 61, 60, 63, 62]
2026-06-12 01:18:22.457 - [DEBUG] ||| propogate ||| stage = 10, input perm = [1, 0, 2, 3, 5, 4, 6, 7, 9, 8, 10, 11, 13, 12, 14, 15, 17, 16, 18, 19, 21, 20, 22, 23, 25, 24, 26, 27, 29, 28, 30, 31, 33, 32, 35, 34, 37, 36, 39, 38, 41, 40, 43, 42, 45, 44, 47, 46, 49, 48, 51, 50, 53, 52, 55, 54, 57, 56, 59, 58, 61, 60, 63, 62]
2026-06-12 01:18:22.458 - [DEBUG] ||| run ||| Stage[10] | Output permutation = [0, 1, 2, 3, 4, 5, 6, 7, 8, 9, 10, 11, 12, 13, 14, 15, 16, 17, 18, 19, 20, 21, 22, 23, 24, 25, 26, 27, 28, 29, 30, 31, 32, 33, 34, 35, 36, 37, 38, 39, 40, 41, 42, 43, 44, 45, 46, 47, 48, 49, 50, 51, 52, 53, 54, 55, 56, 57, 58, 59, 60, 61, 62, 63]
2026-06-12 01:18:22.458 - [DEBUG] ||| run ||| Benes Routing: PASSED
2026-06-12 01:18:22.459 - [DEBUG] ||| run ||| Attempting to route Benes permutation = [(0, 1), (1, 3), (2, 4), (4, 6), (5, 8), (6, 11), (8, 13), (9, 15), (10, 16), (12, 18), (13, 20), (14, 23), (16, 25), (17, 27), (18, 28), (20, 30), (21, 32), (22, 35), (24, 37), (25, 39), (26, 40), (28, 42), (29, 44), (30, 47)]
2026-06-12 01:18:22.460 - [DEBUG] ||| balance_perm ||| almost-balanced_perm = [1, 3, 4, None, 6, 8, 11, None, 13, 15, 16, None, 18, 20, 23, None, 25, 27, 28, None, 30, 32, 35, None, 37, 39, 40, None, 42, 44, 47, None, None, None, None, None, None, None, None, None, None, None, None, None, None, None, None, None, None, None, None, None, None, None, None, None, None, None, None, None, None, None, None, None]; free_dest = [0, 2, 5, 7, 9, 10, 12, 14, 17, 19, 21, 22, 24, 26, 29, 31, 33, 34, 36, 38, 41, 43, 45, 46, 48, 49, 50, 51, 52, 53, 54, 55, 56, 57, 58, 59, 60, 61, 62, 63]
2026-06-12 01:18:22.460 - [DEBUG] ||| balance_perm ||| balanced_perm = [1, 3, 4, 63, 6, 8, 11, 62, 13, 15, 16, 61, 18, 20, 23, 60, 25, 27, 28, 59, 30, 32, 35, 58, 37, 39, 40, 57, 42, 44, 47, 56, 55, 54, 53, 52, 51, 50, 49, 48, 46, 45, 43, 41, 38, 36, 34, 33, 31, 29, 26, 24, 22, 21, 19, 17, 14, 12, 10, 9, 7, 5, 2, 0]
2026-06-12 01:18:22.460 - [DEBUG] ||| run ||| Stage[0] || perm_split = 1, split_len = 64, sw_split = 32, sub_perms = [[1, 3, 4, 63, 6, 8, 11, 62, 13, 15, 16, 61, 18, 20, 23, 60, 25, 27, 28, 59, 30, 32, 35, 58, 37, 39, 40, 57, 42, 44, 47, 56, 55, 54, 53, 52, 51, 50, 49, 48, 46, 45, 43, 41, 38, 36, 34, 33, 31, 29, 26, 24, 22, 21, 19, 17, 14, 12, 10, 9, 7, 5, 2, 0]]
2026-06-12 01:18:22.461 - [DEBUG] ||| normalize_perm ||| Permutation post normalization = [1, 3, 4, 63, 6, 8, 11, 62, 13, 15, 16, 61, 18, 20, 23, 60, 25, 27, 28, 59, 30, 32, 35, 58, 37, 39, 40, 57, 42, 44, 47, 56, 55, 54, 53, 52, 51, 50, 49, 48, 46, 45, 43, 41, 38, 36, 34, 33, 31, 29, 26, 24, 22, 21, 19, 17, 14, 12, 10, 9, 7, 5, 2, 0]
2026-06-12 01:18:22.462 - [DEBUG] ||| run ||| pending_perm = [1, 3, 4, 63, 6, 8, 11, 62, 13, 15, 16, 61, 18, 20, 23, 60, 25, 27, 28, 59, 30, 32, 35, 58, 37, 39, 40, 57, 42, 44, 47, 56, 55, 54, 53, 52, 51, 50, 49, 48, 46, 45, 43, 41, 38, 36, 34, 33, 31, 29, 26, 24, 22, 21, 19, 17, 14, 12, 10, 9, 7, 5, 2, 0] | src = 0, dest = 1
2026-06-12 01:18:22.462 - [DEBUG] ||| prep_pass ||| Next permutation = [None, None, 4, 63, 6, 8, 11, 62, 13, 15, 16, 61, 18, 20, 23, 60, 25, 27, 28, 59, 30, 32, 35, 58, 37, 39, 40, 57, 42, 44, 47, 56, 55, 54, 53, 52, 51, 50, 49, 48, 46, 45, 43, 41, 38, 36, 34, 33, 31, 29, 26, 24, 22, 21, 19, 17, 14, 12, 10, 9, 7, 5, 2, 0]
2026-06-12 01:18:22.462 - [DEBUG] ||| prep_pass ||| rb_src = 62, rb_dest = 2
2026-06-12 01:18:22.463 - [DEBUG] ||| prep_pass ||| Next permutation = [None, None, 4, 63, 6, 8, 11, 62, 13, 15, 16, 61, 18, 20, 23, 60, 25, 27, 28, 59, 30, 32, 35, 58, 37, 39, 40, 57, 42, 44, 47, 56, 55, 54, 53, 52, 51, 50, 49, 48, 46, 45, 43, 41, 38, 36, 34, 33, 31, 29, 26, 24, 22, 21, 19, 17, 14, 12, 10, 9, 7, 5, None, None]
2026-06-12 01:18:22.463 - [DEBUG] ||| prep_pass ||| Chain complete
2026-06-12 01:18:22.464 - [DEBUG] ||| run ||| pending_perm = [None, None, 4, 63, 6, 8, 11, 62, 13, 15, 16, 61, 18, 20, 23, 60, 25, 27, 28, 59, 30, 32, 35, 58, 37, 39, 40, 57, 42, 44, 47, 56, 55, 54, 53, 52, 51, 50, 49, 48, 46, 45, 43, 41, 38, 36, 34, 33, 31, 29, 26, 24, 22, 21, 19, 17, 14, 12, 10, 9, 7, 5, None, None] | src = 2, dest = 4
2026-06-12 01:18:22.464 - [DEBUG] ||| prep_pass ||| Next permutation = [None, None, None, None, 6, 8, 11, 62, 13, 15, 16, 61, 18, 20, 23, 60, 25, 27, 28, 59, 30, 32, 35, 58, 37, 39, 40, 57, 42, 44, 47, 56, 55, 54, 53, 52, 51, 50, 49, 48, 46, 45, 43, 41, 38, 36, 34, 33, 31, 29, 26, 24, 22, 21, 19, 17, 14, 12, 10, 9, 7, 5, None, None]
2026-06-12 01:18:22.464 - [DEBUG] ||| prep_pass ||| rb_src = 60, rb_dest = 7
2026-06-12 01:18:22.465 - [DEBUG] ||| prep_pass ||| Next permutation = [None, None, None, None, 6, 8, 11, 62, 13, 15, 16, 61, 18, 20, 23, 60, 25, 27, 28, 59, 30, 32, 35, 58, 37, 39, 40, 57, 42, 44, 47, 56, 55, 54, 53, 52, 51, 50, 49, 48, 46, 45, 43, 41, 38, 36, 34, 33, 31, 29, 26, 24, 22, 21, 19, 17, 14, 12, 10, 9, None, None, None, None]
2026-06-12 01:18:22.465 - [DEBUG] ||| prep_pass ||| rb_src = 5, rb_dest = 8
2026-06-12 01:18:22.466 - [DEBUG] ||| prep_pass ||| Next permutation = [None, None, None, None, None, None, 11, 62, 13, 15, 16, 61, 18, 20, 23, 60, 25, 27, 28, 59, 30, 32, 35, 58, 37, 39, 40, 57, 42, 44, 47, 56, 55, 54, 53, 52, 51, 50, 49, 48, 46, 45, 43, 41, 38, 36, 34, 33, 31, 29, 26, 24, 22, 21, 19, 17, 14, 12, 10, 9, None, None, None, None]
2026-06-12 01:18:22.466 - [DEBUG] ||| prep_pass ||| rb_src = 58, rb_dest = 10
2026-06-12 01:18:22.466 - [DEBUG] ||| prep_pass ||| Next permutation = [None, None, None, None, None, None, 11, 62, 13, 15, 16, 61, 18, 20, 23, 60, 25, 27, 28, 59, 30, 32, 35, 58, 37, 39, 40, 57, 42, 44, 47, 56, 55, 54, 53, 52, 51, 50, 49, 48, 46, 45, 43, 41, 38, 36, 34, 33, 31, 29, 26, 24, 22, 21, 19, 17, 14, 12, None, None, None, None, None, None]
2026-06-12 01:18:22.467 - [DEBUG] ||| prep_pass ||| rb_src = 7, rb_dest = 62
2026-06-12 01:18:22.467 - [DEBUG] ||| prep_pass ||| Next permutation = [None, None, None, None, None, None, None, None, 13, 15, 16, 61, 18, 20, 23, 60, 25, 27, 28, 59, 30, 32, 35, 58, 37, 39, 40, 57, 42, 44, 47, 56, 55, 54, 53, 52, 51, 50, 49, 48, 46, 45, 43, 41, 38, 36, 34, 33, 31, 29, 26, 24, 22, 21, 19, 17, 14, 12, None, None, None, None, None, None]
2026-06-12 01:18:22.468 - [DEBUG] ||| prep_pass ||| Chain complete
2026-06-12 01:18:22.468 - [DEBUG] ||| run ||| pending_perm = [None, None, None, None, None, None, None, None, 13, 15, 16, 61, 18, 20, 23, 60, 25, 27, 28, 59, 30, 32, 35, 58, 37, 39, 40, 57, 42, 44, 47, 56, 55, 54, 53, 52, 51, 50, 49, 48, 46, 45, 43, 41, 38, 36, 34, 33, 31, 29, 26, 24, 22, 21, 19, 17, 14, 12, None, None, None, None, None, None] | src = 8, dest = 13
2026-06-12 01:18:22.468 - [DEBUG] ||| prep_pass ||| Next permutation = [None, None, None, None, None, None, None, None, None, None, 16, 61, 18, 20, 23, 60, 25, 27, 28, 59, 30, 32, 35, 58, 37, 39, 40, 57, 42, 44, 47, 56, 55, 54, 53, 52, 51, 50, 49, 48, 46, 45, 43, 41, 38, 36, 34, 33, 31, 29, 26, 24, 22, 21, 19, 17, 14, 12, None, None, None, None, None, None]
2026-06-12 01:18:22.469 - [DEBUG] ||| prep_pass ||| rb_src = 56, rb_dest = 14
2026-06-12 01:18:22.469 - [DEBUG] ||| prep_pass ||| Next permutation = [None, None, None, None, None, None, None, None, None, None, 16, 61, 18, 20, 23, 60, 25, 27, 28, 59, 30, 32, 35, 58, 37, 39, 40, 57, 42, 44, 47, 56, 55, 54, 53, 52, 51, 50, 49, 48, 46, 45, 43, 41, 38, 36, 34, 33, 31, 29, 26, 24, 22, 21, 19, 17, None, None, None, None, None, None, None, None]
2026-06-12 01:18:22.470 - [DEBUG] ||| prep_pass ||| Chain complete
2026-06-12 01:18:22.470 - [DEBUG] ||| run ||| pending_perm = [None, None, None, None, None, None, None, None, None, None, 16, 61, 18, 20, 23, 60, 25, 27, 28, 59, 30, 32, 35, 58, 37, 39, 40, 57, 42, 44, 47, 56, 55, 54, 53, 52, 51, 50, 49, 48, 46, 45, 43, 41, 38, 36, 34, 33, 31, 29, 26, 24, 22, 21, 19, 17, None, None, None, None, None, None, None, None] | src = 10, dest = 16
2026-06-12 01:18:22.470 - [DEBUG] ||| prep_pass ||| Next permutation = [None, None, None, None, None, None, None, None, None, None, None, None, 18, 20, 23, 60, 25, 27, 28, 59, 30, 32, 35, 58, 37, 39, 40, 57, 42, 44, 47, 56, 55, 54, 53, 52, 51, 50, 49, 48, 46, 45, 43, 41, 38, 36, 34, 33, 31, 29, 26, 24, 22, 21, 19, 17, None, None, None, None, None, None, None, None]
2026-06-12 01:18:22.471 - [DEBUG] ||| prep_pass ||| rb_src = 54, rb_dest = 19
2026-06-12 01:18:22.471 - [DEBUG] ||| prep_pass ||| Next permutation = [None, None, None, None, None, None, None, None, None, None, None, None, 18, 20, 23, 60, 25, 27, 28, 59, 30, 32, 35, 58, 37, 39, 40, 57, 42, 44, 47, 56, 55, 54, 53, 52, 51, 50, 49, 48, 46, 45, 43, 41, 38, 36, 34, 33, 31, 29, 26, 24, 22, 21, None, None, None, None, None, None, None, None, None, None]
2026-06-12 01:18:22.472 - [DEBUG] ||| prep_pass ||| rb_src = 13, rb_dest = 20
2026-06-12 01:18:22.472 - [DEBUG] ||| prep_pass ||| Next permutation = [None, None, None, None, None, None, None, None, None, None, None, None, None, None, 23, 60, 25, 27, 28, 59, 30, 32, 35, 58, 37, 39, 40, 57, 42, 44, 47, 56, 55, 54, 53, 52, 51, 50, 49, 48, 46, 45, 43, 41, 38, 36, 34, 33, 31, 29, 26, 24, 22, 21, None, None, None, None, None, None, None, None, None, None]
2026-06-12 01:18:22.472 - [DEBUG] ||| prep_pass ||| rb_src = 52, rb_dest = 22
2026-06-12 01:18:22.473 - [DEBUG] ||| prep_pass ||| Next permutation = [None, None, None, None, None, None, None, None, None, None, None, None, None, None, 23, 60, 25, 27, 28, 59, 30, 32, 35, 58, 37, 39, 40, 57, 42, 44, 47, 56, 55, 54, 53, 52, 51, 50, 49, 48, 46, 45, 43, 41, 38, 36, 34, 33, 31, 29, 26, 24, None, None, None, None, None, None, None, None, None, None, None, None]
2026-06-12 01:18:22.473 - [DEBUG] ||| prep_pass ||| rb_src = 15, rb_dest = 60
2026-06-12 01:18:22.474 - [DEBUG] ||| prep_pass ||| Next permutation = [None, None, None, None, None, None, None, None, None, None, None, None, None, None, None, None, 25, 27, 28, 59, 30, 32, 35, 58, 37, 39, 40, 57, 42, 44, 47, 56, 55, 54, 53, 52, 51, 50, 49, 48, 46, 45, 43, 41, 38, 36, 34, 33, 31, 29, 26, 24, None, None, None, None, None, None, None, None, None, None, None, None]
2026-06-12 01:18:22.475 - [DEBUG] ||| prep_pass ||| Chain complete
2026-06-12 01:18:22.476 - [DEBUG] ||| run ||| pending_perm = [None, None, None, None, None, None, None, None, None, None, None, None, None, None, None, None, 25, 27, 28, 59, 30, 32, 35, 58, 37, 39, 40, 57, 42, 44, 47, 56, 55, 54, 53, 52, 51, 50, 49, 48, 46, 45, 43, 41, 38, 36, 34, 33, 31, 29, 26, 24, None, None, None, None, None, None, None, None, None, None, None, None] | src = 16, dest = 25
2026-06-12 01:18:22.476 - [DEBUG] ||| prep_pass ||| Next permutation = [None, None, None, None, None, None, None, None, None, None, None, None, None, None, None, None, None, None, 28, 59, 30, 32, 35, 58, 37, 39, 40, 57, 42, 44, 47, 56, 55, 54, 53, 52, 51, 50, 49, 48, 46, 45, 43, 41, 38, 36, 34, 33, 31, 29, 26, 24, None, None, None, None, None, None, None, None, None, None, None, None]
2026-06-12 01:18:22.476 - [DEBUG] ||| prep_pass ||| rb_src = 50, rb_dest = 26
2026-06-12 01:18:22.477 - [DEBUG] ||| prep_pass ||| Next permutation = [None, None, None, None, None, None, None, None, None, None, None, None, None, None, None, None, None, None, 28, 59, 30, 32, 35, 58, 37, 39, 40, 57, 42, 44, 47, 56, 55, 54, 53, 52, 51, 50, 49, 48, 46, 45, 43, 41, 38, 36, 34, 33, 31, 29, None, None, None, None, None, None, None, None, None, None, None, None, None, None]
2026-06-12 01:18:22.477 - [DEBUG] ||| prep_pass ||| Chain complete
2026-06-12 01:18:22.478 - [DEBUG] ||| run ||| pending_perm = [None, None, None, None, None, None, None, None, None, None, None, None, None, None, None, None, None, None, 28, 59, 30, 32, 35, 58, 37, 39, 40, 57, 42, 44, 47, 56, 55, 54, 53, 52, 51, 50, 49, 48, 46, 45, 43, 41, 38, 36, 34, 33, 31, 29, None, None, None, None, None, None, None, None, None, None, None, None, None, None] | src = 18, dest = 28
2026-06-12 01:18:22.478 - [DEBUG] ||| prep_pass ||| Next permutation = [None, None, None, None, None, None, None, None, None, None, None, None, None, None, None, None, None, None, None, None, 30, 32, 35, 58, 37, 39, 40, 57, 42, 44, 47, 56, 55, 54, 53, 52, 51, 50, 49, 48, 46, 45, 43, 41, 38, 36, 34, 33, 31, 29, None, None, None, None, None, None, None, None, None, None, None, None, None, None]
2026-06-12 01:18:22.478 - [DEBUG] ||| prep_pass ||| rb_src = 48, rb_dest = 31
2026-06-12 01:18:22.479 - [DEBUG] ||| prep_pass ||| Next permutation = [None, None, None, None, None, None, None, None, None, None, None, None, None, None, None, None, None, None, None, None, 30, 32, 35, 58, 37, 39, 40, 57, 42, 44, 47, 56, 55, 54, 53, 52, 51, 50, 49, 48, 46, 45, 43, 41, 38, 36, 34, 33, None, None, None, None, None, None, None, None, None, None, None, None, None, None, None, None]
2026-06-12 01:18:22.479 - [DEBUG] ||| prep_pass ||| rb_src = 21, rb_dest = 32
2026-06-12 01:18:22.480 - [DEBUG] ||| prep_pass ||| Next permutation = [None, None, None, None, None, None, None, None, None, None, None, None, None, None, None, None, None, None, None, None, None, None, 35, 58, 37, 39, 40, 57, 42, 44, 47, 56, 55, 54, 53, 52, 51, 50, 49, 48, 46, 45, 43, 41, 38, 36, 34, 33, None, None, None, None, None, None, None, None, None, None, None, None, None, None, None, None]
2026-06-12 01:18:22.480 - [DEBUG] ||| prep_pass ||| rb_src = 46, rb_dest = 34
2026-06-12 01:18:22.480 - [DEBUG] ||| prep_pass ||| Next permutation = [None, None, None, None, None, None, None, None, None, None, None, None, None, None, None, None, None, None, None, None, None, None, 35, 58, 37, 39, 40, 57, 42, 44, 47, 56, 55, 54, 53, 52, 51, 50, 49, 48, 46, 45, 43, 41, 38, 36, None, None, None, None, None, None, None, None, None, None, None, None, None, None, None, None, None, None]
2026-06-12 01:18:22.481 - [DEBUG] ||| prep_pass ||| rb_src = 23, rb_dest = 58
2026-06-12 01:18:22.481 - [DEBUG] ||| prep_pass ||| Next permutation = [None, None, None, None, None, None, None, None, None, None, None, None, None, None, None, None, None, None, None, None, None, None, None, None, 37, 39, 40, 57, 42, 44, 47, 56, 55, 54, 53, 52, 51, 50, 49, 48, 46, 45, 43, 41, 38, 36, None, None, None, None, None, None, None, None, None, None, None, None, None, None, None, None, None, None]
2026-06-12 01:18:22.482 - [DEBUG] ||| prep_pass ||| Chain complete
2026-06-12 01:18:22.482 - [DEBUG] ||| run ||| pending_perm = [None, None, None, None, None, None, None, None, None, None, None, None, None, None, None, None, None, None, None, None, None, None, None, None, 37, 39, 40, 57, 42, 44, 47, 56, 55, 54, 53, 52, 51, 50, 49, 48, 46, 45, 43, 41, 38, 36, None, None, None, None, None, None, None, None, None, None, None, None, None, None, None, None, None, None] | src = 24, dest = 37
2026-06-12 01:18:22.483 - [DEBUG] ||| prep_pass ||| Next permutation = [None, None, None, None, None, None, None, None, None, None, None, None, None, None, None, None, None, None, None, None, None, None, None, None, None, None, 40, 57, 42, 44, 47, 56, 55, 54, 53, 52, 51, 50, 49, 48, 46, 45, 43, 41, 38, 36, None, None, None, None, None, None, None, None, None, None, None, None, None, None, None, None, None, None]
2026-06-12 01:18:22.483 - [DEBUG] ||| prep_pass ||| rb_src = 44, rb_dest = 38
2026-06-12 01:18:22.484 - [DEBUG] ||| prep_pass ||| Next permutation = [None, None, None, None, None, None, None, None, None, None, None, None, None, None, None, None, None, None, None, None, None, None, None, None, None, None, 40, 57, 42, 44, 47, 56, 55, 54, 53, 52, 51, 50, 49, 48, 46, 45, 43, 41, None, None, None, None, None, None, None, None, None, None, None, None, None, None, None, None, None, None, None, None]
2026-06-12 01:18:22.484 - [DEBUG] ||| prep_pass ||| Chain complete
2026-06-12 01:18:22.485 - [DEBUG] ||| run ||| pending_perm = [None, None, None, None, None, None, None, None, None, None, None, None, None, None, None, None, None, None, None, None, None, None, None, None, None, None, 40, 57, 42, 44, 47, 56, 55, 54, 53, 52, 51, 50, 49, 48, 46, 45, 43, 41, None, None, None, None, None, None, None, None, None, None, None, None, None, None, None, None, None, None, None, None] | src = 26, dest = 40
2026-06-12 01:18:22.485 - [DEBUG] ||| prep_pass ||| Next permutation = [None, None, None, None, None, None, None, None, None, None, None, None, None, None, None, None, None, None, None, None, None, None, None, None, None, None, None, None, 42, 44, 47, 56, 55, 54, 53, 52, 51, 50, 49, 48, 46, 45, 43, 41, None, None, None, None, None, None, None, None, None, None, None, None, None, None, None, None, None, None, None, None]
2026-06-12 01:18:22.485 - [DEBUG] ||| prep_pass ||| rb_src = 42, rb_dest = 43
2026-06-12 01:18:22.486 - [DEBUG] ||| prep_pass ||| Next permutation = [None, None, None, None, None, None, None, None, None, None, None, None, None, None, None, None, None, None, None, None, None, None, None, None, None, None, None, None, 42, 44, 47, 56, 55, 54, 53, 52, 51, 50, 49, 48, 46, 45, None, None, None, None, None, None, None, None, None, None, None, None, None, None, None, None, None, None, None, None, None, None]
2026-06-12 01:18:22.486 - [DEBUG] ||| prep_pass ||| rb_src = 29, rb_dest = 44
2026-06-12 01:18:22.486 - [DEBUG] ||| prep_pass ||| Next permutation = [None, None, None, None, None, None, None, None, None, None, None, None, None, None, None, None, None, None, None, None, None, None, None, None, None, None, None, None, None, None, 47, 56, 55, 54, 53, 52, 51, 50, 49, 48, 46, 45, None, None, None, None, None, None, None, None, None, None, None, None, None, None, None, None, None, None, None, None, None, None]
2026-06-12 01:18:22.487 - [DEBUG] ||| prep_pass ||| rb_src = 40, rb_dest = 46
2026-06-12 01:18:22.487 - [DEBUG] ||| prep_pass ||| Next permutation = [None, None, None, None, None, None, None, None, None, None, None, None, None, None, None, None, None, None, None, None, None, None, None, None, None, None, None, None, None, None, 47, 56, 55, 54, 53, 52, 51, 50, 49, 48, None, None, None, None, None, None, None, None, None, None, None, None, None, None, None, None, None, None, None, None, None, None, None, None]
2026-06-12 01:18:22.487 - [DEBUG] ||| prep_pass ||| rb_src = 31, rb_dest = 56
2026-06-12 01:18:22.487 - [DEBUG] ||| prep_pass ||| Next permutation = [None, None, None, None, None, None, None, None, None, None, None, None, None, None, None, None, None, None, None, None, None, None, None, None, None, None, None, None, None, None, None, None, 55, 54, 53, 52, 51, 50, 49, 48, None, None, None, None, None, None, None, None, None, None, None, None, None, None, None, None, None, None, None, None, None, None, None, None]
2026-06-12 01:18:22.488 - [DEBUG] ||| prep_pass ||| Chain complete
2026-06-12 01:18:22.488 - [DEBUG] ||| run ||| pending_perm = [None, None, None, None, None, None, None, None, None, None, None, None, None, None, None, None, None, None, None, None, None, None, None, None, None, None, None, None, None, None, None, None, 55, 54, 53, 52, 51, 50, 49, 48, None, None, None, None, None, None, None, None, None, None, None, None, None, None, None, None, None, None, None, None, None, None, None, None] | src = 32, dest = 55
2026-06-12 01:18:22.489 - [DEBUG] ||| prep_pass ||| Next permutation = [None, None, None, None, None, None, None, None, None, None, None, None, None, None, None, None, None, None, None, None, None, None, None, None, None, None, None, None, None, None, None, None, None, None, 53, 52, 51, 50, 49, 48, None, None, None, None, None, None, None, None, None, None, None, None, None, None, None, None, None, None, None, None, None, None, None, None]
2026-06-12 01:18:22.489 - [DEBUG] ||| prep_pass ||| Chain complete
2026-06-12 01:18:22.490 - [DEBUG] ||| run ||| pending_perm = [None, None, None, None, None, None, None, None, None, None, None, None, None, None, None, None, None, None, None, None, None, None, None, None, None, None, None, None, None, None, None, None, None, None, 53, 52, 51, 50, 49, 48, None, None, None, None, None, None, None, None, None, None, None, None, None, None, None, None, None, None, None, None, None, None, None, None] | src = 34, dest = 53
2026-06-12 01:18:22.491 - [DEBUG] ||| prep_pass ||| Next permutation = [None, None, None, None, None, None, None, None, None, None, None, None, None, None, None, None, None, None, None, None, None, None, None, None, None, None, None, None, None, None, None, None, None, None, None, None, 51, 50, 49, 48, None, None, None, None, None, None, None, None, None, None, None, None, None, None, None, None, None, None, None, None, None, None, None, None]
2026-06-12 01:18:22.491 - [DEBUG] ||| prep_pass ||| Chain complete
2026-06-12 01:18:22.492 - [DEBUG] ||| run ||| pending_perm = [None, None, None, None, None, None, None, None, None, None, None, None, None, None, None, None, None, None, None, None, None, None, None, None, None, None, None, None, None, None, None, None, None, None, None, None, 51, 50, 49, 48, None, None, None, None, None, None, None, None, None, None, None, None, None, None, None, None, None, None, None, None, None, None, None, None] | src = 36, dest = 51
2026-06-12 01:18:22.493 - [DEBUG] ||| prep_pass ||| Next permutation = [None, None, None, None, None, None, None, None, None, None, None, None, None, None, None, None, None, None, None, None, None, None, None, None, None, None, None, None, None, None, None, None, None, None, None, None, None, None, 49, 48, None, None, None, None, None, None, None, None, None, None, None, None, None, None, None, None, None, None, None, None, None, None, None, None]
2026-06-12 01:18:22.493 - [DEBUG] ||| prep_pass ||| Chain complete
2026-06-12 01:18:22.494 - [DEBUG] ||| run ||| pending_perm = [None, None, None, None, None, None, None, None, None, None, None, None, None, None, None, None, None, None, None, None, None, None, None, None, None, None, None, None, None, None, None, None, None, None, None, None, None, None, 49, 48, None, None, None, None, None, None, None, None, None, None, None, None, None, None, None, None, None, None, None, None, None, None, None, None] | src = 38, dest = 49
2026-06-12 01:18:22.494 - [DEBUG] ||| prep_pass ||| Next permutation = [None, None, None, None, None, None, None, None, None, None, None, None, None, None, None, None, None, None, None, None, None, None, None, None, None, None, None, None, None, None, None, None, None, None, None, None, None, None, None, None, None, None, None, None, None, None, None, None, None, None, None, None, None, None, None, None, None, None, None, None, None, None, None, None]
2026-06-12 01:18:22.495 - [DEBUG] ||| prep_pass ||| Chain complete
2026-06-12 01:18:22.495 - [DEBUG] ||| propogate ||| stage = 0, input perm = [1, 3, 4, 63, 6, 8, 11, 62, 13, 15, 16, 61, 18, 20, 23, 60, 25, 27, 28, 59, 30, 32, 35, 58, 37, 39, 40, 57, 42, 44, 47, 56, 55, 54, 53, 52, 51, 50, 49, 48, 46, 45, 43, 41, 38, 36, 34, 33, 31, 29, 26, 24, 22, 21, 19, 17, 14, 12, 10, 9, 7, 5, 2, 0]
2026-06-12 01:18:22.495 - [DEBUG] ||| run ||| Stage[0] | Output permutation = [1, 4, 8, 62, 13, 16, 20, 60, 25, 28, 32, 58, 37, 40, 44, 56, 55, 53, 51, 49, 46, 43, 38, 34, 31, 26, 22, 19, 14, 10, 7, 2, 3, 63, 6, 11, 15, 61, 18, 23, 27, 59, 30, 35, 39, 57, 42, 47, 54, 52, 50, 48, 45, 41, 36, 33, 29, 24, 21, 17, 12, 9, 5, 0]
2026-06-12 01:18:22.496 - [DEBUG] ||| run ||| Stage[1] || perm_split = 2, split_len = 32, sw_split = 16, sub_perms = [[1, 4, 8, 62, 13, 16, 20, 60, 25, 28, 32, 58, 37, 40, 44, 56, 55, 53, 51, 49, 46, 43, 38, 34, 31, 26, 22, 19, 14, 10, 7, 2], [3, 63, 6, 11, 15, 61, 18, 23, 27, 59, 30, 35, 39, 57, 42, 47, 54, 52, 50, 48, 45, 41, 36, 33, 29, 24, 21, 17, 12, 9, 5, 0]]
2026-06-12 01:18:22.496 - [DEBUG] ||| normalize_perm ||| Permutation post normalization = [0, 2, 4, 31, 6, 8, 10, 30, 12, 14, 16, 29, 18, 20, 22, 28, 27, 26, 25, 24, 23, 21, 19, 17, 15, 13, 11, 9, 7, 5, 3, 1]
2026-06-12 01:18:22.497 - [DEBUG] ||| run ||| pending_perm = [0, 2, 4, 31, 6, 8, 10, 30, 12, 14, 16, 29, 18, 20, 22, 28, 27, 26, 25, 24, 23, 21, 19, 17, 15, 13, 11, 9, 7, 5, 3, 1] | src = 0, dest = 0
2026-06-12 01:18:22.498 - [DEBUG] ||| prep_pass ||| Next permutation = [None, None, 4, 31, 6, 8, 10, 30, 12, 14, 16, 29, 18, 20, 22, 28, 27, 26, 25, 24, 23, 21, 19, 17, 15, 13, 11, 9, 7, 5, 3, 1]
2026-06-12 01:18:22.498 - [DEBUG] ||| prep_pass ||| rb_src = 30, rb_dest = 3
2026-06-12 01:18:22.499 - [DEBUG] ||| prep_pass ||| Next permutation = [None, None, 4, 31, 6, 8, 10, 30, 12, 14, 16, 29, 18, 20, 22, 28, 27, 26, 25, 24, 23, 21, 19, 17, 15, 13, 11, 9, 7, 5, None, None]
2026-06-12 01:18:22.500 - [DEBUG] ||| prep_pass ||| Chain complete
2026-06-12 01:18:22.500 - [DEBUG] ||| run ||| pending_perm = [None, None, 4, 31, 6, 8, 10, 30, 12, 14, 16, 29, 18, 20, 22, 28, 27, 26, 25, 24, 23, 21, 19, 17, 15, 13, 11, 9, 7, 5, None, None] | src = 2, dest = 4
2026-06-12 01:18:22.501 - [DEBUG] ||| prep_pass ||| Next permutation = [None, None, None, None, 6, 8, 10, 30, 12, 14, 16, 29, 18, 20, 22, 28, 27, 26, 25, 24, 23, 21, 19, 17, 15, 13, 11, 9, 7, 5, None, None]
2026-06-12 01:18:22.501 - [DEBUG] ||| prep_pass ||| rb_src = 28, rb_dest = 7
2026-06-12 01:18:22.502 - [DEBUG] ||| prep_pass ||| Next permutation = [None, None, None, None, 6, 8, 10, 30, 12, 14, 16, 29, 18, 20, 22, 28, 27, 26, 25, 24, 23, 21, 19, 17, 15, 13, 11, 9, None, None, None, None]
2026-06-12 01:18:22.502 - [DEBUG] ||| prep_pass ||| rb_src = 5, rb_dest = 8
2026-06-12 01:18:22.503 - [DEBUG] ||| prep_pass ||| Next permutation = [None, None, None, None, None, None, 10, 30, 12, 14, 16, 29, 18, 20, 22, 28, 27, 26, 25, 24, 23, 21, 19, 17, 15, 13, 11, 9, None, None, None, None]
2026-06-12 01:18:22.503 - [DEBUG] ||| prep_pass ||| rb_src = 26, rb_dest = 11
2026-06-12 01:18:22.504 - [DEBUG] ||| prep_pass ||| Next permutation = [None, None, None, None, None, None, 10, 30, 12, 14, 16, 29, 18, 20, 22, 28, 27, 26, 25, 24, 23, 21, 19, 17, 15, 13, None, None, None, None, None, None]
2026-06-12 01:18:22.504 - [DEBUG] ||| prep_pass ||| rb_src = 7, rb_dest = 30
2026-06-12 01:18:22.505 - [DEBUG] ||| prep_pass ||| Next permutation = [None, None, None, None, None, None, None, None, 12, 14, 16, 29, 18, 20, 22, 28, 27, 26, 25, 24, 23, 21, 19, 17, 15, 13, None, None, None, None, None, None]
2026-06-12 01:18:22.505 - [DEBUG] ||| prep_pass ||| Chain complete
2026-06-12 01:18:22.506 - [DEBUG] ||| run ||| pending_perm = [None, None, None, None, None, None, None, None, 12, 14, 16, 29, 18, 20, 22, 28, 27, 26, 25, 24, 23, 21, 19, 17, 15, 13, None, None, None, None, None, None] | src = 8, dest = 12
2026-06-12 01:18:22.506 - [DEBUG] ||| prep_pass ||| Next permutation = [None, None, None, None, None, None, None, None, None, None, 16, 29, 18, 20, 22, 28, 27, 26, 25, 24, 23, 21, 19, 17, 15, 13, None, None, None, None, None, None]
2026-06-12 01:18:22.506 - [DEBUG] ||| prep_pass ||| rb_src = 24, rb_dest = 15
2026-06-12 01:18:22.507 - [DEBUG] ||| prep_pass ||| Next permutation = [None, None, None, None, None, None, None, None, None, None, 16, 29, 18, 20, 22, 28, 27, 26, 25, 24, 23, 21, 19, 17, None, None, None, None, None, None, None, None]
2026-06-12 01:18:22.507 - [DEBUG] ||| prep_pass ||| Chain complete
2026-06-12 01:18:22.508 - [DEBUG] ||| run ||| pending_perm = [None, None, None, None, None, None, None, None, None, None, 16, 29, 18, 20, 22, 28, 27, 26, 25, 24, 23, 21, 19, 17, None, None, None, None, None, None, None, None] | src = 10, dest = 16
2026-06-12 01:18:22.508 - [DEBUG] ||| prep_pass ||| Next permutation = [None, None, None, None, None, None, None, None, None, None, None, None, 18, 20, 22, 28, 27, 26, 25, 24, 23, 21, 19, 17, None, None, None, None, None, None, None, None]
2026-06-12 01:18:22.508 - [DEBUG] ||| prep_pass ||| rb_src = 22, rb_dest = 19
2026-06-12 01:18:22.509 - [DEBUG] ||| prep_pass ||| Next permutation = [None, None, None, None, None, None, None, None, None, None, None, None, 18, 20, 22, 28, 27, 26, 25, 24, 23, 21, None, None, None, None, None, None, None, None, None, None]
2026-06-12 01:18:22.509 - [DEBUG] ||| prep_pass ||| rb_src = 13, rb_dest = 20
2026-06-12 01:18:22.510 - [DEBUG] ||| prep_pass ||| Next permutation = [None, None, None, None, None, None, None, None, None, None, None, None, None, None, 22, 28, 27, 26, 25, 24, 23, 21, None, None, None, None, None, None, None, None, None, None]
2026-06-12 01:18:22.510 - [DEBUG] ||| prep_pass ||| rb_src = 20, rb_dest = 23
2026-06-12 01:18:22.510 - [DEBUG] ||| prep_pass ||| Next permutation = [None, None, None, None, None, None, None, None, None, None, None, None, None, None, 22, 28, 27, 26, 25, 24, None, None, None, None, None, None, None, None, None, None, None, None]
2026-06-12 01:18:22.511 - [DEBUG] ||| prep_pass ||| rb_src = 15, rb_dest = 28
2026-06-12 01:18:22.511 - [DEBUG] ||| prep_pass ||| Next permutation = [None, None, None, None, None, None, None, None, None, None, None, None, None, None, None, None, 27, 26, 25, 24, None, None, None, None, None, None, None, None, None, None, None, None]
2026-06-12 01:18:22.512 - [DEBUG] ||| prep_pass ||| Chain complete
2026-06-12 01:18:22.512 - [DEBUG] ||| run ||| pending_perm = [None, None, None, None, None, None, None, None, None, None, None, None, None, None, None, None, 27, 26, 25, 24, None, None, None, None, None, None, None, None, None, None, None, None] | src = 16, dest = 27
2026-06-12 01:18:22.513 - [DEBUG] ||| prep_pass ||| Next permutation = [None, None, None, None, None, None, None, None, None, None, None, None, None, None, None, None, None, None, 25, 24, None, None, None, None, None, None, None, None, None, None, None, None]
2026-06-12 01:18:22.513 - [DEBUG] ||| prep_pass ||| Chain complete
2026-06-12 01:18:22.514 - [DEBUG] ||| run ||| pending_perm = [None, None, None, None, None, None, None, None, None, None, None, None, None, None, None, None, None, None, 25, 24, None, None, None, None, None, None, None, None, None, None, None, None] | src = 18, dest = 25
2026-06-12 01:18:22.514 - [DEBUG] ||| prep_pass ||| Next permutation = [None, None, None, None, None, None, None, None, None, None, None, None, None, None, None, None, None, None, None, None, None, None, None, None, None, None, None, None, None, None, None, None]
2026-06-12 01:18:22.515 - [DEBUG] ||| prep_pass ||| Chain complete
2026-06-12 01:18:22.515 - [DEBUG] ||| normalize_perm ||| Permutation post normalization = [1, 31, 3, 5, 7, 30, 9, 11, 13, 29, 15, 17, 19, 28, 21, 23, 27, 26, 25, 24, 22, 20, 18, 16, 14, 12, 10, 8, 6, 4, 2, 0]
2026-06-12 01:18:22.516 - [DEBUG] ||| run ||| pending_perm = [1, 31, 3, 5, 7, 30, 9, 11, 13, 29, 15, 17, 19, 28, 21, 23, 27, 26, 25, 24, 22, 20, 18, 16, 14, 12, 10, 8, 6, 4, 2, 0] | src = 0, dest = 1
2026-06-12 01:18:22.516 - [DEBUG] ||| prep_pass ||| Next permutation = [None, None, 3, 5, 7, 30, 9, 11, 13, 29, 15, 17, 19, 28, 21, 23, 27, 26, 25, 24, 22, 20, 18, 16, 14, 12, 10, 8, 6, 4, 2, 0]
2026-06-12 01:18:22.517 - [DEBUG] ||| prep_pass ||| rb_src = 30, rb_dest = 2
2026-06-12 01:18:22.517 - [DEBUG] ||| prep_pass ||| Next permutation = [None, None, 3, 5, 7, 30, 9, 11, 13, 29, 15, 17, 19, 28, 21, 23, 27, 26, 25, 24, 22, 20, 18, 16, 14, 12, 10, 8, 6, 4, None, None]
2026-06-12 01:18:22.518 - [DEBUG] ||| prep_pass ||| rb_src = 3, rb_dest = 5
2026-06-12 01:18:22.518 - [DEBUG] ||| prep_pass ||| Next permutation = [None, None, None, None, 7, 30, 9, 11, 13, 29, 15, 17, 19, 28, 21, 23, 27, 26, 25, 24, 22, 20, 18, 16, 14, 12, 10, 8, 6, 4, None, None]
2026-06-12 01:18:22.519 - [DEBUG] ||| prep_pass ||| rb_src = 28, rb_dest = 6
2026-06-12 01:18:22.519 - [DEBUG] ||| prep_pass ||| Next permutation = [None, None, None, None, 7, 30, 9, 11, 13, 29, 15, 17, 19, 28, 21, 23, 27, 26, 25, 24, 22, 20, 18, 16, 14, 12, 10, 8, None, None, None, None]
2026-06-12 01:18:22.520 - [DEBUG] ||| prep_pass ||| rb_src = 5, rb_dest = 30
2026-06-12 01:18:22.520 - [DEBUG] ||| prep_pass ||| Next permutation = [None, None, None, None, None, None, 9, 11, 13, 29, 15, 17, 19, 28, 21, 23, 27, 26, 25, 24, 22, 20, 18, 16, 14, 12, 10, 8, None, None, None, None]
2026-06-12 01:18:22.521 - [DEBUG] ||| prep_pass ||| Chain complete
2026-06-12 01:18:22.521 - [DEBUG] ||| run ||| pending_perm = [None, None, None, None, None, None, 9, 11, 13, 29, 15, 17, 19, 28, 21, 23, 27, 26, 25, 24, 22, 20, 18, 16, 14, 12, 10, 8, None, None, None, None] | src = 6, dest = 9
2026-06-12 01:18:22.522 - [DEBUG] ||| prep_pass ||| Next permutation = [None, None, None, None, None, None, None, None, 13, 29, 15, 17, 19, 28, 21, 23, 27, 26, 25, 24, 22, 20, 18, 16, 14, 12, 10, 8, None, None, None, None]
2026-06-12 01:18:22.522 - [DEBUG] ||| prep_pass ||| rb_src = 26, rb_dest = 10
2026-06-12 01:18:22.522 - [DEBUG] ||| prep_pass ||| Next permutation = [None, None, None, None, None, None, None, None, 13, 29, 15, 17, 19, 28, 21, 23, 27, 26, 25, 24, 22, 20, 18, 16, 14, 12, None, None, None, None, None, None]
2026-06-12 01:18:22.523 - [DEBUG] ||| prep_pass ||| Chain complete
2026-06-12 01:18:22.523 - [DEBUG] ||| run ||| pending_perm = [None, None, None, None, None, None, None, None, 13, 29, 15, 17, 19, 28, 21, 23, 27, 26, 25, 24, 22, 20, 18, 16, 14, 12, None, None, None, None, None, None] | src = 8, dest = 13
2026-06-12 01:18:22.524 - [DEBUG] ||| prep_pass ||| Next permutation = [None, None, None, None, None, None, None, None, None, None, 15, 17, 19, 28, 21, 23, 27, 26, 25, 24, 22, 20, 18, 16, 14, 12, None, None, None, None, None, None]
2026-06-12 01:18:22.524 - [DEBUG] ||| prep_pass ||| rb_src = 24, rb_dest = 14
2026-06-12 01:18:22.524 - [DEBUG] ||| prep_pass ||| Next permutation = [None, None, None, None, None, None, None, None, None, None, 15, 17, 19, 28, 21, 23, 27, 26, 25, 24, 22, 20, 18, 16, None, None, None, None, None, None, None, None]
2026-06-12 01:18:22.525 - [DEBUG] ||| prep_pass ||| rb_src = 11, rb_dest = 17
2026-06-12 01:18:22.525 - [DEBUG] ||| prep_pass ||| Next permutation = [None, None, None, None, None, None, None, None, None, None, None, None, 19, 28, 21, 23, 27, 26, 25, 24, 22, 20, 18, 16, None, None, None, None, None, None, None, None]
2026-06-12 01:18:22.525 - [DEBUG] ||| prep_pass ||| rb_src = 22, rb_dest = 18
2026-06-12 01:18:22.526 - [DEBUG] ||| prep_pass ||| Next permutation = [None, None, None, None, None, None, None, None, None, None, None, None, 19, 28, 21, 23, 27, 26, 25, 24, 22, 20, None, None, None, None, None, None, None, None, None, None]
2026-06-12 01:18:22.526 - [DEBUG] ||| prep_pass ||| rb_src = 13, rb_dest = 28
2026-06-12 01:18:22.526 - [DEBUG] ||| prep_pass ||| Next permutation = [None, None, None, None, None, None, None, None, None, None, None, None, None, None, 21, 23, 27, 26, 25, 24, 22, 20, None, None, None, None, None, None, None, None, None, None]
2026-06-12 01:18:22.527 - [DEBUG] ||| prep_pass ||| Chain complete
2026-06-12 01:18:22.527 - [DEBUG] ||| run ||| pending_perm = [None, None, None, None, None, None, None, None, None, None, None, None, None, None, 21, 23, 27, 26, 25, 24, 22, 20, None, None, None, None, None, None, None, None, None, None] | src = 14, dest = 21
2026-06-12 01:18:22.528 - [DEBUG] ||| prep_pass ||| Next permutation = [None, None, None, None, None, None, None, None, None, None, None, None, None, None, None, None, 27, 26, 25, 24, 22, 20, None, None, None, None, None, None, None, None, None, None]
2026-06-12 01:18:22.528 - [DEBUG] ||| prep_pass ||| rb_src = 20, rb_dest = 22
2026-06-12 01:18:22.529 - [DEBUG] ||| prep_pass ||| Next permutation = [None, None, None, None, None, None, None, None, None, None, None, None, None, None, None, None, 27, 26, 25, 24, None, None, None, None, None, None, None, None, None, None, None, None]
2026-06-12 01:18:22.529 - [DEBUG] ||| prep_pass ||| Chain complete
2026-06-12 01:18:22.530 - [DEBUG] ||| run ||| pending_perm = [None, None, None, None, None, None, None, None, None, None, None, None, None, None, None, None, 27, 26, 25, 24, None, None, None, None, None, None, None, None, None, None, None, None] | src = 16, dest = 27
2026-06-12 01:18:22.530 - [DEBUG] ||| prep_pass ||| Next permutation = [None, None, None, None, None, None, None, None, None, None, None, None, None, None, None, None, None, None, 25, 24, None, None, None, None, None, None, None, None, None, None, None, None]
2026-06-12 01:18:22.530 - [DEBUG] ||| prep_pass ||| Chain complete
2026-06-12 01:18:22.531 - [DEBUG] ||| run ||| pending_perm = [None, None, None, None, None, None, None, None, None, None, None, None, None, None, None, None, None, None, 25, 24, None, None, None, None, None, None, None, None, None, None, None, None] | src = 18, dest = 25
2026-06-12 01:18:22.531 - [DEBUG] ||| prep_pass ||| Next permutation = [None, None, None, None, None, None, None, None, None, None, None, None, None, None, None, None, None, None, None, None, None, None, None, None, None, None, None, None, None, None, None, None]
2026-06-12 01:18:22.532 - [DEBUG] ||| prep_pass ||| Chain complete
2026-06-12 01:18:22.532 - [DEBUG] ||| propogate ||| stage = 1, input perm = [1, 4, 8, 62, 13, 16, 20, 60, 25, 28, 32, 58, 37, 40, 44, 56, 55, 53, 51, 49, 46, 43, 38, 34, 31, 26, 22, 19, 14, 10, 7, 2, 3, 63, 6, 11, 15, 61, 18, 23, 27, 59, 30, 35, 39, 57, 42, 47, 54, 52, 50, 48, 45, 41, 36, 33, 29, 24, 21, 17, 12, 9, 5, 0]
2026-06-12 01:18:22.533 - [DEBUG] ||| run ||| Stage[1] | Output permutation = [1, 8, 16, 60, 25, 32, 40, 56, 55, 51, 46, 38, 31, 22, 14, 7, 4, 62, 13, 20, 28, 58, 37, 44, 53, 49, 43, 34, 26, 19, 10, 2, 3, 11, 61, 18, 27, 35, 57, 42, 54, 50, 45, 36, 29, 21, 12, 5, 63, 6, 15, 23, 59, 30, 39, 47, 52, 48, 41, 33, 24, 17, 9, 0]
2026-06-12 01:18:22.533 - [DEBUG] ||| run ||| Stage[2] || perm_split = 4, split_len = 16, sw_split = 8, sub_perms = [[1, 8, 16, 60, 25, 32, 40, 56, 55, 51, 46, 38, 31, 22, 14, 7], [4, 62, 13, 20, 28, 58, 37, 44, 53, 49, 43, 34, 26, 19, 10, 2], [3, 11, 61, 18, 27, 35, 57, 42, 54, 50, 45, 36, 29, 21, 12, 5], [63, 6, 15, 23, 59, 30, 39, 47, 52, 48, 41, 33, 24, 17, 9, 0]]
2026-06-12 01:18:22.533 - [DEBUG] ||| normalize_perm ||| Permutation post normalization = [0, 2, 4, 15, 6, 8, 10, 14, 13, 12, 11, 9, 7, 5, 3, 1]
2026-06-12 01:18:22.534 - [DEBUG] ||| run ||| pending_perm = [0, 2, 4, 15, 6, 8, 10, 14, 13, 12, 11, 9, 7, 5, 3, 1] | src = 0, dest = 0
2026-06-12 01:18:22.535 - [DEBUG] ||| prep_pass ||| Next permutation = [None, None, 4, 15, 6, 8, 10, 14, 13, 12, 11, 9, 7, 5, 3, 1]
2026-06-12 01:18:22.536 - [DEBUG] ||| prep_pass ||| rb_src = 14, rb_dest = 3
2026-06-12 01:18:22.536 - [DEBUG] ||| prep_pass ||| Next permutation = [None, None, 4, 15, 6, 8, 10, 14, 13, 12, 11, 9, 7, 5, None, None]
2026-06-12 01:18:22.537 - [DEBUG] ||| prep_pass ||| Chain complete
2026-06-12 01:18:22.537 - [DEBUG] ||| run ||| pending_perm = [None, None, 4, 15, 6, 8, 10, 14, 13, 12, 11, 9, 7, 5, None, None] | src = 2, dest = 4
2026-06-12 01:18:22.537 - [DEBUG] ||| prep_pass ||| Next permutation = [None, None, None, None, 6, 8, 10, 14, 13, 12, 11, 9, 7, 5, None, None]
2026-06-12 01:18:22.538 - [DEBUG] ||| prep_pass ||| rb_src = 12, rb_dest = 7
2026-06-12 01:18:22.538 - [DEBUG] ||| prep_pass ||| Next permutation = [None, None, None, None, 6, 8, 10, 14, 13, 12, 11, 9, None, None, None, None]
2026-06-12 01:18:22.539 - [DEBUG] ||| prep_pass ||| rb_src = 5, rb_dest = 8
2026-06-12 01:18:22.539 - [DEBUG] ||| prep_pass ||| Next permutation = [None, None, None, None, None, None, 10, 14, 13, 12, 11, 9, None, None, None, None]
2026-06-12 01:18:22.540 - [DEBUG] ||| prep_pass ||| rb_src = 10, rb_dest = 11
2026-06-12 01:18:22.540 - [DEBUG] ||| prep_pass ||| Next permutation = [None, None, None, None, None, None, 10, 14, 13, 12, None, None, None, None, None, None]
2026-06-12 01:18:22.540 - [DEBUG] ||| prep_pass ||| rb_src = 7, rb_dest = 14
2026-06-12 01:18:22.541 - [DEBUG] ||| prep_pass ||| Next permutation = [None, None, None, None, None, None, None, None, 13, 12, None, None, None, None, None, None]
2026-06-12 01:18:22.541 - [DEBUG] ||| prep_pass ||| Chain complete
2026-06-12 01:18:22.542 - [DEBUG] ||| run ||| pending_perm = [None, None, None, None, None, None, None, None, 13, 12, None, None, None, None, None, None] | src = 8, dest = 13
2026-06-12 01:18:22.542 - [DEBUG] ||| prep_pass ||| Next permutation = [None, None, None, None, None, None, None, None, None, None, None, None, None, None, None, None]
2026-06-12 01:18:22.543 - [DEBUG] ||| prep_pass ||| Chain complete
2026-06-12 01:18:22.543 - [DEBUG] ||| normalize_perm ||| Permutation post normalization = [1, 15, 3, 5, 7, 14, 9, 11, 13, 12, 10, 8, 6, 4, 2, 0]
2026-06-12 01:18:22.544 - [DEBUG] ||| run ||| pending_perm = [1, 15, 3, 5, 7, 14, 9, 11, 13, 12, 10, 8, 6, 4, 2, 0] | src = 0, dest = 1
2026-06-12 01:18:22.544 - [DEBUG] ||| prep_pass ||| Next permutation = [None, None, 3, 5, 7, 14, 9, 11, 13, 12, 10, 8, 6, 4, 2, 0]
2026-06-12 01:18:22.544 - [DEBUG] ||| prep_pass ||| rb_src = 14, rb_dest = 2
2026-06-12 01:18:22.545 - [DEBUG] ||| prep_pass ||| Next permutation = [None, None, 3, 5, 7, 14, 9, 11, 13, 12, 10, 8, 6, 4, None, None]
2026-06-12 01:18:22.545 - [DEBUG] ||| prep_pass ||| rb_src = 3, rb_dest = 5
2026-06-12 01:18:22.545 - [DEBUG] ||| prep_pass ||| Next permutation = [None, None, None, None, 7, 14, 9, 11, 13, 12, 10, 8, 6, 4, None, None]
2026-06-12 01:18:22.546 - [DEBUG] ||| prep_pass ||| rb_src = 12, rb_dest = 6
2026-06-12 01:18:22.546 - [DEBUG] ||| prep_pass ||| Next permutation = [None, None, None, None, 7, 14, 9, 11, 13, 12, 10, 8, None, None, None, None]
2026-06-12 01:18:22.546 - [DEBUG] ||| prep_pass ||| rb_src = 5, rb_dest = 14
2026-06-12 01:18:22.547 - [DEBUG] ||| prep_pass ||| Next permutation = [None, None, None, None, None, None, 9, 11, 13, 12, 10, 8, None, None, None, None]
2026-06-12 01:18:22.547 - [DEBUG] ||| prep_pass ||| Chain complete
2026-06-12 01:18:22.548 - [DEBUG] ||| run ||| pending_perm = [None, None, None, None, None, None, 9, 11, 13, 12, 10, 8, None, None, None, None] | src = 6, dest = 9
2026-06-12 01:18:22.548 - [DEBUG] ||| prep_pass ||| Next permutation = [None, None, None, None, None, None, None, None, 13, 12, 10, 8, None, None, None, None]
2026-06-12 01:18:22.548 - [DEBUG] ||| prep_pass ||| rb_src = 10, rb_dest = 10
2026-06-12 01:18:22.549 - [DEBUG] ||| prep_pass ||| Next permutation = [None, None, None, None, None, None, None, None, 13, 12, None, None, None, None, None, None]
2026-06-12 01:18:22.549 - [DEBUG] ||| prep_pass ||| Chain complete
2026-06-12 01:18:22.550 - [DEBUG] ||| run ||| pending_perm = [None, None, None, None, None, None, None, None, 13, 12, None, None, None, None, None, None] | src = 8, dest = 13
2026-06-12 01:18:22.550 - [DEBUG] ||| prep_pass ||| Next permutation = [None, None, None, None, None, None, None, None, None, None, None, None, None, None, None, None]
2026-06-12 01:18:22.550 - [DEBUG] ||| prep_pass ||| Chain complete
2026-06-12 01:18:22.551 - [DEBUG] ||| normalize_perm ||| Permutation post normalization = [0, 2, 15, 4, 6, 8, 14, 10, 13, 12, 11, 9, 7, 5, 3, 1]
2026-06-12 01:18:22.551 - [DEBUG] ||| run ||| pending_perm = [0, 2, 15, 4, 6, 8, 14, 10, 13, 12, 11, 9, 7, 5, 3, 1] | src = 0, dest = 0
2026-06-12 01:18:22.551 - [DEBUG] ||| prep_pass ||| Next permutation = [None, None, 15, 4, 6, 8, 14, 10, 13, 12, 11, 9, 7, 5, 3, 1]
2026-06-12 01:18:22.552 - [DEBUG] ||| prep_pass ||| rb_src = 14, rb_dest = 3
2026-06-12 01:18:22.552 - [DEBUG] ||| prep_pass ||| Next permutation = [None, None, 15, 4, 6, 8, 14, 10, 13, 12, 11, 9, 7, 5, None, None]
2026-06-12 01:18:22.553 - [DEBUG] ||| prep_pass ||| Chain complete
2026-06-12 01:18:22.553 - [DEBUG] ||| run ||| pending_perm = [None, None, 15, 4, 6, 8, 14, 10, 13, 12, 11, 9, 7, 5, None, None] | src = 2, dest = 15
2026-06-12 01:18:22.553 - [DEBUG] ||| prep_pass ||| Next permutation = [None, None, None, None, 6, 8, 14, 10, 13, 12, 11, 9, 7, 5, None, None]
2026-06-12 01:18:22.554 - [DEBUG] ||| prep_pass ||| rb_src = 7, rb_dest = 10
2026-06-12 01:18:22.554 - [DEBUG] ||| prep_pass ||| Next permutation = [None, None, None, None, 6, 8, None, None, 13, 12, 11, 9, 7, 5, None, None]
2026-06-12 01:18:22.554 - [DEBUG] ||| prep_pass ||| rb_src = 11, rb_dest = 9
2026-06-12 01:18:22.555 - [DEBUG] ||| prep_pass ||| Next permutation = [None, None, None, None, 6, 8, None, None, 13, 12, None, None, 7, 5, None, None]
2026-06-12 01:18:22.555 - [DEBUG] ||| prep_pass ||| rb_src = 4, rb_dest = 6
2026-06-12 01:18:22.556 - [DEBUG] ||| prep_pass ||| Next permutation = [None, None, None, None, None, None, None, None, 13, 12, None, None, 7, 5, None, None]
2026-06-12 01:18:22.556 - [DEBUG] ||| prep_pass ||| rb_src = 13, rb_dest = 5
2026-06-12 01:18:22.556 - [DEBUG] ||| prep_pass ||| Next permutation = [None, None, None, None, None, None, None, None, 13, 12, None, None, None, None, None, None]
2026-06-12 01:18:22.557 - [DEBUG] ||| prep_pass ||| Chain complete
2026-06-12 01:18:22.557 - [DEBUG] ||| run ||| pending_perm = [None, None, None, None, None, None, None, None, 13, 12, None, None, None, None, None, None] | src = 8, dest = 13
2026-06-12 01:18:22.558 - [DEBUG] ||| prep_pass ||| Next permutation = [None, None, None, None, None, None, None, None, None, None, None, None, None, None, None, None]
2026-06-12 01:18:22.558 - [DEBUG] ||| prep_pass ||| Chain complete
2026-06-12 01:18:22.558 - [DEBUG] ||| normalize_perm ||| Permutation post normalization = [15, 1, 3, 5, 14, 7, 9, 11, 13, 12, 10, 8, 6, 4, 2, 0]
2026-06-12 01:18:22.559 - [DEBUG] ||| run ||| pending_perm = [15, 1, 3, 5, 14, 7, 9, 11, 13, 12, 10, 8, 6, 4, 2, 0] | src = 0, dest = 15
2026-06-12 01:18:22.559 - [DEBUG] ||| prep_pass ||| Next permutation = [None, None, 3, 5, 14, 7, 9, 11, 13, 12, 10, 8, 6, 4, 2, 0]
2026-06-12 01:18:22.560 - [DEBUG] ||| prep_pass ||| rb_src = 5, rb_dest = 7
2026-06-12 01:18:22.560 - [DEBUG] ||| prep_pass ||| Next permutation = [None, None, 3, 5, None, None, 9, 11, 13, 12, 10, 8, 6, 4, 2, 0]
2026-06-12 01:18:22.560 - [DEBUG] ||| prep_pass ||| rb_src = 13, rb_dest = 4
2026-06-12 01:18:22.560 - [DEBUG] ||| prep_pass ||| Next permutation = [None, None, 3, 5, None, None, 9, 11, 13, 12, 10, 8, None, None, 2, 0]
2026-06-12 01:18:22.561 - [DEBUG] ||| prep_pass ||| rb_src = 2, rb_dest = 3
2026-06-12 01:18:22.561 - [DEBUG] ||| prep_pass ||| Next permutation = [None, None, None, None, None, None, 9, 11, 13, 12, 10, 8, None, None, 2, 0]
2026-06-12 01:18:22.562 - [DEBUG] ||| prep_pass ||| rb_src = 15, rb_dest = 0
2026-06-12 01:18:22.562 - [DEBUG] ||| prep_pass ||| Next permutation = [None, None, None, None, None, None, 9, 11, 13, 12, 10, 8, None, None, None, None]
2026-06-12 01:18:22.562 - [DEBUG] ||| prep_pass ||| Chain complete
2026-06-12 01:18:22.563 - [DEBUG] ||| run ||| pending_perm = [None, None, None, None, None, None, 9, 11, 13, 12, 10, 8, None, None, None, None] | src = 6, dest = 9
2026-06-12 01:18:22.563 - [DEBUG] ||| prep_pass ||| Next permutation = [None, None, None, None, None, None, None, None, 13, 12, 10, 8, None, None, None, None]
2026-06-12 01:18:22.564 - [DEBUG] ||| prep_pass ||| rb_src = 10, rb_dest = 10
2026-06-12 01:18:22.564 - [DEBUG] ||| prep_pass ||| Next permutation = [None, None, None, None, None, None, None, None, 13, 12, None, None, None, None, None, None]
2026-06-12 01:18:22.564 - [DEBUG] ||| prep_pass ||| Chain complete
2026-06-12 01:18:22.565 - [DEBUG] ||| run ||| pending_perm = [None, None, None, None, None, None, None, None, 13, 12, None, None, None, None, None, None] | src = 8, dest = 13
2026-06-12 01:18:22.565 - [DEBUG] ||| prep_pass ||| Next permutation = [None, None, None, None, None, None, None, None, None, None, None, None, None, None, None, None]
2026-06-12 01:18:22.565 - [DEBUG] ||| prep_pass ||| Chain complete
2026-06-12 01:18:22.566 - [DEBUG] ||| propogate ||| stage = 2, input perm = [1, 8, 16, 60, 25, 32, 40, 56, 55, 51, 46, 38, 31, 22, 14, 7, 4, 62, 13, 20, 28, 58, 37, 44, 53, 49, 43, 34, 26, 19, 10, 2, 3, 11, 61, 18, 27, 35, 57, 42, 54, 50, 45, 36, 29, 21, 12, 5, 63, 6, 15, 23, 59, 30, 39, 47, 52, 48, 41, 33, 24, 17, 9, 0]
2026-06-12 01:18:22.566 - [DEBUG] ||| run ||| Stage[2] | Output permutation = [1, 16, 32, 56, 55, 46, 31, 14, 8, 60, 25, 40, 51, 38, 22, 7, 4, 20, 58, 37, 53, 43, 26, 10, 62, 13, 28, 44, 49, 34, 19, 2, 3, 61, 27, 42, 54, 36, 21, 12, 11, 18, 35, 57, 50, 45, 29, 5, 63, 15, 30, 39, 52, 41, 17, 0, 6, 23, 59, 47, 48, 33, 24, 9]
2026-06-12 01:18:22.566 - [DEBUG] ||| run ||| Stage[3] || perm_split = 8, split_len = 8, sw_split = 4, sub_perms = [[1, 16, 32, 56, 55, 46, 31, 14], [8, 60, 25, 40, 51, 38, 22, 7], [4, 20, 58, 37, 53, 43, 26, 10], [62, 13, 28, 44, 49, 34, 19, 2], [3, 61, 27, 42, 54, 36, 21, 12], [11, 18, 35, 57, 50, 45, 29, 5], [63, 15, 30, 39, 52, 41, 17, 0], [6, 23, 59, 47, 48, 33, 24, 9]]
2026-06-12 01:18:22.567 - [DEBUG] ||| normalize_perm ||| Permutation post normalization = [0, 2, 4, 7, 6, 5, 3, 1]
2026-06-12 01:18:22.567 - [DEBUG] ||| run ||| pending_perm = [0, 2, 4, 7, 6, 5, 3, 1] | src = 0, dest = 0
2026-06-12 01:18:22.568 - [DEBUG] ||| prep_pass ||| Next permutation = [None, None, 4, 7, 6, 5, 3, 1]
2026-06-12 01:18:22.568 - [DEBUG] ||| prep_pass ||| rb_src = 6, rb_dest = 3
2026-06-12 01:18:22.568 - [DEBUG] ||| prep_pass ||| Next permutation = [None, None, 4, 7, 6, 5, None, None]
2026-06-12 01:18:22.568 - [DEBUG] ||| prep_pass ||| Chain complete
2026-06-12 01:18:22.569 - [DEBUG] ||| run ||| pending_perm = [None, None, 4, 7, 6, 5, None, None] | src = 2, dest = 4
2026-06-12 01:18:22.569 - [DEBUG] ||| prep_pass ||| Next permutation = [None, None, None, None, 6, 5, None, None]
2026-06-12 01:18:22.569 - [DEBUG] ||| prep_pass ||| rb_src = 4, rb_dest = 6
2026-06-12 01:18:22.570 - [DEBUG] ||| prep_pass ||| Next permutation = [None, None, None, None, None, None, None, None]
2026-06-12 01:18:22.570 - [DEBUG] ||| prep_pass ||| Chain complete
2026-06-12 01:18:22.570 - [DEBUG] ||| normalize_perm ||| Permutation post normalization = [1, 7, 3, 5, 6, 4, 2, 0]
2026-06-12 01:18:22.571 - [DEBUG] ||| run ||| pending_perm = [1, 7, 3, 5, 6, 4, 2, 0] | src = 0, dest = 1
2026-06-12 01:18:22.571 - [DEBUG] ||| prep_pass ||| Next permutation = [None, None, 3, 5, 6, 4, 2, 0]
2026-06-12 01:18:22.571 - [DEBUG] ||| prep_pass ||| rb_src = 6, rb_dest = 2
2026-06-12 01:18:22.572 - [DEBUG] ||| prep_pass ||| Next permutation = [None, None, 3, 5, 6, 4, None, None]
2026-06-12 01:18:22.572 - [DEBUG] ||| prep_pass ||| rb_src = 3, rb_dest = 5
2026-06-12 01:18:22.572 - [DEBUG] ||| prep_pass ||| Next permutation = [None, None, None, None, 6, 4, None, None]
2026-06-12 01:18:22.573 - [DEBUG] ||| prep_pass ||| rb_src = 4, rb_dest = 6
2026-06-12 01:18:22.573 - [DEBUG] ||| prep_pass ||| Next permutation = [None, None, None, None, None, None, None, None]
2026-06-12 01:18:22.573 - [DEBUG] ||| prep_pass ||| Chain complete
2026-06-12 01:18:22.574 - [DEBUG] ||| normalize_perm ||| Permutation post normalization = [0, 2, 7, 4, 6, 5, 3, 1]
2026-06-12 01:18:22.574 - [DEBUG] ||| run ||| pending_perm = [0, 2, 7, 4, 6, 5, 3, 1] | src = 0, dest = 0
2026-06-12 01:18:22.574 - [DEBUG] ||| prep_pass ||| Next permutation = [None, None, 7, 4, 6, 5, 3, 1]
2026-06-12 01:18:22.575 - [DEBUG] ||| prep_pass ||| rb_src = 6, rb_dest = 3
2026-06-12 01:18:22.575 - [DEBUG] ||| prep_pass ||| Next permutation = [None, None, 7, 4, 6, 5, None, None]
2026-06-12 01:18:22.575 - [DEBUG] ||| prep_pass ||| Chain complete
2026-06-12 01:18:22.576 - [DEBUG] ||| run ||| pending_perm = [None, None, 7, 4, 6, 5, None, None] | src = 2, dest = 7
2026-06-12 01:18:22.576 - [DEBUG] ||| prep_pass ||| Next permutation = [None, None, None, None, 6, 5, None, None]
2026-06-12 01:18:22.576 - [DEBUG] ||| prep_pass ||| rb_src = 5, rb_dest = 5
2026-06-12 01:18:22.576 - [DEBUG] ||| prep_pass ||| Next permutation = [None, None, None, None, None, None, None, None]
2026-06-12 01:18:22.577 - [DEBUG] ||| prep_pass ||| Chain complete
2026-06-12 01:18:22.577 - [DEBUG] ||| normalize_perm ||| Permutation post normalization = [7, 1, 3, 5, 6, 4, 2, 0]
2026-06-12 01:18:22.577 - [DEBUG] ||| run ||| pending_perm = [7, 1, 3, 5, 6, 4, 2, 0] | src = 0, dest = 7
2026-06-12 01:18:22.578 - [DEBUG] ||| prep_pass ||| Next permutation = [None, None, 3, 5, 6, 4, 2, 0]
2026-06-12 01:18:22.578 - [DEBUG] ||| prep_pass ||| rb_src = 5, rb_dest = 4
2026-06-12 01:18:22.578 - [DEBUG] ||| prep_pass ||| Next permutation = [None, None, 3, 5, None, None, 2, 0]
2026-06-12 01:18:22.579 - [DEBUG] ||| prep_pass ||| rb_src = 2, rb_dest = 3
2026-06-12 01:18:22.579 - [DEBUG] ||| prep_pass ||| Next permutation = [None, None, None, None, None, None, 2, 0]
2026-06-12 01:18:22.579 - [DEBUG] ||| prep_pass ||| rb_src = 7, rb_dest = 0
2026-06-12 01:18:22.579 - [DEBUG] ||| prep_pass ||| Next permutation = [None, None, None, None, None, None, None, None]
2026-06-12 01:18:22.580 - [DEBUG] ||| prep_pass ||| Chain complete
2026-06-12 01:18:22.580 - [DEBUG] ||| normalize_perm ||| Permutation post normalization = [0, 7, 3, 5, 6, 4, 2, 1]
2026-06-12 01:18:22.580 - [DEBUG] ||| run ||| pending_perm = [0, 7, 3, 5, 6, 4, 2, 1] | src = 0, dest = 0
2026-06-12 01:18:22.580 - [DEBUG] ||| prep_pass ||| Next permutation = [None, None, 3, 5, 6, 4, 2, 1]
2026-06-12 01:18:22.581 - [DEBUG] ||| prep_pass ||| rb_src = 6, rb_dest = 2
2026-06-12 01:18:22.581 - [DEBUG] ||| prep_pass ||| Next permutation = [None, None, 3, 5, 6, 4, None, None]
2026-06-12 01:18:22.581 - [DEBUG] ||| prep_pass ||| rb_src = 3, rb_dest = 5
2026-06-12 01:18:22.582 - [DEBUG] ||| prep_pass ||| Next permutation = [None, None, None, None, 6, 4, None, None]
2026-06-12 01:18:22.582 - [DEBUG] ||| prep_pass ||| rb_src = 4, rb_dest = 6
2026-06-12 01:18:22.582 - [DEBUG] ||| prep_pass ||| Next permutation = [None, None, None, None, None, None, None, None]
2026-06-12 01:18:22.582 - [DEBUG] ||| prep_pass ||| Chain complete
2026-06-12 01:18:22.583 - [DEBUG] ||| normalize_perm ||| Permutation post normalization = [1, 2, 4, 7, 6, 5, 3, 0]
2026-06-12 01:18:22.583 - [DEBUG] ||| run ||| pending_perm = [1, 2, 4, 7, 6, 5, 3, 0] | src = 0, dest = 1
2026-06-12 01:18:22.583 - [DEBUG] ||| prep_pass ||| Next permutation = [None, None, 4, 7, 6, 5, 3, 0]
2026-06-12 01:18:22.584 - [DEBUG] ||| prep_pass ||| rb_src = 6, rb_dest = 3
2026-06-12 01:18:22.584 - [DEBUG] ||| prep_pass ||| Next permutation = [None, None, 4, 7, 6, 5, None, None]
2026-06-12 01:18:22.584 - [DEBUG] ||| prep_pass ||| Chain complete
2026-06-12 01:18:22.585 - [DEBUG] ||| run ||| pending_perm = [None, None, 4, 7, 6, 5, None, None] | src = 2, dest = 4
2026-06-12 01:18:22.585 - [DEBUG] ||| prep_pass ||| Next permutation = [None, None, None, None, 6, 5, None, None]
2026-06-12 01:18:22.585 - [DEBUG] ||| prep_pass ||| rb_src = 4, rb_dest = 6
2026-06-12 01:18:22.586 - [DEBUG] ||| prep_pass ||| Next permutation = [None, None, None, None, None, None, None, None]
2026-06-12 01:18:22.586 - [DEBUG] ||| prep_pass ||| Chain complete
2026-06-12 01:18:22.586 - [DEBUG] ||| normalize_perm ||| Permutation post normalization = [7, 1, 3, 4, 6, 5, 2, 0]
2026-06-12 01:18:22.587 - [DEBUG] ||| run ||| pending_perm = [7, 1, 3, 4, 6, 5, 2, 0] | src = 0, dest = 7
2026-06-12 01:18:22.587 - [DEBUG] ||| prep_pass ||| Next permutation = [None, None, 3, 4, 6, 5, 2, 0]
2026-06-12 01:18:22.587 - [DEBUG] ||| prep_pass ||| rb_src = 5, rb_dest = 5
2026-06-12 01:18:22.588 - [DEBUG] ||| prep_pass ||| Next permutation = [None, None, 3, 4, None, None, 2, 0]
2026-06-12 01:18:22.588 - [DEBUG] ||| prep_pass ||| rb_src = 2, rb_dest = 3
2026-06-12 01:18:22.588 - [DEBUG] ||| prep_pass ||| Next permutation = [None, None, None, None, None, None, 2, 0]
2026-06-12 01:18:22.588 - [DEBUG] ||| prep_pass ||| rb_src = 7, rb_dest = 0
2026-06-12 01:18:22.589 - [DEBUG] ||| prep_pass ||| Next permutation = [None, None, None, None, None, None, None, None]
2026-06-12 01:18:22.589 - [DEBUG] ||| prep_pass ||| Chain complete
2026-06-12 01:18:22.589 - [DEBUG] ||| normalize_perm ||| Permutation post normalization = [0, 2, 7, 5, 6, 4, 3, 1]
2026-06-12 01:18:22.590 - [DEBUG] ||| run ||| pending_perm = [0, 2, 7, 5, 6, 4, 3, 1] | src = 0, dest = 0
2026-06-12 01:18:22.590 - [DEBUG] ||| prep_pass ||| Next permutation = [None, None, 7, 5, 6, 4, 3, 1]
2026-06-12 01:18:22.590 - [DEBUG] ||| prep_pass ||| rb_src = 6, rb_dest = 3
2026-06-12 01:18:22.591 - [DEBUG] ||| prep_pass ||| Next permutation = [None, None, 7, 5, 6, 4, None, None]
2026-06-12 01:18:22.591 - [DEBUG] ||| prep_pass ||| Chain complete
2026-06-12 01:18:22.591 - [DEBUG] ||| run ||| pending_perm = [None, None, 7, 5, 6, 4, None, None] | src = 2, dest = 7
2026-06-12 01:18:22.592 - [DEBUG] ||| prep_pass ||| Next permutation = [None, None, None, None, 6, 4, None, None]
2026-06-12 01:18:22.592 - [DEBUG] ||| prep_pass ||| rb_src = 5, rb_dest = 4
2026-06-12 01:18:22.592 - [DEBUG] ||| prep_pass ||| Next permutation = [None, None, None, None, None, None, None, None]
2026-06-12 01:18:22.592 - [DEBUG] ||| prep_pass ||| Chain complete
2026-06-12 01:18:22.593 - [DEBUG] ||| propogate ||| stage = 3, input perm = [1, 16, 32, 56, 55, 46, 31, 14, 8, 60, 25, 40, 51, 38, 22, 7, 4, 20, 58, 37, 53, 43, 26, 10, 62, 13, 28, 44, 49, 34, 19, 2, 3, 61, 27, 42, 54, 36, 21, 12, 11, 18, 35, 57, 50, 45, 29, 5, 63, 15, 30, 39, 52, 41, 17, 0, 6, 23, 59, 47, 48, 33, 24, 9]
2026-06-12 01:18:22.593 - [DEBUG] ||| run ||| Stage[3] | Output permutation = [1, 32, 55, 31, 16, 56, 46, 14, 8, 40, 51, 22, 60, 25, 38, 7, 4, 58, 43, 26, 20, 37, 53, 10, 62, 28, 34, 2, 13, 44, 49, 19, 3, 42, 54, 21, 61, 27, 36, 12, 11, 35, 50, 29, 18, 57, 45, 5, 63, 30, 41, 0, 15, 39, 52, 17, 6, 59, 33, 24, 23, 47, 48, 9]
2026-06-12 01:18:22.594 - [DEBUG] ||| run ||| Stage[4] || perm_split = 16, split_len = 4, sw_split = 2, sub_perms = [[1, 32, 55, 31], [16, 56, 46, 14], [8, 40, 51, 22], [60, 25, 38, 7], [4, 58, 43, 26], [20, 37, 53, 10], [62, 28, 34, 2], [13, 44, 49, 19], [3, 42, 54, 21], [61, 27, 36, 12], [11, 35, 50, 29], [18, 57, 45, 5], [63, 30, 41, 0], [15, 39, 52, 17], [6, 59, 33, 24], [23, 47, 48, 9]]
2026-06-12 01:18:22.594 - [DEBUG] ||| normalize_perm ||| Permutation post normalization = [0, 2, 3, 1]
2026-06-12 01:18:22.594 - [DEBUG] ||| run ||| pending_perm = [0, 2, 3, 1] | src = 0, dest = 0
2026-06-12 01:18:22.594 - [DEBUG] ||| prep_pass ||| Next permutation = [None, None, 3, 1]
2026-06-12 01:18:22.595 - [DEBUG] ||| prep_pass ||| rb_src = 2, rb_dest = 3
2026-06-12 01:18:22.595 - [DEBUG] ||| prep_pass ||| Next permutation = [None, None, None, None]
2026-06-12 01:18:22.595 - [DEBUG] ||| prep_pass ||| Chain complete
2026-06-12 01:18:22.596 - [DEBUG] ||| normalize_perm ||| Permutation post normalization = [1, 3, 2, 0]
2026-06-12 01:18:22.596 - [DEBUG] ||| run ||| pending_perm = [1, 3, 2, 0] | src = 0, dest = 1
2026-06-12 01:18:22.596 - [DEBUG] ||| prep_pass ||| Next permutation = [None, None, 2, 0]
2026-06-12 01:18:22.597 - [DEBUG] ||| prep_pass ||| rb_src = 2, rb_dest = 2
2026-06-12 01:18:22.597 - [DEBUG] ||| prep_pass ||| Next permutation = [None, None, None, None]
2026-06-12 01:18:22.597 - [DEBUG] ||| prep_pass ||| Chain complete
2026-06-12 01:18:22.597 - [DEBUG] ||| normalize_perm ||| Permutation post normalization = [0, 2, 3, 1]
2026-06-12 01:18:22.598 - [DEBUG] ||| run ||| pending_perm = [0, 2, 3, 1] | src = 0, dest = 0
2026-06-12 01:18:22.598 - [DEBUG] ||| prep_pass ||| Next permutation = [None, None, 3, 1]
2026-06-12 01:18:22.598 - [DEBUG] ||| prep_pass ||| rb_src = 2, rb_dest = 3
2026-06-12 01:18:22.599 - [DEBUG] ||| prep_pass ||| Next permutation = [None, None, None, None]
2026-06-12 01:18:22.599 - [DEBUG] ||| prep_pass ||| Chain complete
2026-06-12 01:18:22.599 - [DEBUG] ||| normalize_perm ||| Permutation post normalization = [3, 1, 2, 0]
2026-06-12 01:18:22.600 - [DEBUG] ||| run ||| pending_perm = [3, 1, 2, 0] | src = 0, dest = 3
2026-06-12 01:18:22.600 - [DEBUG] ||| prep_pass ||| Next permutation = [None, None, 2, 0]
2026-06-12 01:18:22.600 - [DEBUG] ||| prep_pass ||| rb_src = 3, rb_dest = 0
2026-06-12 01:18:22.601 - [DEBUG] ||| prep_pass ||| Next permutation = [None, None, None, None]
2026-06-12 01:18:22.601 - [DEBUG] ||| prep_pass ||| Chain complete
2026-06-12 01:18:22.601 - [DEBUG] ||| normalize_perm ||| Permutation post normalization = [0, 3, 2, 1]
2026-06-12 01:18:22.602 - [DEBUG] ||| run ||| pending_perm = [0, 3, 2, 1] | src = 0, dest = 0
2026-06-12 01:18:22.602 - [DEBUG] ||| prep_pass ||| Next permutation = [None, None, 2, 1]
2026-06-12 01:18:22.602 - [DEBUG] ||| prep_pass ||| rb_src = 2, rb_dest = 2
2026-06-12 01:18:22.603 - [DEBUG] ||| prep_pass ||| Next permutation = [None, None, None, None]
2026-06-12 01:18:22.603 - [DEBUG] ||| prep_pass ||| Chain complete
2026-06-12 01:18:22.603 - [DEBUG] ||| normalize_perm ||| Permutation post normalization = [1, 2, 3, 0]
2026-06-12 01:18:22.603 - [DEBUG] ||| run ||| pending_perm = [1, 2, 3, 0] | src = 0, dest = 1
2026-06-12 01:18:22.604 - [DEBUG] ||| prep_pass ||| Next permutation = [None, None, 3, 0]
2026-06-12 01:18:22.604 - [DEBUG] ||| prep_pass ||| rb_src = 2, rb_dest = 3
2026-06-12 01:18:22.604 - [DEBUG] ||| prep_pass ||| Next permutation = [None, None, None, None]
2026-06-12 01:18:22.605 - [DEBUG] ||| prep_pass ||| Chain complete
2026-06-12 01:18:22.605 - [DEBUG] ||| normalize_perm ||| Permutation post normalization = [3, 1, 2, 0]
2026-06-12 01:18:22.605 - [DEBUG] ||| run ||| pending_perm = [3, 1, 2, 0] | src = 0, dest = 3
2026-06-12 01:18:22.606 - [DEBUG] ||| prep_pass ||| Next permutation = [None, None, 2, 0]
2026-06-12 01:18:22.606 - [DEBUG] ||| prep_pass ||| rb_src = 3, rb_dest = 0
2026-06-12 01:18:22.606 - [DEBUG] ||| prep_pass ||| Next permutation = [None, None, None, None]
2026-06-12 01:18:22.607 - [DEBUG] ||| prep_pass ||| Chain complete
2026-06-12 01:18:22.607 - [DEBUG] ||| normalize_perm ||| Permutation post normalization = [0, 2, 3, 1]
2026-06-12 01:18:22.607 - [DEBUG] ||| run ||| pending_perm = [0, 2, 3, 1] | src = 0, dest = 0
2026-06-12 01:18:22.608 - [DEBUG] ||| prep_pass ||| Next permutation = [None, None, 3, 1]
2026-06-12 01:18:22.608 - [DEBUG] ||| prep_pass ||| rb_src = 2, rb_dest = 3
2026-06-12 01:18:22.609 - [DEBUG] ||| prep_pass ||| Next permutation = [None, None, None, None]
2026-06-12 01:18:22.609 - [DEBUG] ||| prep_pass ||| Chain complete
2026-06-12 01:18:22.609 - [DEBUG] ||| normalize_perm ||| Permutation post normalization = [0, 2, 3, 1]
2026-06-12 01:18:22.610 - [DEBUG] ||| run ||| pending_perm = [0, 2, 3, 1] | src = 0, dest = 0
2026-06-12 01:18:22.610 - [DEBUG] ||| prep_pass ||| Next permutation = [None, None, 3, 1]
2026-06-12 01:18:22.610 - [DEBUG] ||| prep_pass ||| rb_src = 2, rb_dest = 3
2026-06-12 01:18:22.611 - [DEBUG] ||| prep_pass ||| Next permutation = [None, None, None, None]
2026-06-12 01:18:22.611 - [DEBUG] ||| prep_pass ||| Chain complete
2026-06-12 01:18:22.612 - [DEBUG] ||| normalize_perm ||| Permutation post normalization = [3, 1, 2, 0]
2026-06-12 01:18:22.612 - [DEBUG] ||| run ||| pending_perm = [3, 1, 2, 0] | src = 0, dest = 3
2026-06-12 01:18:22.612 - [DEBUG] ||| prep_pass ||| Next permutation = [None, None, 2, 0]
2026-06-12 01:18:22.613 - [DEBUG] ||| prep_pass ||| rb_src = 3, rb_dest = 0
2026-06-12 01:18:22.613 - [DEBUG] ||| prep_pass ||| Next permutation = [None, None, None, None]
2026-06-12 01:18:22.613 - [DEBUG] ||| prep_pass ||| Chain complete
2026-06-12 01:18:22.614 - [DEBUG] ||| normalize_perm ||| Permutation post normalization = [0, 2, 3, 1]
2026-06-12 01:18:22.614 - [DEBUG] ||| run ||| pending_perm = [0, 2, 3, 1] | src = 0, dest = 0
2026-06-12 01:18:22.614 - [DEBUG] ||| prep_pass ||| Next permutation = [None, None, 3, 1]
2026-06-12 01:18:22.615 - [DEBUG] ||| prep_pass ||| rb_src = 2, rb_dest = 3
2026-06-12 01:18:22.615 - [DEBUG] ||| prep_pass ||| Next permutation = [None, None, None, None]
2026-06-12 01:18:22.615 - [DEBUG] ||| prep_pass ||| Chain complete
2026-06-12 01:18:22.616 - [DEBUG] ||| normalize_perm ||| Permutation post normalization = [1, 3, 2, 0]
2026-06-12 01:18:22.616 - [DEBUG] ||| run ||| pending_perm = [1, 3, 2, 0] | src = 0, dest = 1
2026-06-12 01:18:22.617 - [DEBUG] ||| prep_pass ||| Next permutation = [None, None, 2, 0]
2026-06-12 01:18:22.617 - [DEBUG] ||| prep_pass ||| rb_src = 2, rb_dest = 2
2026-06-12 01:18:22.617 - [DEBUG] ||| prep_pass ||| Next permutation = [None, None, None, None]
2026-06-12 01:18:22.618 - [DEBUG] ||| prep_pass ||| Chain complete
2026-06-12 01:18:22.618 - [DEBUG] ||| normalize_perm ||| Permutation post normalization = [3, 1, 2, 0]
2026-06-12 01:18:22.619 - [DEBUG] ||| run ||| pending_perm = [3, 1, 2, 0] | src = 0, dest = 3
2026-06-12 01:18:22.619 - [DEBUG] ||| prep_pass ||| Next permutation = [None, None, 2, 0]
2026-06-12 01:18:22.619 - [DEBUG] ||| prep_pass ||| rb_src = 3, rb_dest = 0
2026-06-12 01:18:22.620 - [DEBUG] ||| prep_pass ||| Next permutation = [None, None, None, None]
2026-06-12 01:18:22.620 - [DEBUG] ||| prep_pass ||| Chain complete
2026-06-12 01:18:22.620 - [DEBUG] ||| normalize_perm ||| Permutation post normalization = [0, 2, 3, 1]
2026-06-12 01:18:22.621 - [DEBUG] ||| run ||| pending_perm = [0, 2, 3, 1] | src = 0, dest = 0
2026-06-12 01:18:22.621 - [DEBUG] ||| prep_pass ||| Next permutation = [None, None, 3, 1]
2026-06-12 01:18:22.621 - [DEBUG] ||| prep_pass ||| rb_src = 2, rb_dest = 3
2026-06-12 01:18:22.622 - [DEBUG] ||| prep_pass ||| Next permutation = [None, None, None, None]
2026-06-12 01:18:22.622 - [DEBUG] ||| prep_pass ||| Chain complete
2026-06-12 01:18:22.623 - [DEBUG] ||| normalize_perm ||| Permutation post normalization = [0, 3, 2, 1]
2026-06-12 01:18:22.623 - [DEBUG] ||| run ||| pending_perm = [0, 3, 2, 1] | src = 0, dest = 0
2026-06-12 01:18:22.623 - [DEBUG] ||| prep_pass ||| Next permutation = [None, None, 2, 1]
2026-06-12 01:18:22.624 - [DEBUG] ||| prep_pass ||| rb_src = 2, rb_dest = 2
2026-06-12 01:18:22.624 - [DEBUG] ||| prep_pass ||| Next permutation = [None, None, None, None]
2026-06-12 01:18:22.624 - [DEBUG] ||| prep_pass ||| Chain complete
2026-06-12 01:18:22.625 - [DEBUG] ||| normalize_perm ||| Permutation post normalization = [1, 2, 3, 0]
2026-06-12 01:18:22.625 - [DEBUG] ||| run ||| pending_perm = [1, 2, 3, 0] | src = 0, dest = 1
2026-06-12 01:18:22.626 - [DEBUG] ||| prep_pass ||| Next permutation = [None, None, 3, 0]
2026-06-12 01:18:22.626 - [DEBUG] ||| prep_pass ||| rb_src = 2, rb_dest = 3
2026-06-12 01:18:22.626 - [DEBUG] ||| prep_pass ||| Next permutation = [None, None, None, None]
2026-06-12 01:18:22.627 - [DEBUG] ||| prep_pass ||| Chain complete
2026-06-12 01:18:22.627 - [DEBUG] ||| propogate ||| stage = 4, input perm = [1, 32, 55, 31, 16, 56, 46, 14, 8, 40, 51, 22, 60, 25, 38, 7, 4, 58, 43, 26, 20, 37, 53, 10, 62, 28, 34, 2, 13, 44, 49, 19, 3, 42, 54, 21, 61, 27, 36, 12, 11, 35, 50, 29, 18, 57, 45, 5, 63, 30, 41, 0, 15, 39, 52, 17, 6, 59, 33, 24, 23, 47, 48, 9]
2026-06-12 01:18:22.627 - [DEBUG] ||| run ||| Stage[4] | Output permutation = [1, 55, 32, 31, 16, 46, 56, 14, 8, 51, 40, 22, 60, 7, 25, 38, 4, 43, 58, 26, 20, 53, 37, 10, 62, 2, 28, 34, 13, 49, 44, 19, 3, 54, 42, 21, 61, 12, 27, 36, 11, 50, 35, 29, 18, 45, 57, 5, 63, 0, 30, 41, 15, 52, 39, 17, 6, 33, 59, 24, 23, 48, 47, 9]
2026-06-12 01:18:22.628 - [DEBUG] ||| propogate ||| stage = 5, input perm = [1, 55, 32, 31, 16, 46, 56, 14, 8, 51, 40, 22, 60, 7, 25, 38, 4, 43, 58, 26, 20, 53, 37, 10, 62, 2, 28, 34, 13, 49, 44, 19, 3, 54, 42, 21, 61, 12, 27, 36, 11, 50, 35, 29, 18, 45, 57, 5, 63, 0, 30, 41, 15, 52, 39, 17, 6, 33, 59, 24, 23, 48, 47, 9]
2026-06-12 01:18:22.628 - [DEBUG] ||| run ||| Stage[5] | Output permutation = [1, 31, 55, 32, 16, 14, 46, 56, 8, 22, 51, 40, 7, 25, 60, 38, 4, 26, 43, 58, 20, 10, 53, 37, 2, 28, 62, 34, 13, 19, 49, 44, 3, 21, 54, 42, 12, 27, 61, 36, 11, 29, 50, 35, 18, 5, 45, 57, 0, 30, 63, 41, 15, 17, 52, 39, 6, 24, 33, 59, 23, 9, 48, 47]
2026-06-12 01:18:22.629 - [DEBUG] ||| propogate ||| stage = 6, input perm = [1, 31, 55, 32, 16, 14, 46, 56, 8, 22, 51, 40, 7, 25, 60, 38, 4, 26, 43, 58, 20, 10, 53, 37, 2, 28, 62, 34, 13, 19, 49, 44, 3, 21, 54, 42, 12, 27, 61, 36, 11, 29, 50, 35, 18, 5, 45, 57, 0, 30, 63, 41, 15, 17, 52, 39, 6, 24, 33, 59, 23, 9, 48, 47]
2026-06-12 01:18:22.629 - [DEBUG] ||| run ||| Stage[6] | Output permutation = [1, 14, 31, 16, 32, 46, 55, 56, 8, 7, 22, 25, 40, 38, 51, 60, 4, 10, 26, 20, 43, 37, 58, 53, 2, 13, 28, 19, 34, 44, 62, 49, 3, 12, 21, 27, 42, 36, 54, 61, 11, 5, 29, 18, 35, 45, 50, 57, 0, 15, 30, 17, 41, 39, 63, 52, 6, 9, 24, 23, 33, 47, 59, 48]
2026-06-12 01:18:22.630 - [DEBUG] ||| propogate ||| stage = 7, input perm = [1, 14, 31, 16, 32, 46, 55, 56, 8, 7, 22, 25, 40, 38, 51, 60, 4, 10, 26, 20, 43, 37, 58, 53, 2, 13, 28, 19, 34, 44, 62, 49, 3, 12, 21, 27, 42, 36, 54, 61, 11, 5, 29, 18, 35, 45, 50, 57, 0, 15, 30, 17, 41, 39, 63, 52, 6, 9, 24, 23, 33, 47, 59, 48]
2026-06-12 01:18:22.630 - [DEBUG] ||| run ||| Stage[7] | Output permutation = [1, 7, 14, 8, 16, 22, 31, 25, 32, 38, 46, 40, 55, 51, 56, 60, 4, 2, 10, 13, 20, 19, 26, 28, 37, 34, 43, 44, 53, 49, 58, 62, 3, 5, 12, 11, 21, 18, 27, 29, 36, 35, 42, 45, 54, 50, 61, 57, 0, 6, 15, 9, 17, 23, 30, 24, 39, 33, 41, 47, 52, 48, 63, 59]
2026-06-12 01:18:22.630 - [DEBUG] ||| propogate ||| stage = 8, input perm = [1, 7, 14, 8, 16, 22, 31, 25, 32, 38, 46, 40, 55, 51, 56, 60, 4, 2, 10, 13, 20, 19, 26, 28, 37, 34, 43, 44, 53, 49, 58, 62, 3, 5, 12, 11, 21, 18, 27, 29, 36, 35, 42, 45, 54, 50, 61, 57, 0, 6, 15, 9, 17, 23, 30, 24, 39, 33, 41, 47, 52, 48, 63, 59]
2026-06-12 01:18:22.631 - [DEBUG] ||| run ||| Stage[8] | Output permutation = [1, 2, 7, 4, 8, 10, 14, 13, 16, 19, 22, 20, 25, 26, 31, 28, 32, 34, 38, 37, 40, 43, 46, 44, 51, 49, 55, 53, 56, 58, 60, 62, 3, 0, 5, 6, 11, 9, 12, 15, 18, 17, 21, 23, 27, 24, 29, 30, 35, 33, 36, 39, 42, 41, 45, 47, 50, 48, 54, 52, 57, 59, 61, 63]
2026-06-12 01:18:22.632 - [DEBUG] ||| propogate ||| stage = 9, input perm = [1, 2, 7, 4, 8, 10, 14, 13, 16, 19, 22, 20, 25, 26, 31, 28, 32, 34, 38, 37, 40, 43, 46, 44, 51, 49, 55, 53, 56, 58, 60, 62, 3, 0, 5, 6, 11, 9, 12, 15, 18, 17, 21, 23, 27, 24, 29, 30, 35, 33, 36, 39, 42, 41, 45, 47, 50, 48, 54, 52, 57, 59, 61, 63]
2026-06-12 01:18:22.632 - [DEBUG] ||| run ||| Stage[9] | Output permutation = [1, 0, 2, 3, 4, 5, 7, 6, 8, 9, 10, 11, 13, 12, 14, 15, 16, 17, 19, 18, 20, 21, 22, 23, 25, 24, 26, 27, 28, 29, 31, 30, 32, 33, 34, 35, 37, 36, 38, 39, 40, 41, 43, 42, 44, 45, 46, 47, 49, 48, 51, 50, 53, 52, 55, 54, 56, 57, 58, 59, 60, 61, 62, 63]
2026-06-12 01:18:22.632 - [DEBUG] ||| propogate ||| stage = 10, input perm = [1, 0, 2, 3, 4, 5, 7, 6, 8, 9, 10, 11, 13, 12, 14, 15, 16, 17, 19, 18, 20, 21, 22, 23, 25, 24, 26, 27, 28, 29, 31, 30, 32, 33, 34, 35, 37, 36, 38, 39, 40, 41, 43, 42, 44, 45, 46, 47, 49, 48, 51, 50, 53, 52, 55, 54, 56, 57, 58, 59, 60, 61, 62, 63]
2026-06-12 01:18:22.633 - [DEBUG] ||| run ||| Stage[10] | Output permutation = [0, 1, 2, 3, 4, 5, 6, 7, 8, 9, 10, 11, 12, 13, 14, 15, 16, 17, 18, 19, 20, 21, 22, 23, 24, 25, 26, 27, 28, 29, 30, 31, 32, 33, 34, 35, 36, 37, 38, 39, 40, 41, 42, 43, 44, 45, 46, 47, 48, 49, 50, 51, 52, 53, 54, 55, 56, 57, 58, 59, 60, 61, 62, 63]
2026-06-12 01:18:22.633 - [DEBUG] ||| run ||| Benes Routing: PASSED
2026-06-12 01:18:22.634 - [DEBUG] ||| run ||| Attempting to route Benes permutation = [(0, 0), (1, 2), (2, 5), (4, 7), (5, 9), (6, 10), (8, 12), (9, 14), (10, 17), (12, 19), (13, 21), (14, 22), (16, 24), (17, 26), (18, 29), (20, 31), (21, 33), (22, 34), (24, 36), (25, 38), (26, 41), (28, 43), (29, 45), (30, 46)]
2026-06-12 01:18:22.635 - [DEBUG] ||| balance_perm ||| almost-balanced_perm = [0, 2, 5, None, 7, 9, 10, None, 12, 14, 17, None, 19, 21, 22, None, 24, 26, 29, None, 31, 33, 34, None, 36, 38, 41, None, 43, 45, 46, None, None, None, None, None, None, None, None, None, None, None, None, None, None, None, None, None, None, None, None, None, None, None, None, None, None, None, None, None, None, None, None, None]; free_dest = [1, 3, 4, 6, 8, 11, 13, 15, 16, 18, 20, 23, 25, 27, 28, 30, 32, 35, 37, 39, 40, 42, 44, 47, 48, 49, 50, 51, 52, 53, 54, 55, 56, 57, 58, 59, 60, 61, 62, 63]
2026-06-12 01:18:22.635 - [DEBUG] ||| balance_perm ||| balanced_perm = [0, 2, 5, 63, 7, 9, 10, 62, 12, 14, 17, 61, 19, 21, 22, 60, 24, 26, 29, 59, 31, 33, 34, 58, 36, 38, 41, 57, 43, 45, 46, 56, 55, 54, 53, 52, 51, 50, 49, 48, 47, 44, 42, 40, 39, 37, 35, 32, 30, 28, 27, 25, 23, 20, 18, 16, 15, 13, 11, 8, 6, 4, 3, 1]
2026-06-12 01:18:22.636 - [DEBUG] ||| run ||| Stage[0] || perm_split = 1, split_len = 64, sw_split = 32, sub_perms = [[0, 2, 5, 63, 7, 9, 10, 62, 12, 14, 17, 61, 19, 21, 22, 60, 24, 26, 29, 59, 31, 33, 34, 58, 36, 38, 41, 57, 43, 45, 46, 56, 55, 54, 53, 52, 51, 50, 49, 48, 47, 44, 42, 40, 39, 37, 35, 32, 30, 28, 27, 25, 23, 20, 18, 16, 15, 13, 11, 8, 6, 4, 3, 1]]
2026-06-12 01:18:22.636 - [DEBUG] ||| normalize_perm ||| Permutation post normalization = [0, 2, 5, 63, 7, 9, 10, 62, 12, 14, 17, 61, 19, 21, 22, 60, 24, 26, 29, 59, 31, 33, 34, 58, 36, 38, 41, 57, 43, 45, 46, 56, 55, 54, 53, 52, 51, 50, 49, 48, 47, 44, 42, 40, 39, 37, 35, 32, 30, 28, 27, 25, 23, 20, 18, 16, 15, 13, 11, 8, 6, 4, 3, 1]
2026-06-12 01:18:22.636 - [DEBUG] ||| run ||| pending_perm = [0, 2, 5, 63, 7, 9, 10, 62, 12, 14, 17, 61, 19, 21, 22, 60, 24, 26, 29, 59, 31, 33, 34, 58, 36, 38, 41, 57, 43, 45, 46, 56, 55, 54, 53, 52, 51, 50, 49, 48, 47, 44, 42, 40, 39, 37, 35, 32, 30, 28, 27, 25, 23, 20, 18, 16, 15, 13, 11, 8, 6, 4, 3, 1] | src = 0, dest = 0
2026-06-12 01:18:22.637 - [DEBUG] ||| prep_pass ||| Next permutation = [None, None, 5, 63, 7, 9, 10, 62, 12, 14, 17, 61, 19, 21, 22, 60, 24, 26, 29, 59, 31, 33, 34, 58, 36, 38, 41, 57, 43, 45, 46, 56, 55, 54, 53, 52, 51, 50, 49, 48, 47, 44, 42, 40, 39, 37, 35, 32, 30, 28, 27, 25, 23, 20, 18, 16, 15, 13, 11, 8, 6, 4, 3, 1]
2026-06-12 01:18:22.637 - [DEBUG] ||| prep_pass ||| rb_src = 62, rb_dest = 3
2026-06-12 01:18:22.638 - [DEBUG] ||| prep_pass ||| Next permutation = [None, None, 5, 63, 7, 9, 10, 62, 12, 14, 17, 61, 19, 21, 22, 60, 24, 26, 29, 59, 31, 33, 34, 58, 36, 38, 41, 57, 43, 45, 46, 56, 55, 54, 53, 52, 51, 50, 49, 48, 47, 44, 42, 40, 39, 37, 35, 32, 30, 28, 27, 25, 23, 20, 18, 16, 15, 13, 11, 8, 6, 4, None, None]
2026-06-12 01:18:22.638 - [DEBUG] ||| prep_pass ||| Chain complete
2026-06-12 01:18:22.639 - [DEBUG] ||| run ||| pending_perm = [None, None, 5, 63, 7, 9, 10, 62, 12, 14, 17, 61, 19, 21, 22, 60, 24, 26, 29, 59, 31, 33, 34, 58, 36, 38, 41, 57, 43, 45, 46, 56, 55, 54, 53, 52, 51, 50, 49, 48, 47, 44, 42, 40, 39, 37, 35, 32, 30, 28, 27, 25, 23, 20, 18, 16, 15, 13, 11, 8, 6, 4, None, None] | src = 2, dest = 5
2026-06-12 01:18:22.639 - [DEBUG] ||| prep_pass ||| Next permutation = [None, None, None, None, 7, 9, 10, 62, 12, 14, 17, 61, 19, 21, 22, 60, 24, 26, 29, 59, 31, 33, 34, 58, 36, 38, 41, 57, 43, 45, 46, 56, 55, 54, 53, 52, 51, 50, 49, 48, 47, 44, 42, 40, 39, 37, 35, 32, 30, 28, 27, 25, 23, 20, 18, 16, 15, 13, 11, 8, 6, 4, None, None]
2026-06-12 01:18:22.640 - [DEBUG] ||| prep_pass ||| rb_src = 60, rb_dest = 6
2026-06-12 01:18:22.640 - [DEBUG] ||| prep_pass ||| Next permutation = [None, None, None, None, 7, 9, 10, 62, 12, 14, 17, 61, 19, 21, 22, 60, 24, 26, 29, 59, 31, 33, 34, 58, 36, 38, 41, 57, 43, 45, 46, 56, 55, 54, 53, 52, 51, 50, 49, 48, 47, 44, 42, 40, 39, 37, 35, 32, 30, 28, 27, 25, 23, 20, 18, 16, 15, 13, 11, 8, None, None, None, None]
2026-06-12 01:18:22.640 - [DEBUG] ||| prep_pass ||| rb_src = 5, rb_dest = 9
2026-06-12 01:18:22.641 - [DEBUG] ||| prep_pass ||| Next permutation = [None, None, None, None, None, None, 10, 62, 12, 14, 17, 61, 19, 21, 22, 60, 24, 26, 29, 59, 31, 33, 34, 58, 36, 38, 41, 57, 43, 45, 46, 56, 55, 54, 53, 52, 51, 50, 49, 48, 47, 44, 42, 40, 39, 37, 35, 32, 30, 28, 27, 25, 23, 20, 18, 16, 15, 13, 11, 8, None, None, None, None]
2026-06-12 01:18:22.641 - [DEBUG] ||| prep_pass ||| rb_src = 58, rb_dest = 11
2026-06-12 01:18:22.641 - [DEBUG] ||| prep_pass ||| Next permutation = [None, None, None, None, None, None, 10, 62, 12, 14, 17, 61, 19, 21, 22, 60, 24, 26, 29, 59, 31, 33, 34, 58, 36, 38, 41, 57, 43, 45, 46, 56, 55, 54, 53, 52, 51, 50, 49, 48, 47, 44, 42, 40, 39, 37, 35, 32, 30, 28, 27, 25, 23, 20, 18, 16, 15, 13, None, None, None, None, None, None]
2026-06-12 01:18:22.642 - [DEBUG] ||| prep_pass ||| rb_src = 7, rb_dest = 62
2026-06-12 01:18:22.642 - [DEBUG] ||| prep_pass ||| Next permutation = [None, None, None, None, None, None, None, None, 12, 14, 17, 61, 19, 21, 22, 60, 24, 26, 29, 59, 31, 33, 34, 58, 36, 38, 41, 57, 43, 45, 46, 56, 55, 54, 53, 52, 51, 50, 49, 48, 47, 44, 42, 40, 39, 37, 35, 32, 30, 28, 27, 25, 23, 20, 18, 16, 15, 13, None, None, None, None, None, None]
2026-06-12 01:18:22.643 - [DEBUG] ||| prep_pass ||| Chain complete
2026-06-12 01:18:22.643 - [DEBUG] ||| run ||| pending_perm = [None, None, None, None, None, None, None, None, 12, 14, 17, 61, 19, 21, 22, 60, 24, 26, 29, 59, 31, 33, 34, 58, 36, 38, 41, 57, 43, 45, 46, 56, 55, 54, 53, 52, 51, 50, 49, 48, 47, 44, 42, 40, 39, 37, 35, 32, 30, 28, 27, 25, 23, 20, 18, 16, 15, 13, None, None, None, None, None, None] | src = 8, dest = 12
2026-06-12 01:18:22.643 - [DEBUG] ||| prep_pass ||| Next permutation = [None, None, None, None, None, None, None, None, None, None, 17, 61, 19, 21, 22, 60, 24, 26, 29, 59, 31, 33, 34, 58, 36, 38, 41, 57, 43, 45, 46, 56, 55, 54, 53, 52, 51, 50, 49, 48, 47, 44, 42, 40, 39, 37, 35, 32, 30, 28, 27, 25, 23, 20, 18, 16, 15, 13, None, None, None, None, None, None]
2026-06-12 01:18:22.644 - [DEBUG] ||| prep_pass ||| rb_src = 56, rb_dest = 15
2026-06-12 01:18:22.644 - [DEBUG] ||| prep_pass ||| Next permutation = [None, None, None, None, None, None, None, None, None, None, 17, 61, 19, 21, 22, 60, 24, 26, 29, 59, 31, 33, 34, 58, 36, 38, 41, 57, 43, 45, 46, 56, 55, 54, 53, 52, 51, 50, 49, 48, 47, 44, 42, 40, 39, 37, 35, 32, 30, 28, 27, 25, 23, 20, 18, 16, None, None, None, None, None, None, None, None]
2026-06-12 01:18:22.645 - [DEBUG] ||| prep_pass ||| Chain complete
2026-06-12 01:18:22.645 - [DEBUG] ||| run ||| pending_perm = [None, None, None, None, None, None, None, None, None, None, 17, 61, 19, 21, 22, 60, 24, 26, 29, 59, 31, 33, 34, 58, 36, 38, 41, 57, 43, 45, 46, 56, 55, 54, 53, 52, 51, 50, 49, 48, 47, 44, 42, 40, 39, 37, 35, 32, 30, 28, 27, 25, 23, 20, 18, 16, None, None, None, None, None, None, None, None] | src = 10, dest = 17
2026-06-12 01:18:22.645 - [DEBUG] ||| prep_pass ||| Next permutation = [None, None, None, None, None, None, None, None, None, None, None, None, 19, 21, 22, 60, 24, 26, 29, 59, 31, 33, 34, 58, 36, 38, 41, 57, 43, 45, 46, 56, 55, 54, 53, 52, 51, 50, 49, 48, 47, 44, 42, 40, 39, 37, 35, 32, 30, 28, 27, 25, 23, 20, 18, 16, None, None, None, None, None, None, None, None]
2026-06-12 01:18:22.646 - [DEBUG] ||| prep_pass ||| rb_src = 54, rb_dest = 18
2026-06-12 01:18:22.646 - [DEBUG] ||| prep_pass ||| Next permutation = [None, None, None, None, None, None, None, None, None, None, None, None, 19, 21, 22, 60, 24, 26, 29, 59, 31, 33, 34, 58, 36, 38, 41, 57, 43, 45, 46, 56, 55, 54, 53, 52, 51, 50, 49, 48, 47, 44, 42, 40, 39, 37, 35, 32, 30, 28, 27, 25, 23, 20, None, None, None, None, None, None, None, None, None, None]
2026-06-12 01:18:22.646 - [DEBUG] ||| prep_pass ||| rb_src = 13, rb_dest = 21
2026-06-12 01:18:22.647 - [DEBUG] ||| prep_pass ||| Next permutation = [None, None, None, None, None, None, None, None, None, None, None, None, None, None, 22, 60, 24, 26, 29, 59, 31, 33, 34, 58, 36, 38, 41, 57, 43, 45, 46, 56, 55, 54, 53, 52, 51, 50, 49, 48, 47, 44, 42, 40, 39, 37, 35, 32, 30, 28, 27, 25, 23, 20, None, None, None, None, None, None, None, None, None, None]
2026-06-12 01:18:22.647 - [DEBUG] ||| prep_pass ||| rb_src = 52, rb_dest = 23
2026-06-12 01:18:22.648 - [DEBUG] ||| prep_pass ||| Next permutation = [None, None, None, None, None, None, None, None, None, None, None, None, None, None, 22, 60, 24, 26, 29, 59, 31, 33, 34, 58, 36, 38, 41, 57, 43, 45, 46, 56, 55, 54, 53, 52, 51, 50, 49, 48, 47, 44, 42, 40, 39, 37, 35, 32, 30, 28, 27, 25, None, None, None, None, None, None, None, None, None, None, None, None]
2026-06-12 01:18:22.648 - [DEBUG] ||| prep_pass ||| rb_src = 15, rb_dest = 60
2026-06-12 01:18:22.648 - [DEBUG] ||| prep_pass ||| Next permutation = [None, None, None, None, None, None, None, None, None, None, None, None, None, None, None, None, 24, 26, 29, 59, 31, 33, 34, 58, 36, 38, 41, 57, 43, 45, 46, 56, 55, 54, 53, 52, 51, 50, 49, 48, 47, 44, 42, 40, 39, 37, 35, 32, 30, 28, 27, 25, None, None, None, None, None, None, None, None, None, None, None, None]
2026-06-12 01:18:22.649 - [DEBUG] ||| prep_pass ||| Chain complete
2026-06-12 01:18:22.649 - [DEBUG] ||| run ||| pending_perm = [None, None, None, None, None, None, None, None, None, None, None, None, None, None, None, None, 24, 26, 29, 59, 31, 33, 34, 58, 36, 38, 41, 57, 43, 45, 46, 56, 55, 54, 53, 52, 51, 50, 49, 48, 47, 44, 42, 40, 39, 37, 35, 32, 30, 28, 27, 25, None, None, None, None, None, None, None, None, None, None, None, None] | src = 16, dest = 24
2026-06-12 01:18:22.650 - [DEBUG] ||| prep_pass ||| Next permutation = [None, None, None, None, None, None, None, None, None, None, None, None, None, None, None, None, None, None, 29, 59, 31, 33, 34, 58, 36, 38, 41, 57, 43, 45, 46, 56, 55, 54, 53, 52, 51, 50, 49, 48, 47, 44, 42, 40, 39, 37, 35, 32, 30, 28, 27, 25, None, None, None, None, None, None, None, None, None, None, None, None]
2026-06-12 01:18:22.650 - [DEBUG] ||| prep_pass ||| rb_src = 50, rb_dest = 27
2026-06-12 01:18:22.650 - [DEBUG] ||| prep_pass ||| Next permutation = [None, None, None, None, None, None, None, None, None, None, None, None, None, None, None, None, None, None, 29, 59, 31, 33, 34, 58, 36, 38, 41, 57, 43, 45, 46, 56, 55, 54, 53, 52, 51, 50, 49, 48, 47, 44, 42, 40, 39, 37, 35, 32, 30, 28, None, None, None, None, None, None, None, None, None, None, None, None, None, None]
2026-06-12 01:18:22.651 - [DEBUG] ||| prep_pass ||| Chain complete
2026-06-12 01:18:22.651 - [DEBUG] ||| run ||| pending_perm = [None, None, None, None, None, None, None, None, None, None, None, None, None, None, None, None, None, None, 29, 59, 31, 33, 34, 58, 36, 38, 41, 57, 43, 45, 46, 56, 55, 54, 53, 52, 51, 50, 49, 48, 47, 44, 42, 40, 39, 37, 35, 32, 30, 28, None, None, None, None, None, None, None, None, None, None, None, None, None, None] | src = 18, dest = 29
2026-06-12 01:18:22.652 - [DEBUG] ||| prep_pass ||| Next permutation = [None, None, None, None, None, None, None, None, None, None, None, None, None, None, None, None, None, None, None, None, 31, 33, 34, 58, 36, 38, 41, 57, 43, 45, 46, 56, 55, 54, 53, 52, 51, 50, 49, 48, 47, 44, 42, 40, 39, 37, 35, 32, 30, 28, None, None, None, None, None, None, None, None, None, None, None, None, None, None]
2026-06-12 01:18:22.652 - [DEBUG] ||| prep_pass ||| rb_src = 48, rb_dest = 30
2026-06-12 01:18:22.653 - [DEBUG] ||| prep_pass ||| Next permutation = [None, None, None, None, None, None, None, None, None, None, None, None, None, None, None, None, None, None, None, None, 31, 33, 34, 58, 36, 38, 41, 57, 43, 45, 46, 56, 55, 54, 53, 52, 51, 50, 49, 48, 47, 44, 42, 40, 39, 37, 35, 32, None, None, None, None, None, None, None, None, None, None, None, None, None, None, None, None]
2026-06-12 01:18:22.653 - [DEBUG] ||| prep_pass ||| rb_src = 21, rb_dest = 33
2026-06-12 01:18:22.654 - [DEBUG] ||| prep_pass ||| Next permutation = [None, None, None, None, None, None, None, None, None, None, None, None, None, None, None, None, None, None, None, None, None, None, 34, 58, 36, 38, 41, 57, 43, 45, 46, 56, 55, 54, 53, 52, 51, 50, 49, 48, 47, 44, 42, 40, 39, 37, 35, 32, None, None, None, None, None, None, None, None, None, None, None, None, None, None, None, None]
2026-06-12 01:18:22.654 - [DEBUG] ||| prep_pass ||| rb_src = 46, rb_dest = 35
2026-06-12 01:18:22.655 - [DEBUG] ||| prep_pass ||| Next permutation = [None, None, None, None, None, None, None, None, None, None, None, None, None, None, None, None, None, None, None, None, None, None, 34, 58, 36, 38, 41, 57, 43, 45, 46, 56, 55, 54, 53, 52, 51, 50, 49, 48, 47, 44, 42, 40, 39, 37, None, None, None, None, None, None, None, None, None, None, None, None, None, None, None, None, None, None]
2026-06-12 01:18:22.656 - [DEBUG] ||| prep_pass ||| rb_src = 23, rb_dest = 58
2026-06-12 01:18:22.656 - [DEBUG] ||| prep_pass ||| Next permutation = [None, None, None, None, None, None, None, None, None, None, None, None, None, None, None, None, None, None, None, None, None, None, None, None, 36, 38, 41, 57, 43, 45, 46, 56, 55, 54, 53, 52, 51, 50, 49, 48, 47, 44, 42, 40, 39, 37, None, None, None, None, None, None, None, None, None, None, None, None, None, None, None, None, None, None]
2026-06-12 01:18:22.657 - [DEBUG] ||| prep_pass ||| Chain complete
2026-06-12 01:18:22.657 - [DEBUG] ||| run ||| pending_perm = [None, None, None, None, None, None, None, None, None, None, None, None, None, None, None, None, None, None, None, None, None, None, None, None, 36, 38, 41, 57, 43, 45, 46, 56, 55, 54, 53, 52, 51, 50, 49, 48, 47, 44, 42, 40, 39, 37, None, None, None, None, None, None, None, None, None, None, None, None, None, None, None, None, None, None] | src = 24, dest = 36
2026-06-12 01:18:22.658 - [DEBUG] ||| prep_pass ||| Next permutation = [None, None, None, None, None, None, None, None, None, None, None, None, None, None, None, None, None, None, None, None, None, None, None, None, None, None, 41, 57, 43, 45, 46, 56, 55, 54, 53, 52, 51, 50, 49, 48, 47, 44, 42, 40, 39, 37, None, None, None, None, None, None, None, None, None, None, None, None, None, None, None, None, None, None]
2026-06-12 01:18:22.658 - [DEBUG] ||| prep_pass ||| rb_src = 44, rb_dest = 39
2026-06-12 01:18:22.659 - [DEBUG] ||| prep_pass ||| Next permutation = [None, None, None, None, None, None, None, None, None, None, None, None, None, None, None, None, None, None, None, None, None, None, None, None, None, None, 41, 57, 43, 45, 46, 56, 55, 54, 53, 52, 51, 50, 49, 48, 47, 44, 42, 40, None, None, None, None, None, None, None, None, None, None, None, None, None, None, None, None, None, None, None, None]
2026-06-12 01:18:22.659 - [DEBUG] ||| prep_pass ||| Chain complete
2026-06-12 01:18:22.659 - [DEBUG] ||| run ||| pending_perm = [None, None, None, None, None, None, None, None, None, None, None, None, None, None, None, None, None, None, None, None, None, None, None, None, None, None, 41, 57, 43, 45, 46, 56, 55, 54, 53, 52, 51, 50, 49, 48, 47, 44, 42, 40, None, None, None, None, None, None, None, None, None, None, None, None, None, None, None, None, None, None, None, None] | src = 26, dest = 41
2026-06-12 01:18:22.660 - [DEBUG] ||| prep_pass ||| Next permutation = [None, None, None, None, None, None, None, None, None, None, None, None, None, None, None, None, None, None, None, None, None, None, None, None, None, None, None, None, 43, 45, 46, 56, 55, 54, 53, 52, 51, 50, 49, 48, 47, 44, 42, 40, None, None, None, None, None, None, None, None, None, None, None, None, None, None, None, None, None, None, None, None]
2026-06-12 01:18:22.660 - [DEBUG] ||| prep_pass ||| rb_src = 42, rb_dest = 42
2026-06-12 01:18:22.660 - [DEBUG] ||| prep_pass ||| Next permutation = [None, None, None, None, None, None, None, None, None, None, None, None, None, None, None, None, None, None, None, None, None, None, None, None, None, None, None, None, 43, 45, 46, 56, 55, 54, 53, 52, 51, 50, 49, 48, 47, 44, None, None, None, None, None, None, None, None, None, None, None, None, None, None, None, None, None, None, None, None, None, None]
2026-06-12 01:18:22.661 - [DEBUG] ||| prep_pass ||| rb_src = 29, rb_dest = 45
2026-06-12 01:18:22.661 - [DEBUG] ||| prep_pass ||| Next permutation = [None, None, None, None, None, None, None, None, None, None, None, None, None, None, None, None, None, None, None, None, None, None, None, None, None, None, None, None, None, None, 46, 56, 55, 54, 53, 52, 51, 50, 49, 48, 47, 44, None, None, None, None, None, None, None, None, None, None, None, None, None, None, None, None, None, None, None, None, None, None]
2026-06-12 01:18:22.662 - [DEBUG] ||| prep_pass ||| rb_src = 40, rb_dest = 47
2026-06-12 01:18:22.662 - [DEBUG] ||| prep_pass ||| Next permutation = [None, None, None, None, None, None, None, None, None, None, None, None, None, None, None, None, None, None, None, None, None, None, None, None, None, None, None, None, None, None, 46, 56, 55, 54, 53, 52, 51, 50, 49, 48, None, None, None, None, None, None, None, None, None, None, None, None, None, None, None, None, None, None, None, None, None, None, None, None]
2026-06-12 01:18:22.662 - [DEBUG] ||| prep_pass ||| rb_src = 31, rb_dest = 56
2026-06-12 01:18:22.663 - [DEBUG] ||| prep_pass ||| Next permutation = [None, None, None, None, None, None, None, None, None, None, None, None, None, None, None, None, None, None, None, None, None, None, None, None, None, None, None, None, None, None, None, None, 55, 54, 53, 52, 51, 50, 49, 48, None, None, None, None, None, None, None, None, None, None, None, None, None, None, None, None, None, None, None, None, None, None, None, None]
2026-06-12 01:18:22.663 - [DEBUG] ||| prep_pass ||| Chain complete
2026-06-12 01:18:22.663 - [DEBUG] ||| run ||| pending_perm = [None, None, None, None, None, None, None, None, None, None, None, None, None, None, None, None, None, None, None, None, None, None, None, None, None, None, None, None, None, None, None, None, 55, 54, 53, 52, 51, 50, 49, 48, None, None, None, None, None, None, None, None, None, None, None, None, None, None, None, None, None, None, None, None, None, None, None, None] | src = 32, dest = 55
2026-06-12 01:18:22.664 - [DEBUG] ||| prep_pass ||| Next permutation = [None, None, None, None, None, None, None, None, None, None, None, None, None, None, None, None, None, None, None, None, None, None, None, None, None, None, None, None, None, None, None, None, None, None, 53, 52, 51, 50, 49, 48, None, None, None, None, None, None, None, None, None, None, None, None, None, None, None, None, None, None, None, None, None, None, None, None]
2026-06-12 01:18:22.664 - [DEBUG] ||| prep_pass ||| Chain complete
2026-06-12 01:18:22.664 - [DEBUG] ||| run ||| pending_perm = [None, None, None, None, None, None, None, None, None, None, None, None, None, None, None, None, None, None, None, None, None, None, None, None, None, None, None, None, None, None, None, None, None, None, 53, 52, 51, 50, 49, 48, None, None, None, None, None, None, None, None, None, None, None, None, None, None, None, None, None, None, None, None, None, None, None, None] | src = 34, dest = 53
2026-06-12 01:18:22.665 - [DEBUG] ||| prep_pass ||| Next permutation = [None, None, None, None, None, None, None, None, None, None, None, None, None, None, None, None, None, None, None, None, None, None, None, None, None, None, None, None, None, None, None, None, None, None, None, None, 51, 50, 49, 48, None, None, None, None, None, None, None, None, None, None, None, None, None, None, None, None, None, None, None, None, None, None, None, None]
2026-06-12 01:18:22.665 - [DEBUG] ||| prep_pass ||| Chain complete
2026-06-12 01:18:22.665 - [DEBUG] ||| run ||| pending_perm = [None, None, None, None, None, None, None, None, None, None, None, None, None, None, None, None, None, None, None, None, None, None, None, None, None, None, None, None, None, None, None, None, None, None, None, None, 51, 50, 49, 48, None, None, None, None, None, None, None, None, None, None, None, None, None, None, None, None, None, None, None, None, None, None, None, None] | src = 36, dest = 51
2026-06-12 01:18:22.666 - [DEBUG] ||| prep_pass ||| Next permutation = [None, None, None, None, None, None, None, None, None, None, None, None, None, None, None, None, None, None, None, None, None, None, None, None, None, None, None, None, None, None, None, None, None, None, None, None, None, None, 49, 48, None, None, None, None, None, None, None, None, None, None, None, None, None, None, None, None, None, None, None, None, None, None, None, None]
2026-06-12 01:18:22.666 - [DEBUG] ||| prep_pass ||| Chain complete
2026-06-12 01:18:22.667 - [DEBUG] ||| run ||| pending_perm = [None, None, None, None, None, None, None, None, None, None, None, None, None, None, None, None, None, None, None, None, None, None, None, None, None, None, None, None, None, None, None, None, None, None, None, None, None, None, 49, 48, None, None, None, None, None, None, None, None, None, None, None, None, None, None, None, None, None, None, None, None, None, None, None, None] | src = 38, dest = 49
2026-06-12 01:18:22.667 - [DEBUG] ||| prep_pass ||| Next permutation = [None, None, None, None, None, None, None, None, None, None, None, None, None, None, None, None, None, None, None, None, None, None, None, None, None, None, None, None, None, None, None, None, None, None, None, None, None, None, None, None, None, None, None, None, None, None, None, None, None, None, None, None, None, None, None, None, None, None, None, None, None, None, None, None]
2026-06-12 01:18:22.669 - [DEBUG] ||| prep_pass ||| Chain complete
2026-06-12 01:18:22.669 - [DEBUG] ||| propogate ||| stage = 0, input perm = [0, 2, 5, 63, 7, 9, 10, 62, 12, 14, 17, 61, 19, 21, 22, 60, 24, 26, 29, 59, 31, 33, 34, 58, 36, 38, 41, 57, 43, 45, 46, 56, 55, 54, 53, 52, 51, 50, 49, 48, 47, 44, 42, 40, 39, 37, 35, 32, 30, 28, 27, 25, 23, 20, 18, 16, 15, 13, 11, 8, 6, 4, 3, 1]
2026-06-12 01:18:22.670 - [DEBUG] ||| run ||| Stage[0] | Output permutation = [0, 5, 9, 62, 12, 17, 21, 60, 24, 29, 33, 58, 36, 41, 45, 56, 55, 53, 51, 49, 47, 42, 39, 35, 30, 27, 23, 18, 15, 11, 6, 3, 2, 63, 7, 10, 14, 61, 19, 22, 26, 59, 31, 34, 38, 57, 43, 46, 54, 52, 50, 48, 44, 40, 37, 32, 28, 25, 20, 16, 13, 8, 4, 1]
2026-06-12 01:18:22.671 - [DEBUG] ||| run ||| Stage[1] || perm_split = 2, split_len = 32, sw_split = 16, sub_perms = [[0, 5, 9, 62, 12, 17, 21, 60, 24, 29, 33, 58, 36, 41, 45, 56, 55, 53, 51, 49, 47, 42, 39, 35, 30, 27, 23, 18, 15, 11, 6, 3], [2, 63, 7, 10, 14, 61, 19, 22, 26, 59, 31, 34, 38, 57, 43, 46, 54, 52, 50, 48, 44, 40, 37, 32, 28, 25, 20, 16, 13, 8, 4, 1]]
2026-06-12 01:18:22.671 - [DEBUG] ||| normalize_perm ||| Permutation post normalization = [0, 2, 4, 31, 6, 8, 10, 30, 12, 14, 16, 29, 18, 20, 22, 28, 27, 26, 25, 24, 23, 21, 19, 17, 15, 13, 11, 9, 7, 5, 3, 1]
2026-06-12 01:18:22.672 - [DEBUG] ||| run ||| pending_perm = [0, 2, 4, 31, 6, 8, 10, 30, 12, 14, 16, 29, 18, 20, 22, 28, 27, 26, 25, 24, 23, 21, 19, 17, 15, 13, 11, 9, 7, 5, 3, 1] | src = 0, dest = 0
2026-06-12 01:18:22.672 - [DEBUG] ||| prep_pass ||| Next permutation = [None, None, 4, 31, 6, 8, 10, 30, 12, 14, 16, 29, 18, 20, 22, 28, 27, 26, 25, 24, 23, 21, 19, 17, 15, 13, 11, 9, 7, 5, 3, 1]
2026-06-12 01:18:22.673 - [DEBUG] ||| prep_pass ||| rb_src = 30, rb_dest = 3
2026-06-12 01:18:22.673 - [DEBUG] ||| prep_pass ||| Next permutation = [None, None, 4, 31, 6, 8, 10, 30, 12, 14, 16, 29, 18, 20, 22, 28, 27, 26, 25, 24, 23, 21, 19, 17, 15, 13, 11, 9, 7, 5, None, None]
2026-06-12 01:18:22.673 - [DEBUG] ||| prep_pass ||| Chain complete
2026-06-12 01:18:22.674 - [DEBUG] ||| run ||| pending_perm = [None, None, 4, 31, 6, 8, 10, 30, 12, 14, 16, 29, 18, 20, 22, 28, 27, 26, 25, 24, 23, 21, 19, 17, 15, 13, 11, 9, 7, 5, None, None] | src = 2, dest = 4
2026-06-12 01:18:22.674 - [DEBUG] ||| prep_pass ||| Next permutation = [None, None, None, None, 6, 8, 10, 30, 12, 14, 16, 29, 18, 20, 22, 28, 27, 26, 25, 24, 23, 21, 19, 17, 15, 13, 11, 9, 7, 5, None, None]
2026-06-12 01:18:22.675 - [DEBUG] ||| prep_pass ||| rb_src = 28, rb_dest = 7
2026-06-12 01:18:22.675 - [DEBUG] ||| prep_pass ||| Next permutation = [None, None, None, None, 6, 8, 10, 30, 12, 14, 16, 29, 18, 20, 22, 28, 27, 26, 25, 24, 23, 21, 19, 17, 15, 13, 11, 9, None, None, None, None]
2026-06-12 01:18:22.676 - [DEBUG] ||| prep_pass ||| rb_src = 5, rb_dest = 8
2026-06-12 01:18:22.676 - [DEBUG] ||| prep_pass ||| Next permutation = [None, None, None, None, None, None, 10, 30, 12, 14, 16, 29, 18, 20, 22, 28, 27, 26, 25, 24, 23, 21, 19, 17, 15, 13, 11, 9, None, None, None, None]
2026-06-12 01:18:22.677 - [DEBUG] ||| prep_pass ||| rb_src = 26, rb_dest = 11
2026-06-12 01:18:22.677 - [DEBUG] ||| prep_pass ||| Next permutation = [None, None, None, None, None, None, 10, 30, 12, 14, 16, 29, 18, 20, 22, 28, 27, 26, 25, 24, 23, 21, 19, 17, 15, 13, None, None, None, None, None, None]
2026-06-12 01:18:22.678 - [DEBUG] ||| prep_pass ||| rb_src = 7, rb_dest = 30
2026-06-12 01:18:22.678 - [DEBUG] ||| prep_pass ||| Next permutation = [None, None, None, None, None, None, None, None, 12, 14, 16, 29, 18, 20, 22, 28, 27, 26, 25, 24, 23, 21, 19, 17, 15, 13, None, None, None, None, None, None]
2026-06-12 01:18:22.679 - [DEBUG] ||| prep_pass ||| Chain complete
2026-06-12 01:18:22.679 - [DEBUG] ||| run ||| pending_perm = [None, None, None, None, None, None, None, None, 12, 14, 16, 29, 18, 20, 22, 28, 27, 26, 25, 24, 23, 21, 19, 17, 15, 13, None, None, None, None, None, None] | src = 8, dest = 12
2026-06-12 01:18:22.679 - [DEBUG] ||| prep_pass ||| Next permutation = [None, None, None, None, None, None, None, None, None, None, 16, 29, 18, 20, 22, 28, 27, 26, 25, 24, 23, 21, 19, 17, 15, 13, None, None, None, None, None, None]
2026-06-12 01:18:22.680 - [DEBUG] ||| prep_pass ||| rb_src = 24, rb_dest = 15
2026-06-12 01:18:22.680 - [DEBUG] ||| prep_pass ||| Next permutation = [None, None, None, None, None, None, None, None, None, None, 16, 29, 18, 20, 22, 28, 27, 26, 25, 24, 23, 21, 19, 17, None, None, None, None, None, None, None, None]
2026-06-12 01:18:22.681 - [DEBUG] ||| prep_pass ||| Chain complete
2026-06-12 01:18:22.681 - [DEBUG] ||| run ||| pending_perm = [None, None, None, None, None, None, None, None, None, None, 16, 29, 18, 20, 22, 28, 27, 26, 25, 24, 23, 21, 19, 17, None, None, None, None, None, None, None, None] | src = 10, dest = 16
2026-06-12 01:18:22.681 - [DEBUG] ||| prep_pass ||| Next permutation = [None, None, None, None, None, None, None, None, None, None, None, None, 18, 20, 22, 28, 27, 26, 25, 24, 23, 21, 19, 17, None, None, None, None, None, None, None, None]
2026-06-12 01:18:22.682 - [DEBUG] ||| prep_pass ||| rb_src = 22, rb_dest = 19
2026-06-12 01:18:22.682 - [DEBUG] ||| prep_pass ||| Next permutation = [None, None, None, None, None, None, None, None, None, None, None, None, 18, 20, 22, 28, 27, 26, 25, 24, 23, 21, None, None, None, None, None, None, None, None, None, None]
2026-06-12 01:18:22.683 - [DEBUG] ||| prep_pass ||| rb_src = 13, rb_dest = 20
2026-06-12 01:18:22.683 - [DEBUG] ||| prep_pass ||| Next permutation = [None, None, None, None, None, None, None, None, None, None, None, None, None, None, 22, 28, 27, 26, 25, 24, 23, 21, None, None, None, None, None, None, None, None, None, None]
2026-06-12 01:18:22.683 - [DEBUG] ||| prep_pass ||| rb_src = 20, rb_dest = 23
2026-06-12 01:18:22.684 - [DEBUG] ||| prep_pass ||| Next permutation = [None, None, None, None, None, None, None, None, None, None, None, None, None, None, 22, 28, 27, 26, 25, 24, None, None, None, None, None, None, None, None, None, None, None, None]
2026-06-12 01:18:22.684 - [DEBUG] ||| prep_pass ||| rb_src = 15, rb_dest = 28
2026-06-12 01:18:22.685 - [DEBUG] ||| prep_pass ||| Next permutation = [None, None, None, None, None, None, None, None, None, None, None, None, None, None, None, None, 27, 26, 25, 24, None, None, None, None, None, None, None, None, None, None, None, None]
2026-06-12 01:18:22.685 - [DEBUG] ||| prep_pass ||| Chain complete
2026-06-12 01:18:22.686 - [DEBUG] ||| run ||| pending_perm = [None, None, None, None, None, None, None, None, None, None, None, None, None, None, None, None, 27, 26, 25, 24, None, None, None, None, None, None, None, None, None, None, None, None] | src = 16, dest = 27
2026-06-12 01:18:22.686 - [DEBUG] ||| prep_pass ||| Next permutation = [None, None, None, None, None, None, None, None, None, None, None, None, None, None, None, None, None, None, 25, 24, None, None, None, None, None, None, None, None, None, None, None, None]
2026-06-12 01:18:22.687 - [DEBUG] ||| prep_pass ||| Chain complete
2026-06-12 01:18:22.687 - [DEBUG] ||| run ||| pending_perm = [None, None, None, None, None, None, None, None, None, None, None, None, None, None, None, None, None, None, 25, 24, None, None, None, None, None, None, None, None, None, None, None, None] | src = 18, dest = 25
2026-06-12 01:18:22.688 - [DEBUG] ||| prep_pass ||| Next permutation = [None, None, None, None, None, None, None, None, None, None, None, None, None, None, None, None, None, None, None, None, None, None, None, None, None, None, None, None, None, None, None, None]
2026-06-12 01:18:22.688 - [DEBUG] ||| prep_pass ||| Chain complete
2026-06-12 01:18:22.688 - [DEBUG] ||| normalize_perm ||| Permutation post normalization = [1, 31, 3, 5, 7, 30, 9, 11, 13, 29, 15, 17, 19, 28, 21, 23, 27, 26, 25, 24, 22, 20, 18, 16, 14, 12, 10, 8, 6, 4, 2, 0]
2026-06-12 01:18:22.689 - [DEBUG] ||| run ||| pending_perm = [1, 31, 3, 5, 7, 30, 9, 11, 13, 29, 15, 17, 19, 28, 21, 23, 27, 26, 25, 24, 22, 20, 18, 16, 14, 12, 10, 8, 6, 4, 2, 0] | src = 0, dest = 1
2026-06-12 01:18:22.689 - [DEBUG] ||| prep_pass ||| Next permutation = [None, None, 3, 5, 7, 30, 9, 11, 13, 29, 15, 17, 19, 28, 21, 23, 27, 26, 25, 24, 22, 20, 18, 16, 14, 12, 10, 8, 6, 4, 2, 0]
2026-06-12 01:18:22.690 - [DEBUG] ||| prep_pass ||| rb_src = 30, rb_dest = 2
2026-06-12 01:18:22.690 - [DEBUG] ||| prep_pass ||| Next permutation = [None, None, 3, 5, 7, 30, 9, 11, 13, 29, 15, 17, 19, 28, 21, 23, 27, 26, 25, 24, 22, 20, 18, 16, 14, 12, 10, 8, 6, 4, None, None]
2026-06-12 01:18:22.690 - [DEBUG] ||| prep_pass ||| rb_src = 3, rb_dest = 5
2026-06-12 01:18:22.691 - [DEBUG] ||| prep_pass ||| Next permutation = [None, None, None, None, 7, 30, 9, 11, 13, 29, 15, 17, 19, 28, 21, 23, 27, 26, 25, 24, 22, 20, 18, 16, 14, 12, 10, 8, 6, 4, None, None]
2026-06-12 01:18:22.691 - [DEBUG] ||| prep_pass ||| rb_src = 28, rb_dest = 6
2026-06-12 01:18:22.692 - [DEBUG] ||| prep_pass ||| Next permutation = [None, None, None, None, 7, 30, 9, 11, 13, 29, 15, 17, 19, 28, 21, 23, 27, 26, 25, 24, 22, 20, 18, 16, 14, 12, 10, 8, None, None, None, None]
2026-06-12 01:18:22.692 - [DEBUG] ||| prep_pass ||| rb_src = 5, rb_dest = 30
2026-06-12 01:18:22.692 - [DEBUG] ||| prep_pass ||| Next permutation = [None, None, None, None, None, None, 9, 11, 13, 29, 15, 17, 19, 28, 21, 23, 27, 26, 25, 24, 22, 20, 18, 16, 14, 12, 10, 8, None, None, None, None]
2026-06-12 01:18:22.693 - [DEBUG] ||| prep_pass ||| Chain complete
2026-06-12 01:18:22.693 - [DEBUG] ||| run ||| pending_perm = [None, None, None, None, None, None, 9, 11, 13, 29, 15, 17, 19, 28, 21, 23, 27, 26, 25, 24, 22, 20, 18, 16, 14, 12, 10, 8, None, None, None, None] | src = 6, dest = 9
2026-06-12 01:18:22.694 - [DEBUG] ||| prep_pass ||| Next permutation = [None, None, None, None, None, None, None, None, 13, 29, 15, 17, 19, 28, 21, 23, 27, 26, 25, 24, 22, 20, 18, 16, 14, 12, 10, 8, None, None, None, None]
2026-06-12 01:18:22.694 - [DEBUG] ||| prep_pass ||| rb_src = 26, rb_dest = 10
2026-06-12 01:18:22.694 - [DEBUG] ||| prep_pass ||| Next permutation = [None, None, None, None, None, None, None, None, 13, 29, 15, 17, 19, 28, 21, 23, 27, 26, 25, 24, 22, 20, 18, 16, 14, 12, None, None, None, None, None, None]
2026-06-12 01:18:22.695 - [DEBUG] ||| prep_pass ||| Chain complete
2026-06-12 01:18:22.695 - [DEBUG] ||| run ||| pending_perm = [None, None, None, None, None, None, None, None, 13, 29, 15, 17, 19, 28, 21, 23, 27, 26, 25, 24, 22, 20, 18, 16, 14, 12, None, None, None, None, None, None] | src = 8, dest = 13
2026-06-12 01:18:22.696 - [DEBUG] ||| prep_pass ||| Next permutation = [None, None, None, None, None, None, None, None, None, None, 15, 17, 19, 28, 21, 23, 27, 26, 25, 24, 22, 20, 18, 16, 14, 12, None, None, None, None, None, None]
2026-06-12 01:18:22.696 - [DEBUG] ||| prep_pass ||| rb_src = 24, rb_dest = 14
2026-06-12 01:18:22.696 - [DEBUG] ||| prep_pass ||| Next permutation = [None, None, None, None, None, None, None, None, None, None, 15, 17, 19, 28, 21, 23, 27, 26, 25, 24, 22, 20, 18, 16, None, None, None, None, None, None, None, None]
2026-06-12 01:18:22.697 - [DEBUG] ||| prep_pass ||| rb_src = 11, rb_dest = 17
2026-06-12 01:18:22.697 - [DEBUG] ||| prep_pass ||| Next permutation = [None, None, None, None, None, None, None, None, None, None, None, None, 19, 28, 21, 23, 27, 26, 25, 24, 22, 20, 18, 16, None, None, None, None, None, None, None, None]
2026-06-12 01:18:22.697 - [DEBUG] ||| prep_pass ||| rb_src = 22, rb_dest = 18
2026-06-12 01:18:22.698 - [DEBUG] ||| prep_pass ||| Next permutation = [None, None, None, None, None, None, None, None, None, None, None, None, 19, 28, 21, 23, 27, 26, 25, 24, 22, 20, None, None, None, None, None, None, None, None, None, None]
2026-06-12 01:18:22.698 - [DEBUG] ||| prep_pass ||| rb_src = 13, rb_dest = 28
2026-06-12 01:18:22.699 - [DEBUG] ||| prep_pass ||| Next permutation = [None, None, None, None, None, None, None, None, None, None, None, None, None, None, 21, 23, 27, 26, 25, 24, 22, 20, None, None, None, None, None, None, None, None, None, None]
2026-06-12 01:18:22.699 - [DEBUG] ||| prep_pass ||| Chain complete
2026-06-12 01:18:22.699 - [DEBUG] ||| run ||| pending_perm = [None, None, None, None, None, None, None, None, None, None, None, None, None, None, 21, 23, 27, 26, 25, 24, 22, 20, None, None, None, None, None, None, None, None, None, None] | src = 14, dest = 21
2026-06-12 01:18:22.700 - [DEBUG] ||| prep_pass ||| Next permutation = [None, None, None, None, None, None, None, None, None, None, None, None, None, None, None, None, 27, 26, 25, 24, 22, 20, None, None, None, None, None, None, None, None, None, None]
2026-06-12 01:18:22.700 - [DEBUG] ||| prep_pass ||| rb_src = 20, rb_dest = 22
2026-06-12 01:18:22.701 - [DEBUG] ||| prep_pass ||| Next permutation = [None, None, None, None, None, None, None, None, None, None, None, None, None, None, None, None, 27, 26, 25, 24, None, None, None, None, None, None, None, None, None, None, None, None]
2026-06-12 01:18:22.701 - [DEBUG] ||| prep_pass ||| Chain complete
2026-06-12 01:18:22.701 - [DEBUG] ||| run ||| pending_perm = [None, None, None, None, None, None, None, None, None, None, None, None, None, None, None, None, 27, 26, 25, 24, None, None, None, None, None, None, None, None, None, None, None, None] | src = 16, dest = 27
2026-06-12 01:18:22.702 - [DEBUG] ||| prep_pass ||| Next permutation = [None, None, None, None, None, None, None, None, None, None, None, None, None, None, None, None, None, None, 25, 24, None, None, None, None, None, None, None, None, None, None, None, None]
2026-06-12 01:18:22.702 - [DEBUG] ||| prep_pass ||| Chain complete
2026-06-12 01:18:22.702 - [DEBUG] ||| run ||| pending_perm = [None, None, None, None, None, None, None, None, None, None, None, None, None, None, None, None, None, None, 25, 24, None, None, None, None, None, None, None, None, None, None, None, None] | src = 18, dest = 25
2026-06-12 01:18:22.703 - [DEBUG] ||| prep_pass ||| Next permutation = [None, None, None, None, None, None, None, None, None, None, None, None, None, None, None, None, None, None, None, None, None, None, None, None, None, None, None, None, None, None, None, None]
2026-06-12 01:18:22.703 - [DEBUG] ||| prep_pass ||| Chain complete
2026-06-12 01:18:22.704 - [DEBUG] ||| propogate ||| stage = 1, input perm = [0, 5, 9, 62, 12, 17, 21, 60, 24, 29, 33, 58, 36, 41, 45, 56, 55, 53, 51, 49, 47, 42, 39, 35, 30, 27, 23, 18, 15, 11, 6, 3, 2, 63, 7, 10, 14, 61, 19, 22, 26, 59, 31, 34, 38, 57, 43, 46, 54, 52, 50, 48, 44, 40, 37, 32, 28, 25, 20, 16, 13, 8, 4, 1]
2026-06-12 01:18:22.704 - [DEBUG] ||| run ||| Stage[1] | Output permutation = [0, 9, 17, 60, 24, 33, 41, 56, 55, 51, 47, 39, 30, 23, 15, 6, 5, 62, 12, 21, 29, 58, 36, 45, 53, 49, 42, 35, 27, 18, 11, 3, 2, 10, 61, 19, 26, 34, 57, 43, 54, 50, 44, 37, 28, 20, 13, 4, 63, 7, 14, 22, 59, 31, 38, 46, 52, 48, 40, 32, 25, 16, 8, 1]
2026-06-12 01:18:22.704 - [DEBUG] ||| run ||| Stage[2] || perm_split = 4, split_len = 16, sw_split = 8, sub_perms = [[0, 9, 17, 60, 24, 33, 41, 56, 55, 51, 47, 39, 30, 23, 15, 6], [5, 62, 12, 21, 29, 58, 36, 45, 53, 49, 42, 35, 27, 18, 11, 3], [2, 10, 61, 19, 26, 34, 57, 43, 54, 50, 44, 37, 28, 20, 13, 4], [63, 7, 14, 22, 59, 31, 38, 46, 52, 48, 40, 32, 25, 16, 8, 1]]
2026-06-12 01:18:22.705 - [DEBUG] ||| normalize_perm ||| Permutation post normalization = [0, 2, 4, 15, 6, 8, 10, 14, 13, 12, 11, 9, 7, 5, 3, 1]
2026-06-12 01:18:22.705 - [DEBUG] ||| run ||| pending_perm = [0, 2, 4, 15, 6, 8, 10, 14, 13, 12, 11, 9, 7, 5, 3, 1] | src = 0, dest = 0
2026-06-12 01:18:22.706 - [DEBUG] ||| prep_pass ||| Next permutation = [None, None, 4, 15, 6, 8, 10, 14, 13, 12, 11, 9, 7, 5, 3, 1]
2026-06-12 01:18:22.706 - [DEBUG] ||| prep_pass ||| rb_src = 14, rb_dest = 3
2026-06-12 01:18:22.706 - [DEBUG] ||| prep_pass ||| Next permutation = [None, None, 4, 15, 6, 8, 10, 14, 13, 12, 11, 9, 7, 5, None, None]
2026-06-12 01:18:22.707 - [DEBUG] ||| prep_pass ||| Chain complete
2026-06-12 01:18:22.707 - [DEBUG] ||| run ||| pending_perm = [None, None, 4, 15, 6, 8, 10, 14, 13, 12, 11, 9, 7, 5, None, None] | src = 2, dest = 4
2026-06-12 01:18:22.707 - [DEBUG] ||| prep_pass ||| Next permutation = [None, None, None, None, 6, 8, 10, 14, 13, 12, 11, 9, 7, 5, None, None]
2026-06-12 01:18:22.708 - [DEBUG] ||| prep_pass ||| rb_src = 12, rb_dest = 7
2026-06-12 01:18:22.708 - [DEBUG] ||| prep_pass ||| Next permutation = [None, None, None, None, 6, 8, 10, 14, 13, 12, 11, 9, None, None, None, None]
2026-06-12 01:18:22.710 - [DEBUG] ||| prep_pass ||| rb_src = 5, rb_dest = 8
2026-06-12 01:18:22.711 - [DEBUG] ||| prep_pass ||| Next permutation = [None, None, None, None, None, None, 10, 14, 13, 12, 11, 9, None, None, None, None]
2026-06-12 01:18:22.711 - [DEBUG] ||| prep_pass ||| rb_src = 10, rb_dest = 11
2026-06-12 01:18:22.712 - [DEBUG] ||| prep_pass ||| Next permutation = [None, None, None, None, None, None, 10, 14, 13, 12, None, None, None, None, None, None]
2026-06-12 01:18:22.712 - [DEBUG] ||| prep_pass ||| rb_src = 7, rb_dest = 14
2026-06-12 01:18:22.713 - [DEBUG] ||| prep_pass ||| Next permutation = [None, None, None, None, None, None, None, None, 13, 12, None, None, None, None, None, None]
2026-06-12 01:18:22.713 - [DEBUG] ||| prep_pass ||| Chain complete
2026-06-12 01:18:22.714 - [DEBUG] ||| run ||| pending_perm = [None, None, None, None, None, None, None, None, 13, 12, None, None, None, None, None, None] | src = 8, dest = 13
2026-06-12 01:18:22.714 - [DEBUG] ||| prep_pass ||| Next permutation = [None, None, None, None, None, None, None, None, None, None, None, None, None, None, None, None]
2026-06-12 01:18:22.715 - [DEBUG] ||| prep_pass ||| Chain complete
2026-06-12 01:18:22.715 - [DEBUG] ||| normalize_perm ||| Permutation post normalization = [1, 15, 3, 5, 7, 14, 9, 11, 13, 12, 10, 8, 6, 4, 2, 0]
2026-06-12 01:18:22.716 - [DEBUG] ||| run ||| pending_perm = [1, 15, 3, 5, 7, 14, 9, 11, 13, 12, 10, 8, 6, 4, 2, 0] | src = 0, dest = 1
2026-06-12 01:18:22.716 - [DEBUG] ||| prep_pass ||| Next permutation = [None, None, 3, 5, 7, 14, 9, 11, 13, 12, 10, 8, 6, 4, 2, 0]
2026-06-12 01:18:22.717 - [DEBUG] ||| prep_pass ||| rb_src = 14, rb_dest = 2
2026-06-12 01:18:22.717 - [DEBUG] ||| prep_pass ||| Next permutation = [None, None, 3, 5, 7, 14, 9, 11, 13, 12, 10, 8, 6, 4, None, None]
2026-06-12 01:18:22.717 - [DEBUG] ||| prep_pass ||| rb_src = 3, rb_dest = 5
2026-06-12 01:18:22.718 - [DEBUG] ||| prep_pass ||| Next permutation = [None, None, None, None, 7, 14, 9, 11, 13, 12, 10, 8, 6, 4, None, None]
2026-06-12 01:18:22.718 - [DEBUG] ||| prep_pass ||| rb_src = 12, rb_dest = 6
2026-06-12 01:18:22.718 - [DEBUG] ||| prep_pass ||| Next permutation = [None, None, None, None, 7, 14, 9, 11, 13, 12, 10, 8, None, None, None, None]
2026-06-12 01:18:22.719 - [DEBUG] ||| prep_pass ||| rb_src = 5, rb_dest = 14
2026-06-12 01:18:22.719 - [DEBUG] ||| prep_pass ||| Next permutation = [None, None, None, None, None, None, 9, 11, 13, 12, 10, 8, None, None, None, None]
2026-06-12 01:18:22.720 - [DEBUG] ||| prep_pass ||| Chain complete
2026-06-12 01:18:22.720 - [DEBUG] ||| run ||| pending_perm = [None, None, None, None, None, None, 9, 11, 13, 12, 10, 8, None, None, None, None] | src = 6, dest = 9
2026-06-12 01:18:22.720 - [DEBUG] ||| prep_pass ||| Next permutation = [None, None, None, None, None, None, None, None, 13, 12, 10, 8, None, None, None, None]
2026-06-12 01:18:22.721 - [DEBUG] ||| prep_pass ||| rb_src = 10, rb_dest = 10
2026-06-12 01:18:22.721 - [DEBUG] ||| prep_pass ||| Next permutation = [None, None, None, None, None, None, None, None, 13, 12, None, None, None, None, None, None]
2026-06-12 01:18:22.721 - [DEBUG] ||| prep_pass ||| Chain complete
2026-06-12 01:18:22.722 - [DEBUG] ||| run ||| pending_perm = [None, None, None, None, None, None, None, None, 13, 12, None, None, None, None, None, None] | src = 8, dest = 13
2026-06-12 01:18:22.722 - [DEBUG] ||| prep_pass ||| Next permutation = [None, None, None, None, None, None, None, None, None, None, None, None, None, None, None, None]
2026-06-12 01:18:22.722 - [DEBUG] ||| prep_pass ||| Chain complete
2026-06-12 01:18:22.723 - [DEBUG] ||| normalize_perm ||| Permutation post normalization = [0, 2, 15, 4, 6, 8, 14, 10, 13, 12, 11, 9, 7, 5, 3, 1]
2026-06-12 01:18:22.723 - [DEBUG] ||| run ||| pending_perm = [0, 2, 15, 4, 6, 8, 14, 10, 13, 12, 11, 9, 7, 5, 3, 1] | src = 0, dest = 0
2026-06-12 01:18:22.723 - [DEBUG] ||| prep_pass ||| Next permutation = [None, None, 15, 4, 6, 8, 14, 10, 13, 12, 11, 9, 7, 5, 3, 1]
2026-06-12 01:18:22.724 - [DEBUG] ||| prep_pass ||| rb_src = 14, rb_dest = 3
2026-06-12 01:18:22.724 - [DEBUG] ||| prep_pass ||| Next permutation = [None, None, 15, 4, 6, 8, 14, 10, 13, 12, 11, 9, 7, 5, None, None]
2026-06-12 01:18:22.725 - [DEBUG] ||| prep_pass ||| Chain complete
2026-06-12 01:18:22.725 - [DEBUG] ||| run ||| pending_perm = [None, None, 15, 4, 6, 8, 14, 10, 13, 12, 11, 9, 7, 5, None, None] | src = 2, dest = 15
2026-06-12 01:18:22.725 - [DEBUG] ||| prep_pass ||| Next permutation = [None, None, None, None, 6, 8, 14, 10, 13, 12, 11, 9, 7, 5, None, None]
2026-06-12 01:18:22.726 - [DEBUG] ||| prep_pass ||| rb_src = 7, rb_dest = 10
2026-06-12 01:18:22.726 - [DEBUG] ||| prep_pass ||| Next permutation = [None, None, None, None, 6, 8, None, None, 13, 12, 11, 9, 7, 5, None, None]
2026-06-12 01:18:22.727 - [DEBUG] ||| prep_pass ||| rb_src = 11, rb_dest = 9
2026-06-12 01:18:22.727 - [DEBUG] ||| prep_pass ||| Next permutation = [None, None, None, None, 6, 8, None, None, 13, 12, None, None, 7, 5, None, None]
2026-06-12 01:18:22.727 - [DEBUG] ||| prep_pass ||| rb_src = 4, rb_dest = 6
2026-06-12 01:18:22.728 - [DEBUG] ||| prep_pass ||| Next permutation = [None, None, None, None, None, None, None, None, 13, 12, None, None, 7, 5, None, None]
2026-06-12 01:18:22.728 - [DEBUG] ||| prep_pass ||| rb_src = 13, rb_dest = 5
2026-06-12 01:18:22.729 - [DEBUG] ||| prep_pass ||| Next permutation = [None, None, None, None, None, None, None, None, 13, 12, None, None, None, None, None, None]
2026-06-12 01:18:22.729 - [DEBUG] ||| prep_pass ||| Chain complete
2026-06-12 01:18:22.729 - [DEBUG] ||| run ||| pending_perm = [None, None, None, None, None, None, None, None, 13, 12, None, None, None, None, None, None] | src = 8, dest = 13
2026-06-12 01:18:22.730 - [DEBUG] ||| prep_pass ||| Next permutation = [None, None, None, None, None, None, None, None, None, None, None, None, None, None, None, None]
2026-06-12 01:18:22.730 - [DEBUG] ||| prep_pass ||| Chain complete
2026-06-12 01:18:22.731 - [DEBUG] ||| normalize_perm ||| Permutation post normalization = [15, 1, 3, 5, 14, 7, 9, 11, 13, 12, 10, 8, 6, 4, 2, 0]
2026-06-12 01:18:22.731 - [DEBUG] ||| run ||| pending_perm = [15, 1, 3, 5, 14, 7, 9, 11, 13, 12, 10, 8, 6, 4, 2, 0] | src = 0, dest = 15
2026-06-12 01:18:22.731 - [DEBUG] ||| prep_pass ||| Next permutation = [None, None, 3, 5, 14, 7, 9, 11, 13, 12, 10, 8, 6, 4, 2, 0]
2026-06-12 01:18:22.732 - [DEBUG] ||| prep_pass ||| rb_src = 5, rb_dest = 7
2026-06-12 01:18:22.732 - [DEBUG] ||| prep_pass ||| Next permutation = [None, None, 3, 5, None, None, 9, 11, 13, 12, 10, 8, 6, 4, 2, 0]
2026-06-12 01:18:22.733 - [DEBUG] ||| prep_pass ||| rb_src = 13, rb_dest = 4
2026-06-12 01:18:22.733 - [DEBUG] ||| prep_pass ||| Next permutation = [None, None, 3, 5, None, None, 9, 11, 13, 12, 10, 8, None, None, 2, 0]
2026-06-12 01:18:22.733 - [DEBUG] ||| prep_pass ||| rb_src = 2, rb_dest = 3
2026-06-12 01:18:22.734 - [DEBUG] ||| prep_pass ||| Next permutation = [None, None, None, None, None, None, 9, 11, 13, 12, 10, 8, None, None, 2, 0]
2026-06-12 01:18:22.734 - [DEBUG] ||| prep_pass ||| rb_src = 15, rb_dest = 0
2026-06-12 01:18:22.735 - [DEBUG] ||| prep_pass ||| Next permutation = [None, None, None, None, None, None, 9, 11, 13, 12, 10, 8, None, None, None, None]
2026-06-12 01:18:22.735 - [DEBUG] ||| prep_pass ||| Chain complete
2026-06-12 01:18:22.736 - [DEBUG] ||| run ||| pending_perm = [None, None, None, None, None, None, 9, 11, 13, 12, 10, 8, None, None, None, None] | src = 6, dest = 9
2026-06-12 01:18:22.736 - [DEBUG] ||| prep_pass ||| Next permutation = [None, None, None, None, None, None, None, None, 13, 12, 10, 8, None, None, None, None]
2026-06-12 01:18:22.736 - [DEBUG] ||| prep_pass ||| rb_src = 10, rb_dest = 10
2026-06-12 01:18:22.737 - [DEBUG] ||| prep_pass ||| Next permutation = [None, None, None, None, None, None, None, None, 13, 12, None, None, None, None, None, None]
2026-06-12 01:18:22.737 - [DEBUG] ||| prep_pass ||| Chain complete
2026-06-12 01:18:22.737 - [DEBUG] ||| run ||| pending_perm = [None, None, None, None, None, None, None, None, 13, 12, None, None, None, None, None, None] | src = 8, dest = 13
2026-06-12 01:18:22.738 - [DEBUG] ||| prep_pass ||| Next permutation = [None, None, None, None, None, None, None, None, None, None, None, None, None, None, None, None]
2026-06-12 01:18:22.738 - [DEBUG] ||| prep_pass ||| Chain complete
2026-06-12 01:18:22.739 - [DEBUG] ||| propogate ||| stage = 2, input perm = [0, 9, 17, 60, 24, 33, 41, 56, 55, 51, 47, 39, 30, 23, 15, 6, 5, 62, 12, 21, 29, 58, 36, 45, 53, 49, 42, 35, 27, 18, 11, 3, 2, 10, 61, 19, 26, 34, 57, 43, 54, 50, 44, 37, 28, 20, 13, 4, 63, 7, 14, 22, 59, 31, 38, 46, 52, 48, 40, 32, 25, 16, 8, 1]
2026-06-12 01:18:22.739 - [DEBUG] ||| run ||| Stage[2] | Output permutation = [0, 17, 33, 56, 55, 47, 30, 15, 9, 60, 24, 41, 51, 39, 23, 6, 5, 21, 58, 36, 53, 42, 27, 11, 62, 12, 29, 45, 49, 35, 18, 3, 2, 61, 26, 43, 54, 37, 20, 13, 10, 19, 34, 57, 50, 44, 28, 4, 63, 14, 31, 38, 52, 40, 16, 1, 7, 22, 59, 46, 48, 32, 25, 8]
2026-06-12 01:18:22.740 - [DEBUG] ||| run ||| Stage[3] || perm_split = 8, split_len = 8, sw_split = 4, sub_perms = [[0, 17, 33, 56, 55, 47, 30, 15], [9, 60, 24, 41, 51, 39, 23, 6], [5, 21, 58, 36, 53, 42, 27, 11], [62, 12, 29, 45, 49, 35, 18, 3], [2, 61, 26, 43, 54, 37, 20, 13], [10, 19, 34, 57, 50, 44, 28, 4], [63, 14, 31, 38, 52, 40, 16, 1], [7, 22, 59, 46, 48, 32, 25, 8]]
2026-06-12 01:18:22.740 - [DEBUG] ||| normalize_perm ||| Permutation post normalization = [0, 2, 4, 7, 6, 5, 3, 1]
2026-06-12 01:18:22.741 - [DEBUG] ||| run ||| pending_perm = [0, 2, 4, 7, 6, 5, 3, 1] | src = 0, dest = 0
2026-06-12 01:18:22.741 - [DEBUG] ||| prep_pass ||| Next permutation = [None, None, 4, 7, 6, 5, 3, 1]
2026-06-12 01:18:22.742 - [DEBUG] ||| prep_pass ||| rb_src = 6, rb_dest = 3
2026-06-12 01:18:22.742 - [DEBUG] ||| prep_pass ||| Next permutation = [None, None, 4, 7, 6, 5, None, None]
2026-06-12 01:18:22.742 - [DEBUG] ||| prep_pass ||| Chain complete
2026-06-12 01:18:22.743 - [DEBUG] ||| run ||| pending_perm = [None, None, 4, 7, 6, 5, None, None] | src = 2, dest = 4
2026-06-12 01:18:22.743 - [DEBUG] ||| prep_pass ||| Next permutation = [None, None, None, None, 6, 5, None, None]
2026-06-12 01:18:22.744 - [DEBUG] ||| prep_pass ||| rb_src = 4, rb_dest = 6
2026-06-12 01:18:22.744 - [DEBUG] ||| prep_pass ||| Next permutation = [None, None, None, None, None, None, None, None]
2026-06-12 01:18:22.744 - [DEBUG] ||| prep_pass ||| Chain complete
2026-06-12 01:18:22.745 - [DEBUG] ||| normalize_perm ||| Permutation post normalization = [1, 7, 3, 5, 6, 4, 2, 0]
2026-06-12 01:18:22.745 - [DEBUG] ||| run ||| pending_perm = [1, 7, 3, 5, 6, 4, 2, 0] | src = 0, dest = 1
2026-06-12 01:18:22.746 - [DEBUG] ||| prep_pass ||| Next permutation = [None, None, 3, 5, 6, 4, 2, 0]
2026-06-12 01:18:22.746 - [DEBUG] ||| prep_pass ||| rb_src = 6, rb_dest = 2
2026-06-12 01:18:22.746 - [DEBUG] ||| prep_pass ||| Next permutation = [None, None, 3, 5, 6, 4, None, None]
2026-06-12 01:18:22.747 - [DEBUG] ||| prep_pass ||| rb_src = 3, rb_dest = 5
2026-06-12 01:18:22.747 - [DEBUG] ||| prep_pass ||| Next permutation = [None, None, None, None, 6, 4, None, None]
2026-06-12 01:18:22.748 - [DEBUG] ||| prep_pass ||| rb_src = 4, rb_dest = 6
2026-06-12 01:18:22.748 - [DEBUG] ||| prep_pass ||| Next permutation = [None, None, None, None, None, None, None, None]
2026-06-12 01:18:22.749 - [DEBUG] ||| prep_pass ||| Chain complete
2026-06-12 01:18:22.749 - [DEBUG] ||| normalize_perm ||| Permutation post normalization = [0, 2, 7, 4, 6, 5, 3, 1]
2026-06-12 01:18:22.749 - [DEBUG] ||| run ||| pending_perm = [0, 2, 7, 4, 6, 5, 3, 1] | src = 0, dest = 0
2026-06-12 01:18:22.750 - [DEBUG] ||| prep_pass ||| Next permutation = [None, None, 7, 4, 6, 5, 3, 1]
2026-06-12 01:18:22.750 - [DEBUG] ||| prep_pass ||| rb_src = 6, rb_dest = 3
2026-06-12 01:18:22.751 - [DEBUG] ||| prep_pass ||| Next permutation = [None, None, 7, 4, 6, 5, None, None]
2026-06-12 01:18:22.751 - [DEBUG] ||| prep_pass ||| Chain complete
2026-06-12 01:18:22.751 - [DEBUG] ||| run ||| pending_perm = [None, None, 7, 4, 6, 5, None, None] | src = 2, dest = 7
2026-06-12 01:18:22.752 - [DEBUG] ||| prep_pass ||| Next permutation = [None, None, None, None, 6, 5, None, None]
2026-06-12 01:18:22.752 - [DEBUG] ||| prep_pass ||| rb_src = 5, rb_dest = 5
2026-06-12 01:18:22.753 - [DEBUG] ||| prep_pass ||| Next permutation = [None, None, None, None, None, None, None, None]
2026-06-12 01:18:22.753 - [DEBUG] ||| prep_pass ||| Chain complete
2026-06-12 01:18:22.753 - [DEBUG] ||| normalize_perm ||| Permutation post normalization = [7, 1, 3, 5, 6, 4, 2, 0]
2026-06-12 01:18:22.754 - [DEBUG] ||| run ||| pending_perm = [7, 1, 3, 5, 6, 4, 2, 0] | src = 0, dest = 7
2026-06-12 01:18:22.754 - [DEBUG] ||| prep_pass ||| Next permutation = [None, None, 3, 5, 6, 4, 2, 0]
2026-06-12 01:18:22.755 - [DEBUG] ||| prep_pass ||| rb_src = 5, rb_dest = 4
2026-06-12 01:18:22.755 - [DEBUG] ||| prep_pass ||| Next permutation = [None, None, 3, 5, None, None, 2, 0]
2026-06-12 01:18:22.756 - [DEBUG] ||| prep_pass ||| rb_src = 2, rb_dest = 3
2026-06-12 01:18:22.756 - [DEBUG] ||| prep_pass ||| Next permutation = [None, None, None, None, None, None, 2, 0]
2026-06-12 01:18:22.756 - [DEBUG] ||| prep_pass ||| rb_src = 7, rb_dest = 0
2026-06-12 01:18:22.757 - [DEBUG] ||| prep_pass ||| Next permutation = [None, None, None, None, None, None, None, None]
2026-06-12 01:18:22.757 - [DEBUG] ||| prep_pass ||| Chain complete
2026-06-12 01:18:22.758 - [DEBUG] ||| normalize_perm ||| Permutation post normalization = [0, 7, 3, 5, 6, 4, 2, 1]
2026-06-12 01:18:22.758 - [DEBUG] ||| run ||| pending_perm = [0, 7, 3, 5, 6, 4, 2, 1] | src = 0, dest = 0
2026-06-12 01:18:22.758 - [DEBUG] ||| prep_pass ||| Next permutation = [None, None, 3, 5, 6, 4, 2, 1]
2026-06-12 01:18:22.759 - [DEBUG] ||| prep_pass ||| rb_src = 6, rb_dest = 2
2026-06-12 01:18:22.759 - [DEBUG] ||| prep_pass ||| Next permutation = [None, None, 3, 5, 6, 4, None, None]
2026-06-12 01:18:22.760 - [DEBUG] ||| prep_pass ||| rb_src = 3, rb_dest = 5
2026-06-12 01:18:22.760 - [DEBUG] ||| prep_pass ||| Next permutation = [None, None, None, None, 6, 4, None, None]
2026-06-12 01:18:22.760 - [DEBUG] ||| prep_pass ||| rb_src = 4, rb_dest = 6
2026-06-12 01:18:22.761 - [DEBUG] ||| prep_pass ||| Next permutation = [None, None, None, None, None, None, None, None]
2026-06-12 01:18:22.761 - [DEBUG] ||| prep_pass ||| Chain complete
2026-06-12 01:18:22.762 - [DEBUG] ||| normalize_perm ||| Permutation post normalization = [1, 2, 4, 7, 6, 5, 3, 0]
2026-06-12 01:18:22.762 - [DEBUG] ||| run ||| pending_perm = [1, 2, 4, 7, 6, 5, 3, 0] | src = 0, dest = 1
2026-06-12 01:18:22.762 - [DEBUG] ||| prep_pass ||| Next permutation = [None, None, 4, 7, 6, 5, 3, 0]
2026-06-12 01:18:22.763 - [DEBUG] ||| prep_pass ||| rb_src = 6, rb_dest = 3
2026-06-12 01:18:22.763 - [DEBUG] ||| prep_pass ||| Next permutation = [None, None, 4, 7, 6, 5, None, None]
2026-06-12 01:18:22.764 - [DEBUG] ||| prep_pass ||| Chain complete
2026-06-12 01:18:22.764 - [DEBUG] ||| run ||| pending_perm = [None, None, 4, 7, 6, 5, None, None] | src = 2, dest = 4
2026-06-12 01:18:22.764 - [DEBUG] ||| prep_pass ||| Next permutation = [None, None, None, None, 6, 5, None, None]
2026-06-12 01:18:22.765 - [DEBUG] ||| prep_pass ||| rb_src = 4, rb_dest = 6
2026-06-12 01:18:22.765 - [DEBUG] ||| prep_pass ||| Next permutation = [None, None, None, None, None, None, None, None]
2026-06-12 01:18:22.765 - [DEBUG] ||| prep_pass ||| Chain complete
2026-06-12 01:18:22.766 - [DEBUG] ||| normalize_perm ||| Permutation post normalization = [7, 1, 3, 4, 6, 5, 2, 0]
2026-06-12 01:18:22.766 - [DEBUG] ||| run ||| pending_perm = [7, 1, 3, 4, 6, 5, 2, 0] | src = 0, dest = 7
2026-06-12 01:18:22.767 - [DEBUG] ||| prep_pass ||| Next permutation = [None, None, 3, 4, 6, 5, 2, 0]
2026-06-12 01:18:22.767 - [DEBUG] ||| prep_pass ||| rb_src = 5, rb_dest = 5
2026-06-12 01:18:22.767 - [DEBUG] ||| prep_pass ||| Next permutation = [None, None, 3, 4, None, None, 2, 0]
2026-06-12 01:18:22.768 - [DEBUG] ||| prep_pass ||| rb_src = 2, rb_dest = 3
2026-06-12 01:18:22.768 - [DEBUG] ||| prep_pass ||| Next permutation = [None, None, None, None, None, None, 2, 0]
2026-06-12 01:18:22.769 - [DEBUG] ||| prep_pass ||| rb_src = 7, rb_dest = 0
2026-06-12 01:18:22.769 - [DEBUG] ||| prep_pass ||| Next permutation = [None, None, None, None, None, None, None, None]
2026-06-12 01:18:22.769 - [DEBUG] ||| prep_pass ||| Chain complete
2026-06-12 01:18:22.770 - [DEBUG] ||| normalize_perm ||| Permutation post normalization = [0, 2, 7, 5, 6, 4, 3, 1]
2026-06-12 01:18:22.770 - [DEBUG] ||| run ||| pending_perm = [0, 2, 7, 5, 6, 4, 3, 1] | src = 0, dest = 0
2026-06-12 01:18:22.771 - [DEBUG] ||| prep_pass ||| Next permutation = [None, None, 7, 5, 6, 4, 3, 1]
2026-06-12 01:18:22.771 - [DEBUG] ||| prep_pass ||| rb_src = 6, rb_dest = 3
2026-06-12 01:18:22.772 - [DEBUG] ||| prep_pass ||| Next permutation = [None, None, 7, 5, 6, 4, None, None]
2026-06-12 01:18:22.772 - [DEBUG] ||| prep_pass ||| Chain complete
2026-06-12 01:18:22.772 - [DEBUG] ||| run ||| pending_perm = [None, None, 7, 5, 6, 4, None, None] | src = 2, dest = 7
2026-06-12 01:18:22.773 - [DEBUG] ||| prep_pass ||| Next permutation = [None, None, None, None, 6, 4, None, None]
2026-06-12 01:18:22.773 - [DEBUG] ||| prep_pass ||| rb_src = 5, rb_dest = 4
2026-06-12 01:18:22.774 - [DEBUG] ||| prep_pass ||| Next permutation = [None, None, None, None, None, None, None, None]
2026-06-12 01:18:22.774 - [DEBUG] ||| prep_pass ||| Chain complete
2026-06-12 01:18:22.774 - [DEBUG] ||| propogate ||| stage = 3, input perm = [0, 17, 33, 56, 55, 47, 30, 15, 9, 60, 24, 41, 51, 39, 23, 6, 5, 21, 58, 36, 53, 42, 27, 11, 62, 12, 29, 45, 49, 35, 18, 3, 2, 61, 26, 43, 54, 37, 20, 13, 10, 19, 34, 57, 50, 44, 28, 4, 63, 14, 31, 38, 52, 40, 16, 1, 7, 22, 59, 46, 48, 32, 25, 8]
2026-06-12 01:18:22.775 - [DEBUG] ||| run ||| Stage[3] | Output permutation = [0, 33, 55, 30, 17, 56, 47, 15, 9, 41, 51, 23, 60, 24, 39, 6, 5, 58, 42, 27, 21, 36, 53, 11, 62, 29, 35, 3, 12, 45, 49, 18, 2, 43, 54, 20, 61, 26, 37, 13, 10, 34, 50, 28, 19, 57, 44, 4, 63, 31, 40, 1, 14, 38, 52, 16, 7, 59, 32, 25, 22, 46, 48, 8]
2026-06-12 01:18:22.775 - [DEBUG] ||| run ||| Stage[4] || perm_split = 16, split_len = 4, sw_split = 2, sub_perms = [[0, 33, 55, 30], [17, 56, 47, 15], [9, 41, 51, 23], [60, 24, 39, 6], [5, 58, 42, 27], [21, 36, 53, 11], [62, 29, 35, 3], [12, 45, 49, 18], [2, 43, 54, 20], [61, 26, 37, 13], [10, 34, 50, 28], [19, 57, 44, 4], [63, 31, 40, 1], [14, 38, 52, 16], [7, 59, 32, 25], [22, 46, 48, 8]]
2026-06-12 01:18:22.776 - [DEBUG] ||| normalize_perm ||| Permutation post normalization = [0, 2, 3, 1]
2026-06-12 01:18:22.776 - [DEBUG] ||| run ||| pending_perm = [0, 2, 3, 1] | src = 0, dest = 0
2026-06-12 01:18:22.776 - [DEBUG] ||| prep_pass ||| Next permutation = [None, None, 3, 1]
2026-06-12 01:18:22.777 - [DEBUG] ||| prep_pass ||| rb_src = 2, rb_dest = 3
2026-06-12 01:18:22.777 - [DEBUG] ||| prep_pass ||| Next permutation = [None, None, None, None]
2026-06-12 01:18:22.778 - [DEBUG] ||| prep_pass ||| Chain complete
2026-06-12 01:18:22.778 - [DEBUG] ||| normalize_perm ||| Permutation post normalization = [1, 3, 2, 0]
2026-06-12 01:18:22.778 - [DEBUG] ||| run ||| pending_perm = [1, 3, 2, 0] | src = 0, dest = 1
2026-06-12 01:18:22.779 - [DEBUG] ||| prep_pass ||| Next permutation = [None, None, 2, 0]
2026-06-12 01:18:22.779 - [DEBUG] ||| prep_pass ||| rb_src = 2, rb_dest = 2
2026-06-12 01:18:22.780 - [DEBUG] ||| prep_pass ||| Next permutation = [None, None, None, None]
2026-06-12 01:18:22.780 - [DEBUG] ||| prep_pass ||| Chain complete
2026-06-12 01:18:22.780 - [DEBUG] ||| normalize_perm ||| Permutation post normalization = [0, 2, 3, 1]
2026-06-12 01:18:22.781 - [DEBUG] ||| run ||| pending_perm = [0, 2, 3, 1] | src = 0, dest = 0
2026-06-12 01:18:22.781 - [DEBUG] ||| prep_pass ||| Next permutation = [None, None, 3, 1]
2026-06-12 01:18:22.782 - [DEBUG] ||| prep_pass ||| rb_src = 2, rb_dest = 3
2026-06-12 01:18:22.782 - [DEBUG] ||| prep_pass ||| Next permutation = [None, None, None, None]
2026-06-12 01:18:22.782 - [DEBUG] ||| prep_pass ||| Chain complete
2026-06-12 01:18:22.783 - [DEBUG] ||| normalize_perm ||| Permutation post normalization = [3, 1, 2, 0]
2026-06-12 01:18:22.783 - [DEBUG] ||| run ||| pending_perm = [3, 1, 2, 0] | src = 0, dest = 3
2026-06-12 01:18:22.784 - [DEBUG] ||| prep_pass ||| Next permutation = [None, None, 2, 0]
2026-06-12 01:18:22.784 - [DEBUG] ||| prep_pass ||| rb_src = 3, rb_dest = 0
2026-06-12 01:18:22.784 - [DEBUG] ||| prep_pass ||| Next permutation = [None, None, None, None]
2026-06-12 01:18:22.785 - [DEBUG] ||| prep_pass ||| Chain complete
2026-06-12 01:18:22.785 - [DEBUG] ||| normalize_perm ||| Permutation post normalization = [0, 3, 2, 1]
2026-06-12 01:18:22.786 - [DEBUG] ||| run ||| pending_perm = [0, 3, 2, 1] | src = 0, dest = 0
2026-06-12 01:18:22.786 - [DEBUG] ||| prep_pass ||| Next permutation = [None, None, 2, 1]
2026-06-12 01:18:22.787 - [DEBUG] ||| prep_pass ||| rb_src = 2, rb_dest = 2
2026-06-12 01:18:22.787 - [DEBUG] ||| prep_pass ||| Next permutation = [None, None, None, None]
2026-06-12 01:18:22.787 - [DEBUG] ||| prep_pass ||| Chain complete
2026-06-12 01:18:22.788 - [DEBUG] ||| normalize_perm ||| Permutation post normalization = [1, 2, 3, 0]
2026-06-12 01:18:22.788 - [DEBUG] ||| run ||| pending_perm = [1, 2, 3, 0] | src = 0, dest = 1
2026-06-12 01:18:22.789 - [DEBUG] ||| prep_pass ||| Next permutation = [None, None, 3, 0]
2026-06-12 01:18:22.789 - [DEBUG] ||| prep_pass ||| rb_src = 2, rb_dest = 3
2026-06-12 01:18:22.789 - [DEBUG] ||| prep_pass ||| Next permutation = [None, None, None, None]
2026-06-12 01:18:22.790 - [DEBUG] ||| prep_pass ||| Chain complete
2026-06-12 01:18:22.790 - [DEBUG] ||| normalize_perm ||| Permutation post normalization = [3, 1, 2, 0]
2026-06-12 01:18:22.791 - [DEBUG] ||| run ||| pending_perm = [3, 1, 2, 0] | src = 0, dest = 3
2026-06-12 01:18:22.791 - [DEBUG] ||| prep_pass ||| Next permutation = [None, None, 2, 0]
2026-06-12 01:18:22.791 - [DEBUG] ||| prep_pass ||| rb_src = 3, rb_dest = 0
2026-06-12 01:18:22.792 - [DEBUG] ||| prep_pass ||| Next permutation = [None, None, None, None]
2026-06-12 01:18:22.792 - [DEBUG] ||| prep_pass ||| Chain complete
2026-06-12 01:18:22.793 - [DEBUG] ||| normalize_perm ||| Permutation post normalization = [0, 2, 3, 1]
2026-06-12 01:18:22.793 - [DEBUG] ||| run ||| pending_perm = [0, 2, 3, 1] | src = 0, dest = 0
2026-06-12 01:18:22.793 - [DEBUG] ||| prep_pass ||| Next permutation = [None, None, 3, 1]
2026-06-12 01:18:22.794 - [DEBUG] ||| prep_pass ||| rb_src = 2, rb_dest = 3
2026-06-12 01:18:22.794 - [DEBUG] ||| prep_pass ||| Next permutation = [None, None, None, None]
2026-06-12 01:18:22.795 - [DEBUG] ||| prep_pass ||| Chain complete
2026-06-12 01:18:22.795 - [DEBUG] ||| normalize_perm ||| Permutation post normalization = [0, 2, 3, 1]
2026-06-12 01:18:22.795 - [DEBUG] ||| run ||| pending_perm = [0, 2, 3, 1] | src = 0, dest = 0
2026-06-12 01:18:22.796 - [DEBUG] ||| prep_pass ||| Next permutation = [None, None, 3, 1]
2026-06-12 01:18:22.796 - [DEBUG] ||| prep_pass ||| rb_src = 2, rb_dest = 3
2026-06-12 01:18:22.797 - [DEBUG] ||| prep_pass ||| Next permutation = [None, None, None, None]
2026-06-12 01:18:22.797 - [DEBUG] ||| prep_pass ||| Chain complete
2026-06-12 01:18:22.797 - [DEBUG] ||| normalize_perm ||| Permutation post normalization = [3, 1, 2, 0]
2026-06-12 01:18:22.798 - [DEBUG] ||| run ||| pending_perm = [3, 1, 2, 0] | src = 0, dest = 3
2026-06-12 01:18:22.798 - [DEBUG] ||| prep_pass ||| Next permutation = [None, None, 2, 0]
2026-06-12 01:18:22.799 - [DEBUG] ||| prep_pass ||| rb_src = 3, rb_dest = 0
2026-06-12 01:18:22.799 - [DEBUG] ||| prep_pass ||| Next permutation = [None, None, None, None]
2026-06-12 01:18:22.799 - [DEBUG] ||| prep_pass ||| Chain complete
2026-06-12 01:18:22.800 - [DEBUG] ||| normalize_perm ||| Permutation post normalization = [0, 2, 3, 1]
2026-06-12 01:18:22.800 - [DEBUG] ||| run ||| pending_perm = [0, 2, 3, 1] | src = 0, dest = 0
2026-06-12 01:18:22.801 - [DEBUG] ||| prep_pass ||| Next permutation = [None, None, 3, 1]
2026-06-12 01:18:22.801 - [DEBUG] ||| prep_pass ||| rb_src = 2, rb_dest = 3
2026-06-12 01:18:22.801 - [DEBUG] ||| prep_pass ||| Next permutation = [None, None, None, None]
2026-06-12 01:18:22.802 - [DEBUG] ||| prep_pass ||| Chain complete
2026-06-12 01:18:22.802 - [DEBUG] ||| normalize_perm ||| Permutation post normalization = [1, 3, 2, 0]
2026-06-12 01:18:22.803 - [DEBUG] ||| run ||| pending_perm = [1, 3, 2, 0] | src = 0, dest = 1
2026-06-12 01:18:22.803 - [DEBUG] ||| prep_pass ||| Next permutation = [None, None, 2, 0]
2026-06-12 01:18:22.804 - [DEBUG] ||| prep_pass ||| rb_src = 2, rb_dest = 2
2026-06-12 01:18:22.804 - [DEBUG] ||| prep_pass ||| Next permutation = [None, None, None, None]
2026-06-12 01:18:22.804 - [DEBUG] ||| prep_pass ||| Chain complete
2026-06-12 01:18:22.805 - [DEBUG] ||| normalize_perm ||| Permutation post normalization = [3, 1, 2, 0]
2026-06-12 01:18:22.805 - [DEBUG] ||| run ||| pending_perm = [3, 1, 2, 0] | src = 0, dest = 3
2026-06-12 01:18:22.806 - [DEBUG] ||| prep_pass ||| Next permutation = [None, None, 2, 0]
2026-06-12 01:18:22.806 - [DEBUG] ||| prep_pass ||| rb_src = 3, rb_dest = 0
2026-06-12 01:18:22.806 - [DEBUG] ||| prep_pass ||| Next permutation = [None, None, None, None]
2026-06-12 01:18:22.807 - [DEBUG] ||| prep_pass ||| Chain complete
2026-06-12 01:18:22.807 - [DEBUG] ||| normalize_perm ||| Permutation post normalization = [0, 2, 3, 1]
2026-06-12 01:18:22.808 - [DEBUG] ||| run ||| pending_perm = [0, 2, 3, 1] | src = 0, dest = 0
2026-06-12 01:18:22.808 - [DEBUG] ||| prep_pass ||| Next permutation = [None, None, 3, 1]
2026-06-12 01:18:22.808 - [DEBUG] ||| prep_pass ||| rb_src = 2, rb_dest = 3
2026-06-12 01:18:22.809 - [DEBUG] ||| prep_pass ||| Next permutation = [None, None, None, None]
2026-06-12 01:18:22.809 - [DEBUG] ||| prep_pass ||| Chain complete
2026-06-12 01:18:22.810 - [DEBUG] ||| normalize_perm ||| Permutation post normalization = [0, 3, 2, 1]
2026-06-12 01:18:22.810 - [DEBUG] ||| run ||| pending_perm = [0, 3, 2, 1] | src = 0, dest = 0
2026-06-12 01:18:22.810 - [DEBUG] ||| prep_pass ||| Next permutation = [None, None, 2, 1]
2026-06-12 01:18:22.811 - [DEBUG] ||| prep_pass ||| rb_src = 2, rb_dest = 2
2026-06-12 01:18:22.811 - [DEBUG] ||| prep_pass ||| Next permutation = [None, None, None, None]
2026-06-12 01:18:22.812 - [DEBUG] ||| prep_pass ||| Chain complete
2026-06-12 01:18:22.812 - [DEBUG] ||| normalize_perm ||| Permutation post normalization = [1, 2, 3, 0]
2026-06-12 01:18:22.812 - [DEBUG] ||| run ||| pending_perm = [1, 2, 3, 0] | src = 0, dest = 1
2026-06-12 01:18:22.813 - [DEBUG] ||| prep_pass ||| Next permutation = [None, None, 3, 0]
2026-06-12 01:18:22.813 - [DEBUG] ||| prep_pass ||| rb_src = 2, rb_dest = 3
2026-06-12 01:18:22.814 - [DEBUG] ||| prep_pass ||| Next permutation = [None, None, None, None]
2026-06-12 01:18:22.814 - [DEBUG] ||| prep_pass ||| Chain complete
2026-06-12 01:18:22.814 - [DEBUG] ||| propogate ||| stage = 4, input perm = [0, 33, 55, 30, 17, 56, 47, 15, 9, 41, 51, 23, 60, 24, 39, 6, 5, 58, 42, 27, 21, 36, 53, 11, 62, 29, 35, 3, 12, 45, 49, 18, 2, 43, 54, 20, 61, 26, 37, 13, 10, 34, 50, 28, 19, 57, 44, 4, 63, 31, 40, 1, 14, 38, 52, 16, 7, 59, 32, 25, 22, 46, 48, 8]
2026-06-12 01:18:22.815 - [DEBUG] ||| run ||| Stage[4] | Output permutation = [0, 55, 33, 30, 17, 47, 56, 15, 9, 51, 41, 23, 60, 6, 24, 39, 5, 42, 58, 27, 21, 53, 36, 11, 62, 3, 29, 35, 12, 49, 45, 18, 2, 54, 43, 20, 61, 13, 26, 37, 10, 50, 34, 28, 19, 44, 57, 4, 63, 1, 31, 40, 14, 52, 38, 16, 7, 32, 59, 25, 22, 48, 46, 8]
2026-06-12 01:18:22.815 - [DEBUG] ||| propogate ||| stage = 5, input perm = [0, 55, 33, 30, 17, 47, 56, 15, 9, 51, 41, 23, 60, 6, 24, 39, 5, 42, 58, 27, 21, 53, 36, 11, 62, 3, 29, 35, 12, 49, 45, 18, 2, 54, 43, 20, 61, 13, 26, 37, 10, 50, 34, 28, 19, 44, 57, 4, 63, 1, 31, 40, 14, 52, 38, 16, 7, 32, 59, 25, 22, 48, 46, 8]
2026-06-12 01:18:22.816 - [DEBUG] ||| run ||| Stage[5] | Output permutation = [0, 30, 55, 33, 17, 15, 47, 56, 9, 23, 51, 41, 6, 24, 60, 39, 5, 27, 42, 58, 21, 11, 53, 36, 3, 29, 62, 35, 12, 18, 49, 45, 2, 20, 54, 43, 13, 26, 61, 37, 10, 28, 50, 34, 19, 4, 44, 57, 1, 31, 63, 40, 14, 16, 52, 38, 7, 25, 32, 59, 22, 8, 48, 46]
2026-06-12 01:18:22.816 - [DEBUG] ||| propogate ||| stage = 6, input perm = [0, 30, 55, 33, 17, 15, 47, 56, 9, 23, 51, 41, 6, 24, 60, 39, 5, 27, 42, 58, 21, 11, 53, 36, 3, 29, 62, 35, 12, 18, 49, 45, 2, 20, 54, 43, 13, 26, 61, 37, 10, 28, 50, 34, 19, 4, 44, 57, 1, 31, 63, 40, 14, 16, 52, 38, 7, 25, 32, 59, 22, 8, 48, 46]
2026-06-12 01:18:22.817 - [DEBUG] ||| run ||| Stage[6] | Output permutation = [0, 15, 30, 17, 33, 47, 55, 56, 9, 6, 23, 24, 41, 39, 51, 60, 5, 11, 27, 21, 42, 36, 58, 53, 3, 12, 29, 18, 35, 45, 62, 49, 2, 13, 20, 26, 43, 37, 54, 61, 10, 4, 28, 19, 34, 44, 50, 57, 1, 14, 31, 16, 40, 38, 63, 52, 7, 8, 25, 22, 32, 46, 59, 48]
2026-06-12 01:18:22.817 - [DEBUG] ||| propogate ||| stage = 7, input perm = [0, 15, 30, 17, 33, 47, 55, 56, 9, 6, 23, 24, 41, 39, 51, 60, 5, 11, 27, 21, 42, 36, 58, 53, 3, 12, 29, 18, 35, 45, 62, 49, 2, 13, 20, 26, 43, 37, 54, 61, 10, 4, 28, 19, 34, 44, 50, 57, 1, 14, 31, 16, 40, 38, 63, 52, 7, 8, 25, 22, 32, 46, 59, 48]
2026-06-12 01:18:22.818 - [DEBUG] ||| run ||| Stage[7] | Output permutation = [0, 6, 15, 9, 17, 23, 30, 24, 33, 39, 47, 41, 55, 51, 56, 60, 5, 3, 11, 12, 21, 18, 27, 29, 36, 35, 42, 45, 53, 49, 58, 62, 2, 4, 13, 10, 20, 19, 26, 28, 37, 34, 43, 44, 54, 50, 61, 57, 1, 7, 14, 8, 16, 22, 31, 25, 38, 32, 40, 46, 52, 48, 63, 59]
2026-06-12 01:18:22.818 - [DEBUG] ||| propogate ||| stage = 8, input perm = [0, 6, 15, 9, 17, 23, 30, 24, 33, 39, 47, 41, 55, 51, 56, 60, 5, 3, 11, 12, 21, 18, 27, 29, 36, 35, 42, 45, 53, 49, 58, 62, 2, 4, 13, 10, 20, 19, 26, 28, 37, 34, 43, 44, 54, 50, 61, 57, 1, 7, 14, 8, 16, 22, 31, 25, 38, 32, 40, 46, 52, 48, 63, 59]
2026-06-12 01:18:22.819 - [DEBUG] ||| run ||| Stage[8] | Output permutation = [0, 3, 6, 5, 9, 11, 15, 12, 17, 18, 23, 21, 24, 27, 30, 29, 33, 35, 39, 36, 41, 42, 47, 45, 51, 49, 55, 53, 56, 58, 60, 62, 2, 1, 4, 7, 10, 8, 13, 14, 19, 16, 20, 22, 26, 25, 28, 31, 34, 32, 37, 38, 43, 40, 44, 46, 50, 48, 54, 52, 57, 59, 61, 63]
2026-06-12 01:18:22.820 - [DEBUG] ||| propogate ||| stage = 9, input perm = [0, 3, 6, 5, 9, 11, 15, 12, 17, 18, 23, 21, 24, 27, 30, 29, 33, 35, 39, 36, 41, 42, 47, 45, 51, 49, 55, 53, 56, 58, 60, 62, 2, 1, 4, 7, 10, 8, 13, 14, 19, 16, 20, 22, 26, 25, 28, 31, 34, 32, 37, 38, 43, 40, 44, 46, 50, 48, 54, 52, 57, 59, 61, 63]
2026-06-12 01:18:22.820 - [DEBUG] ||| run ||| Stage[9] | Output permutation = [0, 1, 3, 2, 5, 4, 6, 7, 9, 8, 11, 10, 12, 13, 15, 14, 17, 16, 18, 19, 21, 20, 23, 22, 24, 25, 27, 26, 29, 28, 30, 31, 33, 32, 35, 34, 36, 37, 39, 38, 41, 40, 42, 43, 45, 44, 47, 46, 49, 48, 51, 50, 53, 52, 55, 54, 56, 57, 58, 59, 60, 61, 62, 63]
2026-06-12 01:18:22.821 - [DEBUG] ||| propogate ||| stage = 10, input perm = [0, 1, 3, 2, 5, 4, 6, 7, 9, 8, 11, 10, 12, 13, 15, 14, 17, 16, 18, 19, 21, 20, 23, 22, 24, 25, 27, 26, 29, 28, 30, 31, 33, 32, 35, 34, 36, 37, 39, 38, 41, 40, 42, 43, 45, 44, 47, 46, 49, 48, 51, 50, 53, 52, 55, 54, 56, 57, 58, 59, 60, 61, 62, 63]
2026-06-12 01:18:22.821 - [DEBUG] ||| run ||| Stage[10] | Output permutation = [0, 1, 2, 3, 4, 5, 6, 7, 8, 9, 10, 11, 12, 13, 14, 15, 16, 17, 18, 19, 20, 21, 22, 23, 24, 25, 26, 27, 28, 29, 30, 31, 32, 33, 34, 35, 36, 37, 38, 39, 40, 41, 42, 43, 44, 45, 46, 47, 48, 49, 50, 51, 52, 53, 54, 55, 56, 57, 58, 59, 60, 61, 62, 63]
2026-06-12 01:18:22.821 - [DEBUG] ||| run ||| Benes Routing: PASSED
2026-06-12 01:18:22.822 - [DEBUG] ||| run ||| Attempting to route Benes permutation = [(0, 8), (1, 9), (2, 10), (3, 11), (4, 12), (5, 13), (12, 14), (13, 15), (14, 16), (15, 17), (16, 18), (17, 19), (24, 36), (25, 37), (26, 38), (27, 39), (28, 40), (29, 41), (36, 42), (37, 43), (38, 44), (39, 45), (40, 46), (41, 47)]
2026-06-12 01:18:22.823 - [DEBUG] ||| balance_perm ||| almost-balanced_perm = [8, 9, 10, 11, 12, 13, None, None, None, None, None, None, 14, 15, 16, 17, 18, 19, None, None, None, None, None, None, 36, 37, 38, 39, 40, 41, None, None, None, None, None, None, 42, 43, 44, 45, 46, 47, None, None, None, None, None, None, None, None, None, None, None, None, None, None, None, None, None, None, None, None, None, None]; free_dest = [0, 1, 2, 3, 4, 5, 6, 7, 20, 21, 22, 23, 24, 25, 26, 27, 28, 29, 30, 31, 32, 33, 34, 35, 48, 49, 50, 51, 52, 53, 54, 55, 56, 57, 58, 59, 60, 61, 62, 63]
2026-06-12 01:18:22.824 - [DEBUG] ||| balance_perm ||| balanced_perm = [8, 9, 10, 11, 12, 13, 63, 62, 61, 60, 59, 58, 14, 15, 16, 17, 18, 19, 57, 56, 55, 54, 53, 52, 36, 37, 38, 39, 40, 41, 51, 50, 49, 48, 35, 34, 42, 43, 44, 45, 46, 47, 33, 32, 31, 30, 29, 28, 27, 26, 25, 24, 23, 22, 21, 20, 7, 6, 5, 4, 3, 2, 1, 0]
2026-06-12 01:18:22.824 - [DEBUG] ||| run ||| Stage[0] || perm_split = 1, split_len = 64, sw_split = 32, sub_perms = [[8, 9, 10, 11, 12, 13, 63, 62, 61, 60, 59, 58, 14, 15, 16, 17, 18, 19, 57, 56, 55, 54, 53, 52, 36, 37, 38, 39, 40, 41, 51, 50, 49, 48, 35, 34, 42, 43, 44, 45, 46, 47, 33, 32, 31, 30, 29, 28, 27, 26, 25, 24, 23, 22, 21, 20, 7, 6, 5, 4, 3, 2, 1, 0]]
2026-06-12 01:18:22.825 - [DEBUG] ||| normalize_perm ||| Permutation post normalization = [8, 9, 10, 11, 12, 13, 63, 62, 61, 60, 59, 58, 14, 15, 16, 17, 18, 19, 57, 56, 55, 54, 53, 52, 36, 37, 38, 39, 40, 41, 51, 50, 49, 48, 35, 34, 42, 43, 44, 45, 46, 47, 33, 32, 31, 30, 29, 28, 27, 26, 25, 24, 23, 22, 21, 20, 7, 6, 5, 4, 3, 2, 1, 0]
2026-06-12 01:18:22.826 - [DEBUG] ||| run ||| pending_perm = [8, 9, 10, 11, 12, 13, 63, 62, 61, 60, 59, 58, 14, 15, 16, 17, 18, 19, 57, 56, 55, 54, 53, 52, 36, 37, 38, 39, 40, 41, 51, 50, 49, 48, 35, 34, 42, 43, 44, 45, 46, 47, 33, 32, 31, 30, 29, 28, 27, 26, 25, 24, 23, 22, 21, 20, 7, 6, 5, 4, 3, 2, 1, 0] | src = 0, dest = 8
2026-06-12 01:18:22.838 - [DEBUG] ||| prep_pass ||| Next permutation = [None, None, 10, 11, 12, 13, 63, 62, 61, 60, 59, 58, 14, 15, 16, 17, 18, 19, 57, 56, 55, 54, 53, 52, 36, 37, 38, 39, 40, 41, 51, 50, 49, 48, 35, 34, 42, 43, 44, 45, 46, 47, 33, 32, 31, 30, 29, 28, 27, 26, 25, 24, 23, 22, 21, 20, 7, 6, 5, 4, 3, 2, 1, 0]
2026-06-12 01:18:22.844 - [DEBUG] ||| prep_pass ||| Chain complete
2026-06-12 01:18:22.847 - [DEBUG] ||| run ||| pending_perm = [None, None, 10, 11, 12, 13, 63, 62, 61, 60, 59, 58, 14, 15, 16, 17, 18, 19, 57, 56, 55, 54, 53, 52, 36, 37, 38, 39, 40, 41, 51, 50, 49, 48, 35, 34, 42, 43, 44, 45, 46, 47, 33, 32, 31, 30, 29, 28, 27, 26, 25, 24, 23, 22, 21, 20, 7, 6, 5, 4, 3, 2, 1, 0] | src = 2, dest = 10
2026-06-12 01:18:22.849 - [DEBUG] ||| prep_pass ||| Next permutation = [None, None, None, None, 12, 13, 63, 62, 61, 60, 59, 58, 14, 15, 16, 17, 18, 19, 57, 56, 55, 54, 53, 52, 36, 37, 38, 39, 40, 41, 51, 50, 49, 48, 35, 34, 42, 43, 44, 45, 46, 47, 33, 32, 31, 30, 29, 28, 27, 26, 25, 24, 23, 22, 21, 20, 7, 6, 5, 4, 3, 2, 1, 0]
2026-06-12 01:18:22.850 - [DEBUG] ||| prep_pass ||| Chain complete
2026-06-12 01:18:22.853 - [DEBUG] ||| run ||| pending_perm = [None, None, None, None, 12, 13, 63, 62, 61, 60, 59, 58, 14, 15, 16, 17, 18, 19, 57, 56, 55, 54, 53, 52, 36, 37, 38, 39, 40, 41, 51, 50, 49, 48, 35, 34, 42, 43, 44, 45, 46, 47, 33, 32, 31, 30, 29, 28, 27, 26, 25, 24, 23, 22, 21, 20, 7, 6, 5, 4, 3, 2, 1, 0] | src = 4, dest = 12
2026-06-12 01:18:22.854 - [DEBUG] ||| prep_pass ||| Next permutation = [None, None, None, None, None, None, 63, 62, 61, 60, 59, 58, 14, 15, 16, 17, 18, 19, 57, 56, 55, 54, 53, 52, 36, 37, 38, 39, 40, 41, 51, 50, 49, 48, 35, 34, 42, 43, 44, 45, 46, 47, 33, 32, 31, 30, 29, 28, 27, 26, 25, 24, 23, 22, 21, 20, 7, 6, 5, 4, 3, 2, 1, 0]
2026-06-12 01:18:22.855 - [DEBUG] ||| prep_pass ||| Chain complete
2026-06-12 01:18:22.857 - [DEBUG] ||| run ||| pending_perm = [None, None, None, None, None, None, 63, 62, 61, 60, 59, 58, 14, 15, 16, 17, 18, 19, 57, 56, 55, 54, 53, 52, 36, 37, 38, 39, 40, 41, 51, 50, 49, 48, 35, 34, 42, 43, 44, 45, 46, 47, 33, 32, 31, 30, 29, 28, 27, 26, 25, 24, 23, 22, 21, 20, 7, 6, 5, 4, 3, 2, 1, 0] | src = 6, dest = 63
2026-06-12 01:18:22.858 - [DEBUG] ||| prep_pass ||| Next permutation = [None, None, None, None, None, None, None, None, 61, 60, 59, 58, 14, 15, 16, 17, 18, 19, 57, 56, 55, 54, 53, 52, 36, 37, 38, 39, 40, 41, 51, 50, 49, 48, 35, 34, 42, 43, 44, 45, 46, 47, 33, 32, 31, 30, 29, 28, 27, 26, 25, 24, 23, 22, 21, 20, 7, 6, 5, 4, 3, 2, 1, 0]
2026-06-12 01:18:22.859 - [DEBUG] ||| prep_pass ||| Chain complete
2026-06-12 01:18:22.860 - [DEBUG] ||| run ||| pending_perm = [None, None, None, None, None, None, None, None, 61, 60, 59, 58, 14, 15, 16, 17, 18, 19, 57, 56, 55, 54, 53, 52, 36, 37, 38, 39, 40, 41, 51, 50, 49, 48, 35, 34, 42, 43, 44, 45, 46, 47, 33, 32, 31, 30, 29, 28, 27, 26, 25, 24, 23, 22, 21, 20, 7, 6, 5, 4, 3, 2, 1, 0] | src = 8, dest = 61
2026-06-12 01:18:22.861 - [DEBUG] ||| prep_pass ||| Next permutation = [None, None, None, None, None, None, None, None, None, None, 59, 58, 14, 15, 16, 17, 18, 19, 57, 56, 55, 54, 53, 52, 36, 37, 38, 39, 40, 41, 51, 50, 49, 48, 35, 34, 42, 43, 44, 45, 46, 47, 33, 32, 31, 30, 29, 28, 27, 26, 25, 24, 23, 22, 21, 20, 7, 6, 5, 4, 3, 2, 1, 0]
2026-06-12 01:18:22.862 - [DEBUG] ||| prep_pass ||| Chain complete
2026-06-12 01:18:22.863 - [DEBUG] ||| run ||| pending_perm = [None, None, None, None, None, None, None, None, None, None, 59, 58, 14, 15, 16, 17, 18, 19, 57, 56, 55, 54, 53, 52, 36, 37, 38, 39, 40, 41, 51, 50, 49, 48, 35, 34, 42, 43, 44, 45, 46, 47, 33, 32, 31, 30, 29, 28, 27, 26, 25, 24, 23, 22, 21, 20, 7, 6, 5, 4, 3, 2, 1, 0] | src = 10, dest = 59
2026-06-12 01:18:22.864 - [DEBUG] ||| prep_pass ||| Next permutation = [None, None, None, None, None, None, None, None, None, None, None, None, 14, 15, 16, 17, 18, 19, 57, 56, 55, 54, 53, 52, 36, 37, 38, 39, 40, 41, 51, 50, 49, 48, 35, 34, 42, 43, 44, 45, 46, 47, 33, 32, 31, 30, 29, 28, 27, 26, 25, 24, 23, 22, 21, 20, 7, 6, 5, 4, 3, 2, 1, 0]
2026-06-12 01:18:22.865 - [DEBUG] ||| prep_pass ||| Chain complete
2026-06-12 01:18:22.866 - [DEBUG] ||| run ||| pending_perm = [None, None, None, None, None, None, None, None, None, None, None, None, 14, 15, 16, 17, 18, 19, 57, 56, 55, 54, 53, 52, 36, 37, 38, 39, 40, 41, 51, 50, 49, 48, 35, 34, 42, 43, 44, 45, 46, 47, 33, 32, 31, 30, 29, 28, 27, 26, 25, 24, 23, 22, 21, 20, 7, 6, 5, 4, 3, 2, 1, 0] | src = 12, dest = 14
2026-06-12 01:18:22.867 - [DEBUG] ||| prep_pass ||| Next permutation = [None, None, None, None, None, None, None, None, None, None, None, None, None, None, 16, 17, 18, 19, 57, 56, 55, 54, 53, 52, 36, 37, 38, 39, 40, 41, 51, 50, 49, 48, 35, 34, 42, 43, 44, 45, 46, 47, 33, 32, 31, 30, 29, 28, 27, 26, 25, 24, 23, 22, 21, 20, 7, 6, 5, 4, 3, 2, 1, 0]
2026-06-12 01:18:22.867 - [DEBUG] ||| prep_pass ||| Chain complete
2026-06-12 01:18:22.868 - [DEBUG] ||| run ||| pending_perm = [None, None, None, None, None, None, None, None, None, None, None, None, None, None, 16, 17, 18, 19, 57, 56, 55, 54, 53, 52, 36, 37, 38, 39, 40, 41, 51, 50, 49, 48, 35, 34, 42, 43, 44, 45, 46, 47, 33, 32, 31, 30, 29, 28, 27, 26, 25, 24, 23, 22, 21, 20, 7, 6, 5, 4, 3, 2, 1, 0] | src = 14, dest = 16
2026-06-12 01:18:22.869 - [DEBUG] ||| prep_pass ||| Next permutation = [None, None, None, None, None, None, None, None, None, None, None, None, None, None, None, None, 18, 19, 57, 56, 55, 54, 53, 52, 36, 37, 38, 39, 40, 41, 51, 50, 49, 48, 35, 34, 42, 43, 44, 45, 46, 47, 33, 32, 31, 30, 29, 28, 27, 26, 25, 24, 23, 22, 21, 20, 7, 6, 5, 4, 3, 2, 1, 0]
2026-06-12 01:18:22.869 - [DEBUG] ||| prep_pass ||| Chain complete
2026-06-12 01:18:22.870 - [DEBUG] ||| run ||| pending_perm = [None, None, None, None, None, None, None, None, None, None, None, None, None, None, None, None, 18, 19, 57, 56, 55, 54, 53, 52, 36, 37, 38, 39, 40, 41, 51, 50, 49, 48, 35, 34, 42, 43, 44, 45, 46, 47, 33, 32, 31, 30, 29, 28, 27, 26, 25, 24, 23, 22, 21, 20, 7, 6, 5, 4, 3, 2, 1, 0] | src = 16, dest = 18
2026-06-12 01:18:22.871 - [DEBUG] ||| prep_pass ||| Next permutation = [None, None, None, None, None, None, None, None, None, None, None, None, None, None, None, None, None, None, 57, 56, 55, 54, 53, 52, 36, 37, 38, 39, 40, 41, 51, 50, 49, 48, 35, 34, 42, 43, 44, 45, 46, 47, 33, 32, 31, 30, 29, 28, 27, 26, 25, 24, 23, 22, 21, 20, 7, 6, 5, 4, 3, 2, 1, 0]
2026-06-12 01:18:22.871 - [DEBUG] ||| prep_pass ||| Chain complete
2026-06-12 01:18:22.872 - [DEBUG] ||| run ||| pending_perm = [None, None, None, None, None, None, None, None, None, None, None, None, None, None, None, None, None, None, 57, 56, 55, 54, 53, 52, 36, 37, 38, 39, 40, 41, 51, 50, 49, 48, 35, 34, 42, 43, 44, 45, 46, 47, 33, 32, 31, 30, 29, 28, 27, 26, 25, 24, 23, 22, 21, 20, 7, 6, 5, 4, 3, 2, 1, 0] | src = 18, dest = 57
2026-06-12 01:18:22.872 - [DEBUG] ||| prep_pass ||| Next permutation = [None, None, None, None, None, None, None, None, None, None, None, None, None, None, None, None, None, None, None, None, 55, 54, 53, 52, 36, 37, 38, 39, 40, 41, 51, 50, 49, 48, 35, 34, 42, 43, 44, 45, 46, 47, 33, 32, 31, 30, 29, 28, 27, 26, 25, 24, 23, 22, 21, 20, 7, 6, 5, 4, 3, 2, 1, 0]
2026-06-12 01:18:22.873 - [DEBUG] ||| prep_pass ||| Chain complete
2026-06-12 01:18:22.874 - [DEBUG] ||| run ||| pending_perm = [None, None, None, None, None, None, None, None, None, None, None, None, None, None, None, None, None, None, None, None, 55, 54, 53, 52, 36, 37, 38, 39, 40, 41, 51, 50, 49, 48, 35, 34, 42, 43, 44, 45, 46, 47, 33, 32, 31, 30, 29, 28, 27, 26, 25, 24, 23, 22, 21, 20, 7, 6, 5, 4, 3, 2, 1, 0] | src = 20, dest = 55
2026-06-12 01:18:22.874 - [DEBUG] ||| prep_pass ||| Next permutation = [None, None, None, None, None, None, None, None, None, None, None, None, None, None, None, None, None, None, None, None, None, None, 53, 52, 36, 37, 38, 39, 40, 41, 51, 50, 49, 48, 35, 34, 42, 43, 44, 45, 46, 47, 33, 32, 31, 30, 29, 28, 27, 26, 25, 24, 23, 22, 21, 20, 7, 6, 5, 4, 3, 2, 1, 0]
2026-06-12 01:18:22.875 - [DEBUG] ||| prep_pass ||| Chain complete
2026-06-12 01:18:22.875 - [DEBUG] ||| run ||| pending_perm = [None, None, None, None, None, None, None, None, None, None, None, None, None, None, None, None, None, None, None, None, None, None, 53, 52, 36, 37, 38, 39, 40, 41, 51, 50, 49, 48, 35, 34, 42, 43, 44, 45, 46, 47, 33, 32, 31, 30, 29, 28, 27, 26, 25, 24, 23, 22, 21, 20, 7, 6, 5, 4, 3, 2, 1, 0] | src = 22, dest = 53
2026-06-12 01:18:22.876 - [DEBUG] ||| prep_pass ||| Next permutation = [None, None, None, None, None, None, None, None, None, None, None, None, None, None, None, None, None, None, None, None, None, None, None, None, 36, 37, 38, 39, 40, 41, 51, 50, 49, 48, 35, 34, 42, 43, 44, 45, 46, 47, 33, 32, 31, 30, 29, 28, 27, 26, 25, 24, 23, 22, 21, 20, 7, 6, 5, 4, 3, 2, 1, 0]
2026-06-12 01:18:22.877 - [DEBUG] ||| prep_pass ||| Chain complete
2026-06-12 01:18:22.877 - [DEBUG] ||| run ||| pending_perm = [None, None, None, None, None, None, None, None, None, None, None, None, None, None, None, None, None, None, None, None, None, None, None, None, 36, 37, 38, 39, 40, 41, 51, 50, 49, 48, 35, 34, 42, 43, 44, 45, 46, 47, 33, 32, 31, 30, 29, 28, 27, 26, 25, 24, 23, 22, 21, 20, 7, 6, 5, 4, 3, 2, 1, 0] | src = 24, dest = 36
2026-06-12 01:18:22.878 - [DEBUG] ||| prep_pass ||| Next permutation = [None, None, None, None, None, None, None, None, None, None, None, None, None, None, None, None, None, None, None, None, None, None, None, None, None, None, 38, 39, 40, 41, 51, 50, 49, 48, 35, 34, 42, 43, 44, 45, 46, 47, 33, 32, 31, 30, 29, 28, 27, 26, 25, 24, 23, 22, 21, 20, 7, 6, 5, 4, 3, 2, 1, 0]
2026-06-12 01:18:22.879 - [DEBUG] ||| prep_pass ||| Chain complete
2026-06-12 01:18:22.879 - [DEBUG] ||| run ||| pending_perm = [None, None, None, None, None, None, None, None, None, None, None, None, None, None, None, None, None, None, None, None, None, None, None, None, None, None, 38, 39, 40, 41, 51, 50, 49, 48, 35, 34, 42, 43, 44, 45, 46, 47, 33, 32, 31, 30, 29, 28, 27, 26, 25, 24, 23, 22, 21, 20, 7, 6, 5, 4, 3, 2, 1, 0] | src = 26, dest = 38
2026-06-12 01:18:22.880 - [DEBUG] ||| prep_pass ||| Next permutation = [None, None, None, None, None, None, None, None, None, None, None, None, None, None, None, None, None, None, None, None, None, None, None, None, None, None, None, None, 40, 41, 51, 50, 49, 48, 35, 34, 42, 43, 44, 45, 46, 47, 33, 32, 31, 30, 29, 28, 27, 26, 25, 24, 23, 22, 21, 20, 7, 6, 5, 4, 3, 2, 1, 0]
2026-06-12 01:18:22.880 - [DEBUG] ||| prep_pass ||| Chain complete
2026-06-12 01:18:22.881 - [DEBUG] ||| run ||| pending_perm = [None, None, None, None, None, None, None, None, None, None, None, None, None, None, None, None, None, None, None, None, None, None, None, None, None, None, None, None, 40, 41, 51, 50, 49, 48, 35, 34, 42, 43, 44, 45, 46, 47, 33, 32, 31, 30, 29, 28, 27, 26, 25, 24, 23, 22, 21, 20, 7, 6, 5, 4, 3, 2, 1, 0] | src = 28, dest = 40
2026-06-12 01:18:22.881 - [DEBUG] ||| prep_pass ||| Next permutation = [None, None, None, None, None, None, None, None, None, None, None, None, None, None, None, None, None, None, None, None, None, None, None, None, None, None, None, None, None, None, 51, 50, 49, 48, 35, 34, 42, 43, 44, 45, 46, 47, 33, 32, 31, 30, 29, 28, 27, 26, 25, 24, 23, 22, 21, 20, 7, 6, 5, 4, 3, 2, 1, 0]
2026-06-12 01:18:22.882 - [DEBUG] ||| prep_pass ||| Chain complete
2026-06-12 01:18:22.883 - [DEBUG] ||| run ||| pending_perm = [None, None, None, None, None, None, None, None, None, None, None, None, None, None, None, None, None, None, None, None, None, None, None, None, None, None, None, None, None, None, 51, 50, 49, 48, 35, 34, 42, 43, 44, 45, 46, 47, 33, 32, 31, 30, 29, 28, 27, 26, 25, 24, 23, 22, 21, 20, 7, 6, 5, 4, 3, 2, 1, 0] | src = 30, dest = 51
2026-06-12 01:18:22.883 - [DEBUG] ||| prep_pass ||| Next permutation = [None, None, None, None, None, None, None, None, None, None, None, None, None, None, None, None, None, None, None, None, None, None, None, None, None, None, None, None, None, None, None, None, 49, 48, 35, 34, 42, 43, 44, 45, 46, 47, 33, 32, 31, 30, 29, 28, 27, 26, 25, 24, 23, 22, 21, 20, 7, 6, 5, 4, 3, 2, 1, 0]
2026-06-12 01:18:22.884 - [DEBUG] ||| prep_pass ||| Chain complete
2026-06-12 01:18:22.884 - [DEBUG] ||| run ||| pending_perm = [None, None, None, None, None, None, None, None, None, None, None, None, None, None, None, None, None, None, None, None, None, None, None, None, None, None, None, None, None, None, None, None, 49, 48, 35, 34, 42, 43, 44, 45, 46, 47, 33, 32, 31, 30, 29, 28, 27, 26, 25, 24, 23, 22, 21, 20, 7, 6, 5, 4, 3, 2, 1, 0] | src = 32, dest = 49
2026-06-12 01:18:22.885 - [DEBUG] ||| prep_pass ||| Next permutation = [None, None, None, None, None, None, None, None, None, None, None, None, None, None, None, None, None, None, None, None, None, None, None, None, None, None, None, None, None, None, None, None, None, None, 35, 34, 42, 43, 44, 45, 46, 47, 33, 32, 31, 30, 29, 28, 27, 26, 25, 24, 23, 22, 21, 20, 7, 6, 5, 4, 3, 2, 1, 0]
2026-06-12 01:18:22.885 - [DEBUG] ||| prep_pass ||| Chain complete
2026-06-12 01:18:22.886 - [DEBUG] ||| run ||| pending_perm = [None, None, None, None, None, None, None, None, None, None, None, None, None, None, None, None, None, None, None, None, None, None, None, None, None, None, None, None, None, None, None, None, None, None, 35, 34, 42, 43, 44, 45, 46, 47, 33, 32, 31, 30, 29, 28, 27, 26, 25, 24, 23, 22, 21, 20, 7, 6, 5, 4, 3, 2, 1, 0] | src = 34, dest = 35
2026-06-12 01:18:22.887 - [DEBUG] ||| prep_pass ||| Next permutation = [None, None, None, None, None, None, None, None, None, None, None, None, None, None, None, None, None, None, None, None, None, None, None, None, None, None, None, None, None, None, None, None, None, None, None, None, 42, 43, 44, 45, 46, 47, 33, 32, 31, 30, 29, 28, 27, 26, 25, 24, 23, 22, 21, 20, 7, 6, 5, 4, 3, 2, 1, 0]
2026-06-12 01:18:22.887 - [DEBUG] ||| prep_pass ||| Chain complete
2026-06-12 01:18:22.888 - [DEBUG] ||| run ||| pending_perm = [None, None, None, None, None, None, None, None, None, None, None, None, None, None, None, None, None, None, None, None, None, None, None, None, None, None, None, None, None, None, None, None, None, None, None, None, 42, 43, 44, 45, 46, 47, 33, 32, 31, 30, 29, 28, 27, 26, 25, 24, 23, 22, 21, 20, 7, 6, 5, 4, 3, 2, 1, 0] | src = 36, dest = 42
2026-06-12 01:18:22.888 - [DEBUG] ||| prep_pass ||| Next permutation = [None, None, None, None, None, None, None, None, None, None, None, None, None, None, None, None, None, None, None, None, None, None, None, None, None, None, None, None, None, None, None, None, None, None, None, None, None, None, 44, 45, 46, 47, 33, 32, 31, 30, 29, 28, 27, 26, 25, 24, 23, 22, 21, 20, 7, 6, 5, 4, 3, 2, 1, 0]
2026-06-12 01:18:22.889 - [DEBUG] ||| prep_pass ||| Chain complete
2026-06-12 01:18:22.890 - [DEBUG] ||| run ||| pending_perm = [None, None, None, None, None, None, None, None, None, None, None, None, None, None, None, None, None, None, None, None, None, None, None, None, None, None, None, None, None, None, None, None, None, None, None, None, None, None, 44, 45, 46, 47, 33, 32, 31, 30, 29, 28, 27, 26, 25, 24, 23, 22, 21, 20, 7, 6, 5, 4, 3, 2, 1, 0] | src = 38, dest = 44
2026-06-12 01:18:22.890 - [DEBUG] ||| prep_pass ||| Next permutation = [None, None, None, None, None, None, None, None, None, None, None, None, None, None, None, None, None, None, None, None, None, None, None, None, None, None, None, None, None, None, None, None, None, None, None, None, None, None, None, None, 46, 47, 33, 32, 31, 30, 29, 28, 27, 26, 25, 24, 23, 22, 21, 20, 7, 6, 5, 4, 3, 2, 1, 0]
2026-06-12 01:18:22.891 - [DEBUG] ||| prep_pass ||| Chain complete
2026-06-12 01:18:22.891 - [DEBUG] ||| run ||| pending_perm = [None, None, None, None, None, None, None, None, None, None, None, None, None, None, None, None, None, None, None, None, None, None, None, None, None, None, None, None, None, None, None, None, None, None, None, None, None, None, None, None, 46, 47, 33, 32, 31, 30, 29, 28, 27, 26, 25, 24, 23, 22, 21, 20, 7, 6, 5, 4, 3, 2, 1, 0] | src = 40, dest = 46
2026-06-12 01:18:22.892 - [DEBUG] ||| prep_pass ||| Next permutation = [None, None, None, None, None, None, None, None, None, None, None, None, None, None, None, None, None, None, None, None, None, None, None, None, None, None, None, None, None, None, None, None, None, None, None, None, None, None, None, None, None, None, 33, 32, 31, 30, 29, 28, 27, 26, 25, 24, 23, 22, 21, 20, 7, 6, 5, 4, 3, 2, 1, 0]
2026-06-12 01:18:22.892 - [DEBUG] ||| prep_pass ||| Chain complete
2026-06-12 01:18:22.893 - [DEBUG] ||| run ||| pending_perm = [None, None, None, None, None, None, None, None, None, None, None, None, None, None, None, None, None, None, None, None, None, None, None, None, None, None, None, None, None, None, None, None, None, None, None, None, None, None, None, None, None, None, 33, 32, 31, 30, 29, 28, 27, 26, 25, 24, 23, 22, 21, 20, 7, 6, 5, 4, 3, 2, 1, 0] | src = 42, dest = 33
2026-06-12 01:18:22.894 - [DEBUG] ||| prep_pass ||| Next permutation = [None, None, None, None, None, None, None, None, None, None, None, None, None, None, None, None, None, None, None, None, None, None, None, None, None, None, None, None, None, None, None, None, None, None, None, None, None, None, None, None, None, None, None, None, 31, 30, 29, 28, 27, 26, 25, 24, 23, 22, 21, 20, 7, 6, 5, 4, 3, 2, 1, 0]
2026-06-12 01:18:22.894 - [DEBUG] ||| prep_pass ||| Chain complete
2026-06-12 01:18:22.895 - [DEBUG] ||| run ||| pending_perm = [None, None, None, None, None, None, None, None, None, None, None, None, None, None, None, None, None, None, None, None, None, None, None, None, None, None, None, None, None, None, None, None, None, None, None, None, None, None, None, None, None, None, None, None, 31, 30, 29, 28, 27, 26, 25, 24, 23, 22, 21, 20, 7, 6, 5, 4, 3, 2, 1, 0] | src = 44, dest = 31
2026-06-12 01:18:22.895 - [DEBUG] ||| prep_pass ||| Next permutation = [None, None, None, None, None, None, None, None, None, None, None, None, None, None, None, None, None, None, None, None, None, None, None, None, None, None, None, None, None, None, None, None, None, None, None, None, None, None, None, None, None, None, None, None, None, None, 29, 28, 27, 26, 25, 24, 23, 22, 21, 20, 7, 6, 5, 4, 3, 2, 1, 0]
2026-06-12 01:18:22.896 - [DEBUG] ||| prep_pass ||| Chain complete
2026-06-12 01:18:22.897 - [DEBUG] ||| run ||| pending_perm = [None, None, None, None, None, None, None, None, None, None, None, None, None, None, None, None, None, None, None, None, None, None, None, None, None, None, None, None, None, None, None, None, None, None, None, None, None, None, None, None, None, None, None, None, None, None, 29, 28, 27, 26, 25, 24, 23, 22, 21, 20, 7, 6, 5, 4, 3, 2, 1, 0] | src = 46, dest = 29
2026-06-12 01:18:22.897 - [DEBUG] ||| prep_pass ||| Next permutation = [None, None, None, None, None, None, None, None, None, None, None, None, None, None, None, None, None, None, None, None, None, None, None, None, None, None, None, None, None, None, None, None, None, None, None, None, None, None, None, None, None, None, None, None, None, None, None, None, 27, 26, 25, 24, 23, 22, 21, 20, 7, 6, 5, 4, 3, 2, 1, 0]
2026-06-12 01:18:22.898 - [DEBUG] ||| prep_pass ||| Chain complete
2026-06-12 01:18:22.899 - [DEBUG] ||| run ||| pending_perm = [None, None, None, None, None, None, None, None, None, None, None, None, None, None, None, None, None, None, None, None, None, None, None, None, None, None, None, None, None, None, None, None, None, None, None, None, None, None, None, None, None, None, None, None, None, None, None, None, 27, 26, 25, 24, 23, 22, 21, 20, 7, 6, 5, 4, 3, 2, 1, 0] | src = 48, dest = 27
2026-06-12 01:18:22.899 - [DEBUG] ||| prep_pass ||| Next permutation = [None, None, None, None, None, None, None, None, None, None, None, None, None, None, None, None, None, None, None, None, None, None, None, None, None, None, None, None, None, None, None, None, None, None, None, None, None, None, None, None, None, None, None, None, None, None, None, None, None, None, 25, 24, 23, 22, 21, 20, 7, 6, 5, 4, 3, 2, 1, 0]
2026-06-12 01:18:22.900 - [DEBUG] ||| prep_pass ||| Chain complete
2026-06-12 01:18:22.900 - [DEBUG] ||| run ||| pending_perm = [None, None, None, None, None, None, None, None, None, None, None, None, None, None, None, None, None, None, None, None, None, None, None, None, None, None, None, None, None, None, None, None, None, None, None, None, None, None, None, None, None, None, None, None, None, None, None, None, None, None, 25, 24, 23, 22, 21, 20, 7, 6, 5, 4, 3, 2, 1, 0] | src = 50, dest = 25
2026-06-12 01:18:22.901 - [DEBUG] ||| prep_pass ||| Next permutation = [None, None, None, None, None, None, None, None, None, None, None, None, None, None, None, None, None, None, None, None, None, None, None, None, None, None, None, None, None, None, None, None, None, None, None, None, None, None, None, None, None, None, None, None, None, None, None, None, None, None, None, None, 23, 22, 21, 20, 7, 6, 5, 4, 3, 2, 1, 0]
2026-06-12 01:18:22.901 - [DEBUG] ||| prep_pass ||| Chain complete
2026-06-12 01:18:22.901 - [DEBUG] ||| run ||| pending_perm = [None, None, None, None, None, None, None, None, None, None, None, None, None, None, None, None, None, None, None, None, None, None, None, None, None, None, None, None, None, None, None, None, None, None, None, None, None, None, None, None, None, None, None, None, None, None, None, None, None, None, None, None, 23, 22, 21, 20, 7, 6, 5, 4, 3, 2, 1, 0] | src = 52, dest = 23
2026-06-12 01:18:22.902 - [DEBUG] ||| prep_pass ||| Next permutation = [None, None, None, None, None, None, None, None, None, None, None, None, None, None, None, None, None, None, None, None, None, None, None, None, None, None, None, None, None, None, None, None, None, None, None, None, None, None, None, None, None, None, None, None, None, None, None, None, None, None, None, None, None, None, 21, 20, 7, 6, 5, 4, 3, 2, 1, 0]
2026-06-12 01:18:22.902 - [DEBUG] ||| prep_pass ||| Chain complete
2026-06-12 01:18:22.903 - [DEBUG] ||| run ||| pending_perm = [None, None, None, None, None, None, None, None, None, None, None, None, None, None, None, None, None, None, None, None, None, None, None, None, None, None, None, None, None, None, None, None, None, None, None, None, None, None, None, None, None, None, None, None, None, None, None, None, None, None, None, None, None, None, 21, 20, 7, 6, 5, 4, 3, 2, 1, 0] | src = 54, dest = 21
2026-06-12 01:18:22.903 - [DEBUG] ||| prep_pass ||| Next permutation = [None, None, None, None, None, None, None, None, None, None, None, None, None, None, None, None, None, None, None, None, None, None, None, None, None, None, None, None, None, None, None, None, None, None, None, None, None, None, None, None, None, None, None, None, None, None, None, None, None, None, None, None, None, None, None, None, 7, 6, 5, 4, 3, 2, 1, 0]
2026-06-12 01:18:22.903 - [DEBUG] ||| prep_pass ||| Chain complete
2026-06-12 01:18:22.904 - [DEBUG] ||| run ||| pending_perm = [None, None, None, None, None, None, None, None, None, None, None, None, None, None, None, None, None, None, None, None, None, None, None, None, None, None, None, None, None, None, None, None, None, None, None, None, None, None, None, None, None, None, None, None, None, None, None, None, None, None, None, None, None, None, None, None, 7, 6, 5, 4, 3, 2, 1, 0] | src = 56, dest = 7
2026-06-12 01:18:22.904 - [DEBUG] ||| prep_pass ||| Next permutation = [None, None, None, None, None, None, None, None, None, None, None, None, None, None, None, None, None, None, None, None, None, None, None, None, None, None, None, None, None, None, None, None, None, None, None, None, None, None, None, None, None, None, None, None, None, None, None, None, None, None, None, None, None, None, None, None, None, None, 5, 4, 3, 2, 1, 0]
2026-06-12 01:18:22.905 - [DEBUG] ||| prep_pass ||| Chain complete
2026-06-12 01:18:22.905 - [DEBUG] ||| run ||| pending_perm = [None, None, None, None, None, None, None, None, None, None, None, None, None, None, None, None, None, None, None, None, None, None, None, None, None, None, None, None, None, None, None, None, None, None, None, None, None, None, None, None, None, None, None, None, None, None, None, None, None, None, None, None, None, None, None, None, None, None, 5, 4, 3, 2, 1, 0] | src = 58, dest = 5
2026-06-12 01:18:22.905 - [DEBUG] ||| prep_pass ||| Next permutation = [None, None, None, None, None, None, None, None, None, None, None, None, None, None, None, None, None, None, None, None, None, None, None, None, None, None, None, None, None, None, None, None, None, None, None, None, None, None, None, None, None, None, None, None, None, None, None, None, None, None, None, None, None, None, None, None, None, None, None, None, 3, 2, 1, 0]
2026-06-12 01:18:22.906 - [DEBUG] ||| prep_pass ||| Chain complete
2026-06-12 01:18:22.906 - [DEBUG] ||| run ||| pending_perm = [None, None, None, None, None, None, None, None, None, None, None, None, None, None, None, None, None, None, None, None, None, None, None, None, None, None, None, None, None, None, None, None, None, None, None, None, None, None, None, None, None, None, None, None, None, None, None, None, None, None, None, None, None, None, None, None, None, None, None, None, 3, 2, 1, 0] | src = 60, dest = 3
2026-06-12 01:18:22.906 - [DEBUG] ||| prep_pass ||| Next permutation = [None, None, None, None, None, None, None, None, None, None, None, None, None, None, None, None, None, None, None, None, None, None, None, None, None, None, None, None, None, None, None, None, None, None, None, None, None, None, None, None, None, None, None, None, None, None, None, None, None, None, None, None, None, None, None, None, None, None, None, None, None, None, 1, 0]
2026-06-12 01:18:22.907 - [DEBUG] ||| prep_pass ||| Chain complete
2026-06-12 01:18:22.907 - [DEBUG] ||| run ||| pending_perm = [None, None, None, None, None, None, None, None, None, None, None, None, None, None, None, None, None, None, None, None, None, None, None, None, None, None, None, None, None, None, None, None, None, None, None, None, None, None, None, None, None, None, None, None, None, None, None, None, None, None, None, None, None, None, None, None, None, None, None, None, None, None, 1, 0] | src = 62, dest = 1
2026-06-12 01:18:22.908 - [DEBUG] ||| prep_pass ||| Next permutation = [None, None, None, None, None, None, None, None, None, None, None, None, None, None, None, None, None, None, None, None, None, None, None, None, None, None, None, None, None, None, None, None, None, None, None, None, None, None, None, None, None, None, None, None, None, None, None, None, None, None, None, None, None, None, None, None, None, None, None, None, None, None, None, None]
2026-06-12 01:18:22.908 - [DEBUG] ||| prep_pass ||| Chain complete
2026-06-12 01:18:22.909 - [DEBUG] ||| propogate ||| stage = 0, input perm = [8, 9, 10, 11, 12, 13, 63, 62, 61, 60, 59, 58, 14, 15, 16, 17, 18, 19, 57, 56, 55, 54, 53, 52, 36, 37, 38, 39, 40, 41, 51, 50, 49, 48, 35, 34, 42, 43, 44, 45, 46, 47, 33, 32, 31, 30, 29, 28, 27, 26, 25, 24, 23, 22, 21, 20, 7, 6, 5, 4, 3, 2, 1, 0]
2026-06-12 01:18:22.909 - [DEBUG] ||| run ||| Stage[0] | Output permutation = [8, 10, 12, 63, 61, 59, 14, 16, 18, 57, 55, 53, 36, 38, 40, 51, 49, 35, 42, 44, 46, 33, 31, 29, 27, 25, 23, 21, 7, 5, 3, 1, 9, 11, 13, 62, 60, 58, 15, 17, 19, 56, 54, 52, 37, 39, 41, 50, 48, 34, 43, 45, 47, 32, 30, 28, 26, 24, 22, 20, 6, 4, 2, 0]
2026-06-12 01:18:22.909 - [DEBUG] ||| run ||| Stage[1] || perm_split = 2, split_len = 32, sw_split = 16, sub_perms = [[8, 10, 12, 63, 61, 59, 14, 16, 18, 57, 55, 53, 36, 38, 40, 51, 49, 35, 42, 44, 46, 33, 31, 29, 27, 25, 23, 21, 7, 5, 3, 1], [9, 11, 13, 62, 60, 58, 15, 17, 19, 56, 54, 52, 37, 39, 41, 50, 48, 34, 43, 45, 47, 32, 30, 28, 26, 24, 22, 20, 6, 4, 2, 0]]
2026-06-12 01:18:22.910 - [DEBUG] ||| normalize_perm ||| Permutation post normalization = [4, 5, 6, 31, 30, 29, 7, 8, 9, 28, 27, 26, 18, 19, 20, 25, 24, 17, 21, 22, 23, 16, 15, 14, 13, 12, 11, 10, 3, 2, 1, 0]
2026-06-12 01:18:22.910 - [DEBUG] ||| run ||| pending_perm = [4, 5, 6, 31, 30, 29, 7, 8, 9, 28, 27, 26, 18, 19, 20, 25, 24, 17, 21, 22, 23, 16, 15, 14, 13, 12, 11, 10, 3, 2, 1, 0] | src = 0, dest = 4
2026-06-12 01:18:22.911 - [DEBUG] ||| prep_pass ||| Next permutation = [None, None, 6, 31, 30, 29, 7, 8, 9, 28, 27, 26, 18, 19, 20, 25, 24, 17, 21, 22, 23, 16, 15, 14, 13, 12, 11, 10, 3, 2, 1, 0]
2026-06-12 01:18:22.911 - [DEBUG] ||| prep_pass ||| Chain complete
2026-06-12 01:18:22.912 - [DEBUG] ||| run ||| pending_perm = [None, None, 6, 31, 30, 29, 7, 8, 9, 28, 27, 26, 18, 19, 20, 25, 24, 17, 21, 22, 23, 16, 15, 14, 13, 12, 11, 10, 3, 2, 1, 0] | src = 2, dest = 6
2026-06-12 01:18:22.913 - [DEBUG] ||| prep_pass ||| Next permutation = [None, None, None, None, 30, 29, 7, 8, 9, 28, 27, 26, 18, 19, 20, 25, 24, 17, 21, 22, 23, 16, 15, 14, 13, 12, 11, 10, 3, 2, 1, 0]
2026-06-12 01:18:22.913 - [DEBUG] ||| prep_pass ||| rb_src = 7, rb_dest = 8
2026-06-12 01:18:22.914 - [DEBUG] ||| prep_pass ||| Next permutation = [None, None, None, None, 30, 29, None, None, 9, 28, 27, 26, 18, 19, 20, 25, 24, 17, 21, 22, 23, 16, 15, 14, 13, 12, 11, 10, 3, 2, 1, 0]
2026-06-12 01:18:22.914 - [DEBUG] ||| prep_pass ||| rb_src = 9, rb_dest = 28
2026-06-12 01:18:22.915 - [DEBUG] ||| prep_pass ||| Next permutation = [None, None, None, None, 30, 29, None, None, None, None, 27, 26, 18, 19, 20, 25, 24, 17, 21, 22, 23, 16, 15, 14, 13, 12, 11, 10, 3, 2, 1, 0]
2026-06-12 01:18:22.915 - [DEBUG] ||| prep_pass ||| rb_src = 4, rb_dest = 30
2026-06-12 01:18:22.916 - [DEBUG] ||| prep_pass ||| Next permutation = [None, None, None, None, None, None, None, None, None, None, 27, 26, 18, 19, 20, 25, 24, 17, 21, 22, 23, 16, 15, 14, 13, 12, 11, 10, 3, 2, 1, 0]
2026-06-12 01:18:22.916 - [DEBUG] ||| prep_pass ||| Chain complete
2026-06-12 01:18:22.916 - [DEBUG] ||| run ||| pending_perm = [None, None, None, None, None, None, None, None, None, None, 27, 26, 18, 19, 20, 25, 24, 17, 21, 22, 23, 16, 15, 14, 13, 12, 11, 10, 3, 2, 1, 0] | src = 10, dest = 27
2026-06-12 01:18:22.917 - [DEBUG] ||| prep_pass ||| Next permutation = [None, None, None, None, None, None, None, None, None, None, None, None, 18, 19, 20, 25, 24, 17, 21, 22, 23, 16, 15, 14, 13, 12, 11, 10, 3, 2, 1, 0]
2026-06-12 01:18:22.917 - [DEBUG] ||| prep_pass ||| Chain complete
2026-06-12 01:18:22.918 - [DEBUG] ||| run ||| pending_perm = [None, None, None, None, None, None, None, None, None, None, None, None, 18, 19, 20, 25, 24, 17, 21, 22, 23, 16, 15, 14, 13, 12, 11, 10, 3, 2, 1, 0] | src = 12, dest = 18
2026-06-12 01:18:22.918 - [DEBUG] ||| prep_pass ||| Next permutation = [None, None, None, None, None, None, None, None, None, None, None, None, None, None, 20, 25, 24, 17, 21, 22, 23, 16, 15, 14, 13, 12, 11, 10, 3, 2, 1, 0]
2026-06-12 01:18:22.919 - [DEBUG] ||| prep_pass ||| Chain complete
2026-06-12 01:18:22.919 - [DEBUG] ||| run ||| pending_perm = [None, None, None, None, None, None, None, None, None, None, None, None, None, None, 20, 25, 24, 17, 21, 22, 23, 16, 15, 14, 13, 12, 11, 10, 3, 2, 1, 0] | src = 14, dest = 20
2026-06-12 01:18:22.920 - [DEBUG] ||| prep_pass ||| Next permutation = [None, None, None, None, None, None, None, None, None, None, None, None, None, None, None, None, 24, 17, 21, 22, 23, 16, 15, 14, 13, 12, 11, 10, 3, 2, 1, 0]
2026-06-12 01:18:22.920 - [DEBUG] ||| prep_pass ||| rb_src = 19, rb_dest = 22
2026-06-12 01:18:22.921 - [DEBUG] ||| prep_pass ||| Next permutation = [None, None, None, None, None, None, None, None, None, None, None, None, None, None, None, None, 24, 17, None, None, 23, 16, 15, 14, 13, 12, 11, 10, 3, 2, 1, 0]
2026-06-12 01:18:22.921 - [DEBUG] ||| prep_pass ||| rb_src = 21, rb_dest = 16
2026-06-12 01:18:22.922 - [DEBUG] ||| prep_pass ||| Next permutation = [None, None, None, None, None, None, None, None, None, None, None, None, None, None, None, None, 24, 17, None, None, None, None, 15, 14, 13, 12, 11, 10, 3, 2, 1, 0]
2026-06-12 01:18:22.922 - [DEBUG] ||| prep_pass ||| rb_src = 16, rb_dest = 24
2026-06-12 01:18:22.922 - [DEBUG] ||| prep_pass ||| Next permutation = [None, None, None, None, None, None, None, None, None, None, None, None, None, None, None, None, None, None, None, None, None, None, 15, 14, 13, 12, 11, 10, 3, 2, 1, 0]
2026-06-12 01:18:22.923 - [DEBUG] ||| prep_pass ||| Chain complete
2026-06-12 01:18:22.923 - [DEBUG] ||| run ||| pending_perm = [None, None, None, None, None, None, None, None, None, None, None, None, None, None, None, None, None, None, None, None, None, None, 15, 14, 13, 12, 11, 10, 3, 2, 1, 0] | src = 22, dest = 15
2026-06-12 01:18:22.923 - [DEBUG] ||| prep_pass ||| Next permutation = [None, None, None, None, None, None, None, None, None, None, None, None, None, None, None, None, None, None, None, None, None, None, None, None, 13, 12, 11, 10, 3, 2, 1, 0]
2026-06-12 01:18:22.924 - [DEBUG] ||| prep_pass ||| Chain complete
2026-06-12 01:18:22.924 - [DEBUG] ||| run ||| pending_perm = [None, None, None, None, None, None, None, None, None, None, None, None, None, None, None, None, None, None, None, None, None, None, None, None, 13, 12, 11, 10, 3, 2, 1, 0] | src = 24, dest = 13
2026-06-12 01:18:22.925 - [DEBUG] ||| prep_pass ||| Next permutation = [None, None, None, None, None, None, None, None, None, None, None, None, None, None, None, None, None, None, None, None, None, None, None, None, None, None, 11, 10, 3, 2, 1, 0]
2026-06-12 01:18:22.925 - [DEBUG] ||| prep_pass ||| Chain complete
2026-06-12 01:18:22.925 - [DEBUG] ||| run ||| pending_perm = [None, None, None, None, None, None, None, None, None, None, None, None, None, None, None, None, None, None, None, None, None, None, None, None, None, None, 11, 10, 3, 2, 1, 0] | src = 26, dest = 11
2026-06-12 01:18:22.926 - [DEBUG] ||| prep_pass ||| Next permutation = [None, None, None, None, None, None, None, None, None, None, None, None, None, None, None, None, None, None, None, None, None, None, None, None, None, None, None, None, 3, 2, 1, 0]
2026-06-12 01:18:22.926 - [DEBUG] ||| prep_pass ||| Chain complete
2026-06-12 01:18:22.926 - [DEBUG] ||| run ||| pending_perm = [None, None, None, None, None, None, None, None, None, None, None, None, None, None, None, None, None, None, None, None, None, None, None, None, None, None, None, None, 3, 2, 1, 0] | src = 28, dest = 3
2026-06-12 01:18:22.927 - [DEBUG] ||| prep_pass ||| Next permutation = [None, None, None, None, None, None, None, None, None, None, None, None, None, None, None, None, None, None, None, None, None, None, None, None, None, None, None, None, None, None, 1, 0]
2026-06-12 01:18:22.928 - [DEBUG] ||| prep_pass ||| Chain complete
2026-06-12 01:18:22.928 - [DEBUG] ||| run ||| pending_perm = [None, None, None, None, None, None, None, None, None, None, None, None, None, None, None, None, None, None, None, None, None, None, None, None, None, None, None, None, None, None, 1, 0] | src = 30, dest = 1
2026-06-12 01:18:22.929 - [DEBUG] ||| prep_pass ||| Next permutation = [None, None, None, None, None, None, None, None, None, None, None, None, None, None, None, None, None, None, None, None, None, None, None, None, None, None, None, None, None, None, None, None]
2026-06-12 01:18:22.930 - [DEBUG] ||| prep_pass ||| Chain complete
2026-06-12 01:18:22.930 - [DEBUG] ||| normalize_perm ||| Permutation post normalization = [4, 5, 6, 31, 30, 29, 7, 8, 9, 28, 27, 26, 18, 19, 20, 25, 24, 17, 21, 22, 23, 16, 15, 14, 13, 12, 11, 10, 3, 2, 1, 0]
2026-06-12 01:18:22.931 - [DEBUG] ||| run ||| pending_perm = [4, 5, 6, 31, 30, 29, 7, 8, 9, 28, 27, 26, 18, 19, 20, 25, 24, 17, 21, 22, 23, 16, 15, 14, 13, 12, 11, 10, 3, 2, 1, 0] | src = 0, dest = 4
2026-06-12 01:18:22.932 - [DEBUG] ||| prep_pass ||| Next permutation = [None, None, 6, 31, 30, 29, 7, 8, 9, 28, 27, 26, 18, 19, 20, 25, 24, 17, 21, 22, 23, 16, 15, 14, 13, 12, 11, 10, 3, 2, 1, 0]
2026-06-12 01:18:22.932 - [DEBUG] ||| prep_pass ||| Chain complete
2026-06-12 01:18:22.933 - [DEBUG] ||| run ||| pending_perm = [None, None, 6, 31, 30, 29, 7, 8, 9, 28, 27, 26, 18, 19, 20, 25, 24, 17, 21, 22, 23, 16, 15, 14, 13, 12, 11, 10, 3, 2, 1, 0] | src = 2, dest = 6
2026-06-12 01:18:22.934 - [DEBUG] ||| prep_pass ||| Next permutation = [None, None, None, None, 30, 29, 7, 8, 9, 28, 27, 26, 18, 19, 20, 25, 24, 17, 21, 22, 23, 16, 15, 14, 13, 12, 11, 10, 3, 2, 1, 0]
2026-06-12 01:18:22.934 - [DEBUG] ||| prep_pass ||| rb_src = 7, rb_dest = 8
2026-06-12 01:18:22.934 - [DEBUG] ||| prep_pass ||| Next permutation = [None, None, None, None, 30, 29, None, None, 9, 28, 27, 26, 18, 19, 20, 25, 24, 17, 21, 22, 23, 16, 15, 14, 13, 12, 11, 10, 3, 2, 1, 0]
2026-06-12 01:18:22.935 - [DEBUG] ||| prep_pass ||| rb_src = 9, rb_dest = 28
2026-06-12 01:18:22.936 - [DEBUG] ||| prep_pass ||| Next permutation = [None, None, None, None, 30, 29, None, None, None, None, 27, 26, 18, 19, 20, 25, 24, 17, 21, 22, 23, 16, 15, 14, 13, 12, 11, 10, 3, 2, 1, 0]
2026-06-12 01:18:22.936 - [DEBUG] ||| prep_pass ||| rb_src = 4, rb_dest = 30
2026-06-12 01:18:22.937 - [DEBUG] ||| prep_pass ||| Next permutation = [None, None, None, None, None, None, None, None, None, None, 27, 26, 18, 19, 20, 25, 24, 17, 21, 22, 23, 16, 15, 14, 13, 12, 11, 10, 3, 2, 1, 0]
2026-06-12 01:18:22.938 - [DEBUG] ||| prep_pass ||| Chain complete
2026-06-12 01:18:22.938 - [DEBUG] ||| run ||| pending_perm = [None, None, None, None, None, None, None, None, None, None, 27, 26, 18, 19, 20, 25, 24, 17, 21, 22, 23, 16, 15, 14, 13, 12, 11, 10, 3, 2, 1, 0] | src = 10, dest = 27
2026-06-12 01:18:22.939 - [DEBUG] ||| prep_pass ||| Next permutation = [None, None, None, None, None, None, None, None, None, None, None, None, 18, 19, 20, 25, 24, 17, 21, 22, 23, 16, 15, 14, 13, 12, 11, 10, 3, 2, 1, 0]
2026-06-12 01:18:22.939 - [DEBUG] ||| prep_pass ||| Chain complete
2026-06-12 01:18:22.940 - [DEBUG] ||| run ||| pending_perm = [None, None, None, None, None, None, None, None, None, None, None, None, 18, 19, 20, 25, 24, 17, 21, 22, 23, 16, 15, 14, 13, 12, 11, 10, 3, 2, 1, 0] | src = 12, dest = 18
2026-06-12 01:18:22.940 - [DEBUG] ||| prep_pass ||| Next permutation = [None, None, None, None, None, None, None, None, None, None, None, None, None, None, 20, 25, 24, 17, 21, 22, 23, 16, 15, 14, 13, 12, 11, 10, 3, 2, 1, 0]
2026-06-12 01:18:22.941 - [DEBUG] ||| prep_pass ||| Chain complete
2026-06-12 01:18:22.941 - [DEBUG] ||| run ||| pending_perm = [None, None, None, None, None, None, None, None, None, None, None, None, None, None, 20, 25, 24, 17, 21, 22, 23, 16, 15, 14, 13, 12, 11, 10, 3, 2, 1, 0] | src = 14, dest = 20
2026-06-12 01:18:22.942 - [DEBUG] ||| prep_pass ||| Next permutation = [None, None, None, None, None, None, None, None, None, None, None, None, None, None, None, None, 24, 17, 21, 22, 23, 16, 15, 14, 13, 12, 11, 10, 3, 2, 1, 0]
2026-06-12 01:18:22.943 - [DEBUG] ||| prep_pass ||| rb_src = 19, rb_dest = 22
2026-06-12 01:18:22.943 - [DEBUG] ||| prep_pass ||| Next permutation = [None, None, None, None, None, None, None, None, None, None, None, None, None, None, None, None, 24, 17, None, None, 23, 16, 15, 14, 13, 12, 11, 10, 3, 2, 1, 0]
2026-06-12 01:18:22.944 - [DEBUG] ||| prep_pass ||| rb_src = 21, rb_dest = 16
2026-06-12 01:18:22.945 - [DEBUG] ||| prep_pass ||| Next permutation = [None, None, None, None, None, None, None, None, None, None, None, None, None, None, None, None, 24, 17, None, None, None, None, 15, 14, 13, 12, 11, 10, 3, 2, 1, 0]
2026-06-12 01:18:22.945 - [DEBUG] ||| prep_pass ||| rb_src = 16, rb_dest = 24
2026-06-12 01:18:22.945 - [DEBUG] ||| prep_pass ||| Next permutation = [None, None, None, None, None, None, None, None, None, None, None, None, None, None, None, None, None, None, None, None, None, None, 15, 14, 13, 12, 11, 10, 3, 2, 1, 0]
2026-06-12 01:18:22.946 - [DEBUG] ||| prep_pass ||| Chain complete
2026-06-12 01:18:22.947 - [DEBUG] ||| run ||| pending_perm = [None, None, None, None, None, None, None, None, None, None, None, None, None, None, None, None, None, None, None, None, None, None, 15, 14, 13, 12, 11, 10, 3, 2, 1, 0] | src = 22, dest = 15
2026-06-12 01:18:22.947 - [DEBUG] ||| prep_pass ||| Next permutation = [None, None, None, None, None, None, None, None, None, None, None, None, None, None, None, None, None, None, None, None, None, None, None, None, 13, 12, 11, 10, 3, 2, 1, 0]
2026-06-12 01:18:22.948 - [DEBUG] ||| prep_pass ||| Chain complete
2026-06-12 01:18:22.949 - [DEBUG] ||| run ||| pending_perm = [None, None, None, None, None, None, None, None, None, None, None, None, None, None, None, None, None, None, None, None, None, None, None, None, 13, 12, 11, 10, 3, 2, 1, 0] | src = 24, dest = 13
2026-06-12 01:18:22.949 - [DEBUG] ||| prep_pass ||| Next permutation = [None, None, None, None, None, None, None, None, None, None, None, None, None, None, None, None, None, None, None, None, None, None, None, None, None, None, 11, 10, 3, 2, 1, 0]
2026-06-12 01:18:22.950 - [DEBUG] ||| prep_pass ||| Chain complete
2026-06-12 01:18:22.950 - [DEBUG] ||| run ||| pending_perm = [None, None, None, None, None, None, None, None, None, None, None, None, None, None, None, None, None, None, None, None, None, None, None, None, None, None, 11, 10, 3, 2, 1, 0] | src = 26, dest = 11
2026-06-12 01:18:22.951 - [DEBUG] ||| prep_pass ||| Next permutation = [None, None, None, None, None, None, None, None, None, None, None, None, None, None, None, None, None, None, None, None, None, None, None, None, None, None, None, None, 3, 2, 1, 0]
2026-06-12 01:18:22.951 - [DEBUG] ||| prep_pass ||| Chain complete
2026-06-12 01:18:22.952 - [DEBUG] ||| run ||| pending_perm = [None, None, None, None, None, None, None, None, None, None, None, None, None, None, None, None, None, None, None, None, None, None, None, None, None, None, None, None, 3, 2, 1, 0] | src = 28, dest = 3
2026-06-12 01:18:22.953 - [DEBUG] ||| prep_pass ||| Next permutation = [None, None, None, None, None, None, None, None, None, None, None, None, None, None, None, None, None, None, None, None, None, None, None, None, None, None, None, None, None, None, 1, 0]
2026-06-12 01:18:22.953 - [DEBUG] ||| prep_pass ||| Chain complete
2026-06-12 01:18:22.954 - [DEBUG] ||| run ||| pending_perm = [None, None, None, None, None, None, None, None, None, None, None, None, None, None, None, None, None, None, None, None, None, None, None, None, None, None, None, None, None, None, 1, 0] | src = 30, dest = 1
2026-06-12 01:18:22.954 - [DEBUG] ||| prep_pass ||| Next permutation = [None, None, None, None, None, None, None, None, None, None, None, None, None, None, None, None, None, None, None, None, None, None, None, None, None, None, None, None, None, None, None, None]
2026-06-12 01:18:22.955 - [DEBUG] ||| prep_pass ||| Chain complete
2026-06-12 01:18:22.955 - [DEBUG] ||| propogate ||| stage = 1, input perm = [8, 10, 12, 63, 61, 59, 14, 16, 18, 57, 55, 53, 36, 38, 40, 51, 49, 35, 42, 44, 46, 33, 31, 29, 27, 25, 23, 21, 7, 5, 3, 1, 9, 11, 13, 62, 60, 58, 15, 17, 19, 56, 54, 52, 37, 39, 41, 50, 48, 34, 43, 45, 47, 32, 30, 28, 26, 24, 22, 20, 6, 4, 2, 0]
2026-06-12 01:18:22.956 - [DEBUG] ||| run ||| Stage[1] | Output permutation = [8, 12, 61, 16, 57, 55, 36, 40, 49, 44, 33, 31, 27, 23, 7, 3, 10, 63, 59, 14, 18, 53, 38, 51, 35, 42, 46, 29, 25, 21, 5, 1, 9, 13, 60, 17, 56, 54, 37, 41, 48, 45, 32, 30, 26, 22, 6, 2, 11, 62, 58, 15, 19, 52, 39, 50, 34, 43, 47, 28, 24, 20, 4, 0]
2026-06-12 01:18:22.957 - [DEBUG] ||| run ||| Stage[2] || perm_split = 4, split_len = 16, sw_split = 8, sub_perms = [[8, 12, 61, 16, 57, 55, 36, 40, 49, 44, 33, 31, 27, 23, 7, 3], [10, 63, 59, 14, 18, 53, 38, 51, 35, 42, 46, 29, 25, 21, 5, 1], [9, 13, 60, 17, 56, 54, 37, 41, 48, 45, 32, 30, 26, 22, 6, 2], [11, 62, 58, 15, 19, 52, 39, 50, 34, 43, 47, 28, 24, 20, 4, 0]]
2026-06-12 01:18:22.957 - [DEBUG] ||| normalize_perm ||| Permutation post normalization = [2, 3, 15, 4, 14, 13, 9, 10, 12, 11, 8, 7, 6, 5, 1, 0]
2026-06-12 01:18:22.958 - [DEBUG] ||| run ||| pending_perm = [2, 3, 15, 4, 14, 13, 9, 10, 12, 11, 8, 7, 6, 5, 1, 0] | src = 0, dest = 2
2026-06-12 01:18:22.959 - [DEBUG] ||| prep_pass ||| Next permutation = [None, None, 15, 4, 14, 13, 9, 10, 12, 11, 8, 7, 6, 5, 1, 0]
2026-06-12 01:18:22.959 - [DEBUG] ||| prep_pass ||| Chain complete
2026-06-12 01:18:22.961 - [DEBUG] ||| run ||| pending_perm = [None, None, 15, 4, 14, 13, 9, 10, 12, 11, 8, 7, 6, 5, 1, 0] | src = 2, dest = 15
2026-06-12 01:18:22.962 - [DEBUG] ||| prep_pass ||| Next permutation = [None, None, None, None, 14, 13, 9, 10, 12, 11, 8, 7, 6, 5, 1, 0]
2026-06-12 01:18:22.963 - [DEBUG] ||| prep_pass ||| rb_src = 5, rb_dest = 13
2026-06-12 01:18:22.963 - [DEBUG] ||| prep_pass ||| Next permutation = [None, None, None, None, None, None, 9, 10, 12, 11, 8, 7, 6, 5, 1, 0]
2026-06-12 01:18:22.964 - [DEBUG] ||| prep_pass ||| rb_src = 9, rb_dest = 11
2026-06-12 01:18:22.965 - [DEBUG] ||| prep_pass ||| Next permutation = [None, None, None, None, None, None, 9, 10, None, None, 8, 7, 6, 5, 1, 0]
2026-06-12 01:18:22.965 - [DEBUG] ||| prep_pass ||| rb_src = 6, rb_dest = 9
2026-06-12 01:18:22.966 - [DEBUG] ||| prep_pass ||| Next permutation = [None, None, None, None, None, None, None, None, None, None, 8, 7, 6, 5, 1, 0]
2026-06-12 01:18:22.967 - [DEBUG] ||| prep_pass ||| rb_src = 11, rb_dest = 7
2026-06-12 01:18:22.968 - [DEBUG] ||| prep_pass ||| Next permutation = [None, None, None, None, None, None, None, None, None, None, None, None, 6, 5, 1, 0]
2026-06-12 01:18:22.968 - [DEBUG] ||| prep_pass ||| rb_src = 13, rb_dest = 5
2026-06-12 01:18:22.969 - [DEBUG] ||| prep_pass ||| Next permutation = [None, None, None, None, None, None, None, None, None, None, None, None, None, None, 1, 0]
2026-06-12 01:18:22.970 - [DEBUG] ||| prep_pass ||| Chain complete
2026-06-12 01:18:22.971 - [DEBUG] ||| run ||| pending_perm = [None, None, None, None, None, None, None, None, None, None, None, None, None, None, 1, 0] | src = 14, dest = 1
2026-06-12 01:18:22.971 - [DEBUG] ||| prep_pass ||| Next permutation = [None, None, None, None, None, None, None, None, None, None, None, None, None, None, None, None]
2026-06-12 01:18:22.972 - [DEBUG] ||| prep_pass ||| Chain complete
2026-06-12 01:18:22.972 - [DEBUG] ||| normalize_perm ||| Permutation post normalization = [2, 15, 14, 3, 4, 13, 9, 12, 8, 10, 11, 7, 6, 5, 1, 0]
2026-06-12 01:18:22.973 - [DEBUG] ||| run ||| pending_perm = [2, 15, 14, 3, 4, 13, 9, 12, 8, 10, 11, 7, 6, 5, 1, 0] | src = 0, dest = 2
2026-06-12 01:18:22.973 - [DEBUG] ||| prep_pass ||| Next permutation = [None, None, 14, 3, 4, 13, 9, 12, 8, 10, 11, 7, 6, 5, 1, 0]
2026-06-12 01:18:22.974 - [DEBUG] ||| prep_pass ||| rb_src = 2, rb_dest = 14
2026-06-12 01:18:22.974 - [DEBUG] ||| prep_pass ||| Next permutation = [None, None, None, None, 4, 13, 9, 12, 8, 10, 11, 7, 6, 5, 1, 0]
2026-06-12 01:18:22.975 - [DEBUG] ||| prep_pass ||| Chain complete
2026-06-12 01:18:22.975 - [DEBUG] ||| run ||| pending_perm = [None, None, None, None, 4, 13, 9, 12, 8, 10, 11, 7, 6, 5, 1, 0] | src = 4, dest = 4
2026-06-12 01:18:22.976 - [DEBUG] ||| prep_pass ||| Next permutation = [None, None, None, None, None, None, 9, 12, 8, 10, 11, 7, 6, 5, 1, 0]
2026-06-12 01:18:22.977 - [DEBUG] ||| prep_pass ||| rb_src = 12, rb_dest = 6
2026-06-12 01:18:22.977 - [DEBUG] ||| prep_pass ||| Next permutation = [None, None, None, None, None, None, 9, 12, 8, 10, 11, 7, None, None, 1, 0]
2026-06-12 01:18:22.978 - [DEBUG] ||| prep_pass ||| rb_src = 10, rb_dest = 11
2026-06-12 01:18:22.978 - [DEBUG] ||| prep_pass ||| Next permutation = [None, None, None, None, None, None, 9, 12, 8, 10, None, None, None, None, 1, 0]
2026-06-12 01:18:22.979 - [DEBUG] ||| prep_pass ||| rb_src = 8, rb_dest = 8
2026-06-12 01:18:22.979 - [DEBUG] ||| prep_pass ||| Next permutation = [None, None, None, None, None, None, 9, 12, None, None, None, None, None, None, 1, 0]
2026-06-12 01:18:22.980 - [DEBUG] ||| prep_pass ||| rb_src = 7, rb_dest = 12
2026-06-12 01:18:22.980 - [DEBUG] ||| prep_pass ||| Next permutation = [None, None, None, None, None, None, None, None, None, None, None, None, None, None, 1, 0]
2026-06-12 01:18:22.981 - [DEBUG] ||| prep_pass ||| Chain complete
2026-06-12 01:18:22.981 - [DEBUG] ||| run ||| pending_perm = [None, None, None, None, None, None, None, None, None, None, None, None, None, None, 1, 0] | src = 14, dest = 1
2026-06-12 01:18:22.982 - [DEBUG] ||| prep_pass ||| Next permutation = [None, None, None, None, None, None, None, None, None, None, None, None, None, None, None, None]
2026-06-12 01:18:22.982 - [DEBUG] ||| prep_pass ||| Chain complete
2026-06-12 01:18:22.983 - [DEBUG] ||| normalize_perm ||| Permutation post normalization = [2, 3, 15, 4, 14, 13, 9, 10, 12, 11, 8, 7, 6, 5, 1, 0]
2026-06-12 01:18:22.983 - [DEBUG] ||| run ||| pending_perm = [2, 3, 15, 4, 14, 13, 9, 10, 12, 11, 8, 7, 6, 5, 1, 0] | src = 0, dest = 2
2026-06-12 01:18:22.984 - [DEBUG] ||| prep_pass ||| Next permutation = [None, None, 15, 4, 14, 13, 9, 10, 12, 11, 8, 7, 6, 5, 1, 0]
2026-06-12 01:18:22.984 - [DEBUG] ||| prep_pass ||| Chain complete
2026-06-12 01:18:22.985 - [DEBUG] ||| run ||| pending_perm = [None, None, 15, 4, 14, 13, 9, 10, 12, 11, 8, 7, 6, 5, 1, 0] | src = 2, dest = 15
2026-06-12 01:18:22.986 - [DEBUG] ||| prep_pass ||| Next permutation = [None, None, None, None, 14, 13, 9, 10, 12, 11, 8, 7, 6, 5, 1, 0]
2026-06-12 01:18:22.987 - [DEBUG] ||| prep_pass ||| rb_src = 5, rb_dest = 13
2026-06-12 01:18:22.987 - [DEBUG] ||| prep_pass ||| Next permutation = [None, None, None, None, None, None, 9, 10, 12, 11, 8, 7, 6, 5, 1, 0]
2026-06-12 01:18:22.988 - [DEBUG] ||| prep_pass ||| rb_src = 9, rb_dest = 11
2026-06-12 01:18:22.988 - [DEBUG] ||| prep_pass ||| Next permutation = [None, None, None, None, None, None, 9, 10, None, None, 8, 7, 6, 5, 1, 0]
2026-06-12 01:18:22.989 - [DEBUG] ||| prep_pass ||| rb_src = 6, rb_dest = 9
2026-06-12 01:18:22.989 - [DEBUG] ||| prep_pass ||| Next permutation = [None, None, None, None, None, None, None, None, None, None, 8, 7, 6, 5, 1, 0]
2026-06-12 01:18:22.990 - [DEBUG] ||| prep_pass ||| rb_src = 11, rb_dest = 7
2026-06-12 01:18:22.990 - [DEBUG] ||| prep_pass ||| Next permutation = [None, None, None, None, None, None, None, None, None, None, None, None, 6, 5, 1, 0]
2026-06-12 01:18:22.991 - [DEBUG] ||| prep_pass ||| rb_src = 13, rb_dest = 5
2026-06-12 01:18:22.991 - [DEBUG] ||| prep_pass ||| Next permutation = [None, None, None, None, None, None, None, None, None, None, None, None, None, None, 1, 0]
2026-06-12 01:18:22.992 - [DEBUG] ||| prep_pass ||| Chain complete
2026-06-12 01:18:22.992 - [DEBUG] ||| run ||| pending_perm = [None, None, None, None, None, None, None, None, None, None, None, None, None, None, 1, 0] | src = 14, dest = 1
2026-06-12 01:18:22.992 - [DEBUG] ||| prep_pass ||| Next permutation = [None, None, None, None, None, None, None, None, None, None, None, None, None, None, None, None]
2026-06-12 01:18:22.993 - [DEBUG] ||| prep_pass ||| Chain complete
2026-06-12 01:18:22.994 - [DEBUG] ||| normalize_perm ||| Permutation post normalization = [2, 15, 14, 3, 4, 13, 9, 12, 8, 10, 11, 7, 6, 5, 1, 0]
2026-06-12 01:18:22.994 - [DEBUG] ||| run ||| pending_perm = [2, 15, 14, 3, 4, 13, 9, 12, 8, 10, 11, 7, 6, 5, 1, 0] | src = 0, dest = 2
2026-06-12 01:18:22.995 - [DEBUG] ||| prep_pass ||| Next permutation = [None, None, 14, 3, 4, 13, 9, 12, 8, 10, 11, 7, 6, 5, 1, 0]
2026-06-12 01:18:22.995 - [DEBUG] ||| prep_pass ||| rb_src = 2, rb_dest = 14
2026-06-12 01:18:22.996 - [DEBUG] ||| prep_pass ||| Next permutation = [None, None, None, None, 4, 13, 9, 12, 8, 10, 11, 7, 6, 5, 1, 0]
2026-06-12 01:18:22.996 - [DEBUG] ||| prep_pass ||| Chain complete
2026-06-12 01:18:22.997 - [DEBUG] ||| run ||| pending_perm = [None, None, None, None, 4, 13, 9, 12, 8, 10, 11, 7, 6, 5, 1, 0] | src = 4, dest = 4
2026-06-12 01:18:22.997 - [DEBUG] ||| prep_pass ||| Next permutation = [None, None, None, None, None, None, 9, 12, 8, 10, 11, 7, 6, 5, 1, 0]
2026-06-12 01:18:22.998 - [DEBUG] ||| prep_pass ||| rb_src = 12, rb_dest = 6
2026-06-12 01:18:22.998 - [DEBUG] ||| prep_pass ||| Next permutation = [None, None, None, None, None, None, 9, 12, 8, 10, 11, 7, None, None, 1, 0]
2026-06-12 01:18:22.998 - [DEBUG] ||| prep_pass ||| rb_src = 10, rb_dest = 11
2026-06-12 01:18:22.999 - [DEBUG] ||| prep_pass ||| Next permutation = [None, None, None, None, None, None, 9, 12, 8, 10, None, None, None, None, 1, 0]
2026-06-12 01:18:22.999 - [DEBUG] ||| prep_pass ||| rb_src = 8, rb_dest = 8
2026-06-12 01:18:23.000 - [DEBUG] ||| prep_pass ||| Next permutation = [None, None, None, None, None, None, 9, 12, None, None, None, None, None, None, 1, 0]
2026-06-12 01:18:23.000 - [DEBUG] ||| prep_pass ||| rb_src = 7, rb_dest = 12
2026-06-12 01:18:23.001 - [DEBUG] ||| prep_pass ||| Next permutation = [None, None, None, None, None, None, None, None, None, None, None, None, None, None, 1, 0]
2026-06-12 01:18:23.001 - [DEBUG] ||| prep_pass ||| Chain complete
2026-06-12 01:18:23.002 - [DEBUG] ||| run ||| pending_perm = [None, None, None, None, None, None, None, None, None, None, None, None, None, None, 1, 0] | src = 14, dest = 1
2026-06-12 01:18:23.002 - [DEBUG] ||| prep_pass ||| Next permutation = [None, None, None, None, None, None, None, None, None, None, None, None, None, None, None, None]
2026-06-12 01:18:23.003 - [DEBUG] ||| prep_pass ||| Chain complete
2026-06-12 01:18:23.003 - [DEBUG] ||| propogate ||| stage = 2, input perm = [8, 12, 61, 16, 57, 55, 36, 40, 49, 44, 33, 31, 27, 23, 7, 3, 10, 63, 59, 14, 18, 53, 38, 51, 35, 42, 46, 29, 25, 21, 5, 1, 9, 13, 60, 17, 56, 54, 37, 41, 48, 45, 32, 30, 26, 22, 6, 2, 11, 62, 58, 15, 19, 52, 39, 50, 34, 43, 47, 28, 24, 20, 4, 0]
2026-06-12 01:18:23.004 - [DEBUG] ||| run ||| Stage[2] | Output permutation = [8, 61, 55, 36, 44, 31, 23, 7, 12, 16, 57, 40, 49, 33, 27, 3, 10, 59, 18, 51, 35, 46, 25, 5, 63, 14, 53, 38, 42, 29, 21, 1, 9, 60, 54, 37, 45, 30, 22, 6, 13, 17, 56, 41, 48, 32, 26, 2, 11, 58, 19, 50, 34, 47, 24, 4, 62, 15, 52, 39, 43, 28, 20, 0]
2026-06-12 01:18:23.004 - [DEBUG] ||| run ||| Stage[3] || perm_split = 8, split_len = 8, sw_split = 4, sub_perms = [[8, 61, 55, 36, 44, 31, 23, 7], [12, 16, 57, 40, 49, 33, 27, 3], [10, 59, 18, 51, 35, 46, 25, 5], [63, 14, 53, 38, 42, 29, 21, 1], [9, 60, 54, 37, 45, 30, 22, 6], [13, 17, 56, 41, 48, 32, 26, 2], [11, 58, 19, 50, 34, 47, 24, 4], [62, 15, 52, 39, 43, 28, 20, 0]]
2026-06-12 01:18:23.004 - [DEBUG] ||| normalize_perm ||| Permutation post normalization = [1, 7, 6, 4, 5, 3, 2, 0]
2026-06-12 01:18:23.005 - [DEBUG] ||| run ||| pending_perm = [1, 7, 6, 4, 5, 3, 2, 0] | src = 0, dest = 1
2026-06-12 01:18:23.005 - [DEBUG] ||| prep_pass ||| Next permutation = [None, None, 6, 4, 5, 3, 2, 0]
2026-06-12 01:18:23.005 - [DEBUG] ||| prep_pass ||| rb_src = 6, rb_dest = 2
2026-06-12 01:18:23.006 - [DEBUG] ||| prep_pass ||| Next permutation = [None, None, 6, 4, 5, 3, None, None]
2026-06-12 01:18:23.006 - [DEBUG] ||| prep_pass ||| rb_src = 4, rb_dest = 5
2026-06-12 01:18:23.006 - [DEBUG] ||| prep_pass ||| Next permutation = [None, None, 6, 4, None, None, None, None]
2026-06-12 01:18:23.007 - [DEBUG] ||| prep_pass ||| rb_src = 2, rb_dest = 6
2026-06-12 01:18:23.007 - [DEBUG] ||| prep_pass ||| Next permutation = [None, None, None, None, None, None, None, None]
2026-06-12 01:18:23.007 - [DEBUG] ||| prep_pass ||| Chain complete
2026-06-12 01:18:23.008 - [DEBUG] ||| normalize_perm ||| Permutation post normalization = [1, 2, 7, 5, 6, 4, 3, 0]
2026-06-12 01:18:23.008 - [DEBUG] ||| run ||| pending_perm = [1, 2, 7, 5, 6, 4, 3, 0] | src = 0, dest = 1
2026-06-12 01:18:23.008 - [DEBUG] ||| prep_pass ||| Next permutation = [None, None, 7, 5, 6, 4, 3, 0]
2026-06-12 01:18:23.009 - [DEBUG] ||| prep_pass ||| rb_src = 6, rb_dest = 3
2026-06-12 01:18:23.009 - [DEBUG] ||| prep_pass ||| Next permutation = [None, None, 7, 5, 6, 4, None, None]
2026-06-12 01:18:23.010 - [DEBUG] ||| prep_pass ||| Chain complete
2026-06-12 01:18:23.010 - [DEBUG] ||| run ||| pending_perm = [None, None, 7, 5, 6, 4, None, None] | src = 2, dest = 7
2026-06-12 01:18:23.011 - [DEBUG] ||| prep_pass ||| Next permutation = [None, None, None, None, 6, 4, None, None]
2026-06-12 01:18:23.011 - [DEBUG] ||| prep_pass ||| rb_src = 5, rb_dest = 4
2026-06-12 01:18:23.011 - [DEBUG] ||| prep_pass ||| Next permutation = [None, None, None, None, None, None, None, None]
2026-06-12 01:18:23.012 - [DEBUG] ||| prep_pass ||| Chain complete
2026-06-12 01:18:23.012 - [DEBUG] ||| normalize_perm ||| Permutation post normalization = [1, 7, 2, 6, 4, 5, 3, 0]
2026-06-12 01:18:23.013 - [DEBUG] ||| run ||| pending_perm = [1, 7, 2, 6, 4, 5, 3, 0] | src = 0, dest = 1
2026-06-12 01:18:23.013 - [DEBUG] ||| prep_pass ||| Next permutation = [None, None, 2, 6, 4, 5, 3, 0]
2026-06-12 01:18:23.014 - [DEBUG] ||| prep_pass ||| rb_src = 6, rb_dest = 3
2026-06-12 01:18:23.014 - [DEBUG] ||| prep_pass ||| Next permutation = [None, None, 2, 6, 4, 5, None, None]
2026-06-12 01:18:23.014 - [DEBUG] ||| prep_pass ||| rb_src = 3, rb_dest = 6
2026-06-12 01:18:23.015 - [DEBUG] ||| prep_pass ||| Next permutation = [None, None, None, None, 4, 5, None, None]
2026-06-12 01:18:23.015 - [DEBUG] ||| prep_pass ||| Chain complete
2026-06-12 01:18:23.016 - [DEBUG] ||| run ||| pending_perm = [None, None, None, None, 4, 5, None, None] | src = 4, dest = 4
2026-06-12 01:18:23.016 - [DEBUG] ||| prep_pass ||| Next permutation = [None, None, None, None, None, None, None, None]
2026-06-12 01:18:23.017 - [DEBUG] ||| prep_pass ||| Chain complete
2026-06-12 01:18:23.017 - [DEBUG] ||| normalize_perm ||| Permutation post normalization = [7, 1, 6, 4, 5, 3, 2, 0]
2026-06-12 01:18:23.018 - [DEBUG] ||| run ||| pending_perm = [7, 1, 6, 4, 5, 3, 2, 0] | src = 0, dest = 7
2026-06-12 01:18:23.019 - [DEBUG] ||| prep_pass ||| Next permutation = [None, None, 6, 4, 5, 3, 2, 0]
2026-06-12 01:18:23.019 - [DEBUG] ||| prep_pass ||| rb_src = 3, rb_dest = 4
2026-06-12 01:18:23.020 - [DEBUG] ||| prep_pass ||| Next permutation = [None, None, None, None, 5, 3, 2, 0]
2026-06-12 01:18:23.020 - [DEBUG] ||| prep_pass ||| rb_src = 5, rb_dest = 3
2026-06-12 01:18:23.021 - [DEBUG] ||| prep_pass ||| Next permutation = [None, None, None, None, None, None, 2, 0]
2026-06-12 01:18:23.021 - [DEBUG] ||| prep_pass ||| rb_src = 7, rb_dest = 0
2026-06-12 01:18:23.022 - [DEBUG] ||| prep_pass ||| Next permutation = [None, None, None, None, None, None, None, None]
2026-06-12 01:18:23.022 - [DEBUG] ||| prep_pass ||| Chain complete
2026-06-12 01:18:23.023 - [DEBUG] ||| normalize_perm ||| Permutation post normalization = [1, 7, 6, 4, 5, 3, 2, 0]
2026-06-12 01:18:23.023 - [DEBUG] ||| run ||| pending_perm = [1, 7, 6, 4, 5, 3, 2, 0] | src = 0, dest = 1
2026-06-12 01:18:23.024 - [DEBUG] ||| prep_pass ||| Next permutation = [None, None, 6, 4, 5, 3, 2, 0]
2026-06-12 01:18:23.024 - [DEBUG] ||| prep_pass ||| rb_src = 6, rb_dest = 2
2026-06-12 01:18:23.025 - [DEBUG] ||| prep_pass ||| Next permutation = [None, None, 6, 4, 5, 3, None, None]
2026-06-12 01:18:23.026 - [DEBUG] ||| prep_pass ||| rb_src = 4, rb_dest = 5
2026-06-12 01:18:23.026 - [DEBUG] ||| prep_pass ||| Next permutation = [None, None, 6, 4, None, None, None, None]
2026-06-12 01:18:23.027 - [DEBUG] ||| prep_pass ||| rb_src = 2, rb_dest = 6
2026-06-12 01:18:23.028 - [DEBUG] ||| prep_pass ||| Next permutation = [None, None, None, None, None, None, None, None]
2026-06-12 01:18:23.031 - [DEBUG] ||| prep_pass ||| Chain complete
2026-06-12 01:18:23.032 - [DEBUG] ||| normalize_perm ||| Permutation post normalization = [1, 2, 7, 5, 6, 4, 3, 0]
2026-06-12 01:18:23.032 - [DEBUG] ||| run ||| pending_perm = [1, 2, 7, 5, 6, 4, 3, 0] | src = 0, dest = 1
2026-06-12 01:18:23.033 - [DEBUG] ||| prep_pass ||| Next permutation = [None, None, 7, 5, 6, 4, 3, 0]
2026-06-12 01:18:23.034 - [DEBUG] ||| prep_pass ||| rb_src = 6, rb_dest = 3
2026-06-12 01:18:23.034 - [DEBUG] ||| prep_pass ||| Next permutation = [None, None, 7, 5, 6, 4, None, None]
2026-06-12 01:18:23.035 - [DEBUG] ||| prep_pass ||| Chain complete
2026-06-12 01:18:23.035 - [DEBUG] ||| run ||| pending_perm = [None, None, 7, 5, 6, 4, None, None] | src = 2, dest = 7
2026-06-12 01:18:23.036 - [DEBUG] ||| prep_pass ||| Next permutation = [None, None, None, None, 6, 4, None, None]
2026-06-12 01:18:23.037 - [DEBUG] ||| prep_pass ||| rb_src = 5, rb_dest = 4
2026-06-12 01:18:23.037 - [DEBUG] ||| prep_pass ||| Next permutation = [None, None, None, None, None, None, None, None]
2026-06-12 01:18:23.038 - [DEBUG] ||| prep_pass ||| Chain complete
2026-06-12 01:18:23.038 - [DEBUG] ||| normalize_perm ||| Permutation post normalization = [1, 7, 2, 6, 4, 5, 3, 0]
2026-06-12 01:18:23.039 - [DEBUG] ||| run ||| pending_perm = [1, 7, 2, 6, 4, 5, 3, 0] | src = 0, dest = 1
2026-06-12 01:18:23.039 - [DEBUG] ||| prep_pass ||| Next permutation = [None, None, 2, 6, 4, 5, 3, 0]
2026-06-12 01:18:23.040 - [DEBUG] ||| prep_pass ||| rb_src = 6, rb_dest = 3
2026-06-12 01:18:23.040 - [DEBUG] ||| prep_pass ||| Next permutation = [None, None, 2, 6, 4, 5, None, None]
2026-06-12 01:18:23.041 - [DEBUG] ||| prep_pass ||| rb_src = 3, rb_dest = 6
2026-06-12 01:18:23.041 - [DEBUG] ||| prep_pass ||| Next permutation = [None, None, None, None, 4, 5, None, None]
2026-06-12 01:18:23.042 - [DEBUG] ||| prep_pass ||| Chain complete
2026-06-12 01:18:23.042 - [DEBUG] ||| run ||| pending_perm = [None, None, None, None, 4, 5, None, None] | src = 4, dest = 4
2026-06-12 01:18:23.043 - [DEBUG] ||| prep_pass ||| Next permutation = [None, None, None, None, None, None, None, None]
2026-06-12 01:18:23.044 - [DEBUG] ||| prep_pass ||| Chain complete
2026-06-12 01:18:23.044 - [DEBUG] ||| normalize_perm ||| Permutation post normalization = [7, 1, 6, 4, 5, 3, 2, 0]
2026-06-12 01:18:23.045 - [DEBUG] ||| run ||| pending_perm = [7, 1, 6, 4, 5, 3, 2, 0] | src = 0, dest = 7
2026-06-12 01:18:23.045 - [DEBUG] ||| prep_pass ||| Next permutation = [None, None, 6, 4, 5, 3, 2, 0]
2026-06-12 01:18:23.046 - [DEBUG] ||| prep_pass ||| rb_src = 3, rb_dest = 4
2026-06-12 01:18:23.046 - [DEBUG] ||| prep_pass ||| Next permutation = [None, None, None, None, 5, 3, 2, 0]
2026-06-12 01:18:23.047 - [DEBUG] ||| prep_pass ||| rb_src = 5, rb_dest = 3
2026-06-12 01:18:23.048 - [DEBUG] ||| prep_pass ||| Next permutation = [None, None, None, None, None, None, 2, 0]
2026-06-12 01:18:23.048 - [DEBUG] ||| prep_pass ||| rb_src = 7, rb_dest = 0
2026-06-12 01:18:23.049 - [DEBUG] ||| prep_pass ||| Next permutation = [None, None, None, None, None, None, None, None]
2026-06-12 01:18:23.049 - [DEBUG] ||| prep_pass ||| Chain complete
2026-06-12 01:18:23.050 - [DEBUG] ||| propogate ||| stage = 3, input perm = [8, 61, 55, 36, 44, 31, 23, 7, 12, 16, 57, 40, 49, 33, 27, 3, 10, 59, 18, 51, 35, 46, 25, 5, 63, 14, 53, 38, 42, 29, 21, 1, 9, 60, 54, 37, 45, 30, 22, 6, 13, 17, 56, 41, 48, 32, 26, 2, 11, 58, 19, 50, 34, 47, 24, 4, 62, 15, 52, 39, 43, 28, 20, 0]
2026-06-12 01:18:23.051 - [DEBUG] ||| run ||| Stage[3] | Output permutation = [8, 55, 44, 23, 61, 36, 31, 7, 12, 57, 33, 27, 16, 40, 49, 3, 10, 51, 35, 25, 59, 18, 46, 5, 63, 38, 29, 1, 14, 53, 42, 21, 9, 54, 45, 22, 60, 37, 30, 6, 13, 56, 32, 26, 17, 41, 48, 2, 11, 50, 34, 24, 58, 19, 47, 4, 62, 39, 28, 0, 15, 52, 43, 20]
2026-06-12 01:18:23.051 - [DEBUG] ||| run ||| Stage[4] || perm_split = 16, split_len = 4, sw_split = 2, sub_perms = [[8, 55, 44, 23], [61, 36, 31, 7], [12, 57, 33, 27], [16, 40, 49, 3], [10, 51, 35, 25], [59, 18, 46, 5], [63, 38, 29, 1], [14, 53, 42, 21], [9, 54, 45, 22], [60, 37, 30, 6], [13, 56, 32, 26], [17, 41, 48, 2], [11, 50, 34, 24], [58, 19, 47, 4], [62, 39, 28, 0], [15, 52, 43, 20]]
2026-06-12 01:18:23.052 - [DEBUG] ||| normalize_perm ||| Permutation post normalization = [0, 3, 2, 1]
2026-06-12 01:18:23.052 - [DEBUG] ||| run ||| pending_perm = [0, 3, 2, 1] | src = 0, dest = 0
2026-06-12 01:18:23.053 - [DEBUG] ||| prep_pass ||| Next permutation = [None, None, 2, 1]
2026-06-12 01:18:23.053 - [DEBUG] ||| prep_pass ||| rb_src = 2, rb_dest = 2
2026-06-12 01:18:23.054 - [DEBUG] ||| prep_pass ||| Next permutation = [None, None, None, None]
2026-06-12 01:18:23.054 - [DEBUG] ||| prep_pass ||| Chain complete
2026-06-12 01:18:23.055 - [DEBUG] ||| normalize_perm ||| Permutation post normalization = [3, 2, 1, 0]
2026-06-12 01:18:23.055 - [DEBUG] ||| run ||| pending_perm = [3, 2, 1, 0] | src = 0, dest = 3
2026-06-12 01:18:23.056 - [DEBUG] ||| prep_pass ||| Next permutation = [None, None, 1, 0]
2026-06-12 01:18:23.056 - [DEBUG] ||| prep_pass ||| Chain complete
2026-06-12 01:18:23.057 - [DEBUG] ||| run ||| pending_perm = [None, None, 1, 0] | src = 2, dest = 1
2026-06-12 01:18:23.057 - [DEBUG] ||| prep_pass ||| Next permutation = [None, None, None, None]
2026-06-12 01:18:23.058 - [DEBUG] ||| prep_pass ||| Chain complete
2026-06-12 01:18:23.059 - [DEBUG] ||| normalize_perm ||| Permutation post normalization = [0, 3, 2, 1]
2026-06-12 01:18:23.059 - [DEBUG] ||| run ||| pending_perm = [0, 3, 2, 1] | src = 0, dest = 0
2026-06-12 01:18:23.060 - [DEBUG] ||| prep_pass ||| Next permutation = [None, None, 2, 1]
2026-06-12 01:18:23.060 - [DEBUG] ||| prep_pass ||| rb_src = 2, rb_dest = 2
2026-06-12 01:18:23.061 - [DEBUG] ||| prep_pass ||| Next permutation = [None, None, None, None]
2026-06-12 01:18:23.061 - [DEBUG] ||| prep_pass ||| Chain complete
2026-06-12 01:18:23.062 - [DEBUG] ||| normalize_perm ||| Permutation post normalization = [1, 2, 3, 0]
2026-06-12 01:18:23.063 - [DEBUG] ||| run ||| pending_perm = [1, 2, 3, 0] | src = 0, dest = 1
2026-06-12 01:18:23.063 - [DEBUG] ||| prep_pass ||| Next permutation = [None, None, 3, 0]
2026-06-12 01:18:23.064 - [DEBUG] ||| prep_pass ||| rb_src = 2, rb_dest = 3
2026-06-12 01:18:23.064 - [DEBUG] ||| prep_pass ||| Next permutation = [None, None, None, None]
2026-06-12 01:18:23.065 - [DEBUG] ||| prep_pass ||| Chain complete
2026-06-12 01:18:23.065 - [DEBUG] ||| normalize_perm ||| Permutation post normalization = [0, 3, 2, 1]
2026-06-12 01:18:23.066 - [DEBUG] ||| run ||| pending_perm = [0, 3, 2, 1] | src = 0, dest = 0
2026-06-12 01:18:23.067 - [DEBUG] ||| prep_pass ||| Next permutation = [None, None, 2, 1]
2026-06-12 01:18:23.067 - [DEBUG] ||| prep_pass ||| rb_src = 2, rb_dest = 2
2026-06-12 01:18:23.068 - [DEBUG] ||| prep_pass ||| Next permutation = [None, None, None, None]
2026-06-12 01:18:23.068 - [DEBUG] ||| prep_pass ||| Chain complete
2026-06-12 01:18:23.069 - [DEBUG] ||| normalize_perm ||| Permutation post normalization = [3, 1, 2, 0]
2026-06-12 01:18:23.069 - [DEBUG] ||| run ||| pending_perm = [3, 1, 2, 0] | src = 0, dest = 3
2026-06-12 01:18:23.070 - [DEBUG] ||| prep_pass ||| Next permutation = [None, None, 2, 0]
2026-06-12 01:18:23.070 - [DEBUG] ||| prep_pass ||| rb_src = 3, rb_dest = 0
2026-06-12 01:18:23.071 - [DEBUG] ||| prep_pass ||| Next permutation = [None, None, None, None]
2026-06-12 01:18:23.071 - [DEBUG] ||| prep_pass ||| Chain complete
2026-06-12 01:18:23.072 - [DEBUG] ||| normalize_perm ||| Permutation post normalization = [3, 2, 1, 0]
2026-06-12 01:18:23.072 - [DEBUG] ||| run ||| pending_perm = [3, 2, 1, 0] | src = 0, dest = 3
2026-06-12 01:18:23.073 - [DEBUG] ||| prep_pass ||| Next permutation = [None, None, 1, 0]
2026-06-12 01:18:23.073 - [DEBUG] ||| prep_pass ||| Chain complete
2026-06-12 01:18:23.073 - [DEBUG] ||| run ||| pending_perm = [None, None, 1, 0] | src = 2, dest = 1
2026-06-12 01:18:23.074 - [DEBUG] ||| prep_pass ||| Next permutation = [None, None, None, None]
2026-06-12 01:18:23.074 - [DEBUG] ||| prep_pass ||| Chain complete
2026-06-12 01:18:23.075 - [DEBUG] ||| normalize_perm ||| Permutation post normalization = [0, 3, 2, 1]
2026-06-12 01:18:23.075 - [DEBUG] ||| run ||| pending_perm = [0, 3, 2, 1] | src = 0, dest = 0
2026-06-12 01:18:23.076 - [DEBUG] ||| prep_pass ||| Next permutation = [None, None, 2, 1]
2026-06-12 01:18:23.076 - [DEBUG] ||| prep_pass ||| rb_src = 2, rb_dest = 2
2026-06-12 01:18:23.077 - [DEBUG] ||| prep_pass ||| Next permutation = [None, None, None, None]
2026-06-12 01:18:23.077 - [DEBUG] ||| prep_pass ||| Chain complete
2026-06-12 01:18:23.078 - [DEBUG] ||| normalize_perm ||| Permutation post normalization = [0, 3, 2, 1]
2026-06-12 01:18:23.079 - [DEBUG] ||| run ||| pending_perm = [0, 3, 2, 1] | src = 0, dest = 0
2026-06-12 01:18:23.079 - [DEBUG] ||| prep_pass ||| Next permutation = [None, None, 2, 1]
2026-06-12 01:18:23.080 - [DEBUG] ||| prep_pass ||| rb_src = 2, rb_dest = 2
2026-06-12 01:18:23.080 - [DEBUG] ||| prep_pass ||| Next permutation = [None, None, None, None]
2026-06-12 01:18:23.081 - [DEBUG] ||| prep_pass ||| Chain complete
2026-06-12 01:18:23.082 - [DEBUG] ||| normalize_perm ||| Permutation post normalization = [3, 2, 1, 0]
2026-06-12 01:18:23.082 - [DEBUG] ||| run ||| pending_perm = [3, 2, 1, 0] | src = 0, dest = 3
2026-06-12 01:18:23.083 - [DEBUG] ||| prep_pass ||| Next permutation = [None, None, 1, 0]
2026-06-12 01:18:23.083 - [DEBUG] ||| prep_pass ||| Chain complete
2026-06-12 01:18:23.084 - [DEBUG] ||| run ||| pending_perm = [None, None, 1, 0] | src = 2, dest = 1
2026-06-12 01:18:23.084 - [DEBUG] ||| prep_pass ||| Next permutation = [None, None, None, None]
2026-06-12 01:18:23.085 - [DEBUG] ||| prep_pass ||| Chain complete
2026-06-12 01:18:23.085 - [DEBUG] ||| normalize_perm ||| Permutation post normalization = [0, 3, 2, 1]
2026-06-12 01:18:23.086 - [DEBUG] ||| run ||| pending_perm = [0, 3, 2, 1] | src = 0, dest = 0
2026-06-12 01:18:23.086 - [DEBUG] ||| prep_pass ||| Next permutation = [None, None, 2, 1]
2026-06-12 01:18:23.087 - [DEBUG] ||| prep_pass ||| rb_src = 2, rb_dest = 2
2026-06-12 01:18:23.087 - [DEBUG] ||| prep_pass ||| Next permutation = [None, None, None, None]
2026-06-12 01:18:23.088 - [DEBUG] ||| prep_pass ||| Chain complete
2026-06-12 01:18:23.089 - [DEBUG] ||| normalize_perm ||| Permutation post normalization = [1, 2, 3, 0]
2026-06-12 01:18:23.089 - [DEBUG] ||| run ||| pending_perm = [1, 2, 3, 0] | src = 0, dest = 1
2026-06-12 01:18:23.090 - [DEBUG] ||| prep_pass ||| Next permutation = [None, None, 3, 0]
2026-06-12 01:18:23.090 - [DEBUG] ||| prep_pass ||| rb_src = 2, rb_dest = 3
2026-06-12 01:18:23.091 - [DEBUG] ||| prep_pass ||| Next permutation = [None, None, None, None]
2026-06-12 01:18:23.091 - [DEBUG] ||| prep_pass ||| Chain complete
2026-06-12 01:18:23.092 - [DEBUG] ||| normalize_perm ||| Permutation post normalization = [0, 3, 2, 1]
2026-06-12 01:18:23.092 - [DEBUG] ||| run ||| pending_perm = [0, 3, 2, 1] | src = 0, dest = 0
2026-06-12 01:18:23.093 - [DEBUG] ||| prep_pass ||| Next permutation = [None, None, 2, 1]
2026-06-12 01:18:23.093 - [DEBUG] ||| prep_pass ||| rb_src = 2, rb_dest = 2
2026-06-12 01:18:23.094 - [DEBUG] ||| prep_pass ||| Next permutation = [None, None, None, None]
2026-06-12 01:18:23.094 - [DEBUG] ||| prep_pass ||| Chain complete
2026-06-12 01:18:23.095 - [DEBUG] ||| normalize_perm ||| Permutation post normalization = [3, 1, 2, 0]
2026-06-12 01:18:23.095 - [DEBUG] ||| run ||| pending_perm = [3, 1, 2, 0] | src = 0, dest = 3
2026-06-12 01:18:23.096 - [DEBUG] ||| prep_pass ||| Next permutation = [None, None, 2, 0]
2026-06-12 01:18:23.096 - [DEBUG] ||| prep_pass ||| rb_src = 3, rb_dest = 0
2026-06-12 01:18:23.097 - [DEBUG] ||| prep_pass ||| Next permutation = [None, None, None, None]
2026-06-12 01:18:23.098 - [DEBUG] ||| prep_pass ||| Chain complete
2026-06-12 01:18:23.098 - [DEBUG] ||| normalize_perm ||| Permutation post normalization = [3, 2, 1, 0]
2026-06-12 01:18:23.099 - [DEBUG] ||| run ||| pending_perm = [3, 2, 1, 0] | src = 0, dest = 3
2026-06-12 01:18:23.100 - [DEBUG] ||| prep_pass ||| Next permutation = [None, None, 1, 0]
2026-06-12 01:18:23.100 - [DEBUG] ||| prep_pass ||| Chain complete
2026-06-12 01:18:23.101 - [DEBUG] ||| run ||| pending_perm = [None, None, 1, 0] | src = 2, dest = 1
2026-06-12 01:18:23.102 - [DEBUG] ||| prep_pass ||| Next permutation = [None, None, None, None]
2026-06-12 01:18:23.102 - [DEBUG] ||| prep_pass ||| Chain complete
2026-06-12 01:18:23.103 - [DEBUG] ||| normalize_perm ||| Permutation post normalization = [0, 3, 2, 1]
2026-06-12 01:18:23.103 - [DEBUG] ||| run ||| pending_perm = [0, 3, 2, 1] | src = 0, dest = 0
2026-06-12 01:18:23.104 - [DEBUG] ||| prep_pass ||| Next permutation = [None, None, 2, 1]
2026-06-12 01:18:23.104 - [DEBUG] ||| prep_pass ||| rb_src = 2, rb_dest = 2
2026-06-12 01:18:23.105 - [DEBUG] ||| prep_pass ||| Next permutation = [None, None, None, None]
2026-06-12 01:18:23.106 - [DEBUG] ||| prep_pass ||| Chain complete
2026-06-12 01:18:23.106 - [DEBUG] ||| propogate ||| stage = 4, input perm = [8, 55, 44, 23, 61, 36, 31, 7, 12, 57, 33, 27, 16, 40, 49, 3, 10, 51, 35, 25, 59, 18, 46, 5, 63, 38, 29, 1, 14, 53, 42, 21, 9, 54, 45, 22, 60, 37, 30, 6, 13, 56, 32, 26, 17, 41, 48, 2, 11, 50, 34, 24, 58, 19, 47, 4, 62, 39, 28, 0, 15, 52, 43, 20]
2026-06-12 01:18:23.107 - [DEBUG] ||| run ||| Stage[4] | Output permutation = [8, 44, 55, 23, 61, 31, 36, 7, 12, 33, 57, 27, 16, 49, 40, 3, 10, 35, 51, 25, 59, 5, 18, 46, 63, 29, 38, 1, 14, 42, 53, 21, 9, 45, 54, 22, 60, 30, 37, 6, 13, 32, 56, 26, 17, 48, 41, 2, 11, 34, 50, 24, 58, 4, 19, 47, 62, 28, 39, 0, 15, 43, 52, 20]
2026-06-12 01:18:23.108 - [DEBUG] ||| propogate ||| stage = 5, input perm = [8, 44, 55, 23, 61, 31, 36, 7, 12, 33, 57, 27, 16, 49, 40, 3, 10, 35, 51, 25, 59, 5, 18, 46, 63, 29, 38, 1, 14, 42, 53, 21, 9, 45, 54, 22, 60, 30, 37, 6, 13, 32, 56, 26, 17, 48, 41, 2, 11, 34, 50, 24, 58, 4, 19, 47, 62, 28, 39, 0, 15, 43, 52, 20]
2026-06-12 01:18:23.109 - [DEBUG] ||| run ||| Stage[5] | Output permutation = [8, 23, 44, 55, 31, 7, 61, 36, 12, 27, 33, 57, 16, 3, 49, 40, 10, 25, 35, 51, 5, 18, 59, 46, 29, 1, 63, 38, 14, 21, 42, 53, 9, 22, 45, 54, 30, 6, 60, 37, 13, 26, 32, 56, 17, 2, 48, 41, 11, 24, 34, 50, 4, 19, 58, 47, 28, 0, 62, 39, 15, 20, 43, 52]
2026-06-12 01:18:23.110 - [DEBUG] ||| propogate ||| stage = 6, input perm = [8, 23, 44, 55, 31, 7, 61, 36, 12, 27, 33, 57, 16, 3, 49, 40, 10, 25, 35, 51, 5, 18, 59, 46, 29, 1, 63, 38, 14, 21, 42, 53, 9, 22, 45, 54, 30, 6, 60, 37, 13, 26, 32, 56, 17, 2, 48, 41, 11, 24, 34, 50, 4, 19, 58, 47, 28, 0, 62, 39, 15, 20, 43, 52]
2026-06-12 01:18:23.110 - [DEBUG] ||| run ||| Stage[6] | Output permutation = [8, 7, 23, 31, 44, 36, 55, 61, 12, 3, 27, 16, 33, 40, 57, 49, 10, 5, 25, 18, 35, 46, 51, 59, 1, 14, 29, 21, 38, 42, 63, 53, 9, 6, 22, 30, 45, 37, 54, 60, 13, 2, 26, 17, 32, 41, 56, 48, 11, 4, 24, 19, 34, 47, 50, 58, 0, 15, 28, 20, 39, 43, 62, 52]
2026-06-12 01:18:23.111 - [DEBUG] ||| propogate ||| stage = 7, input perm = [8, 7, 23, 31, 44, 36, 55, 61, 12, 3, 27, 16, 33, 40, 57, 49, 10, 5, 25, 18, 35, 46, 51, 59, 1, 14, 29, 21, 38, 42, 63, 53, 9, 6, 22, 30, 45, 37, 54, 60, 13, 2, 26, 17, 32, 41, 56, 48, 11, 4, 24, 19, 34, 47, 50, 58, 0, 15, 28, 20, 39, 43, 62, 52]
2026-06-12 01:18:23.112 - [DEBUG] ||| run ||| Stage[7] | Output permutation = [7, 3, 8, 12, 23, 16, 31, 27, 36, 33, 44, 40, 55, 49, 61, 57, 5, 1, 10, 14, 18, 21, 25, 29, 35, 38, 46, 42, 51, 53, 59, 63, 6, 2, 9, 13, 22, 17, 30, 26, 37, 32, 45, 41, 54, 48, 60, 56, 4, 0, 11, 15, 19, 20, 24, 28, 34, 39, 47, 43, 50, 52, 58, 62]
2026-06-12 01:18:23.113 - [DEBUG] ||| propogate ||| stage = 8, input perm = [7, 3, 8, 12, 23, 16, 31, 27, 36, 33, 44, 40, 55, 49, 61, 57, 5, 1, 10, 14, 18, 21, 25, 29, 35, 38, 46, 42, 51, 53, 59, 63, 6, 2, 9, 13, 22, 17, 30, 26, 37, 32, 45, 41, 54, 48, 60, 56, 4, 0, 11, 15, 19, 20, 24, 28, 34, 39, 47, 43, 50, 52, 58, 62]
2026-06-12 01:18:23.113 - [DEBUG] ||| run ||| Stage[8] | Output permutation = [3, 1, 7, 5, 8, 10, 12, 14, 16, 18, 23, 21, 27, 25, 31, 29, 33, 35, 36, 38, 40, 42, 44, 46, 49, 51, 55, 53, 57, 59, 61, 63, 2, 0, 6, 4, 9, 11, 13, 15, 17, 19, 22, 20, 26, 24, 30, 28, 32, 34, 37, 39, 41, 43, 45, 47, 48, 50, 54, 52, 56, 58, 60, 62]
2026-06-12 01:18:23.114 - [DEBUG] ||| propogate ||| stage = 9, input perm = [3, 1, 7, 5, 8, 10, 12, 14, 16, 18, 23, 21, 27, 25, 31, 29, 33, 35, 36, 38, 40, 42, 44, 46, 49, 51, 55, 53, 57, 59, 61, 63, 2, 0, 6, 4, 9, 11, 13, 15, 17, 19, 22, 20, 26, 24, 30, 28, 32, 34, 37, 39, 41, 43, 45, 47, 48, 50, 54, 52, 56, 58, 60, 62]
2026-06-12 01:18:23.115 - [DEBUG] ||| run ||| Stage[9] | Output permutation = [1, 0, 3, 2, 5, 4, 7, 6, 8, 9, 10, 11, 12, 13, 14, 15, 16, 17, 18, 19, 21, 20, 23, 22, 25, 24, 27, 26, 29, 28, 31, 30, 33, 32, 35, 34, 36, 37, 38, 39, 40, 41, 42, 43, 44, 45, 46, 47, 49, 48, 51, 50, 53, 52, 55, 54, 57, 56, 59, 58, 61, 60, 63, 62]
2026-06-12 01:18:23.116 - [DEBUG] ||| propogate ||| stage = 10, input perm = [1, 0, 3, 2, 5, 4, 7, 6, 8, 9, 10, 11, 12, 13, 14, 15, 16, 17, 18, 19, 21, 20, 23, 22, 25, 24, 27, 26, 29, 28, 31, 30, 33, 32, 35, 34, 36, 37, 38, 39, 40, 41, 42, 43, 44, 45, 46, 47, 49, 48, 51, 50, 53, 52, 55, 54, 57, 56, 59, 58, 61, 60, 63, 62]
2026-06-12 01:18:23.116 - [DEBUG] ||| run ||| Stage[10] | Output permutation = [0, 1, 2, 3, 4, 5, 6, 7, 8, 9, 10, 11, 12, 13, 14, 15, 16, 17, 18, 19, 20, 21, 22, 23, 24, 25, 26, 27, 28, 29, 30, 31, 32, 33, 34, 35, 36, 37, 38, 39, 40, 41, 42, 43, 44, 45, 46, 47, 48, 49, 50, 51, 52, 53, 54, 55, 56, 57, 58, 59, 60, 61, 62, 63]
2026-06-12 01:18:23.117 - [DEBUG] ||| run ||| Benes Routing: PASSED
2026-06-12 01:18:23.118 - [DEBUG] ||| run ||| Attempting to route Benes permutation = [(6, 8), (7, 9), (8, 10), (9, 11), (10, 12), (11, 13), (18, 14), (19, 15), (20, 16), (21, 17), (22, 18), (23, 19), (30, 36), (31, 37), (32, 38), (33, 39), (34, 40), (35, 41), (42, 42), (43, 43), (44, 44), (45, 45), (46, 46), (47, 47)]
2026-06-12 01:18:23.119 - [DEBUG] ||| balance_perm ||| almost-balanced_perm = [None, None, None, None, None, None, 8, 9, 10, 11, 12, 13, None, None, None, None, None, None, 14, 15, 16, 17, 18, 19, None, None, None, None, None, None, 36, 37, 38, 39, 40, 41, None, None, None, None, None, None, 42, 43, 44, 45, 46, 47, None, None, None, None, None, None, None, None, None, None, None, None, None, None, None, None]; free_dest = [0, 1, 2, 3, 4, 5, 6, 7, 20, 21, 22, 23, 24, 25, 26, 27, 28, 29, 30, 31, 32, 33, 34, 35, 48, 49, 50, 51, 52, 53, 54, 55, 56, 57, 58, 59, 60, 61, 62, 63]
2026-06-12 01:18:23.120 - [DEBUG] ||| balance_perm ||| balanced_perm = [63, 62, 61, 60, 59, 58, 8, 9, 10, 11, 12, 13, 57, 56, 55, 54, 53, 52, 14, 15, 16, 17, 18, 19, 51, 50, 49, 48, 35, 34, 36, 37, 38, 39, 40, 41, 33, 32, 31, 30, 29, 28, 42, 43, 44, 45, 46, 47, 27, 26, 25, 24, 23, 22, 21, 20, 7, 6, 5, 4, 3, 2, 1, 0]
2026-06-12 01:18:23.120 - [DEBUG] ||| run ||| Stage[0] || perm_split = 1, split_len = 64, sw_split = 32, sub_perms = [[63, 62, 61, 60, 59, 58, 8, 9, 10, 11, 12, 13, 57, 56, 55, 54, 53, 52, 14, 15, 16, 17, 18, 19, 51, 50, 49, 48, 35, 34, 36, 37, 38, 39, 40, 41, 33, 32, 31, 30, 29, 28, 42, 43, 44, 45, 46, 47, 27, 26, 25, 24, 23, 22, 21, 20, 7, 6, 5, 4, 3, 2, 1, 0]]
2026-06-12 01:18:23.121 - [DEBUG] ||| normalize_perm ||| Permutation post normalization = [63, 62, 61, 60, 59, 58, 8, 9, 10, 11, 12, 13, 57, 56, 55, 54, 53, 52, 14, 15, 16, 17, 18, 19, 51, 50, 49, 48, 35, 34, 36, 37, 38, 39, 40, 41, 33, 32, 31, 30, 29, 28, 42, 43, 44, 45, 46, 47, 27, 26, 25, 24, 23, 22, 21, 20, 7, 6, 5, 4, 3, 2, 1, 0]
2026-06-12 01:18:23.121 - [DEBUG] ||| run ||| pending_perm = [63, 62, 61, 60, 59, 58, 8, 9, 10, 11, 12, 13, 57, 56, 55, 54, 53, 52, 14, 15, 16, 17, 18, 19, 51, 50, 49, 48, 35, 34, 36, 37, 38, 39, 40, 41, 33, 32, 31, 30, 29, 28, 42, 43, 44, 45, 46, 47, 27, 26, 25, 24, 23, 22, 21, 20, 7, 6, 5, 4, 3, 2, 1, 0] | src = 0, dest = 63
2026-06-12 01:18:23.122 - [DEBUG] ||| prep_pass ||| Next permutation = [None, None, 61, 60, 59, 58, 8, 9, 10, 11, 12, 13, 57, 56, 55, 54, 53, 52, 14, 15, 16, 17, 18, 19, 51, 50, 49, 48, 35, 34, 36, 37, 38, 39, 40, 41, 33, 32, 31, 30, 29, 28, 42, 43, 44, 45, 46, 47, 27, 26, 25, 24, 23, 22, 21, 20, 7, 6, 5, 4, 3, 2, 1, 0]
2026-06-12 01:18:23.123 - [DEBUG] ||| prep_pass ||| Chain complete
2026-06-12 01:18:23.123 - [DEBUG] ||| run ||| pending_perm = [None, None, 61, 60, 59, 58, 8, 9, 10, 11, 12, 13, 57, 56, 55, 54, 53, 52, 14, 15, 16, 17, 18, 19, 51, 50, 49, 48, 35, 34, 36, 37, 38, 39, 40, 41, 33, 32, 31, 30, 29, 28, 42, 43, 44, 45, 46, 47, 27, 26, 25, 24, 23, 22, 21, 20, 7, 6, 5, 4, 3, 2, 1, 0] | src = 2, dest = 61
2026-06-12 01:18:23.124 - [DEBUG] ||| prep_pass ||| Next permutation = [None, None, None, None, 59, 58, 8, 9, 10, 11, 12, 13, 57, 56, 55, 54, 53, 52, 14, 15, 16, 17, 18, 19, 51, 50, 49, 48, 35, 34, 36, 37, 38, 39, 40, 41, 33, 32, 31, 30, 29, 28, 42, 43, 44, 45, 46, 47, 27, 26, 25, 24, 23, 22, 21, 20, 7, 6, 5, 4, 3, 2, 1, 0]
2026-06-12 01:18:23.124 - [DEBUG] ||| prep_pass ||| Chain complete
2026-06-12 01:18:23.125 - [DEBUG] ||| run ||| pending_perm = [None, None, None, None, 59, 58, 8, 9, 10, 11, 12, 13, 57, 56, 55, 54, 53, 52, 14, 15, 16, 17, 18, 19, 51, 50, 49, 48, 35, 34, 36, 37, 38, 39, 40, 41, 33, 32, 31, 30, 29, 28, 42, 43, 44, 45, 46, 47, 27, 26, 25, 24, 23, 22, 21, 20, 7, 6, 5, 4, 3, 2, 1, 0] | src = 4, dest = 59
2026-06-12 01:18:23.126 - [DEBUG] ||| prep_pass ||| Next permutation = [None, None, None, None, None, None, 8, 9, 10, 11, 12, 13, 57, 56, 55, 54, 53, 52, 14, 15, 16, 17, 18, 19, 51, 50, 49, 48, 35, 34, 36, 37, 38, 39, 40, 41, 33, 32, 31, 30, 29, 28, 42, 43, 44, 45, 46, 47, 27, 26, 25, 24, 23, 22, 21, 20, 7, 6, 5, 4, 3, 2, 1, 0]
2026-06-12 01:18:23.127 - [DEBUG] ||| prep_pass ||| Chain complete
2026-06-12 01:18:23.127 - [DEBUG] ||| run ||| pending_perm = [None, None, None, None, None, None, 8, 9, 10, 11, 12, 13, 57, 56, 55, 54, 53, 52, 14, 15, 16, 17, 18, 19, 51, 50, 49, 48, 35, 34, 36, 37, 38, 39, 40, 41, 33, 32, 31, 30, 29, 28, 42, 43, 44, 45, 46, 47, 27, 26, 25, 24, 23, 22, 21, 20, 7, 6, 5, 4, 3, 2, 1, 0] | src = 6, dest = 8
2026-06-12 01:18:23.128 - [DEBUG] ||| prep_pass ||| Next permutation = [None, None, None, None, None, None, None, None, 10, 11, 12, 13, 57, 56, 55, 54, 53, 52, 14, 15, 16, 17, 18, 19, 51, 50, 49, 48, 35, 34, 36, 37, 38, 39, 40, 41, 33, 32, 31, 30, 29, 28, 42, 43, 44, 45, 46, 47, 27, 26, 25, 24, 23, 22, 21, 20, 7, 6, 5, 4, 3, 2, 1, 0]
2026-06-12 01:18:23.129 - [DEBUG] ||| prep_pass ||| Chain complete
2026-06-12 01:18:23.129 - [DEBUG] ||| run ||| pending_perm = [None, None, None, None, None, None, None, None, 10, 11, 12, 13, 57, 56, 55, 54, 53, 52, 14, 15, 16, 17, 18, 19, 51, 50, 49, 48, 35, 34, 36, 37, 38, 39, 40, 41, 33, 32, 31, 30, 29, 28, 42, 43, 44, 45, 46, 47, 27, 26, 25, 24, 23, 22, 21, 20, 7, 6, 5, 4, 3, 2, 1, 0] | src = 8, dest = 10
2026-06-12 01:18:23.130 - [DEBUG] ||| prep_pass ||| Next permutation = [None, None, None, None, None, None, None, None, None, None, 12, 13, 57, 56, 55, 54, 53, 52, 14, 15, 16, 17, 18, 19, 51, 50, 49, 48, 35, 34, 36, 37, 38, 39, 40, 41, 33, 32, 31, 30, 29, 28, 42, 43, 44, 45, 46, 47, 27, 26, 25, 24, 23, 22, 21, 20, 7, 6, 5, 4, 3, 2, 1, 0]
2026-06-12 01:18:23.131 - [DEBUG] ||| prep_pass ||| Chain complete
2026-06-12 01:18:23.131 - [DEBUG] ||| run ||| pending_perm = [None, None, None, None, None, None, None, None, None, None, 12, 13, 57, 56, 55, 54, 53, 52, 14, 15, 16, 17, 18, 19, 51, 50, 49, 48, 35, 34, 36, 37, 38, 39, 40, 41, 33, 32, 31, 30, 29, 28, 42, 43, 44, 45, 46, 47, 27, 26, 25, 24, 23, 22, 21, 20, 7, 6, 5, 4, 3, 2, 1, 0] | src = 10, dest = 12
2026-06-12 01:18:23.132 - [DEBUG] ||| prep_pass ||| Next permutation = [None, None, None, None, None, None, None, None, None, None, None, None, 57, 56, 55, 54, 53, 52, 14, 15, 16, 17, 18, 19, 51, 50, 49, 48, 35, 34, 36, 37, 38, 39, 40, 41, 33, 32, 31, 30, 29, 28, 42, 43, 44, 45, 46, 47, 27, 26, 25, 24, 23, 22, 21, 20, 7, 6, 5, 4, 3, 2, 1, 0]
2026-06-12 01:18:23.134 - [DEBUG] ||| prep_pass ||| Chain complete
2026-06-12 01:18:23.134 - [DEBUG] ||| run ||| pending_perm = [None, None, None, None, None, None, None, None, None, None, None, None, 57, 56, 55, 54, 53, 52, 14, 15, 16, 17, 18, 19, 51, 50, 49, 48, 35, 34, 36, 37, 38, 39, 40, 41, 33, 32, 31, 30, 29, 28, 42, 43, 44, 45, 46, 47, 27, 26, 25, 24, 23, 22, 21, 20, 7, 6, 5, 4, 3, 2, 1, 0] | src = 12, dest = 57
2026-06-12 01:18:23.135 - [DEBUG] ||| prep_pass ||| Next permutation = [None, None, None, None, None, None, None, None, None, None, None, None, None, None, 55, 54, 53, 52, 14, 15, 16, 17, 18, 19, 51, 50, 49, 48, 35, 34, 36, 37, 38, 39, 40, 41, 33, 32, 31, 30, 29, 28, 42, 43, 44, 45, 46, 47, 27, 26, 25, 24, 23, 22, 21, 20, 7, 6, 5, 4, 3, 2, 1, 0]
2026-06-12 01:18:23.135 - [DEBUG] ||| prep_pass ||| Chain complete
2026-06-12 01:18:23.136 - [DEBUG] ||| run ||| pending_perm = [None, None, None, None, None, None, None, None, None, None, None, None, None, None, 55, 54, 53, 52, 14, 15, 16, 17, 18, 19, 51, 50, 49, 48, 35, 34, 36, 37, 38, 39, 40, 41, 33, 32, 31, 30, 29, 28, 42, 43, 44, 45, 46, 47, 27, 26, 25, 24, 23, 22, 21, 20, 7, 6, 5, 4, 3, 2, 1, 0] | src = 14, dest = 55
2026-06-12 01:18:23.137 - [DEBUG] ||| prep_pass ||| Next permutation = [None, None, None, None, None, None, None, None, None, None, None, None, None, None, None, None, 53, 52, 14, 15, 16, 17, 18, 19, 51, 50, 49, 48, 35, 34, 36, 37, 38, 39, 40, 41, 33, 32, 31, 30, 29, 28, 42, 43, 44, 45, 46, 47, 27, 26, 25, 24, 23, 22, 21, 20, 7, 6, 5, 4, 3, 2, 1, 0]
2026-06-12 01:18:23.137 - [DEBUG] ||| prep_pass ||| Chain complete
2026-06-12 01:18:23.138 - [DEBUG] ||| run ||| pending_perm = [None, None, None, None, None, None, None, None, None, None, None, None, None, None, None, None, 53, 52, 14, 15, 16, 17, 18, 19, 51, 50, 49, 48, 35, 34, 36, 37, 38, 39, 40, 41, 33, 32, 31, 30, 29, 28, 42, 43, 44, 45, 46, 47, 27, 26, 25, 24, 23, 22, 21, 20, 7, 6, 5, 4, 3, 2, 1, 0] | src = 16, dest = 53
2026-06-12 01:18:23.138 - [DEBUG] ||| prep_pass ||| Next permutation = [None, None, None, None, None, None, None, None, None, None, None, None, None, None, None, None, None, None, 14, 15, 16, 17, 18, 19, 51, 50, 49, 48, 35, 34, 36, 37, 38, 39, 40, 41, 33, 32, 31, 30, 29, 28, 42, 43, 44, 45, 46, 47, 27, 26, 25, 24, 23, 22, 21, 20, 7, 6, 5, 4, 3, 2, 1, 0]
2026-06-12 01:18:23.139 - [DEBUG] ||| prep_pass ||| Chain complete
2026-06-12 01:18:23.139 - [DEBUG] ||| run ||| pending_perm = [None, None, None, None, None, None, None, None, None, None, None, None, None, None, None, None, None, None, 14, 15, 16, 17, 18, 19, 51, 50, 49, 48, 35, 34, 36, 37, 38, 39, 40, 41, 33, 32, 31, 30, 29, 28, 42, 43, 44, 45, 46, 47, 27, 26, 25, 24, 23, 22, 21, 20, 7, 6, 5, 4, 3, 2, 1, 0] | src = 18, dest = 14
2026-06-12 01:18:23.140 - [DEBUG] ||| prep_pass ||| Next permutation = [None, None, None, None, None, None, None, None, None, None, None, None, None, None, None, None, None, None, None, None, 16, 17, 18, 19, 51, 50, 49, 48, 35, 34, 36, 37, 38, 39, 40, 41, 33, 32, 31, 30, 29, 28, 42, 43, 44, 45, 46, 47, 27, 26, 25, 24, 23, 22, 21, 20, 7, 6, 5, 4, 3, 2, 1, 0]
2026-06-12 01:18:23.141 - [DEBUG] ||| prep_pass ||| Chain complete
2026-06-12 01:18:23.142 - [DEBUG] ||| run ||| pending_perm = [None, None, None, None, None, None, None, None, None, None, None, None, None, None, None, None, None, None, None, None, 16, 17, 18, 19, 51, 50, 49, 48, 35, 34, 36, 37, 38, 39, 40, 41, 33, 32, 31, 30, 29, 28, 42, 43, 44, 45, 46, 47, 27, 26, 25, 24, 23, 22, 21, 20, 7, 6, 5, 4, 3, 2, 1, 0] | src = 20, dest = 16
2026-06-12 01:18:23.142 - [DEBUG] ||| prep_pass ||| Next permutation = [None, None, None, None, None, None, None, None, None, None, None, None, None, None, None, None, None, None, None, None, None, None, 18, 19, 51, 50, 49, 48, 35, 34, 36, 37, 38, 39, 40, 41, 33, 32, 31, 30, 29, 28, 42, 43, 44, 45, 46, 47, 27, 26, 25, 24, 23, 22, 21, 20, 7, 6, 5, 4, 3, 2, 1, 0]
2026-06-12 01:18:23.143 - [DEBUG] ||| prep_pass ||| Chain complete
2026-06-12 01:18:23.143 - [DEBUG] ||| run ||| pending_perm = [None, None, None, None, None, None, None, None, None, None, None, None, None, None, None, None, None, None, None, None, None, None, 18, 19, 51, 50, 49, 48, 35, 34, 36, 37, 38, 39, 40, 41, 33, 32, 31, 30, 29, 28, 42, 43, 44, 45, 46, 47, 27, 26, 25, 24, 23, 22, 21, 20, 7, 6, 5, 4, 3, 2, 1, 0] | src = 22, dest = 18
2026-06-12 01:18:23.144 - [DEBUG] ||| prep_pass ||| Next permutation = [None, None, None, None, None, None, None, None, None, None, None, None, None, None, None, None, None, None, None, None, None, None, None, None, 51, 50, 49, 48, 35, 34, 36, 37, 38, 39, 40, 41, 33, 32, 31, 30, 29, 28, 42, 43, 44, 45, 46, 47, 27, 26, 25, 24, 23, 22, 21, 20, 7, 6, 5, 4, 3, 2, 1, 0]
2026-06-12 01:18:23.144 - [DEBUG] ||| prep_pass ||| Chain complete
2026-06-12 01:18:23.145 - [DEBUG] ||| run ||| pending_perm = [None, None, None, None, None, None, None, None, None, None, None, None, None, None, None, None, None, None, None, None, None, None, None, None, 51, 50, 49, 48, 35, 34, 36, 37, 38, 39, 40, 41, 33, 32, 31, 30, 29, 28, 42, 43, 44, 45, 46, 47, 27, 26, 25, 24, 23, 22, 21, 20, 7, 6, 5, 4, 3, 2, 1, 0] | src = 24, dest = 51
2026-06-12 01:18:23.146 - [DEBUG] ||| prep_pass ||| Next permutation = [None, None, None, None, None, None, None, None, None, None, None, None, None, None, None, None, None, None, None, None, None, None, None, None, None, None, 49, 48, 35, 34, 36, 37, 38, 39, 40, 41, 33, 32, 31, 30, 29, 28, 42, 43, 44, 45, 46, 47, 27, 26, 25, 24, 23, 22, 21, 20, 7, 6, 5, 4, 3, 2, 1, 0]
2026-06-12 01:18:23.146 - [DEBUG] ||| prep_pass ||| Chain complete
2026-06-12 01:18:23.147 - [DEBUG] ||| run ||| pending_perm = [None, None, None, None, None, None, None, None, None, None, None, None, None, None, None, None, None, None, None, None, None, None, None, None, None, None, 49, 48, 35, 34, 36, 37, 38, 39, 40, 41, 33, 32, 31, 30, 29, 28, 42, 43, 44, 45, 46, 47, 27, 26, 25, 24, 23, 22, 21, 20, 7, 6, 5, 4, 3, 2, 1, 0] | src = 26, dest = 49
2026-06-12 01:18:23.147 - [DEBUG] ||| prep_pass ||| Next permutation = [None, None, None, None, None, None, None, None, None, None, None, None, None, None, None, None, None, None, None, None, None, None, None, None, None, None, None, None, 35, 34, 36, 37, 38, 39, 40, 41, 33, 32, 31, 30, 29, 28, 42, 43, 44, 45, 46, 47, 27, 26, 25, 24, 23, 22, 21, 20, 7, 6, 5, 4, 3, 2, 1, 0]
2026-06-12 01:18:23.148 - [DEBUG] ||| prep_pass ||| Chain complete
2026-06-12 01:18:23.148 - [DEBUG] ||| run ||| pending_perm = [None, None, None, None, None, None, None, None, None, None, None, None, None, None, None, None, None, None, None, None, None, None, None, None, None, None, None, None, 35, 34, 36, 37, 38, 39, 40, 41, 33, 32, 31, 30, 29, 28, 42, 43, 44, 45, 46, 47, 27, 26, 25, 24, 23, 22, 21, 20, 7, 6, 5, 4, 3, 2, 1, 0] | src = 28, dest = 35
2026-06-12 01:18:23.149 - [DEBUG] ||| prep_pass ||| Next permutation = [None, None, None, None, None, None, None, None, None, None, None, None, None, None, None, None, None, None, None, None, None, None, None, None, None, None, None, None, None, None, 36, 37, 38, 39, 40, 41, 33, 32, 31, 30, 29, 28, 42, 43, 44, 45, 46, 47, 27, 26, 25, 24, 23, 22, 21, 20, 7, 6, 5, 4, 3, 2, 1, 0]
2026-06-12 01:18:23.150 - [DEBUG] ||| prep_pass ||| Chain complete
2026-06-12 01:18:23.150 - [DEBUG] ||| run ||| pending_perm = [None, None, None, None, None, None, None, None, None, None, None, None, None, None, None, None, None, None, None, None, None, None, None, None, None, None, None, None, None, None, 36, 37, 38, 39, 40, 41, 33, 32, 31, 30, 29, 28, 42, 43, 44, 45, 46, 47, 27, 26, 25, 24, 23, 22, 21, 20, 7, 6, 5, 4, 3, 2, 1, 0] | src = 30, dest = 36
2026-06-12 01:18:23.151 - [DEBUG] ||| prep_pass ||| Next permutation = [None, None, None, None, None, None, None, None, None, None, None, None, None, None, None, None, None, None, None, None, None, None, None, None, None, None, None, None, None, None, None, None, 38, 39, 40, 41, 33, 32, 31, 30, 29, 28, 42, 43, 44, 45, 46, 47, 27, 26, 25, 24, 23, 22, 21, 20, 7, 6, 5, 4, 3, 2, 1, 0]
2026-06-12 01:18:23.151 - [DEBUG] ||| prep_pass ||| Chain complete
2026-06-12 01:18:23.152 - [DEBUG] ||| run ||| pending_perm = [None, None, None, None, None, None, None, None, None, None, None, None, None, None, None, None, None, None, None, None, None, None, None, None, None, None, None, None, None, None, None, None, 38, 39, 40, 41, 33, 32, 31, 30, 29, 28, 42, 43, 44, 45, 46, 47, 27, 26, 25, 24, 23, 22, 21, 20, 7, 6, 5, 4, 3, 2, 1, 0] | src = 32, dest = 38
2026-06-12 01:18:23.152 - [DEBUG] ||| prep_pass ||| Next permutation = [None, None, None, None, None, None, None, None, None, None, None, None, None, None, None, None, None, None, None, None, None, None, None, None, None, None, None, None, None, None, None, None, None, None, 40, 41, 33, 32, 31, 30, 29, 28, 42, 43, 44, 45, 46, 47, 27, 26, 25, 24, 23, 22, 21, 20, 7, 6, 5, 4, 3, 2, 1, 0]
2026-06-12 01:18:23.153 - [DEBUG] ||| prep_pass ||| Chain complete
2026-06-12 01:18:23.153 - [DEBUG] ||| run ||| pending_perm = [None, None, None, None, None, None, None, None, None, None, None, None, None, None, None, None, None, None, None, None, None, None, None, None, None, None, None, None, None, None, None, None, None, None, 40, 41, 33, 32, 31, 30, 29, 28, 42, 43, 44, 45, 46, 47, 27, 26, 25, 24, 23, 22, 21, 20, 7, 6, 5, 4, 3, 2, 1, 0] | src = 34, dest = 40
2026-06-12 01:18:23.154 - [DEBUG] ||| prep_pass ||| Next permutation = [None, None, None, None, None, None, None, None, None, None, None, None, None, None, None, None, None, None, None, None, None, None, None, None, None, None, None, None, None, None, None, None, None, None, None, None, 33, 32, 31, 30, 29, 28, 42, 43, 44, 45, 46, 47, 27, 26, 25, 24, 23, 22, 21, 20, 7, 6, 5, 4, 3, 2, 1, 0]
2026-06-12 01:18:23.154 - [DEBUG] ||| prep_pass ||| Chain complete
2026-06-12 01:18:23.155 - [DEBUG] ||| run ||| pending_perm = [None, None, None, None, None, None, None, None, None, None, None, None, None, None, None, None, None, None, None, None, None, None, None, None, None, None, None, None, None, None, None, None, None, None, None, None, 33, 32, 31, 30, 29, 28, 42, 43, 44, 45, 46, 47, 27, 26, 25, 24, 23, 22, 21, 20, 7, 6, 5, 4, 3, 2, 1, 0] | src = 36, dest = 33
2026-06-12 01:18:23.155 - [DEBUG] ||| prep_pass ||| Next permutation = [None, None, None, None, None, None, None, None, None, None, None, None, None, None, None, None, None, None, None, None, None, None, None, None, None, None, None, None, None, None, None, None, None, None, None, None, None, None, 31, 30, 29, 28, 42, 43, 44, 45, 46, 47, 27, 26, 25, 24, 23, 22, 21, 20, 7, 6, 5, 4, 3, 2, 1, 0]
2026-06-12 01:18:23.156 - [DEBUG] ||| prep_pass ||| Chain complete
2026-06-12 01:18:23.157 - [DEBUG] ||| run ||| pending_perm = [None, None, None, None, None, None, None, None, None, None, None, None, None, None, None, None, None, None, None, None, None, None, None, None, None, None, None, None, None, None, None, None, None, None, None, None, None, None, 31, 30, 29, 28, 42, 43, 44, 45, 46, 47, 27, 26, 25, 24, 23, 22, 21, 20, 7, 6, 5, 4, 3, 2, 1, 0] | src = 38, dest = 31
2026-06-12 01:18:23.157 - [DEBUG] ||| prep_pass ||| Next permutation = [None, None, None, None, None, None, None, None, None, None, None, None, None, None, None, None, None, None, None, None, None, None, None, None, None, None, None, None, None, None, None, None, None, None, None, None, None, None, None, None, 29, 28, 42, 43, 44, 45, 46, 47, 27, 26, 25, 24, 23, 22, 21, 20, 7, 6, 5, 4, 3, 2, 1, 0]
2026-06-12 01:18:23.158 - [DEBUG] ||| prep_pass ||| Chain complete
2026-06-12 01:18:23.159 - [DEBUG] ||| run ||| pending_perm = [None, None, None, None, None, None, None, None, None, None, None, None, None, None, None, None, None, None, None, None, None, None, None, None, None, None, None, None, None, None, None, None, None, None, None, None, None, None, None, None, 29, 28, 42, 43, 44, 45, 46, 47, 27, 26, 25, 24, 23, 22, 21, 20, 7, 6, 5, 4, 3, 2, 1, 0] | src = 40, dest = 29
2026-06-12 01:18:23.159 - [DEBUG] ||| prep_pass ||| Next permutation = [None, None, None, None, None, None, None, None, None, None, None, None, None, None, None, None, None, None, None, None, None, None, None, None, None, None, None, None, None, None, None, None, None, None, None, None, None, None, None, None, None, None, 42, 43, 44, 45, 46, 47, 27, 26, 25, 24, 23, 22, 21, 20, 7, 6, 5, 4, 3, 2, 1, 0]
2026-06-12 01:18:23.160 - [DEBUG] ||| prep_pass ||| Chain complete
2026-06-12 01:18:23.161 - [DEBUG] ||| run ||| pending_perm = [None, None, None, None, None, None, None, None, None, None, None, None, None, None, None, None, None, None, None, None, None, None, None, None, None, None, None, None, None, None, None, None, None, None, None, None, None, None, None, None, None, None, 42, 43, 44, 45, 46, 47, 27, 26, 25, 24, 23, 22, 21, 20, 7, 6, 5, 4, 3, 2, 1, 0] | src = 42, dest = 42
2026-06-12 01:18:23.161 - [DEBUG] ||| prep_pass ||| Next permutation = [None, None, None, None, None, None, None, None, None, None, None, None, None, None, None, None, None, None, None, None, None, None, None, None, None, None, None, None, None, None, None, None, None, None, None, None, None, None, None, None, None, None, None, None, 44, 45, 46, 47, 27, 26, 25, 24, 23, 22, 21, 20, 7, 6, 5, 4, 3, 2, 1, 0]
2026-06-12 01:18:23.162 - [DEBUG] ||| prep_pass ||| Chain complete
2026-06-12 01:18:23.162 - [DEBUG] ||| run ||| pending_perm = [None, None, None, None, None, None, None, None, None, None, None, None, None, None, None, None, None, None, None, None, None, None, None, None, None, None, None, None, None, None, None, None, None, None, None, None, None, None, None, None, None, None, None, None, 44, 45, 46, 47, 27, 26, 25, 24, 23, 22, 21, 20, 7, 6, 5, 4, 3, 2, 1, 0] | src = 44, dest = 44
2026-06-12 01:18:23.163 - [DEBUG] ||| prep_pass ||| Next permutation = [None, None, None, None, None, None, None, None, None, None, None, None, None, None, None, None, None, None, None, None, None, None, None, None, None, None, None, None, None, None, None, None, None, None, None, None, None, None, None, None, None, None, None, None, None, None, 46, 47, 27, 26, 25, 24, 23, 22, 21, 20, 7, 6, 5, 4, 3, 2, 1, 0]
2026-06-12 01:18:23.163 - [DEBUG] ||| prep_pass ||| Chain complete
2026-06-12 01:18:23.164 - [DEBUG] ||| run ||| pending_perm = [None, None, None, None, None, None, None, None, None, None, None, None, None, None, None, None, None, None, None, None, None, None, None, None, None, None, None, None, None, None, None, None, None, None, None, None, None, None, None, None, None, None, None, None, None, None, 46, 47, 27, 26, 25, 24, 23, 22, 21, 20, 7, 6, 5, 4, 3, 2, 1, 0] | src = 46, dest = 46
2026-06-12 01:18:23.165 - [DEBUG] ||| prep_pass ||| Next permutation = [None, None, None, None, None, None, None, None, None, None, None, None, None, None, None, None, None, None, None, None, None, None, None, None, None, None, None, None, None, None, None, None, None, None, None, None, None, None, None, None, None, None, None, None, None, None, None, None, 27, 26, 25, 24, 23, 22, 21, 20, 7, 6, 5, 4, 3, 2, 1, 0]
2026-06-12 01:18:23.165 - [DEBUG] ||| prep_pass ||| Chain complete
2026-06-12 01:18:23.166 - [DEBUG] ||| run ||| pending_perm = [None, None, None, None, None, None, None, None, None, None, None, None, None, None, None, None, None, None, None, None, None, None, None, None, None, None, None, None, None, None, None, None, None, None, None, None, None, None, None, None, None, None, None, None, None, None, None, None, 27, 26, 25, 24, 23, 22, 21, 20, 7, 6, 5, 4, 3, 2, 1, 0] | src = 48, dest = 27
2026-06-12 01:18:23.166 - [DEBUG] ||| prep_pass ||| Next permutation = [None, None, None, None, None, None, None, None, None, None, None, None, None, None, None, None, None, None, None, None, None, None, None, None, None, None, None, None, None, None, None, None, None, None, None, None, None, None, None, None, None, None, None, None, None, None, None, None, None, None, 25, 24, 23, 22, 21, 20, 7, 6, 5, 4, 3, 2, 1, 0]
2026-06-12 01:18:23.167 - [DEBUG] ||| prep_pass ||| Chain complete
2026-06-12 01:18:23.167 - [DEBUG] ||| run ||| pending_perm = [None, None, None, None, None, None, None, None, None, None, None, None, None, None, None, None, None, None, None, None, None, None, None, None, None, None, None, None, None, None, None, None, None, None, None, None, None, None, None, None, None, None, None, None, None, None, None, None, None, None, 25, 24, 23, 22, 21, 20, 7, 6, 5, 4, 3, 2, 1, 0] | src = 50, dest = 25
2026-06-12 01:18:23.168 - [DEBUG] ||| prep_pass ||| Next permutation = [None, None, None, None, None, None, None, None, None, None, None, None, None, None, None, None, None, None, None, None, None, None, None, None, None, None, None, None, None, None, None, None, None, None, None, None, None, None, None, None, None, None, None, None, None, None, None, None, None, None, None, None, 23, 22, 21, 20, 7, 6, 5, 4, 3, 2, 1, 0]
2026-06-12 01:18:23.168 - [DEBUG] ||| prep_pass ||| Chain complete
2026-06-12 01:18:23.169 - [DEBUG] ||| run ||| pending_perm = [None, None, None, None, None, None, None, None, None, None, None, None, None, None, None, None, None, None, None, None, None, None, None, None, None, None, None, None, None, None, None, None, None, None, None, None, None, None, None, None, None, None, None, None, None, None, None, None, None, None, None, None, 23, 22, 21, 20, 7, 6, 5, 4, 3, 2, 1, 0] | src = 52, dest = 23
2026-06-12 01:18:23.169 - [DEBUG] ||| prep_pass ||| Next permutation = [None, None, None, None, None, None, None, None, None, None, None, None, None, None, None, None, None, None, None, None, None, None, None, None, None, None, None, None, None, None, None, None, None, None, None, None, None, None, None, None, None, None, None, None, None, None, None, None, None, None, None, None, None, None, 21, 20, 7, 6, 5, 4, 3, 2, 1, 0]
2026-06-12 01:18:23.170 - [DEBUG] ||| prep_pass ||| Chain complete
2026-06-12 01:18:23.170 - [DEBUG] ||| run ||| pending_perm = [None, None, None, None, None, None, None, None, None, None, None, None, None, None, None, None, None, None, None, None, None, None, None, None, None, None, None, None, None, None, None, None, None, None, None, None, None, None, None, None, None, None, None, None, None, None, None, None, None, None, None, None, None, None, 21, 20, 7, 6, 5, 4, 3, 2, 1, 0] | src = 54, dest = 21
2026-06-12 01:18:23.171 - [DEBUG] ||| prep_pass ||| Next permutation = [None, None, None, None, None, None, None, None, None, None, None, None, None, None, None, None, None, None, None, None, None, None, None, None, None, None, None, None, None, None, None, None, None, None, None, None, None, None, None, None, None, None, None, None, None, None, None, None, None, None, None, None, None, None, None, None, 7, 6, 5, 4, 3, 2, 1, 0]
2026-06-12 01:18:23.172 - [DEBUG] ||| prep_pass ||| Chain complete
2026-06-12 01:18:23.172 - [DEBUG] ||| run ||| pending_perm = [None, None, None, None, None, None, None, None, None, None, None, None, None, None, None, None, None, None, None, None, None, None, None, None, None, None, None, None, None, None, None, None, None, None, None, None, None, None, None, None, None, None, None, None, None, None, None, None, None, None, None, None, None, None, None, None, 7, 6, 5, 4, 3, 2, 1, 0] | src = 56, dest = 7
2026-06-12 01:18:23.173 - [DEBUG] ||| prep_pass ||| Next permutation = [None, None, None, None, None, None, None, None, None, None, None, None, None, None, None, None, None, None, None, None, None, None, None, None, None, None, None, None, None, None, None, None, None, None, None, None, None, None, None, None, None, None, None, None, None, None, None, None, None, None, None, None, None, None, None, None, None, None, 5, 4, 3, 2, 1, 0]
2026-06-12 01:18:23.173 - [DEBUG] ||| prep_pass ||| Chain complete
2026-06-12 01:18:23.174 - [DEBUG] ||| run ||| pending_perm = [None, None, None, None, None, None, None, None, None, None, None, None, None, None, None, None, None, None, None, None, None, None, None, None, None, None, None, None, None, None, None, None, None, None, None, None, None, None, None, None, None, None, None, None, None, None, None, None, None, None, None, None, None, None, None, None, None, None, 5, 4, 3, 2, 1, 0] | src = 58, dest = 5
2026-06-12 01:18:23.175 - [DEBUG] ||| prep_pass ||| Next permutation = [None, None, None, None, None, None, None, None, None, None, None, None, None, None, None, None, None, None, None, None, None, None, None, None, None, None, None, None, None, None, None, None, None, None, None, None, None, None, None, None, None, None, None, None, None, None, None, None, None, None, None, None, None, None, None, None, None, None, None, None, 3, 2, 1, 0]
2026-06-12 01:18:23.175 - [DEBUG] ||| prep_pass ||| Chain complete
2026-06-12 01:18:23.176 - [DEBUG] ||| run ||| pending_perm = [None, None, None, None, None, None, None, None, None, None, None, None, None, None, None, None, None, None, None, None, None, None, None, None, None, None, None, None, None, None, None, None, None, None, None, None, None, None, None, None, None, None, None, None, None, None, None, None, None, None, None, None, None, None, None, None, None, None, None, None, 3, 2, 1, 0] | src = 60, dest = 3
2026-06-12 01:18:23.176 - [DEBUG] ||| prep_pass ||| Next permutation = [None, None, None, None, None, None, None, None, None, None, None, None, None, None, None, None, None, None, None, None, None, None, None, None, None, None, None, None, None, None, None, None, None, None, None, None, None, None, None, None, None, None, None, None, None, None, None, None, None, None, None, None, None, None, None, None, None, None, None, None, None, None, 1, 0]
2026-06-12 01:18:23.177 - [DEBUG] ||| prep_pass ||| Chain complete
2026-06-12 01:18:23.177 - [DEBUG] ||| run ||| pending_perm = [None, None, None, None, None, None, None, None, None, None, None, None, None, None, None, None, None, None, None, None, None, None, None, None, None, None, None, None, None, None, None, None, None, None, None, None, None, None, None, None, None, None, None, None, None, None, None, None, None, None, None, None, None, None, None, None, None, None, None, None, None, None, 1, 0] | src = 62, dest = 1
2026-06-12 01:18:23.178 - [DEBUG] ||| prep_pass ||| Next permutation = [None, None, None, None, None, None, None, None, None, None, None, None, None, None, None, None, None, None, None, None, None, None, None, None, None, None, None, None, None, None, None, None, None, None, None, None, None, None, None, None, None, None, None, None, None, None, None, None, None, None, None, None, None, None, None, None, None, None, None, None, None, None, None, None]
2026-06-12 01:18:23.179 - [DEBUG] ||| prep_pass ||| Chain complete
2026-06-12 01:18:23.179 - [DEBUG] ||| propogate ||| stage = 0, input perm = [63, 62, 61, 60, 59, 58, 8, 9, 10, 11, 12, 13, 57, 56, 55, 54, 53, 52, 14, 15, 16, 17, 18, 19, 51, 50, 49, 48, 35, 34, 36, 37, 38, 39, 40, 41, 33, 32, 31, 30, 29, 28, 42, 43, 44, 45, 46, 47, 27, 26, 25, 24, 23, 22, 21, 20, 7, 6, 5, 4, 3, 2, 1, 0]
2026-06-12 01:18:23.180 - [DEBUG] ||| run ||| Stage[0] | Output permutation = [63, 61, 59, 8, 10, 12, 57, 55, 53, 14, 16, 18, 51, 49, 35, 36, 38, 40, 33, 31, 29, 42, 44, 46, 27, 25, 23, 21, 7, 5, 3, 1, 62, 60, 58, 9, 11, 13, 56, 54, 52, 15, 17, 19, 50, 48, 34, 37, 39, 41, 32, 30, 28, 43, 45, 47, 26, 24, 22, 20, 6, 4, 2, 0]
2026-06-12 01:18:23.180 - [DEBUG] ||| run ||| Stage[1] || perm_split = 2, split_len = 32, sw_split = 16, sub_perms = [[63, 61, 59, 8, 10, 12, 57, 55, 53, 14, 16, 18, 51, 49, 35, 36, 38, 40, 33, 31, 29, 42, 44, 46, 27, 25, 23, 21, 7, 5, 3, 1], [62, 60, 58, 9, 11, 13, 56, 54, 52, 15, 17, 19, 50, 48, 34, 37, 39, 41, 32, 30, 28, 43, 45, 47, 26, 24, 22, 20, 6, 4, 2, 0]]
2026-06-12 01:18:23.181 - [DEBUG] ||| normalize_perm ||| Permutation post normalization = [31, 30, 29, 4, 5, 6, 28, 27, 26, 7, 8, 9, 25, 24, 17, 18, 19, 20, 16, 15, 14, 21, 22, 23, 13, 12, 11, 10, 3, 2, 1, 0]
2026-06-12 01:18:23.182 - [DEBUG] ||| run ||| pending_perm = [31, 30, 29, 4, 5, 6, 28, 27, 26, 7, 8, 9, 25, 24, 17, 18, 19, 20, 16, 15, 14, 21, 22, 23, 13, 12, 11, 10, 3, 2, 1, 0] | src = 0, dest = 31
2026-06-12 01:18:23.182 - [DEBUG] ||| prep_pass ||| Next permutation = [None, None, 29, 4, 5, 6, 28, 27, 26, 7, 8, 9, 25, 24, 17, 18, 19, 20, 16, 15, 14, 21, 22, 23, 13, 12, 11, 10, 3, 2, 1, 0]
2026-06-12 01:18:23.183 - [DEBUG] ||| prep_pass ||| Chain complete
2026-06-12 01:18:23.183 - [DEBUG] ||| run ||| pending_perm = [None, None, 29, 4, 5, 6, 28, 27, 26, 7, 8, 9, 25, 24, 17, 18, 19, 20, 16, 15, 14, 21, 22, 23, 13, 12, 11, 10, 3, 2, 1, 0] | src = 2, dest = 29
2026-06-12 01:18:23.184 - [DEBUG] ||| prep_pass ||| Next permutation = [None, None, None, None, 5, 6, 28, 27, 26, 7, 8, 9, 25, 24, 17, 18, 19, 20, 16, 15, 14, 21, 22, 23, 13, 12, 11, 10, 3, 2, 1, 0]
2026-06-12 01:18:23.184 - [DEBUG] ||| prep_pass ||| rb_src = 7, rb_dest = 27
2026-06-12 01:18:23.185 - [DEBUG] ||| prep_pass ||| Next permutation = [None, None, None, None, 5, 6, None, None, 26, 7, 8, 9, 25, 24, 17, 18, 19, 20, 16, 15, 14, 21, 22, 23, 13, 12, 11, 10, 3, 2, 1, 0]
2026-06-12 01:18:23.185 - [DEBUG] ||| prep_pass ||| rb_src = 9, rb_dest = 7
2026-06-12 01:18:23.186 - [DEBUG] ||| prep_pass ||| Next permutation = [None, None, None, None, 5, 6, None, None, None, None, 8, 9, 25, 24, 17, 18, 19, 20, 16, 15, 14, 21, 22, 23, 13, 12, 11, 10, 3, 2, 1, 0]
2026-06-12 01:18:23.186 - [DEBUG] ||| prep_pass ||| rb_src = 4, rb_dest = 5
2026-06-12 01:18:23.187 - [DEBUG] ||| prep_pass ||| Next permutation = [None, None, None, None, None, None, None, None, None, None, 8, 9, 25, 24, 17, 18, 19, 20, 16, 15, 14, 21, 22, 23, 13, 12, 11, 10, 3, 2, 1, 0]
2026-06-12 01:18:23.187 - [DEBUG] ||| prep_pass ||| Chain complete
2026-06-12 01:18:23.188 - [DEBUG] ||| run ||| pending_perm = [None, None, None, None, None, None, None, None, None, None, 8, 9, 25, 24, 17, 18, 19, 20, 16, 15, 14, 21, 22, 23, 13, 12, 11, 10, 3, 2, 1, 0] | src = 10, dest = 8
2026-06-12 01:18:23.189 - [DEBUG] ||| prep_pass ||| Next permutation = [None, None, None, None, None, None, None, None, None, None, None, None, 25, 24, 17, 18, 19, 20, 16, 15, 14, 21, 22, 23, 13, 12, 11, 10, 3, 2, 1, 0]
2026-06-12 01:18:23.190 - [DEBUG] ||| prep_pass ||| Chain complete
2026-06-12 01:18:23.190 - [DEBUG] ||| run ||| pending_perm = [None, None, None, None, None, None, None, None, None, None, None, None, 25, 24, 17, 18, 19, 20, 16, 15, 14, 21, 22, 23, 13, 12, 11, 10, 3, 2, 1, 0] | src = 12, dest = 25
2026-06-12 01:18:23.191 - [DEBUG] ||| prep_pass ||| Next permutation = [None, None, None, None, None, None, None, None, None, None, None, None, None, None, 17, 18, 19, 20, 16, 15, 14, 21, 22, 23, 13, 12, 11, 10, 3, 2, 1, 0]
2026-06-12 01:18:23.191 - [DEBUG] ||| prep_pass ||| Chain complete
2026-06-12 01:18:23.192 - [DEBUG] ||| run ||| pending_perm = [None, None, None, None, None, None, None, None, None, None, None, None, None, None, 17, 18, 19, 20, 16, 15, 14, 21, 22, 23, 13, 12, 11, 10, 3, 2, 1, 0] | src = 14, dest = 17
2026-06-12 01:18:23.192 - [DEBUG] ||| prep_pass ||| Next permutation = [None, None, None, None, None, None, None, None, None, None, None, None, None, None, None, None, 19, 20, 16, 15, 14, 21, 22, 23, 13, 12, 11, 10, 3, 2, 1, 0]
2026-06-12 01:18:23.193 - [DEBUG] ||| prep_pass ||| rb_src = 19, rb_dest = 15
2026-06-12 01:18:23.193 - [DEBUG] ||| prep_pass ||| Next permutation = [None, None, None, None, None, None, None, None, None, None, None, None, None, None, None, None, 19, 20, None, None, 14, 21, 22, 23, 13, 12, 11, 10, 3, 2, 1, 0]
2026-06-12 01:18:23.194 - [DEBUG] ||| prep_pass ||| rb_src = 21, rb_dest = 21
2026-06-12 01:18:23.194 - [DEBUG] ||| prep_pass ||| Next permutation = [None, None, None, None, None, None, None, None, None, None, None, None, None, None, None, None, 19, 20, None, None, None, None, 22, 23, 13, 12, 11, 10, 3, 2, 1, 0]
2026-06-12 01:18:23.194 - [DEBUG] ||| prep_pass ||| rb_src = 16, rb_dest = 19
2026-06-12 01:18:23.195 - [DEBUG] ||| prep_pass ||| Next permutation = [None, None, None, None, None, None, None, None, None, None, None, None, None, None, None, None, None, None, None, None, None, None, 22, 23, 13, 12, 11, 10, 3, 2, 1, 0]
2026-06-12 01:18:23.195 - [DEBUG] ||| prep_pass ||| Chain complete
2026-06-12 01:18:23.196 - [DEBUG] ||| run ||| pending_perm = [None, None, None, None, None, None, None, None, None, None, None, None, None, None, None, None, None, None, None, None, None, None, 22, 23, 13, 12, 11, 10, 3, 2, 1, 0] | src = 22, dest = 22
2026-06-12 01:18:23.196 - [DEBUG] ||| prep_pass ||| Next permutation = [None, None, None, None, None, None, None, None, None, None, None, None, None, None, None, None, None, None, None, None, None, None, None, None, 13, 12, 11, 10, 3, 2, 1, 0]
2026-06-12 01:18:23.196 - [DEBUG] ||| prep_pass ||| Chain complete
2026-06-12 01:18:23.197 - [DEBUG] ||| run ||| pending_perm = [None, None, None, None, None, None, None, None, None, None, None, None, None, None, None, None, None, None, None, None, None, None, None, None, 13, 12, 11, 10, 3, 2, 1, 0] | src = 24, dest = 13
2026-06-12 01:18:23.197 - [DEBUG] ||| prep_pass ||| Next permutation = [None, None, None, None, None, None, None, None, None, None, None, None, None, None, None, None, None, None, None, None, None, None, None, None, None, None, 11, 10, 3, 2, 1, 0]
2026-06-12 01:18:23.198 - [DEBUG] ||| prep_pass ||| Chain complete
2026-06-12 01:18:23.198 - [DEBUG] ||| run ||| pending_perm = [None, None, None, None, None, None, None, None, None, None, None, None, None, None, None, None, None, None, None, None, None, None, None, None, None, None, 11, 10, 3, 2, 1, 0] | src = 26, dest = 11
2026-06-12 01:18:23.199 - [DEBUG] ||| prep_pass ||| Next permutation = [None, None, None, None, None, None, None, None, None, None, None, None, None, None, None, None, None, None, None, None, None, None, None, None, None, None, None, None, 3, 2, 1, 0]
2026-06-12 01:18:23.199 - [DEBUG] ||| prep_pass ||| Chain complete
2026-06-12 01:18:23.199 - [DEBUG] ||| run ||| pending_perm = [None, None, None, None, None, None, None, None, None, None, None, None, None, None, None, None, None, None, None, None, None, None, None, None, None, None, None, None, 3, 2, 1, 0] | src = 28, dest = 3
2026-06-12 01:18:23.200 - [DEBUG] ||| prep_pass ||| Next permutation = [None, None, None, None, None, None, None, None, None, None, None, None, None, None, None, None, None, None, None, None, None, None, None, None, None, None, None, None, None, None, 1, 0]
2026-06-12 01:18:23.200 - [DEBUG] ||| prep_pass ||| Chain complete
2026-06-12 01:18:23.201 - [DEBUG] ||| run ||| pending_perm = [None, None, None, None, None, None, None, None, None, None, None, None, None, None, None, None, None, None, None, None, None, None, None, None, None, None, None, None, None, None, 1, 0] | src = 30, dest = 1
2026-06-12 01:18:23.201 - [DEBUG] ||| prep_pass ||| Next permutation = [None, None, None, None, None, None, None, None, None, None, None, None, None, None, None, None, None, None, None, None, None, None, None, None, None, None, None, None, None, None, None, None]
2026-06-12 01:18:23.201 - [DEBUG] ||| prep_pass ||| Chain complete
2026-06-12 01:18:23.202 - [DEBUG] ||| normalize_perm ||| Permutation post normalization = [31, 30, 29, 4, 5, 6, 28, 27, 26, 7, 8, 9, 25, 24, 17, 18, 19, 20, 16, 15, 14, 21, 22, 23, 13, 12, 11, 10, 3, 2, 1, 0]
2026-06-12 01:18:23.202 - [DEBUG] ||| run ||| pending_perm = [31, 30, 29, 4, 5, 6, 28, 27, 26, 7, 8, 9, 25, 24, 17, 18, 19, 20, 16, 15, 14, 21, 22, 23, 13, 12, 11, 10, 3, 2, 1, 0] | src = 0, dest = 31
2026-06-12 01:18:23.203 - [DEBUG] ||| prep_pass ||| Next permutation = [None, None, 29, 4, 5, 6, 28, 27, 26, 7, 8, 9, 25, 24, 17, 18, 19, 20, 16, 15, 14, 21, 22, 23, 13, 12, 11, 10, 3, 2, 1, 0]
2026-06-12 01:18:23.203 - [DEBUG] ||| prep_pass ||| Chain complete
2026-06-12 01:18:23.204 - [DEBUG] ||| run ||| pending_perm = [None, None, 29, 4, 5, 6, 28, 27, 26, 7, 8, 9, 25, 24, 17, 18, 19, 20, 16, 15, 14, 21, 22, 23, 13, 12, 11, 10, 3, 2, 1, 0] | src = 2, dest = 29
2026-06-12 01:18:23.204 - [DEBUG] ||| prep_pass ||| Next permutation = [None, None, None, None, 5, 6, 28, 27, 26, 7, 8, 9, 25, 24, 17, 18, 19, 20, 16, 15, 14, 21, 22, 23, 13, 12, 11, 10, 3, 2, 1, 0]
2026-06-12 01:18:23.204 - [DEBUG] ||| prep_pass ||| rb_src = 7, rb_dest = 27
2026-06-12 01:18:23.205 - [DEBUG] ||| prep_pass ||| Next permutation = [None, None, None, None, 5, 6, None, None, 26, 7, 8, 9, 25, 24, 17, 18, 19, 20, 16, 15, 14, 21, 22, 23, 13, 12, 11, 10, 3, 2, 1, 0]
2026-06-12 01:18:23.205 - [DEBUG] ||| prep_pass ||| rb_src = 9, rb_dest = 7
2026-06-12 01:18:23.206 - [DEBUG] ||| prep_pass ||| Next permutation = [None, None, None, None, 5, 6, None, None, None, None, 8, 9, 25, 24, 17, 18, 19, 20, 16, 15, 14, 21, 22, 23, 13, 12, 11, 10, 3, 2, 1, 0]
2026-06-12 01:18:23.206 - [DEBUG] ||| prep_pass ||| rb_src = 4, rb_dest = 5
2026-06-12 01:18:23.206 - [DEBUG] ||| prep_pass ||| Next permutation = [None, None, None, None, None, None, None, None, None, None, 8, 9, 25, 24, 17, 18, 19, 20, 16, 15, 14, 21, 22, 23, 13, 12, 11, 10, 3, 2, 1, 0]
2026-06-12 01:18:23.207 - [DEBUG] ||| prep_pass ||| Chain complete
2026-06-12 01:18:23.207 - [DEBUG] ||| run ||| pending_perm = [None, None, None, None, None, None, None, None, None, None, 8, 9, 25, 24, 17, 18, 19, 20, 16, 15, 14, 21, 22, 23, 13, 12, 11, 10, 3, 2, 1, 0] | src = 10, dest = 8
2026-06-12 01:18:23.208 - [DEBUG] ||| prep_pass ||| Next permutation = [None, None, None, None, None, None, None, None, None, None, None, None, 25, 24, 17, 18, 19, 20, 16, 15, 14, 21, 22, 23, 13, 12, 11, 10, 3, 2, 1, 0]
2026-06-12 01:18:23.208 - [DEBUG] ||| prep_pass ||| Chain complete
2026-06-12 01:18:23.208 - [DEBUG] ||| run ||| pending_perm = [None, None, None, None, None, None, None, None, None, None, None, None, 25, 24, 17, 18, 19, 20, 16, 15, 14, 21, 22, 23, 13, 12, 11, 10, 3, 2, 1, 0] | src = 12, dest = 25
2026-06-12 01:18:23.209 - [DEBUG] ||| prep_pass ||| Next permutation = [None, None, None, None, None, None, None, None, None, None, None, None, None, None, 17, 18, 19, 20, 16, 15, 14, 21, 22, 23, 13, 12, 11, 10, 3, 2, 1, 0]
2026-06-12 01:18:23.209 - [DEBUG] ||| prep_pass ||| Chain complete
2026-06-12 01:18:23.209 - [DEBUG] ||| run ||| pending_perm = [None, None, None, None, None, None, None, None, None, None, None, None, None, None, 17, 18, 19, 20, 16, 15, 14, 21, 22, 23, 13, 12, 11, 10, 3, 2, 1, 0] | src = 14, dest = 17
2026-06-12 01:18:23.210 - [DEBUG] ||| prep_pass ||| Next permutation = [None, None, None, None, None, None, None, None, None, None, None, None, None, None, None, None, 19, 20, 16, 15, 14, 21, 22, 23, 13, 12, 11, 10, 3, 2, 1, 0]
2026-06-12 01:18:23.210 - [DEBUG] ||| prep_pass ||| rb_src = 19, rb_dest = 15
2026-06-12 01:18:23.211 - [DEBUG] ||| prep_pass ||| Next permutation = [None, None, None, None, None, None, None, None, None, None, None, None, None, None, None, None, 19, 20, None, None, 14, 21, 22, 23, 13, 12, 11, 10, 3, 2, 1, 0]
2026-06-12 01:18:23.211 - [DEBUG] ||| prep_pass ||| rb_src = 21, rb_dest = 21
2026-06-12 01:18:23.211 - [DEBUG] ||| prep_pass ||| Next permutation = [None, None, None, None, None, None, None, None, None, None, None, None, None, None, None, None, 19, 20, None, None, None, None, 22, 23, 13, 12, 11, 10, 3, 2, 1, 0]
2026-06-12 01:18:23.212 - [DEBUG] ||| prep_pass ||| rb_src = 16, rb_dest = 19
2026-06-12 01:18:23.212 - [DEBUG] ||| prep_pass ||| Next permutation = [None, None, None, None, None, None, None, None, None, None, None, None, None, None, None, None, None, None, None, None, None, None, 22, 23, 13, 12, 11, 10, 3, 2, 1, 0]
2026-06-12 01:18:23.213 - [DEBUG] ||| prep_pass ||| Chain complete
2026-06-12 01:18:23.213 - [DEBUG] ||| run ||| pending_perm = [None, None, None, None, None, None, None, None, None, None, None, None, None, None, None, None, None, None, None, None, None, None, 22, 23, 13, 12, 11, 10, 3, 2, 1, 0] | src = 22, dest = 22
2026-06-12 01:18:23.213 - [DEBUG] ||| prep_pass ||| Next permutation = [None, None, None, None, None, None, None, None, None, None, None, None, None, None, None, None, None, None, None, None, None, None, None, None, 13, 12, 11, 10, 3, 2, 1, 0]
2026-06-12 01:18:23.214 - [DEBUG] ||| prep_pass ||| Chain complete
2026-06-12 01:18:23.214 - [DEBUG] ||| run ||| pending_perm = [None, None, None, None, None, None, None, None, None, None, None, None, None, None, None, None, None, None, None, None, None, None, None, None, 13, 12, 11, 10, 3, 2, 1, 0] | src = 24, dest = 13
2026-06-12 01:18:23.215 - [DEBUG] ||| prep_pass ||| Next permutation = [None, None, None, None, None, None, None, None, None, None, None, None, None, None, None, None, None, None, None, None, None, None, None, None, None, None, 11, 10, 3, 2, 1, 0]
2026-06-12 01:18:23.215 - [DEBUG] ||| prep_pass ||| Chain complete
2026-06-12 01:18:23.215 - [DEBUG] ||| run ||| pending_perm = [None, None, None, None, None, None, None, None, None, None, None, None, None, None, None, None, None, None, None, None, None, None, None, None, None, None, 11, 10, 3, 2, 1, 0] | src = 26, dest = 11
2026-06-12 01:18:23.216 - [DEBUG] ||| prep_pass ||| Next permutation = [None, None, None, None, None, None, None, None, None, None, None, None, None, None, None, None, None, None, None, None, None, None, None, None, None, None, None, None, 3, 2, 1, 0]
2026-06-12 01:18:23.216 - [DEBUG] ||| prep_pass ||| Chain complete
2026-06-12 01:18:23.217 - [DEBUG] ||| run ||| pending_perm = [None, None, None, None, None, None, None, None, None, None, None, None, None, None, None, None, None, None, None, None, None, None, None, None, None, None, None, None, 3, 2, 1, 0] | src = 28, dest = 3
2026-06-12 01:18:23.217 - [DEBUG] ||| prep_pass ||| Next permutation = [None, None, None, None, None, None, None, None, None, None, None, None, None, None, None, None, None, None, None, None, None, None, None, None, None, None, None, None, None, None, 1, 0]
2026-06-12 01:18:23.217 - [DEBUG] ||| prep_pass ||| Chain complete
2026-06-12 01:18:23.218 - [DEBUG] ||| run ||| pending_perm = [None, None, None, None, None, None, None, None, None, None, None, None, None, None, None, None, None, None, None, None, None, None, None, None, None, None, None, None, None, None, 1, 0] | src = 30, dest = 1
2026-06-12 01:18:23.218 - [DEBUG] ||| prep_pass ||| Next permutation = [None, None, None, None, None, None, None, None, None, None, None, None, None, None, None, None, None, None, None, None, None, None, None, None, None, None, None, None, None, None, None, None]
2026-06-12 01:18:23.218 - [DEBUG] ||| prep_pass ||| Chain complete
2026-06-12 01:18:23.219 - [DEBUG] ||| propogate ||| stage = 1, input perm = [63, 61, 59, 8, 10, 12, 57, 55, 53, 14, 16, 18, 51, 49, 35, 36, 38, 40, 33, 31, 29, 42, 44, 46, 27, 25, 23, 21, 7, 5, 3, 1, 62, 60, 58, 9, 11, 13, 56, 54, 52, 15, 17, 19, 50, 48, 34, 37, 39, 41, 32, 30, 28, 43, 45, 47, 26, 24, 22, 20, 6, 4, 2, 0]
2026-06-12 01:18:23.220 - [DEBUG] ||| run ||| Stage[1] | Output permutation = [63, 59, 10, 55, 14, 16, 51, 35, 38, 31, 42, 44, 27, 23, 7, 3, 61, 8, 12, 57, 53, 18, 49, 36, 40, 33, 29, 46, 25, 21, 5, 1, 62, 58, 11, 54, 15, 17, 50, 34, 39, 30, 43, 45, 26, 22, 6, 2, 60, 9, 13, 56, 52, 19, 48, 37, 41, 32, 28, 47, 24, 20, 4, 0]
2026-06-12 01:18:23.220 - [DEBUG] ||| run ||| Stage[2] || perm_split = 4, split_len = 16, sw_split = 8, sub_perms = [[63, 59, 10, 55, 14, 16, 51, 35, 38, 31, 42, 44, 27, 23, 7, 3], [61, 8, 12, 57, 53, 18, 49, 36, 40, 33, 29, 46, 25, 21, 5, 1], [62, 58, 11, 54, 15, 17, 50, 34, 39, 30, 43, 45, 26, 22, 6, 2], [60, 9, 13, 56, 52, 19, 48, 37, 41, 32, 28, 47, 24, 20, 4, 0]]
2026-06-12 01:18:23.221 - [DEBUG] ||| normalize_perm ||| Permutation post normalization = [15, 14, 2, 13, 3, 4, 12, 8, 9, 7, 10, 11, 6, 5, 1, 0]
2026-06-12 01:18:23.221 - [DEBUG] ||| run ||| pending_perm = [15, 14, 2, 13, 3, 4, 12, 8, 9, 7, 10, 11, 6, 5, 1, 0] | src = 0, dest = 15
2026-06-12 01:18:23.221 - [DEBUG] ||| prep_pass ||| Next permutation = [None, None, 2, 13, 3, 4, 12, 8, 9, 7, 10, 11, 6, 5, 1, 0]
2026-06-12 01:18:23.222 - [DEBUG] ||| prep_pass ||| Chain complete
2026-06-12 01:18:23.222 - [DEBUG] ||| run ||| pending_perm = [None, None, 2, 13, 3, 4, 12, 8, 9, 7, 10, 11, 6, 5, 1, 0] | src = 2, dest = 2
2026-06-12 01:18:23.223 - [DEBUG] ||| prep_pass ||| Next permutation = [None, None, None, None, 3, 4, 12, 8, 9, 7, 10, 11, 6, 5, 1, 0]
2026-06-12 01:18:23.223 - [DEBUG] ||| prep_pass ||| rb_src = 5, rb_dest = 4
2026-06-12 01:18:23.223 - [DEBUG] ||| prep_pass ||| Next permutation = [None, None, None, None, None, None, 12, 8, 9, 7, 10, 11, 6, 5, 1, 0]
2026-06-12 01:18:23.224 - [DEBUG] ||| prep_pass ||| rb_src = 12, rb_dest = 6
2026-06-12 01:18:23.224 - [DEBUG] ||| prep_pass ||| Next permutation = [None, None, None, None, None, None, 12, 8, 9, 7, 10, 11, None, None, 1, 0]
2026-06-12 01:18:23.224 - [DEBUG] ||| prep_pass ||| rb_src = 8, rb_dest = 9
2026-06-12 01:18:23.225 - [DEBUG] ||| prep_pass ||| Next permutation = [None, None, None, None, None, None, 12, 8, None, None, 10, 11, None, None, 1, 0]
2026-06-12 01:18:23.225 - [DEBUG] ||| prep_pass ||| rb_src = 6, rb_dest = 12
2026-06-12 01:18:23.226 - [DEBUG] ||| prep_pass ||| Next permutation = [None, None, None, None, None, None, None, None, None, None, 10, 11, None, None, 1, 0]
2026-06-12 01:18:23.226 - [DEBUG] ||| prep_pass ||| Chain complete
2026-06-12 01:18:23.226 - [DEBUG] ||| run ||| pending_perm = [None, None, None, None, None, None, None, None, None, None, 10, 11, None, None, 1, 0] | src = 10, dest = 10
2026-06-12 01:18:23.227 - [DEBUG] ||| prep_pass ||| Next permutation = [None, None, None, None, None, None, None, None, None, None, None, None, None, None, 1, 0]
2026-06-12 01:18:23.227 - [DEBUG] ||| prep_pass ||| Chain complete
2026-06-12 01:18:23.227 - [DEBUG] ||| run ||| pending_perm = [None, None, None, None, None, None, None, None, None, None, None, None, None, None, 1, 0] | src = 14, dest = 1
2026-06-12 01:18:23.228 - [DEBUG] ||| prep_pass ||| Next permutation = [None, None, None, None, None, None, None, None, None, None, None, None, None, None, None, None]
2026-06-12 01:18:23.228 - [DEBUG] ||| prep_pass ||| Chain complete
2026-06-12 01:18:23.229 - [DEBUG] ||| normalize_perm ||| Permutation post normalization = [15, 2, 3, 14, 13, 4, 12, 9, 10, 8, 7, 11, 6, 5, 1, 0]
2026-06-12 01:18:23.229 - [DEBUG] ||| run ||| pending_perm = [15, 2, 3, 14, 13, 4, 12, 9, 10, 8, 7, 11, 6, 5, 1, 0] | src = 0, dest = 15
2026-06-12 01:18:23.229 - [DEBUG] ||| prep_pass ||| Next permutation = [None, None, 3, 14, 13, 4, 12, 9, 10, 8, 7, 11, 6, 5, 1, 0]
2026-06-12 01:18:23.230 - [DEBUG] ||| prep_pass ||| rb_src = 2, rb_dest = 3
2026-06-12 01:18:23.230 - [DEBUG] ||| prep_pass ||| Next permutation = [None, None, None, None, 13, 4, 12, 9, 10, 8, 7, 11, 6, 5, 1, 0]
2026-06-12 01:18:23.231 - [DEBUG] ||| prep_pass ||| Chain complete
2026-06-12 01:18:23.231 - [DEBUG] ||| run ||| pending_perm = [None, None, None, None, 13, 4, 12, 9, 10, 8, 7, 11, 6, 5, 1, 0] | src = 4, dest = 13
2026-06-12 01:18:23.231 - [DEBUG] ||| prep_pass ||| Next permutation = [None, None, None, None, None, None, 12, 9, 10, 8, 7, 11, 6, 5, 1, 0]
2026-06-12 01:18:23.232 - [DEBUG] ||| prep_pass ||| rb_src = 7, rb_dest = 9
2026-06-12 01:18:23.232 - [DEBUG] ||| prep_pass ||| Next permutation = [None, None, None, None, None, None, None, None, 10, 8, 7, 11, 6, 5, 1, 0]
2026-06-12 01:18:23.232 - [DEBUG] ||| prep_pass ||| rb_src = 8, rb_dest = 10
2026-06-12 01:18:23.233 - [DEBUG] ||| prep_pass ||| Next permutation = [None, None, None, None, None, None, None, None, None, None, 7, 11, 6, 5, 1, 0]
2026-06-12 01:18:23.233 - [DEBUG] ||| prep_pass ||| rb_src = 10, rb_dest = 7
2026-06-12 01:18:23.234 - [DEBUG] ||| prep_pass ||| Next permutation = [None, None, None, None, None, None, None, None, None, None, None, None, 6, 5, 1, 0]
2026-06-12 01:18:23.234 - [DEBUG] ||| prep_pass ||| rb_src = 13, rb_dest = 5
2026-06-12 01:18:23.235 - [DEBUG] ||| prep_pass ||| Next permutation = [None, None, None, None, None, None, None, None, None, None, None, None, None, None, 1, 0]
2026-06-12 01:18:23.235 - [DEBUG] ||| prep_pass ||| Chain complete
2026-06-12 01:18:23.236 - [DEBUG] ||| run ||| pending_perm = [None, None, None, None, None, None, None, None, None, None, None, None, None, None, 1, 0] | src = 14, dest = 1
2026-06-12 01:18:23.236 - [DEBUG] ||| prep_pass ||| Next permutation = [None, None, None, None, None, None, None, None, None, None, None, None, None, None, None, None]
2026-06-12 01:18:23.237 - [DEBUG] ||| prep_pass ||| Chain complete
2026-06-12 01:18:23.237 - [DEBUG] ||| normalize_perm ||| Permutation post normalization = [15, 14, 2, 13, 3, 4, 12, 8, 9, 7, 10, 11, 6, 5, 1, 0]
2026-06-12 01:18:23.238 - [DEBUG] ||| run ||| pending_perm = [15, 14, 2, 13, 3, 4, 12, 8, 9, 7, 10, 11, 6, 5, 1, 0] | src = 0, dest = 15
2026-06-12 01:18:23.238 - [DEBUG] ||| prep_pass ||| Next permutation = [None, None, 2, 13, 3, 4, 12, 8, 9, 7, 10, 11, 6, 5, 1, 0]
2026-06-12 01:18:23.238 - [DEBUG] ||| prep_pass ||| Chain complete
2026-06-12 01:18:23.239 - [DEBUG] ||| run ||| pending_perm = [None, None, 2, 13, 3, 4, 12, 8, 9, 7, 10, 11, 6, 5, 1, 0] | src = 2, dest = 2
2026-06-12 01:18:23.239 - [DEBUG] ||| prep_pass ||| Next permutation = [None, None, None, None, 3, 4, 12, 8, 9, 7, 10, 11, 6, 5, 1, 0]
2026-06-12 01:18:23.239 - [DEBUG] ||| prep_pass ||| rb_src = 5, rb_dest = 4
2026-06-12 01:18:23.240 - [DEBUG] ||| prep_pass ||| Next permutation = [None, None, None, None, None, None, 12, 8, 9, 7, 10, 11, 6, 5, 1, 0]
2026-06-12 01:18:23.240 - [DEBUG] ||| prep_pass ||| rb_src = 12, rb_dest = 6
2026-06-12 01:18:23.241 - [DEBUG] ||| prep_pass ||| Next permutation = [None, None, None, None, None, None, 12, 8, 9, 7, 10, 11, None, None, 1, 0]
2026-06-12 01:18:23.241 - [DEBUG] ||| prep_pass ||| rb_src = 8, rb_dest = 9
2026-06-12 01:18:23.241 - [DEBUG] ||| prep_pass ||| Next permutation = [None, None, None, None, None, None, 12, 8, None, None, 10, 11, None, None, 1, 0]
2026-06-12 01:18:23.242 - [DEBUG] ||| prep_pass ||| rb_src = 6, rb_dest = 12
2026-06-12 01:18:23.242 - [DEBUG] ||| prep_pass ||| Next permutation = [None, None, None, None, None, None, None, None, None, None, 10, 11, None, None, 1, 0]
2026-06-12 01:18:23.243 - [DEBUG] ||| prep_pass ||| Chain complete
2026-06-12 01:18:23.243 - [DEBUG] ||| run ||| pending_perm = [None, None, None, None, None, None, None, None, None, None, 10, 11, None, None, 1, 0] | src = 10, dest = 10
2026-06-12 01:18:23.244 - [DEBUG] ||| prep_pass ||| Next permutation = [None, None, None, None, None, None, None, None, None, None, None, None, None, None, 1, 0]
2026-06-12 01:18:23.244 - [DEBUG] ||| prep_pass ||| Chain complete
2026-06-12 01:18:23.245 - [DEBUG] ||| run ||| pending_perm = [None, None, None, None, None, None, None, None, None, None, None, None, None, None, 1, 0] | src = 14, dest = 1
2026-06-12 01:18:23.245 - [DEBUG] ||| prep_pass ||| Next permutation = [None, None, None, None, None, None, None, None, None, None, None, None, None, None, None, None]
2026-06-12 01:18:23.246 - [DEBUG] ||| prep_pass ||| Chain complete
2026-06-12 01:18:23.246 - [DEBUG] ||| normalize_perm ||| Permutation post normalization = [15, 2, 3, 14, 13, 4, 12, 9, 10, 8, 7, 11, 6, 5, 1, 0]
2026-06-12 01:18:23.247 - [DEBUG] ||| run ||| pending_perm = [15, 2, 3, 14, 13, 4, 12, 9, 10, 8, 7, 11, 6, 5, 1, 0] | src = 0, dest = 15
2026-06-12 01:18:23.247 - [DEBUG] ||| prep_pass ||| Next permutation = [None, None, 3, 14, 13, 4, 12, 9, 10, 8, 7, 11, 6, 5, 1, 0]
2026-06-12 01:18:23.247 - [DEBUG] ||| prep_pass ||| rb_src = 2, rb_dest = 3
2026-06-12 01:18:23.248 - [DEBUG] ||| prep_pass ||| Next permutation = [None, None, None, None, 13, 4, 12, 9, 10, 8, 7, 11, 6, 5, 1, 0]
2026-06-12 01:18:23.248 - [DEBUG] ||| prep_pass ||| Chain complete
2026-06-12 01:18:23.249 - [DEBUG] ||| run ||| pending_perm = [None, None, None, None, 13, 4, 12, 9, 10, 8, 7, 11, 6, 5, 1, 0] | src = 4, dest = 13
2026-06-12 01:18:23.249 - [DEBUG] ||| prep_pass ||| Next permutation = [None, None, None, None, None, None, 12, 9, 10, 8, 7, 11, 6, 5, 1, 0]
2026-06-12 01:18:23.249 - [DEBUG] ||| prep_pass ||| rb_src = 7, rb_dest = 9
2026-06-12 01:18:23.250 - [DEBUG] ||| prep_pass ||| Next permutation = [None, None, None, None, None, None, None, None, 10, 8, 7, 11, 6, 5, 1, 0]
2026-06-12 01:18:23.251 - [DEBUG] ||| prep_pass ||| rb_src = 8, rb_dest = 10
2026-06-12 01:18:23.251 - [DEBUG] ||| prep_pass ||| Next permutation = [None, None, None, None, None, None, None, None, None, None, 7, 11, 6, 5, 1, 0]
2026-06-12 01:18:23.251 - [DEBUG] ||| prep_pass ||| rb_src = 10, rb_dest = 7
2026-06-12 01:18:23.252 - [DEBUG] ||| prep_pass ||| Next permutation = [None, None, None, None, None, None, None, None, None, None, None, None, 6, 5, 1, 0]
2026-06-12 01:18:23.252 - [DEBUG] ||| prep_pass ||| rb_src = 13, rb_dest = 5
2026-06-12 01:18:23.253 - [DEBUG] ||| prep_pass ||| Next permutation = [None, None, None, None, None, None, None, None, None, None, None, None, None, None, 1, 0]
2026-06-12 01:18:23.253 - [DEBUG] ||| prep_pass ||| Chain complete
2026-06-12 01:18:23.254 - [DEBUG] ||| run ||| pending_perm = [None, None, None, None, None, None, None, None, None, None, None, None, None, None, 1, 0] | src = 14, dest = 1
2026-06-12 01:18:23.254 - [DEBUG] ||| prep_pass ||| Next permutation = [None, None, None, None, None, None, None, None, None, None, None, None, None, None, None, None]
2026-06-12 01:18:23.254 - [DEBUG] ||| prep_pass ||| Chain complete
2026-06-12 01:18:23.255 - [DEBUG] ||| propogate ||| stage = 2, input perm = [63, 59, 10, 55, 14, 16, 51, 35, 38, 31, 42, 44, 27, 23, 7, 3, 61, 8, 12, 57, 53, 18, 49, 36, 40, 33, 29, 46, 25, 21, 5, 1, 62, 58, 11, 54, 15, 17, 50, 34, 39, 30, 43, 45, 26, 22, 6, 2, 60, 9, 13, 56, 52, 19, 48, 37, 41, 32, 28, 47, 24, 20, 4, 0]
2026-06-12 01:18:23.255 - [DEBUG] ||| run ||| Stage[2] | Output permutation = [63, 10, 16, 51, 38, 42, 27, 7, 59, 55, 14, 35, 31, 44, 23, 3, 61, 12, 53, 36, 40, 29, 21, 5, 8, 57, 18, 49, 33, 46, 25, 1, 62, 11, 17, 50, 39, 43, 26, 6, 58, 54, 15, 34, 30, 45, 22, 2, 60, 13, 52, 37, 41, 28, 20, 4, 9, 56, 19, 48, 32, 47, 24, 0]
2026-06-12 01:18:23.256 - [DEBUG] ||| run ||| Stage[3] || perm_split = 8, split_len = 8, sw_split = 4, sub_perms = [[63, 10, 16, 51, 38, 42, 27, 7], [59, 55, 14, 35, 31, 44, 23, 3], [61, 12, 53, 36, 40, 29, 21, 5], [8, 57, 18, 49, 33, 46, 25, 1], [62, 11, 17, 50, 39, 43, 26, 6], [58, 54, 15, 34, 30, 45, 22, 2], [60, 13, 52, 37, 41, 28, 20, 4], [9, 56, 19, 48, 32, 47, 24, 0]]
2026-06-12 01:18:23.256 - [DEBUG] ||| normalize_perm ||| Permutation post normalization = [7, 1, 2, 6, 4, 5, 3, 0]
2026-06-12 01:18:23.257 - [DEBUG] ||| run ||| pending_perm = [7, 1, 2, 6, 4, 5, 3, 0] | src = 0, dest = 7
2026-06-12 01:18:23.257 - [DEBUG] ||| prep_pass ||| Next permutation = [None, None, 2, 6, 4, 5, 3, 0]
2026-06-12 01:18:23.258 - [DEBUG] ||| prep_pass ||| rb_src = 2, rb_dest = 2
2026-06-12 01:18:23.258 - [DEBUG] ||| prep_pass ||| Next permutation = [None, None, None, None, 4, 5, 3, 0]
2026-06-12 01:18:23.258 - [DEBUG] ||| prep_pass ||| rb_src = 7, rb_dest = 0
2026-06-12 01:18:23.259 - [DEBUG] ||| prep_pass ||| Next permutation = [None, None, None, None, 4, 5, None, None]
2026-06-12 01:18:23.259 - [DEBUG] ||| prep_pass ||| Chain complete
2026-06-12 01:18:23.260 - [DEBUG] ||| run ||| pending_perm = [None, None, None, None, 4, 5, None, None] | src = 4, dest = 4
2026-06-12 01:18:23.260 - [DEBUG] ||| prep_pass ||| Next permutation = [None, None, None, None, None, None, None, None]
2026-06-12 01:18:23.260 - [DEBUG] ||| prep_pass ||| Chain complete
2026-06-12 01:18:23.261 - [DEBUG] ||| normalize_perm ||| Permutation post normalization = [7, 6, 1, 4, 3, 5, 2, 0]
2026-06-12 01:18:23.261 - [DEBUG] ||| run ||| pending_perm = [7, 6, 1, 4, 3, 5, 2, 0] | src = 0, dest = 7
2026-06-12 01:18:23.262 - [DEBUG] ||| prep_pass ||| Next permutation = [None, None, 1, 4, 3, 5, 2, 0]
2026-06-12 01:18:23.262 - [DEBUG] ||| prep_pass ||| Chain complete
2026-06-12 01:18:23.263 - [DEBUG] ||| run ||| pending_perm = [None, None, 1, 4, 3, 5, 2, 0] | src = 2, dest = 1
2026-06-12 01:18:23.263 - [DEBUG] ||| prep_pass ||| Next permutation = [None, None, None, None, 3, 5, 2, 0]
2026-06-12 01:18:23.264 - [DEBUG] ||| prep_pass ||| rb_src = 6, rb_dest = 2
2026-06-12 01:18:23.264 - [DEBUG] ||| prep_pass ||| Next permutation = [None, None, None, None, 3, 5, None, None]
2026-06-12 01:18:23.265 - [DEBUG] ||| prep_pass ||| rb_src = 5, rb_dest = 5
2026-06-12 01:18:23.265 - [DEBUG] ||| prep_pass ||| Next permutation = [None, None, None, None, None, None, None, None]
2026-06-12 01:18:23.266 - [DEBUG] ||| prep_pass ||| Chain complete
2026-06-12 01:18:23.267 - [DEBUG] ||| normalize_perm ||| Permutation post normalization = [7, 1, 6, 4, 5, 3, 2, 0]
2026-06-12 01:18:23.267 - [DEBUG] ||| run ||| pending_perm = [7, 1, 6, 4, 5, 3, 2, 0] | src = 0, dest = 7
2026-06-12 01:18:23.268 - [DEBUG] ||| prep_pass ||| Next permutation = [None, None, 6, 4, 5, 3, 2, 0]
2026-06-12 01:18:23.268 - [DEBUG] ||| prep_pass ||| rb_src = 3, rb_dest = 4
2026-06-12 01:18:23.268 - [DEBUG] ||| prep_pass ||| Next permutation = [None, None, None, None, 5, 3, 2, 0]
2026-06-12 01:18:23.269 - [DEBUG] ||| prep_pass ||| rb_src = 5, rb_dest = 3
2026-06-12 01:18:23.269 - [DEBUG] ||| prep_pass ||| Next permutation = [None, None, None, None, None, None, 2, 0]
2026-06-12 01:18:23.270 - [DEBUG] ||| prep_pass ||| rb_src = 7, rb_dest = 0
2026-06-12 01:18:23.270 - [DEBUG] ||| prep_pass ||| Next permutation = [None, None, None, None, None, None, None, None]
2026-06-12 01:18:23.270 - [DEBUG] ||| prep_pass ||| Chain complete
2026-06-12 01:18:23.271 - [DEBUG] ||| normalize_perm ||| Permutation post normalization = [1, 7, 2, 6, 4, 5, 3, 0]
2026-06-12 01:18:23.271 - [DEBUG] ||| run ||| pending_perm = [1, 7, 2, 6, 4, 5, 3, 0] | src = 0, dest = 1
2026-06-12 01:18:23.272 - [DEBUG] ||| prep_pass ||| Next permutation = [None, None, 2, 6, 4, 5, 3, 0]
2026-06-12 01:18:23.272 - [DEBUG] ||| prep_pass ||| rb_src = 6, rb_dest = 3
2026-06-12 01:18:23.273 - [DEBUG] ||| prep_pass ||| Next permutation = [None, None, 2, 6, 4, 5, None, None]
2026-06-12 01:18:23.273 - [DEBUG] ||| prep_pass ||| rb_src = 3, rb_dest = 6
2026-06-12 01:18:23.274 - [DEBUG] ||| prep_pass ||| Next permutation = [None, None, None, None, 4, 5, None, None]
2026-06-12 01:18:23.274 - [DEBUG] ||| prep_pass ||| Chain complete
2026-06-12 01:18:23.275 - [DEBUG] ||| run ||| pending_perm = [None, None, None, None, 4, 5, None, None] | src = 4, dest = 4
2026-06-12 01:18:23.275 - [DEBUG] ||| prep_pass ||| Next permutation = [None, None, None, None, None, None, None, None]
2026-06-12 01:18:23.275 - [DEBUG] ||| prep_pass ||| Chain complete
2026-06-12 01:18:23.276 - [DEBUG] ||| normalize_perm ||| Permutation post normalization = [7, 1, 2, 6, 4, 5, 3, 0]
2026-06-12 01:18:23.277 - [DEBUG] ||| run ||| pending_perm = [7, 1, 2, 6, 4, 5, 3, 0] | src = 0, dest = 7
2026-06-12 01:18:23.277 - [DEBUG] ||| prep_pass ||| Next permutation = [None, None, 2, 6, 4, 5, 3, 0]
2026-06-12 01:18:23.277 - [DEBUG] ||| prep_pass ||| rb_src = 2, rb_dest = 2
2026-06-12 01:18:23.278 - [DEBUG] ||| prep_pass ||| Next permutation = [None, None, None, None, 4, 5, 3, 0]
2026-06-12 01:18:23.278 - [DEBUG] ||| prep_pass ||| rb_src = 7, rb_dest = 0
2026-06-12 01:18:23.279 - [DEBUG] ||| prep_pass ||| Next permutation = [None, None, None, None, 4, 5, None, None]
2026-06-12 01:18:23.279 - [DEBUG] ||| prep_pass ||| Chain complete
2026-06-12 01:18:23.280 - [DEBUG] ||| run ||| pending_perm = [None, None, None, None, 4, 5, None, None] | src = 4, dest = 4
2026-06-12 01:18:23.280 - [DEBUG] ||| prep_pass ||| Next permutation = [None, None, None, None, None, None, None, None]
2026-06-12 01:18:23.280 - [DEBUG] ||| prep_pass ||| Chain complete
2026-06-12 01:18:23.281 - [DEBUG] ||| normalize_perm ||| Permutation post normalization = [7, 6, 1, 4, 3, 5, 2, 0]
2026-06-12 01:18:23.282 - [DEBUG] ||| run ||| pending_perm = [7, 6, 1, 4, 3, 5, 2, 0] | src = 0, dest = 7
2026-06-12 01:18:23.282 - [DEBUG] ||| prep_pass ||| Next permutation = [None, None, 1, 4, 3, 5, 2, 0]
2026-06-12 01:18:23.283 - [DEBUG] ||| prep_pass ||| Chain complete
2026-06-12 01:18:23.283 - [DEBUG] ||| run ||| pending_perm = [None, None, 1, 4, 3, 5, 2, 0] | src = 2, dest = 1
2026-06-12 01:18:23.283 - [DEBUG] ||| prep_pass ||| Next permutation = [None, None, None, None, 3, 5, 2, 0]
2026-06-12 01:18:23.284 - [DEBUG] ||| prep_pass ||| rb_src = 6, rb_dest = 2
2026-06-12 01:18:23.284 - [DEBUG] ||| prep_pass ||| Next permutation = [None, None, None, None, 3, 5, None, None]
2026-06-12 01:18:23.285 - [DEBUG] ||| prep_pass ||| rb_src = 5, rb_dest = 5
2026-06-12 01:18:23.285 - [DEBUG] ||| prep_pass ||| Next permutation = [None, None, None, None, None, None, None, None]
2026-06-12 01:18:23.285 - [DEBUG] ||| prep_pass ||| Chain complete
2026-06-12 01:18:23.286 - [DEBUG] ||| normalize_perm ||| Permutation post normalization = [7, 1, 6, 4, 5, 3, 2, 0]
2026-06-12 01:18:23.286 - [DEBUG] ||| run ||| pending_perm = [7, 1, 6, 4, 5, 3, 2, 0] | src = 0, dest = 7
2026-06-12 01:18:23.286 - [DEBUG] ||| prep_pass ||| Next permutation = [None, None, 6, 4, 5, 3, 2, 0]
2026-06-12 01:18:23.287 - [DEBUG] ||| prep_pass ||| rb_src = 3, rb_dest = 4
2026-06-12 01:18:23.287 - [DEBUG] ||| prep_pass ||| Next permutation = [None, None, None, None, 5, 3, 2, 0]
2026-06-12 01:18:23.287 - [DEBUG] ||| prep_pass ||| rb_src = 5, rb_dest = 3
2026-06-12 01:18:23.288 - [DEBUG] ||| prep_pass ||| Next permutation = [None, None, None, None, None, None, 2, 0]
2026-06-12 01:18:23.288 - [DEBUG] ||| prep_pass ||| rb_src = 7, rb_dest = 0
2026-06-12 01:18:23.289 - [DEBUG] ||| prep_pass ||| Next permutation = [None, None, None, None, None, None, None, None]
2026-06-12 01:18:23.289 - [DEBUG] ||| prep_pass ||| Chain complete
2026-06-12 01:18:23.289 - [DEBUG] ||| normalize_perm ||| Permutation post normalization = [1, 7, 2, 6, 4, 5, 3, 0]
2026-06-12 01:18:23.290 - [DEBUG] ||| run ||| pending_perm = [1, 7, 2, 6, 4, 5, 3, 0] | src = 0, dest = 1
2026-06-12 01:18:23.290 - [DEBUG] ||| prep_pass ||| Next permutation = [None, None, 2, 6, 4, 5, 3, 0]
2026-06-12 01:18:23.290 - [DEBUG] ||| prep_pass ||| rb_src = 6, rb_dest = 3
2026-06-12 01:18:23.291 - [DEBUG] ||| prep_pass ||| Next permutation = [None, None, 2, 6, 4, 5, None, None]
2026-06-12 01:18:23.291 - [DEBUG] ||| prep_pass ||| rb_src = 3, rb_dest = 6
2026-06-12 01:18:23.292 - [DEBUG] ||| prep_pass ||| Next permutation = [None, None, None, None, 4, 5, None, None]
2026-06-12 01:18:23.292 - [DEBUG] ||| prep_pass ||| Chain complete
2026-06-12 01:18:23.292 - [DEBUG] ||| run ||| pending_perm = [None, None, None, None, 4, 5, None, None] | src = 4, dest = 4
2026-06-12 01:18:23.293 - [DEBUG] ||| prep_pass ||| Next permutation = [None, None, None, None, None, None, None, None]
2026-06-12 01:18:23.293 - [DEBUG] ||| prep_pass ||| Chain complete
2026-06-12 01:18:23.293 - [DEBUG] ||| propogate ||| stage = 3, input perm = [63, 10, 16, 51, 38, 42, 27, 7, 59, 55, 14, 35, 31, 44, 23, 3, 61, 12, 53, 36, 40, 29, 21, 5, 8, 57, 18, 49, 33, 46, 25, 1, 62, 11, 17, 50, 39, 43, 26, 6, 58, 54, 15, 34, 30, 45, 22, 2, 60, 13, 52, 37, 41, 28, 20, 4, 9, 56, 19, 48, 32, 47, 24, 0]
2026-06-12 01:18:23.294 - [DEBUG] ||| run ||| Stage[3] | Output permutation = [63, 16, 38, 7, 10, 51, 42, 27, 59, 14, 44, 23, 55, 35, 31, 3, 61, 36, 29, 5, 12, 53, 40, 21, 8, 49, 33, 25, 57, 18, 46, 1, 62, 17, 39, 6, 11, 50, 43, 26, 58, 15, 45, 22, 54, 34, 30, 2, 60, 37, 28, 4, 13, 52, 41, 20, 9, 48, 32, 24, 56, 19, 47, 0]
2026-06-12 01:18:23.294 - [DEBUG] ||| run ||| Stage[4] || perm_split = 16, split_len = 4, sw_split = 2, sub_perms = [[63, 16, 38, 7], [10, 51, 42, 27], [59, 14, 44, 23], [55, 35, 31, 3], [61, 36, 29, 5], [12, 53, 40, 21], [8, 49, 33, 25], [57, 18, 46, 1], [62, 17, 39, 6], [11, 50, 43, 26], [58, 15, 45, 22], [54, 34, 30, 2], [60, 37, 28, 4], [13, 52, 41, 20], [9, 48, 32, 24], [56, 19, 47, 0]]
2026-06-12 01:18:23.294 - [DEBUG] ||| normalize_perm ||| Permutation post normalization = [3, 1, 2, 0]
2026-06-12 01:18:23.295 - [DEBUG] ||| run ||| pending_perm = [3, 1, 2, 0] | src = 0, dest = 3
2026-06-12 01:18:23.295 - [DEBUG] ||| prep_pass ||| Next permutation = [None, None, 2, 0]
2026-06-12 01:18:23.296 - [DEBUG] ||| prep_pass ||| rb_src = 3, rb_dest = 0
2026-06-12 01:18:23.296 - [DEBUG] ||| prep_pass ||| Next permutation = [None, None, None, None]
2026-06-12 01:18:23.296 - [DEBUG] ||| prep_pass ||| Chain complete
2026-06-12 01:18:23.297 - [DEBUG] ||| normalize_perm ||| Permutation post normalization = [0, 3, 2, 1]
2026-06-12 01:18:23.297 - [DEBUG] ||| run ||| pending_perm = [0, 3, 2, 1] | src = 0, dest = 0
2026-06-12 01:18:23.298 - [DEBUG] ||| prep_pass ||| Next permutation = [None, None, 2, 1]
2026-06-12 01:18:23.298 - [DEBUG] ||| prep_pass ||| rb_src = 2, rb_dest = 2
2026-06-12 01:18:23.298 - [DEBUG] ||| prep_pass ||| Next permutation = [None, None, None, None]
2026-06-12 01:18:23.299 - [DEBUG] ||| prep_pass ||| Chain complete
2026-06-12 01:18:23.299 - [DEBUG] ||| normalize_perm ||| Permutation post normalization = [3, 0, 2, 1]
2026-06-12 01:18:23.300 - [DEBUG] ||| run ||| pending_perm = [3, 0, 2, 1] | src = 0, dest = 3
2026-06-12 01:18:23.300 - [DEBUG] ||| prep_pass ||| Next permutation = [None, None, 2, 1]
2026-06-12 01:18:23.300 - [DEBUG] ||| prep_pass ||| rb_src = 3, rb_dest = 1
2026-06-12 01:18:23.301 - [DEBUG] ||| prep_pass ||| Next permutation = [None, None, None, None]
2026-06-12 01:18:23.301 - [DEBUG] ||| prep_pass ||| Chain complete
2026-06-12 01:18:23.302 - [DEBUG] ||| normalize_perm ||| Permutation post normalization = [3, 2, 1, 0]
2026-06-12 01:18:23.302 - [DEBUG] ||| run ||| pending_perm = [3, 2, 1, 0] | src = 0, dest = 3
2026-06-12 01:18:23.302 - [DEBUG] ||| prep_pass ||| Next permutation = [None, None, 1, 0]
2026-06-12 01:18:23.303 - [DEBUG] ||| prep_pass ||| Chain complete
2026-06-12 01:18:23.303 - [DEBUG] ||| run ||| pending_perm = [None, None, 1, 0] | src = 2, dest = 1
2026-06-12 01:18:23.303 - [DEBUG] ||| prep_pass ||| Next permutation = [None, None, None, None]
2026-06-12 01:18:23.304 - [DEBUG] ||| prep_pass ||| Chain complete
2026-06-12 01:18:23.304 - [DEBUG] ||| normalize_perm ||| Permutation post normalization = [3, 2, 1, 0]
2026-06-12 01:18:23.305 - [DEBUG] ||| run ||| pending_perm = [3, 2, 1, 0] | src = 0, dest = 3
2026-06-12 01:18:23.305 - [DEBUG] ||| prep_pass ||| Next permutation = [None, None, 1, 0]
2026-06-12 01:18:23.305 - [DEBUG] ||| prep_pass ||| Chain complete
2026-06-12 01:18:23.306 - [DEBUG] ||| run ||| pending_perm = [None, None, 1, 0] | src = 2, dest = 1
2026-06-12 01:18:23.306 - [DEBUG] ||| prep_pass ||| Next permutation = [None, None, None, None]
2026-06-12 01:18:23.306 - [DEBUG] ||| prep_pass ||| Chain complete
2026-06-12 01:18:23.307 - [DEBUG] ||| normalize_perm ||| Permutation post normalization = [0, 3, 2, 1]
2026-06-12 01:18:23.307 - [DEBUG] ||| run ||| pending_perm = [0, 3, 2, 1] | src = 0, dest = 0
2026-06-12 01:18:23.308 - [DEBUG] ||| prep_pass ||| Next permutation = [None, None, 2, 1]
2026-06-12 01:18:23.308 - [DEBUG] ||| prep_pass ||| rb_src = 2, rb_dest = 2
2026-06-12 01:18:23.309 - [DEBUG] ||| prep_pass ||| Next permutation = [None, None, None, None]
2026-06-12 01:18:23.309 - [DEBUG] ||| prep_pass ||| Chain complete
2026-06-12 01:18:23.309 - [DEBUG] ||| normalize_perm ||| Permutation post normalization = [0, 3, 2, 1]
2026-06-12 01:18:23.310 - [DEBUG] ||| run ||| pending_perm = [0, 3, 2, 1] | src = 0, dest = 0
2026-06-12 01:18:23.310 - [DEBUG] ||| prep_pass ||| Next permutation = [None, None, 2, 1]
2026-06-12 01:18:23.310 - [DEBUG] ||| prep_pass ||| rb_src = 2, rb_dest = 2
2026-06-12 01:18:23.311 - [DEBUG] ||| prep_pass ||| Next permutation = [None, None, None, None]
2026-06-12 01:18:23.311 - [DEBUG] ||| prep_pass ||| Chain complete
2026-06-12 01:18:23.312 - [DEBUG] ||| normalize_perm ||| Permutation post normalization = [3, 1, 2, 0]
2026-06-12 01:18:23.312 - [DEBUG] ||| run ||| pending_perm = [3, 1, 2, 0] | src = 0, dest = 3
2026-06-12 01:18:23.313 - [DEBUG] ||| prep_pass ||| Next permutation = [None, None, 2, 0]
2026-06-12 01:18:23.313 - [DEBUG] ||| prep_pass ||| rb_src = 3, rb_dest = 0
2026-06-12 01:18:23.314 - [DEBUG] ||| prep_pass ||| Next permutation = [None, None, None, None]
2026-06-12 01:18:23.314 - [DEBUG] ||| prep_pass ||| Chain complete
2026-06-12 01:18:23.314 - [DEBUG] ||| normalize_perm ||| Permutation post normalization = [3, 1, 2, 0]
2026-06-12 01:18:23.315 - [DEBUG] ||| run ||| pending_perm = [3, 1, 2, 0] | src = 0, dest = 3
2026-06-12 01:18:23.315 - [DEBUG] ||| prep_pass ||| Next permutation = [None, None, 2, 0]
2026-06-12 01:18:23.316 - [DEBUG] ||| prep_pass ||| rb_src = 3, rb_dest = 0
2026-06-12 01:18:23.316 - [DEBUG] ||| prep_pass ||| Next permutation = [None, None, None, None]
2026-06-12 01:18:23.316 - [DEBUG] ||| prep_pass ||| Chain complete
2026-06-12 01:18:23.317 - [DEBUG] ||| normalize_perm ||| Permutation post normalization = [0, 3, 2, 1]
2026-06-12 01:18:23.317 - [DEBUG] ||| run ||| pending_perm = [0, 3, 2, 1] | src = 0, dest = 0
2026-06-12 01:18:23.317 - [DEBUG] ||| prep_pass ||| Next permutation = [None, None, 2, 1]
2026-06-12 01:18:23.318 - [DEBUG] ||| prep_pass ||| rb_src = 2, rb_dest = 2
2026-06-12 01:18:23.318 - [DEBUG] ||| prep_pass ||| Next permutation = [None, None, None, None]
2026-06-12 01:18:23.319 - [DEBUG] ||| prep_pass ||| Chain complete
2026-06-12 01:18:23.319 - [DEBUG] ||| normalize_perm ||| Permutation post normalization = [3, 0, 2, 1]
2026-06-12 01:18:23.320 - [DEBUG] ||| run ||| pending_perm = [3, 0, 2, 1] | src = 0, dest = 3
2026-06-12 01:18:23.320 - [DEBUG] ||| prep_pass ||| Next permutation = [None, None, 2, 1]
2026-06-12 01:18:23.321 - [DEBUG] ||| prep_pass ||| rb_src = 3, rb_dest = 1
2026-06-12 01:18:23.321 - [DEBUG] ||| prep_pass ||| Next permutation = [None, None, None, None]
2026-06-12 01:18:23.322 - [DEBUG] ||| prep_pass ||| Chain complete
2026-06-12 01:18:23.322 - [DEBUG] ||| normalize_perm ||| Permutation post normalization = [3, 2, 1, 0]
2026-06-12 01:18:23.323 - [DEBUG] ||| run ||| pending_perm = [3, 2, 1, 0] | src = 0, dest = 3
2026-06-12 01:18:23.323 - [DEBUG] ||| prep_pass ||| Next permutation = [None, None, 1, 0]
2026-06-12 01:18:23.324 - [DEBUG] ||| prep_pass ||| Chain complete
2026-06-12 01:18:23.324 - [DEBUG] ||| run ||| pending_perm = [None, None, 1, 0] | src = 2, dest = 1
2026-06-12 01:18:23.325 - [DEBUG] ||| prep_pass ||| Next permutation = [None, None, None, None]
2026-06-12 01:18:23.325 - [DEBUG] ||| prep_pass ||| Chain complete
2026-06-12 01:18:23.326 - [DEBUG] ||| normalize_perm ||| Permutation post normalization = [3, 2, 1, 0]
2026-06-12 01:18:23.326 - [DEBUG] ||| run ||| pending_perm = [3, 2, 1, 0] | src = 0, dest = 3
2026-06-12 01:18:23.327 - [DEBUG] ||| prep_pass ||| Next permutation = [None, None, 1, 0]
2026-06-12 01:18:23.328 - [DEBUG] ||| prep_pass ||| Chain complete
2026-06-12 01:18:23.328 - [DEBUG] ||| run ||| pending_perm = [None, None, 1, 0] | src = 2, dest = 1
2026-06-12 01:18:23.329 - [DEBUG] ||| prep_pass ||| Next permutation = [None, None, None, None]
2026-06-12 01:18:23.329 - [DEBUG] ||| prep_pass ||| Chain complete
2026-06-12 01:18:23.329 - [DEBUG] ||| normalize_perm ||| Permutation post normalization = [0, 3, 2, 1]
2026-06-12 01:18:23.330 - [DEBUG] ||| run ||| pending_perm = [0, 3, 2, 1] | src = 0, dest = 0
2026-06-12 01:18:23.330 - [DEBUG] ||| prep_pass ||| Next permutation = [None, None, 2, 1]
2026-06-12 01:18:23.331 - [DEBUG] ||| prep_pass ||| rb_src = 2, rb_dest = 2
2026-06-12 01:18:23.331 - [DEBUG] ||| prep_pass ||| Next permutation = [None, None, None, None]
2026-06-12 01:18:23.332 - [DEBUG] ||| prep_pass ||| Chain complete
2026-06-12 01:18:23.332 - [DEBUG] ||| normalize_perm ||| Permutation post normalization = [0, 3, 2, 1]
2026-06-12 01:18:23.333 - [DEBUG] ||| run ||| pending_perm = [0, 3, 2, 1] | src = 0, dest = 0
2026-06-12 01:18:23.333 - [DEBUG] ||| prep_pass ||| Next permutation = [None, None, 2, 1]
2026-06-12 01:18:23.334 - [DEBUG] ||| prep_pass ||| rb_src = 2, rb_dest = 2
2026-06-12 01:18:23.334 - [DEBUG] ||| prep_pass ||| Next permutation = [None, None, None, None]
2026-06-12 01:18:23.334 - [DEBUG] ||| prep_pass ||| Chain complete
2026-06-12 01:18:23.335 - [DEBUG] ||| normalize_perm ||| Permutation post normalization = [3, 1, 2, 0]
2026-06-12 01:18:23.335 - [DEBUG] ||| run ||| pending_perm = [3, 1, 2, 0] | src = 0, dest = 3
2026-06-12 01:18:23.336 - [DEBUG] ||| prep_pass ||| Next permutation = [None, None, 2, 0]
2026-06-12 01:18:23.336 - [DEBUG] ||| prep_pass ||| rb_src = 3, rb_dest = 0
2026-06-12 01:18:23.337 - [DEBUG] ||| prep_pass ||| Next permutation = [None, None, None, None]
2026-06-12 01:18:23.337 - [DEBUG] ||| prep_pass ||| Chain complete
2026-06-12 01:18:23.338 - [DEBUG] ||| propogate ||| stage = 4, input perm = [63, 16, 38, 7, 10, 51, 42, 27, 59, 14, 44, 23, 55, 35, 31, 3, 61, 36, 29, 5, 12, 53, 40, 21, 8, 49, 33, 25, 57, 18, 46, 1, 62, 17, 39, 6, 11, 50, 43, 26, 58, 15, 45, 22, 54, 34, 30, 2, 60, 37, 28, 4, 13, 52, 41, 20, 9, 48, 32, 24, 56, 19, 47, 0]
2026-06-12 01:18:23.338 - [DEBUG] ||| run ||| Stage[4] | Output permutation = [63, 7, 16, 38, 10, 42, 51, 27, 59, 23, 14, 44, 55, 31, 35, 3, 61, 29, 36, 5, 12, 40, 53, 21, 8, 33, 49, 25, 57, 1, 18, 46, 62, 6, 17, 39, 11, 43, 50, 26, 58, 22, 15, 45, 54, 30, 34, 2, 60, 28, 37, 4, 13, 41, 52, 20, 9, 32, 48, 24, 56, 0, 19, 47]
2026-06-12 01:18:23.339 - [DEBUG] ||| propogate ||| stage = 5, input perm = [63, 7, 16, 38, 10, 42, 51, 27, 59, 23, 14, 44, 55, 31, 35, 3, 61, 29, 36, 5, 12, 40, 53, 21, 8, 33, 49, 25, 57, 1, 18, 46, 62, 6, 17, 39, 11, 43, 50, 26, 58, 22, 15, 45, 54, 30, 34, 2, 60, 28, 37, 4, 13, 41, 52, 20, 9, 32, 48, 24, 56, 0, 19, 47]
2026-06-12 01:18:23.340 - [DEBUG] ||| run ||| Stage[5] | Output permutation = [7, 16, 63, 38, 10, 27, 42, 51, 23, 14, 59, 44, 31, 3, 55, 35, 29, 5, 61, 36, 12, 21, 40, 53, 8, 25, 33, 49, 1, 18, 57, 46, 6, 17, 62, 39, 11, 26, 43, 50, 22, 15, 58, 45, 30, 2, 54, 34, 28, 4, 60, 37, 13, 20, 41, 52, 9, 24, 32, 48, 0, 19, 56, 47]
2026-06-12 01:18:23.340 - [DEBUG] ||| propogate ||| stage = 6, input perm = [7, 16, 63, 38, 10, 27, 42, 51, 23, 14, 59, 44, 31, 3, 55, 35, 29, 5, 61, 36, 12, 21, 40, 53, 8, 25, 33, 49, 1, 18, 57, 46, 6, 17, 62, 39, 11, 26, 43, 50, 22, 15, 58, 45, 30, 2, 54, 34, 28, 4, 60, 37, 13, 20, 41, 52, 9, 24, 32, 48, 0, 19, 56, 47]
2026-06-12 01:18:23.341 - [DEBUG] ||| run ||| Stage[6] | Output permutation = [7, 10, 16, 27, 38, 42, 63, 51, 14, 3, 23, 31, 44, 35, 59, 55, 5, 12, 29, 21, 36, 40, 61, 53, 8, 1, 25, 18, 33, 46, 49, 57, 6, 11, 17, 26, 39, 43, 62, 50, 15, 2, 22, 30, 45, 34, 58, 54, 4, 13, 28, 20, 37, 41, 60, 52, 9, 0, 24, 19, 32, 47, 48, 56]
2026-06-12 01:18:23.342 - [DEBUG] ||| propogate ||| stage = 7, input perm = [7, 10, 16, 27, 38, 42, 63, 51, 14, 3, 23, 31, 44, 35, 59, 55, 5, 12, 29, 21, 36, 40, 61, 53, 8, 1, 25, 18, 33, 46, 49, 57, 6, 11, 17, 26, 39, 43, 62, 50, 15, 2, 22, 30, 45, 34, 58, 54, 4, 13, 28, 20, 37, 41, 60, 52, 9, 0, 24, 19, 32, 47, 48, 56]
2026-06-12 01:18:23.342 - [DEBUG] ||| run ||| Stage[7] | Output permutation = [7, 3, 10, 14, 16, 23, 27, 31, 38, 35, 42, 44, 51, 55, 63, 59, 5, 1, 12, 8, 21, 18, 29, 25, 36, 33, 40, 46, 53, 49, 61, 57, 6, 2, 11, 15, 17, 22, 26, 30, 39, 34, 43, 45, 50, 54, 62, 58, 4, 0, 13, 9, 20, 19, 28, 24, 37, 32, 41, 47, 52, 48, 60, 56]
2026-06-12 01:18:23.343 - [DEBUG] ||| propogate ||| stage = 8, input perm = [7, 3, 10, 14, 16, 23, 27, 31, 38, 35, 42, 44, 51, 55, 63, 59, 5, 1, 12, 8, 21, 18, 29, 25, 36, 33, 40, 46, 53, 49, 61, 57, 6, 2, 11, 15, 17, 22, 26, 30, 39, 34, 43, 45, 50, 54, 62, 58, 4, 0, 13, 9, 20, 19, 28, 24, 37, 32, 41, 47, 52, 48, 60, 56]
2026-06-12 01:18:23.344 - [DEBUG] ||| run ||| Stage[8] | Output permutation = [3, 1, 7, 5, 10, 8, 14, 12, 16, 18, 23, 21, 27, 25, 31, 29, 35, 33, 38, 36, 42, 40, 44, 46, 51, 49, 55, 53, 59, 57, 63, 61, 2, 0, 6, 4, 11, 9, 15, 13, 17, 19, 22, 20, 26, 24, 30, 28, 34, 32, 39, 37, 43, 41, 45, 47, 50, 48, 54, 52, 58, 56, 62, 60]
2026-06-12 01:18:23.345 - [DEBUG] ||| propogate ||| stage = 9, input perm = [3, 1, 7, 5, 10, 8, 14, 12, 16, 18, 23, 21, 27, 25, 31, 29, 35, 33, 38, 36, 42, 40, 44, 46, 51, 49, 55, 53, 59, 57, 63, 61, 2, 0, 6, 4, 11, 9, 15, 13, 17, 19, 22, 20, 26, 24, 30, 28, 34, 32, 39, 37, 43, 41, 45, 47, 50, 48, 54, 52, 58, 56, 62, 60]
2026-06-12 01:18:23.346 - [DEBUG] ||| run ||| Stage[9] | Output permutation = [1, 0, 3, 2, 5, 4, 7, 6, 8, 9, 10, 11, 12, 13, 14, 15, 16, 17, 18, 19, 21, 20, 23, 22, 25, 24, 27, 26, 29, 28, 31, 30, 33, 32, 35, 34, 36, 37, 38, 39, 40, 41, 42, 43, 44, 45, 46, 47, 49, 48, 51, 50, 53, 52, 55, 54, 57, 56, 59, 58, 61, 60, 63, 62]
2026-06-12 01:18:23.346 - [DEBUG] ||| propogate ||| stage = 10, input perm = [1, 0, 3, 2, 5, 4, 7, 6, 8, 9, 10, 11, 12, 13, 14, 15, 16, 17, 18, 19, 21, 20, 23, 22, 25, 24, 27, 26, 29, 28, 31, 30, 33, 32, 35, 34, 36, 37, 38, 39, 40, 41, 42, 43, 44, 45, 46, 47, 49, 48, 51, 50, 53, 52, 55, 54, 57, 56, 59, 58, 61, 60, 63, 62]
2026-06-12 01:18:23.347 - [DEBUG] ||| run ||| Stage[10] | Output permutation = [0, 1, 2, 3, 4, 5, 6, 7, 8, 9, 10, 11, 12, 13, 14, 15, 16, 17, 18, 19, 20, 21, 22, 23, 24, 25, 26, 27, 28, 29, 30, 31, 32, 33, 34, 35, 36, 37, 38, 39, 40, 41, 42, 43, 44, 45, 46, 47, 48, 49, 50, 51, 52, 53, 54, 55, 56, 57, 58, 59, 60, 61, 62, 63]
2026-06-12 01:18:23.347 - [DEBUG] ||| run ||| Benes Routing: PASSED
