2026-06-21 04:02:36.565 - [DEBUG] ||| get_graph ||| Read dot_file "/mnt/c/Users/91988/Documents/Amruth/Files/Projects/FASTLane/dots/srcs/test_pred.dot": 
 dot_nodes = ['const1', 'const2', 'const3', 'const4', 'global_var', 'i10_icmp', 'i12_load', 'i13_add', 'i14_store', 'i15_add', 'i16_add', 'i17_add', 'i4_add1', 'i4_add2', 'i4_data_size1', 'i4_data_size2', 'i4_mul1', 'i4_mul2', 'i5_load', 'i6_add1', 'i6_add2', 'i6_data_size1', 'i6_data_size2', 'i6_mul1', 'i6_mul2', 'i7_load', 'i8_mul', 'i9_add', 'i9_output', 'input0', 'input1', 'const4_dup0'] 
 dot_edges = ['const1', 'const2', 'const3', 'const4', 'global_var', 'global_var', 'i10_icmp', 'i12_load', 'i13_add', 'i13_add', 'i15_add', 'i16_add', 'i17_add', 'i17_add', 'i17_add', 'i17_add', 'i4_add1', 'i4_add2', 'i4_data_size1', 'i4_data_size2', 'i4_mul1', 'i4_mul2', 'i5_load', 'i6_add1', 'i6_add2', 'i6_data_size1', 'i6_data_size2', 'i6_mul1', 'i6_mul2', 'i7_load', 'i8_mul', 'i9_add', 'i9_add', 'input0', 'input1', 'const4_dup0']
2026-06-21 04:02:36.566 - [DEBUG] ||| update ||| Updated graph (absorb_reflexive): 
 New dot_nodes = ['const1', 'const2', 'const3', 'const4', 'global_var', 'i10_icmp', 'i12_load', 'i13_add', 'i14_store', 'i15_add', 'i16_add', 'i17_add', 'i4_add1', 'i4_add2', 'i4_data_size1', 'i4_data_size2', 'i4_mul1', 'i4_mul2', 'i5_load', 'i6_add1', 'i6_add2', 'i6_data_size1', 'i6_data_size2', 'i6_mul1', 'i6_mul2', 'i7_load', 'i8_mul', 'i9_add', 'i9_output', 'input0', 'input1', 'const4_dup0'] 
 New dot_edges = ['const1', 'const2', 'const3', 'const4', 'global_var', 'global_var', 'i10_icmp', 'i12_load', 'i13_add', 'i13_add', 'i15_add', 'i16_add', 'i17_add', 'i17_add', 'i17_add', 'i17_add', 'i4_add1', 'i4_add2', 'i4_data_size1', 'i4_data_size2', 'i4_mul1', 'i4_mul2', 'i5_load', 'i6_add1', 'i6_add2', 'i6_data_size1', 'i6_data_size2', 'i6_mul1', 'i6_mul2', 'i7_load', 'i8_mul', 'i9_add', 'input0', 'input1', 'const4_dup0']
2026-06-21 04:02:36.567 - [DEBUG] ||| update ||| Updated graph (absorb_constants): 
 New dot_nodes = ['global_var', 'i10_icmp', 'i12_load', 'i13_add', 'i14_store', 'i15_add', 'i16_add', 'i17_add', 'i4_add1', 'i4_add2', 'i4_mul1', 'i4_mul2', 'i5_load', 'i6_add1', 'i6_add2', 'i6_mul1', 'i6_mul2', 'i7_load', 'i8_mul', 'i9_add', 'i9_output', 'input0', 'input1'] 
 New dot_edges = ['global_var', 'global_var', 'i10_icmp', 'i12_load', 'i13_add', 'i13_add', 'i15_add', 'i16_add', 'i17_add', 'i17_add', 'i17_add', 'i17_add', 'i4_add1', 'i4_add2', 'i4_mul1', 'i4_mul2', 'i5_load', 'i6_add1', 'i6_add2', 'i6_mul1', 'i6_mul2', 'i7_load', 'i8_mul', 'i9_add', 'input0', 'input1']
2026-06-21 04:02:36.568 - [DEBUG] ||| update ||| Updated graph (absorb_IO): 
 New dot_nodes = ['i10_icmp', 'i12_load', 'i13_add', 'i14_store', 'i15_add', 'i16_add', 'i17_add', 'i4_add1', 'i4_add2', 'i4_mul1', 'i4_mul2', 'i5_load', 'i6_add1', 'i6_add2', 'i6_mul1', 'i6_mul2', 'i7_load', 'i8_mul', 'i9_add'] 
 New dot_edges = ['i10_icmp', 'i12_load', 'i13_add', 'i13_add', 'i15_add', 'i16_add', 'i17_add', 'i17_add', 'i17_add', 'i17_add', 'i4_add1', 'i4_add2', 'i4_mul1', 'i4_mul2', 'i5_load', 'i6_add1', 'i6_add2', 'i6_mul1', 'i6_mul2', 'i7_load', 'i8_mul']
2026-06-21 04:02:36.569 - [DEBUG] ||| update ||| Updated graph (annotate_data_edges): 
 New dot_nodes = ['i10_icmp', 'i12_load', 'i13_add', 'i14_store', 'i15_add', 'i16_add', 'i17_add', 'i4_add1', 'i4_add2', 'i4_mul1', 'i4_mul2', 'i5_load', 'i6_add1', 'i6_add2', 'i6_mul1', 'i6_mul2', 'i7_load', 'i8_mul', 'i9_add'] 
 New dot_edges = ['i10_icmp', 'i12_load', 'i13_add', 'i13_add', 'i15_add', 'i16_add', 'i17_add', 'i17_add', 'i17_add', 'i17_add', 'i4_add1', 'i4_add2', 'i4_mul1', 'i4_mul2', 'i5_load', 'i6_add1', 'i6_add2', 'i6_mul1', 'i6_mul2', 'i7_load', 'i8_mul']
2026-06-21 04:02:36.569 - [DEBUG] ||| update ||| Updated graph (annotate_predicate_edges): 
 New dot_nodes = ['i10_icmp', 'i12_load', 'i13_add', 'i14_store', 'i15_add', 'i16_add', 'i17_add', 'i4_add1', 'i4_add2', 'i4_mul1', 'i4_mul2', 'i5_load', 'i6_add1', 'i6_add2', 'i6_mul1', 'i6_mul2', 'i7_load', 'i8_mul', 'i9_add'] 
 New dot_edges = ['i10_icmp', 'i12_load', 'i13_add', 'i13_add', 'i15_add', 'i16_add', 'i17_add', 'i17_add', 'i17_add', 'i17_add', 'i4_add1', 'i4_add2', 'i4_mul1', 'i4_mul2', 'i5_load', 'i6_add1', 'i6_add2', 'i6_mul1', 'i6_mul2', 'i7_load', 'i8_mul']
2026-06-21 04:02:36.570 - [DEBUG] ||| legalize_fanout ||| Iter[0]
2026-06-21 04:02:36.570 - [DEBUG] ||| legalize_fanout ||| Iter[2]
2026-06-21 04:02:36.571 - [DEBUG] ||| update ||| Updated graph (legalize_incidence): 
 New dot_nodes = ['i10_icmp', 'i12_load', 'i13_add', 'i14_store', 'i15_add', 'i16_add', 'i17_add', 'i4_add1', 'i4_add2', 'i4_mul1', 'i4_mul2', 'i5_load', 'i6_add1', 'i6_add2', 'i6_mul1', 'i6_mul2', 'i7_load', 'i8_mul', 'i9_add', 'i17_add_fout_0', 'i17_add_fout_1'] 
 New dot_edges = ['i10_icmp', 'i12_load', 'i13_add', 'i13_add', 'i15_add', 'i16_add', 'i4_add1', 'i4_add2', 'i4_mul1', 'i4_mul2', 'i5_load', 'i6_add1', 'i6_add2', 'i6_mul1', 'i6_mul2', 'i7_load', 'i8_mul', 'i17_add_fout_0', 'i17_add_fout_0', 'i17_add', 'i17_add_fout_1', 'i17_add_fout_1', 'i17_add']
2026-06-21 04:02:36.818 - [DEBUG] ||| get_graph ||| Read dot_file "tmp_rank_dest.dot": 
 dot_nodes = ['graph', 'node', 'i10_icmp', 'i16_add', 'i12_load', 'i13_add', 'i14_store', 'i17_add', 'i15_add', 'i17_add_fout_0', 'i17_add_fout_1', 'i4_add1', 'i4_add2', 'i5_load', 'i4_mul1', 'i4_mul2', 'i8_mul', 'i6_add1', 'i6_add2', 'i7_load', 'i6_mul1', 'i6_mul2', 'i9_add'] 
 dot_edges = ['i10_icmp', 'i12_load', 'i13_add', 'i13_add', 'i15_add', 'i16_add', 'i17_add', 'i17_add', 'i4_add1', 'i4_add2', 'i4_mul1', 'i4_mul2', 'i5_load', 'i6_add1', 'i6_add2', 'i6_mul1', 'i6_mul2', 'i7_load', 'i8_mul', 'i17_add_fout_0', 'i17_add_fout_0', 'i17_add_fout_1', 'i17_add_fout_1']
2026-06-21 04:02:36.878 - [DEBUG] ||| update ||| Updated graph (assign_rank): 
 New dot_nodes = ['i10_icmp', 'i12_load', 'i13_add', 'i14_store', 'i15_add', 'i16_add', 'i17_add', 'i4_add1', 'i4_add2', 'i4_mul1', 'i4_mul2', 'i5_load', 'i6_add1', 'i6_add2', 'i6_mul1', 'i6_mul2', 'i7_load', 'i8_mul', 'i9_add', 'i17_add_fout_0', 'i17_add_fout_1'] 
 New dot_edges = ['i10_icmp', 'i12_load', 'i13_add', 'i13_add', 'i15_add', 'i16_add', 'i4_add1', 'i4_add2', 'i4_mul1', 'i4_mul2', 'i5_load', 'i6_add1', 'i6_add2', 'i6_mul1', 'i6_mul2', 'i7_load', 'i8_mul', 'i17_add_fout_0', 'i17_add_fout_0', 'i17_add', 'i17_add_fout_1', 'i17_add_fout_1', 'i17_add']
2026-06-21 04:02:36.879 - [DEBUG] ||| unroll ||| Unrolling DFG by 16 | DFG_max_rank = 9
2026-06-21 04:02:36.882 - [DEBUG] ||| update ||| Updated graph (unroll): 
 New dot_nodes = ['i10_icmp_0', 'i12_load_0', 'i13_add_0', 'i14_store_0', 'i15_add_0', 'i16_add_0', 'i17_add_0', 'i4_add1_0', 'i4_add2_0', 'i4_mul1_0', 'i4_mul2_0', 'i5_load_0', 'i6_add1_0', 'i6_add2_0', 'i6_mul1_0', 'i6_mul2_0', 'i7_load_0', 'i8_mul_0', 'i9_add_0', 'i17_add_fout_0_0', 'i17_add_fout_1_0', 'i10_icmp_1', 'i12_load_1', 'i13_add_1', 'i14_store_1', 'i15_add_1', 'i16_add_1', 'i17_add_1', 'i4_add1_1', 'i4_add2_1', 'i4_mul1_1', 'i4_mul2_1', 'i5_load_1', 'i6_add1_1', 'i6_add2_1', 'i6_mul1_1', 'i6_mul2_1', 'i7_load_1', 'i8_mul_1', 'i9_add_1', 'i17_add_fout_0_1', 'i17_add_fout_1_1', 'i10_icmp_2', 'i12_load_2', 'i13_add_2', 'i14_store_2', 'i15_add_2', 'i16_add_2', 'i17_add_2', 'i4_add1_2', 'i4_add2_2', 'i4_mul1_2', 'i4_mul2_2', 'i5_load_2', 'i6_add1_2', 'i6_add2_2', 'i6_mul1_2', 'i6_mul2_2', 'i7_load_2', 'i8_mul_2', 'i9_add_2', 'i17_add_fout_0_2', 'i17_add_fout_1_2', 'i10_icmp_3', 'i12_load_3', 'i13_add_3', 'i14_store_3', 'i15_add_3', 'i16_add_3', 'i17_add_3', 'i4_add1_3', 'i4_add2_3', 'i4_mul1_3', 'i4_mul2_3', 'i5_load_3', 'i6_add1_3', 'i6_add2_3', 'i6_mul1_3', 'i6_mul2_3', 'i7_load_3', 'i8_mul_3', 'i9_add_3', 'i17_add_fout_0_3', 'i17_add_fout_1_3', 'i10_icmp_4', 'i12_load_4', 'i13_add_4', 'i14_store_4', 'i15_add_4', 'i16_add_4', 'i17_add_4', 'i4_add1_4', 'i4_add2_4', 'i4_mul1_4', 'i4_mul2_4', 'i5_load_4', 'i6_add1_4', 'i6_add2_4', 'i6_mul1_4', 'i6_mul2_4', 'i7_load_4', 'i8_mul_4', 'i9_add_4', 'i17_add_fout_0_4', 'i17_add_fout_1_4', 'i10_icmp_5', 'i12_load_5', 'i13_add_5', 'i14_store_5', 'i15_add_5', 'i16_add_5', 'i17_add_5', 'i4_add1_5', 'i4_add2_5', 'i4_mul1_5', 'i4_mul2_5', 'i5_load_5', 'i6_add1_5', 'i6_add2_5', 'i6_mul1_5', 'i6_mul2_5', 'i7_load_5', 'i8_mul_5', 'i9_add_5', 'i17_add_fout_0_5', 'i17_add_fout_1_5', 'i10_icmp_6', 'i12_load_6', 'i13_add_6', 'i14_store_6', 'i15_add_6', 'i16_add_6', 'i17_add_6', 'i4_add1_6', 'i4_add2_6', 'i4_mul1_6', 'i4_mul2_6', 'i5_load_6', 'i6_add1_6', 'i6_add2_6', 'i6_mul1_6', 'i6_mul2_6', 'i7_load_6', 'i8_mul_6', 'i9_add_6', 'i17_add_fout_0_6', 'i17_add_fout_1_6', 'i10_icmp_7', 'i12_load_7', 'i13_add_7', 'i14_store_7', 'i15_add_7', 'i16_add_7', 'i17_add_7', 'i4_add1_7', 'i4_add2_7', 'i4_mul1_7', 'i4_mul2_7', 'i5_load_7', 'i6_add1_7', 'i6_add2_7', 'i6_mul1_7', 'i6_mul2_7', 'i7_load_7', 'i8_mul_7', 'i9_add_7', 'i17_add_fout_0_7', 'i17_add_fout_1_7', 'i10_icmp_8', 'i12_load_8', 'i13_add_8', 'i14_store_8', 'i15_add_8', 'i16_add_8', 'i17_add_8', 'i4_add1_8', 'i4_add2_8', 'i4_mul1_8', 'i4_mul2_8', 'i5_load_8', 'i6_add1_8', 'i6_add2_8', 'i6_mul1_8', 'i6_mul2_8', 'i7_load_8', 'i8_mul_8', 'i9_add_8', 'i17_add_fout_0_8', 'i17_add_fout_1_8', 'i10_icmp_9', 'i12_load_9', 'i13_add_9', 'i14_store_9', 'i15_add_9', 'i16_add_9', 'i17_add_9', 'i4_add1_9', 'i4_add2_9', 'i4_mul1_9', 'i4_mul2_9', 'i5_load_9', 'i6_add1_9', 'i6_add2_9', 'i6_mul1_9', 'i6_mul2_9', 'i7_load_9', 'i8_mul_9', 'i9_add_9', 'i17_add_fout_0_9', 'i17_add_fout_1_9', 'i10_icmp_10', 'i12_load_10', 'i13_add_10', 'i14_store_10', 'i15_add_10', 'i16_add_10', 'i17_add_10', 'i4_add1_10', 'i4_add2_10', 'i4_mul1_10', 'i4_mul2_10', 'i5_load_10', 'i6_add1_10', 'i6_add2_10', 'i6_mul1_10', 'i6_mul2_10', 'i7_load_10', 'i8_mul_10', 'i9_add_10', 'i17_add_fout_0_10', 'i17_add_fout_1_10', 'i10_icmp_11', 'i12_load_11', 'i13_add_11', 'i14_store_11', 'i15_add_11', 'i16_add_11', 'i17_add_11', 'i4_add1_11', 'i4_add2_11', 'i4_mul1_11', 'i4_mul2_11', 'i5_load_11', 'i6_add1_11', 'i6_add2_11', 'i6_mul1_11', 'i6_mul2_11', 'i7_load_11', 'i8_mul_11', 'i9_add_11', 'i17_add_fout_0_11', 'i17_add_fout_1_11', 'i10_icmp_12', 'i12_load_12', 'i13_add_12', 'i14_store_12', 'i15_add_12', 'i16_add_12', 'i17_add_12', 'i4_add1_12', 'i4_add2_12', 'i4_mul1_12', 'i4_mul2_12', 'i5_load_12', 'i6_add1_12', 'i6_add2_12', 'i6_mul1_12', 'i6_mul2_12', 'i7_load_12', 'i8_mul_12', 'i9_add_12', 'i17_add_fout_0_12', 'i17_add_fout_1_12', 'i10_icmp_13', 'i12_load_13', 'i13_add_13', 'i14_store_13', 'i15_add_13', 'i16_add_13', 'i17_add_13', 'i4_add1_13', 'i4_add2_13', 'i4_mul1_13', 'i4_mul2_13', 'i5_load_13', 'i6_add1_13', 'i6_add2_13', 'i6_mul1_13', 'i6_mul2_13', 'i7_load_13', 'i8_mul_13', 'i9_add_13', 'i17_add_fout_0_13', 'i17_add_fout_1_13', 'i10_icmp_14', 'i12_load_14', 'i13_add_14', 'i14_store_14', 'i15_add_14', 'i16_add_14', 'i17_add_14', 'i4_add1_14', 'i4_add2_14', 'i4_mul1_14', 'i4_mul2_14', 'i5_load_14', 'i6_add1_14', 'i6_add2_14', 'i6_mul1_14', 'i6_mul2_14', 'i7_load_14', 'i8_mul_14', 'i9_add_14', 'i17_add_fout_0_14', 'i17_add_fout_1_14', 'i10_icmp_15', 'i12_load_15', 'i13_add_15', 'i14_store_15', 'i15_add_15', 'i16_add_15', 'i17_add_15', 'i4_add1_15', 'i4_add2_15', 'i4_mul1_15', 'i4_mul2_15', 'i5_load_15', 'i6_add1_15', 'i6_add2_15', 'i6_mul1_15', 'i6_mul2_15', 'i7_load_15', 'i8_mul_15', 'i9_add_15', 'i17_add_fout_0_15', 'i17_add_fout_1_15'] 
 New dot_edges = ['i10_icmp_0', 'i12_load_0', 'i13_add_0', 'i13_add_0', 'i15_add_0', 'i16_add_0', 'i4_add1_0', 'i4_add2_0', 'i4_mul1_0', 'i4_mul2_0', 'i5_load_0', 'i6_add1_0', 'i6_add2_0', 'i6_mul1_0', 'i6_mul2_0', 'i7_load_0', 'i8_mul_0', 'i17_add_fout_0_0', 'i17_add_fout_0_0', 'i17_add_0', 'i17_add_fout_1_0', 'i17_add_fout_1_0', 'i17_add_0', 'i10_icmp_1', 'i12_load_1', 'i13_add_1', 'i13_add_1', 'i15_add_1', 'i16_add_1', 'i4_add1_1', 'i4_add2_1', 'i4_mul1_1', 'i4_mul2_1', 'i5_load_1', 'i6_add1_1', 'i6_add2_1', 'i6_mul1_1', 'i6_mul2_1', 'i7_load_1', 'i8_mul_1', 'i17_add_fout_0_1', 'i17_add_fout_0_1', 'i17_add_1', 'i17_add_fout_1_1', 'i17_add_fout_1_1', 'i17_add_1', 'i10_icmp_2', 'i12_load_2', 'i13_add_2', 'i13_add_2', 'i15_add_2', 'i16_add_2', 'i4_add1_2', 'i4_add2_2', 'i4_mul1_2', 'i4_mul2_2', 'i5_load_2', 'i6_add1_2', 'i6_add2_2', 'i6_mul1_2', 'i6_mul2_2', 'i7_load_2', 'i8_mul_2', 'i17_add_fout_0_2', 'i17_add_fout_0_2', 'i17_add_2', 'i17_add_fout_1_2', 'i17_add_fout_1_2', 'i17_add_2', 'i10_icmp_3', 'i12_load_3', 'i13_add_3', 'i13_add_3', 'i15_add_3', 'i16_add_3', 'i4_add1_3', 'i4_add2_3', 'i4_mul1_3', 'i4_mul2_3', 'i5_load_3', 'i6_add1_3', 'i6_add2_3', 'i6_mul1_3', 'i6_mul2_3', 'i7_load_3', 'i8_mul_3', 'i17_add_fout_0_3', 'i17_add_fout_0_3', 'i17_add_3', 'i17_add_fout_1_3', 'i17_add_fout_1_3', 'i17_add_3', 'i10_icmp_4', 'i12_load_4', 'i13_add_4', 'i13_add_4', 'i15_add_4', 'i16_add_4', 'i4_add1_4', 'i4_add2_4', 'i4_mul1_4', 'i4_mul2_4', 'i5_load_4', 'i6_add1_4', 'i6_add2_4', 'i6_mul1_4', 'i6_mul2_4', 'i7_load_4', 'i8_mul_4', 'i17_add_fout_0_4', 'i17_add_fout_0_4', 'i17_add_4', 'i17_add_fout_1_4', 'i17_add_fout_1_4', 'i17_add_4', 'i10_icmp_5', 'i12_load_5', 'i13_add_5', 'i13_add_5', 'i15_add_5', 'i16_add_5', 'i4_add1_5', 'i4_add2_5', 'i4_mul1_5', 'i4_mul2_5', 'i5_load_5', 'i6_add1_5', 'i6_add2_5', 'i6_mul1_5', 'i6_mul2_5', 'i7_load_5', 'i8_mul_5', 'i17_add_fout_0_5', 'i17_add_fout_0_5', 'i17_add_5', 'i17_add_fout_1_5', 'i17_add_fout_1_5', 'i17_add_5', 'i10_icmp_6', 'i12_load_6', 'i13_add_6', 'i13_add_6', 'i15_add_6', 'i16_add_6', 'i4_add1_6', 'i4_add2_6', 'i4_mul1_6', 'i4_mul2_6', 'i5_load_6', 'i6_add1_6', 'i6_add2_6', 'i6_mul1_6', 'i6_mul2_6', 'i7_load_6', 'i8_mul_6', 'i17_add_fout_0_6', 'i17_add_fout_0_6', 'i17_add_6', 'i17_add_fout_1_6', 'i17_add_fout_1_6', 'i17_add_6', 'i10_icmp_7', 'i12_load_7', 'i13_add_7', 'i13_add_7', 'i15_add_7', 'i16_add_7', 'i4_add1_7', 'i4_add2_7', 'i4_mul1_7', 'i4_mul2_7', 'i5_load_7', 'i6_add1_7', 'i6_add2_7', 'i6_mul1_7', 'i6_mul2_7', 'i7_load_7', 'i8_mul_7', 'i17_add_fout_0_7', 'i17_add_fout_0_7', 'i17_add_7', 'i17_add_fout_1_7', 'i17_add_fout_1_7', 'i17_add_7', 'i10_icmp_8', 'i12_load_8', 'i13_add_8', 'i13_add_8', 'i15_add_8', 'i16_add_8', 'i4_add1_8', 'i4_add2_8', 'i4_mul1_8', 'i4_mul2_8', 'i5_load_8', 'i6_add1_8', 'i6_add2_8', 'i6_mul1_8', 'i6_mul2_8', 'i7_load_8', 'i8_mul_8', 'i17_add_fout_0_8', 'i17_add_fout_0_8', 'i17_add_8', 'i17_add_fout_1_8', 'i17_add_fout_1_8', 'i17_add_8', 'i10_icmp_9', 'i12_load_9', 'i13_add_9', 'i13_add_9', 'i15_add_9', 'i16_add_9', 'i4_add1_9', 'i4_add2_9', 'i4_mul1_9', 'i4_mul2_9', 'i5_load_9', 'i6_add1_9', 'i6_add2_9', 'i6_mul1_9', 'i6_mul2_9', 'i7_load_9', 'i8_mul_9', 'i17_add_fout_0_9', 'i17_add_fout_0_9', 'i17_add_9', 'i17_add_fout_1_9', 'i17_add_fout_1_9', 'i17_add_9', 'i10_icmp_10', 'i12_load_10', 'i13_add_10', 'i13_add_10', 'i15_add_10', 'i16_add_10', 'i4_add1_10', 'i4_add2_10', 'i4_mul1_10', 'i4_mul2_10', 'i5_load_10', 'i6_add1_10', 'i6_add2_10', 'i6_mul1_10', 'i6_mul2_10', 'i7_load_10', 'i8_mul_10', 'i17_add_fout_0_10', 'i17_add_fout_0_10', 'i17_add_10', 'i17_add_fout_1_10', 'i17_add_fout_1_10', 'i17_add_10', 'i10_icmp_11', 'i12_load_11', 'i13_add_11', 'i13_add_11', 'i15_add_11', 'i16_add_11', 'i4_add1_11', 'i4_add2_11', 'i4_mul1_11', 'i4_mul2_11', 'i5_load_11', 'i6_add1_11', 'i6_add2_11', 'i6_mul1_11', 'i6_mul2_11', 'i7_load_11', 'i8_mul_11', 'i17_add_fout_0_11', 'i17_add_fout_0_11', 'i17_add_11', 'i17_add_fout_1_11', 'i17_add_fout_1_11', 'i17_add_11', 'i10_icmp_12', 'i12_load_12', 'i13_add_12', 'i13_add_12', 'i15_add_12', 'i16_add_12', 'i4_add1_12', 'i4_add2_12', 'i4_mul1_12', 'i4_mul2_12', 'i5_load_12', 'i6_add1_12', 'i6_add2_12', 'i6_mul1_12', 'i6_mul2_12', 'i7_load_12', 'i8_mul_12', 'i17_add_fout_0_12', 'i17_add_fout_0_12', 'i17_add_12', 'i17_add_fout_1_12', 'i17_add_fout_1_12', 'i17_add_12', 'i10_icmp_13', 'i12_load_13', 'i13_add_13', 'i13_add_13', 'i15_add_13', 'i16_add_13', 'i4_add1_13', 'i4_add2_13', 'i4_mul1_13', 'i4_mul2_13', 'i5_load_13', 'i6_add1_13', 'i6_add2_13', 'i6_mul1_13', 'i6_mul2_13', 'i7_load_13', 'i8_mul_13', 'i17_add_fout_0_13', 'i17_add_fout_0_13', 'i17_add_13', 'i17_add_fout_1_13', 'i17_add_fout_1_13', 'i17_add_13', 'i10_icmp_14', 'i12_load_14', 'i13_add_14', 'i13_add_14', 'i15_add_14', 'i16_add_14', 'i4_add1_14', 'i4_add2_14', 'i4_mul1_14', 'i4_mul2_14', 'i5_load_14', 'i6_add1_14', 'i6_add2_14', 'i6_mul1_14', 'i6_mul2_14', 'i7_load_14', 'i8_mul_14', 'i17_add_fout_0_14', 'i17_add_fout_0_14', 'i17_add_14', 'i17_add_fout_1_14', 'i17_add_fout_1_14', 'i17_add_14', 'i10_icmp_15', 'i12_load_15', 'i13_add_15', 'i13_add_15', 'i15_add_15', 'i16_add_15', 'i4_add1_15', 'i4_add2_15', 'i4_mul1_15', 'i4_mul2_15', 'i5_load_15', 'i6_add1_15', 'i6_add2_15', 'i6_mul1_15', 'i6_mul2_15', 'i7_load_15', 'i8_mul_15', 'i17_add_fout_0_15', 'i17_add_fout_0_15', 'i17_add_15', 'i17_add_fout_1_15', 'i17_add_fout_1_15', 'i17_add_15']
2026-06-21 04:02:36.970 - [DEBUG] ||| make_bipartite ||| Children = [<pydot.core.Node object at 0x71c9fdee4590>]
2026-06-21 04:02:36.970 - [DEBUG] ||| make_bipartite ||| src (i10_icmp_0) rank = 0, rel_src_rank = 0; dest (i16_add_0) rank = 1, rel_dest_rank = 1
2026-06-21 04:02:36.971 - [DEBUG] ||| make_bipartite ||| Children = [<pydot.core.Node object at 0x71c9fdee45c0>]
2026-06-21 04:02:36.971 - [DEBUG] ||| make_bipartite ||| src (i12_load_0) rank = 0, rel_src_rank = 0; dest (i13_add_0) rank = 1, rel_dest_rank = 1
2026-06-21 04:02:36.972 - [DEBUG] ||| make_bipartite ||| Children = [<pydot.core.Node object at 0x71c9fdee4560>, <pydot.core.Node object at 0x71c9fdee45f0>]
2026-06-21 04:02:36.972 - [DEBUG] ||| make_bipartite ||| src (i13_add_0) rank = 1, rel_src_rank = 1; dest (i14_store_0) rank = 2, rel_dest_rank = 2
2026-06-21 04:02:36.972 - [DEBUG] ||| make_bipartite ||| src (i13_add_0) rank = 1, rel_src_rank = 1; dest (i17_add_0) rank = 2, rel_dest_rank = 2
2026-06-21 04:02:36.972 - [DEBUG] ||| make_bipartite ||| Children = []
2026-06-21 04:02:36.973 - [DEBUG] ||| make_bipartite ||| Children = [<pydot.core.Node object at 0x71c9fdee45c0>]
2026-06-21 04:02:36.973 - [DEBUG] ||| make_bipartite ||| src (i15_add_0) rank = 4, rel_src_rank = 4; dest (i16_add_0) rank = 1, rel_dest_rank = 1
2026-06-21 04:02:36.973 - [DEBUG] ||| make_bipartite ||| og_edge = i15_add_0 -> i16_add_0 [operand=any2input, data=true];
2026-06-21 04:02:36.974 - [DEBUG] ||| make_bipartite ||| og_opID = 4, og_edge_attributes = [('operand', 'any2input'), ('data', 'true')]
2026-06-21 04:02:36.974 - [DEBUG] ||| make_bipartite ||| forced_set_diff = 3, max_bridges = 2
2026-06-21 04:02:36.974 - [DEBUG] ||| make_bipartite ||| Created new bridge | name = extd_i15_add_0_0_0, attributes = [('opcode', 'bridge'), ('opID', 4), ('rank', '5')]
2026-06-21 04:02:36.974 - [DEBUG] ||| make_bipartite ||| Created new bridge | name = extd_i15_add_0_0_1, attributes = [('opcode', 'bridge'), ('opID', 4), ('rank', '6')]
2026-06-21 04:02:36.975 - [DEBUG] ||| make_bipartite ||| Children = [<pydot.core.Node object at 0x71c9fdee46b0>]
2026-06-21 04:02:36.975 - [DEBUG] ||| make_bipartite ||| src (i16_add_0) rank = 1, rel_src_rank = 1; dest (i17_add_0) rank = 2, rel_dest_rank = 2
2026-06-21 04:02:36.975 - [DEBUG] ||| make_bipartite ||| Children = [<pydot.core.Node object at 0x71c9fdee4620>, <pydot.core.Node object at 0x71c9fdee46e0>]
2026-06-21 04:02:36.975 - [DEBUG] ||| make_bipartite ||| src (i17_add_0) rank = 2, rel_src_rank = 2; dest (i17_add_fout_0_0) rank = 3, rel_dest_rank = 3
2026-06-21 04:02:36.976 - [DEBUG] ||| make_bipartite ||| src (i17_add_0) rank = 2, rel_src_rank = 2; dest (i17_add_fout_1_0) rank = 3, rel_dest_rank = 3
2026-06-21 04:02:36.976 - [DEBUG] ||| make_bipartite ||| Children = [<pydot.core.Node object at 0x71c9fdee45c0>]
2026-06-21 04:02:36.976 - [DEBUG] ||| make_bipartite ||| src (i4_add1_0) rank = 4, rel_src_rank = 4; dest (i4_add2_0) rank = 5, rel_dest_rank = 3
2026-06-21 04:02:36.976 - [DEBUG] ||| make_bipartite ||| Children = [<pydot.core.Node object at 0x71c9fdee4560>]
2026-06-21 04:02:36.976 - [DEBUG] ||| make_bipartite ||| src (i4_add2_0) rank = 5, rel_src_rank = 3; dest (i5_load_0) rank = 7, rel_dest_rank = 1
2026-06-21 04:02:36.977 - [DEBUG] ||| make_bipartite ||| og_edge = i4_add2_0 -> i5_load_0 [operand=addr, data=true];
2026-06-21 04:02:36.977 - [DEBUG] ||| make_bipartite ||| og_opID = 8, og_edge_attributes = [('operand', 'addr'), ('data', 'true')]
2026-06-21 04:02:36.977 - [DEBUG] ||| make_bipartite ||| forced_set_diff = 2, max_bridges = 1
2026-06-21 04:02:36.977 - [DEBUG] ||| make_bipartite ||| Created new bridge | name = extd_i4_add2_0_0_0, attributes = [('opcode', 'bridge'), ('opID', 8), ('rank', '6')]
2026-06-21 04:02:36.977 - [DEBUG] ||| make_bipartite ||| Children = [<pydot.core.Node object at 0x71c9fdee4530>]
2026-06-21 04:02:36.978 - [DEBUG] ||| make_bipartite ||| src (i4_mul1_0) rank = 3, rel_src_rank = 3; dest (i4_add1_0) rank = 4, rel_dest_rank = 4
2026-06-21 04:02:36.978 - [DEBUG] ||| make_bipartite ||| Children = [<pydot.core.Node object at 0x71c9fdee4590>]
2026-06-21 04:02:36.978 - [DEBUG] ||| make_bipartite ||| src (i4_mul2_0) rank = 4, rel_src_rank = 4; dest (i4_add2_0) rank = 5, rel_dest_rank = 3
2026-06-21 04:02:36.978 - [DEBUG] ||| make_bipartite ||| Children = [<pydot.core.Node object at 0x71c9fdee4560>]
2026-06-21 04:02:36.978 - [DEBUG] ||| make_bipartite ||| src (i5_load_0) rank = 7, rel_src_rank = 1; dest (i8_mul_0) rank = 8, rel_dest_rank = 0
2026-06-21 04:02:36.979 - [DEBUG] ||| make_bipartite ||| Children = [<pydot.core.Node object at 0x71c9fdee4530>]
2026-06-21 04:02:36.979 - [DEBUG] ||| make_bipartite ||| src (i6_add1_0) rank = 5, rel_src_rank = 3; dest (i6_add2_0) rank = 6, rel_dest_rank = 2
2026-06-21 04:02:36.979 - [DEBUG] ||| make_bipartite ||| Children = [<pydot.core.Node object at 0x71c9fdee4590>]
2026-06-21 04:02:36.979 - [DEBUG] ||| make_bipartite ||| src (i6_add2_0) rank = 6, rel_src_rank = 2; dest (i7_load_0) rank = 7, rel_dest_rank = 1
2026-06-21 04:02:36.979 - [DEBUG] ||| make_bipartite ||| Children = [<pydot.core.Node object at 0x71c9fdee4560>]
2026-06-21 04:02:36.980 - [DEBUG] ||| make_bipartite ||| src (i6_mul1_0) rank = 4, rel_src_rank = 4; dest (i6_add1_0) rank = 5, rel_dest_rank = 3
2026-06-21 04:02:36.980 - [DEBUG] ||| make_bipartite ||| Children = [<pydot.core.Node object at 0x71c9fdee4530>]
2026-06-21 04:02:36.980 - [DEBUG] ||| make_bipartite ||| src (i6_mul2_0) rank = 5, rel_src_rank = 3; dest (i6_add2_0) rank = 6, rel_dest_rank = 2
2026-06-21 04:02:36.980 - [DEBUG] ||| make_bipartite ||| Children = [<pydot.core.Node object at 0x71c9fdee4590>]
2026-06-21 04:02:36.980 - [DEBUG] ||| make_bipartite ||| src (i7_load_0) rank = 7, rel_src_rank = 1; dest (i8_mul_0) rank = 8, rel_dest_rank = 0
2026-06-21 04:02:36.980 - [DEBUG] ||| make_bipartite ||| Children = [<pydot.core.Node object at 0x71c9fdee4560>]
2026-06-21 04:02:36.981 - [DEBUG] ||| make_bipartite ||| src (i8_mul_0) rank = 8, rel_src_rank = 0; dest (i9_add_0) rank = 9, rel_dest_rank = 1
2026-06-21 04:02:36.981 - [DEBUG] ||| make_bipartite ||| Children = []
2026-06-21 04:02:36.981 - [DEBUG] ||| make_bipartite ||| Children = [<pydot.core.Node object at 0x71c9fdee4530>, <pydot.core.Node object at 0x71c9fdee4710>]
2026-06-21 04:02:36.981 - [DEBUG] ||| make_bipartite ||| src (i17_add_fout_0_0) rank = 3, rel_src_rank = 3; dest (i4_mul2_0) rank = 4, rel_dest_rank = 4
2026-06-21 04:02:36.981 - [DEBUG] ||| make_bipartite ||| src (i17_add_fout_0_0) rank = 3, rel_src_rank = 3; dest (i6_mul1_0) rank = 4, rel_dest_rank = 4
2026-06-21 04:02:36.982 - [DEBUG] ||| make_bipartite ||| Children = [<pydot.core.Node object at 0x71c9fdee4590>, <pydot.core.Node object at 0x71c9fdee4740>]
2026-06-21 04:02:36.982 - [DEBUG] ||| make_bipartite ||| src (i17_add_fout_1_0) rank = 3, rel_src_rank = 3; dest (i10_icmp_0) rank = 0, rel_dest_rank = 0
2026-06-21 04:02:36.982 - [DEBUG] ||| make_bipartite ||| og_edge = i17_add_fout_1_0 -> i10_icmp_0 [operand=LHS, data=true];
2026-06-21 04:02:36.982 - [DEBUG] ||| make_bipartite ||| og_opID = 20, og_edge_attributes = [('operand', 'LHS'), ('data', 'true')]
2026-06-21 04:02:36.983 - [DEBUG] ||| make_bipartite ||| forced_set_diff = 3, max_bridges = 2
2026-06-21 04:02:36.983 - [DEBUG] ||| make_bipartite ||| Created new bridge | name = extd_i17_add_fout_1_0_0_0, attributes = [('opcode', 'bridge'), ('opID', 20), ('rank', '6')]
2026-06-21 04:02:36.983 - [DEBUG] ||| make_bipartite ||| Created new bridge | name = extd_i17_add_fout_1_0_0_1, attributes = [('opcode', 'bridge'), ('opID', 20), ('rank', '7')]
2026-06-21 04:02:36.983 - [DEBUG] ||| make_bipartite ||| src (i17_add_fout_1_0) rank = 3, rel_src_rank = 3; dest (i15_add_0) rank = 4, rel_dest_rank = 4
2026-06-21 04:02:36.983 - [DEBUG] ||| make_bipartite ||| Children = [<pydot.core.Node object at 0x71c9fdee46e0>]
2026-06-21 04:02:36.983 - [DEBUG] ||| make_bipartite ||| src (i10_icmp_1) rank = 9, rel_src_rank = 1; dest (i16_add_1) rank = 10, rel_dest_rank = 2
2026-06-21 04:02:36.984 - [DEBUG] ||| make_bipartite ||| Children = [<pydot.core.Node object at 0x71c9fdee4530>]
2026-06-21 04:02:36.984 - [DEBUG] ||| make_bipartite ||| src (i12_load_1) rank = 9, rel_src_rank = 1; dest (i13_add_1) rank = 10, rel_dest_rank = 2
2026-06-21 04:02:36.984 - [DEBUG] ||| make_bipartite ||| Children = [<pydot.core.Node object at 0x71c9fdee4740>, <pydot.core.Node object at 0x71c9fdee46b0>]
2026-06-21 04:02:36.984 - [DEBUG] ||| make_bipartite ||| src (i13_add_1) rank = 10, rel_src_rank = 2; dest (i14_store_1) rank = 11, rel_dest_rank = 3
2026-06-21 04:02:36.984 - [DEBUG] ||| make_bipartite ||| src (i13_add_1) rank = 10, rel_src_rank = 2; dest (i17_add_1) rank = 11, rel_dest_rank = 3
2026-06-21 04:02:36.984 - [DEBUG] ||| make_bipartite ||| Children = []
2026-06-21 04:02:36.985 - [DEBUG] ||| make_bipartite ||| Children = [<pydot.core.Node object at 0x71c9fdee4530>]
2026-06-21 04:02:36.985 - [DEBUG] ||| make_bipartite ||| src (i15_add_1) rank = 13, rel_src_rank = 3; dest (i16_add_1) rank = 10, rel_dest_rank = 2
2026-06-21 04:02:36.985 - [DEBUG] ||| make_bipartite ||| Children = [<pydot.core.Node object at 0x71c9fdee4590>]
2026-06-21 04:02:36.985 - [DEBUG] ||| make_bipartite ||| src (i16_add_1) rank = 10, rel_src_rank = 2; dest (i17_add_1) rank = 11, rel_dest_rank = 3
2026-06-21 04:02:36.985 - [DEBUG] ||| make_bipartite ||| Children = [<pydot.core.Node object at 0x71c9fdee46b0>, <pydot.core.Node object at 0x71c9fdee46e0>]
2026-06-21 04:02:36.986 - [DEBUG] ||| make_bipartite ||| src (i17_add_1) rank = 11, rel_src_rank = 3; dest (i17_add_fout_0_1) rank = 12, rel_dest_rank = 4
2026-06-21 04:02:36.986 - [DEBUG] ||| make_bipartite ||| src (i17_add_1) rank = 11, rel_src_rank = 3; dest (i17_add_fout_1_1) rank = 12, rel_dest_rank = 4
2026-06-21 04:02:36.986 - [DEBUG] ||| make_bipartite ||| Children = [<pydot.core.Node object at 0x71c9fdee4530>]
2026-06-21 04:02:36.986 - [DEBUG] ||| make_bipartite ||| src (i4_add1_1) rank = 13, rel_src_rank = 3; dest (i4_add2_1) rank = 14, rel_dest_rank = 2
2026-06-21 04:02:36.986 - [DEBUG] ||| make_bipartite ||| Children = [<pydot.core.Node object at 0x71c9fdee4740>]
2026-06-21 04:02:36.987 - [DEBUG] ||| make_bipartite ||| src (i4_add2_1) rank = 14, rel_src_rank = 2; dest (i5_load_1) rank = 16, rel_dest_rank = 0
2026-06-21 04:02:36.987 - [DEBUG] ||| make_bipartite ||| og_edge = i4_add2_1 -> i5_load_1 [operand=addr, data=true];
2026-06-21 04:02:36.987 - [DEBUG] ||| make_bipartite ||| og_opID = 29, og_edge_attributes = [('operand', 'addr'), ('data', 'true')]
2026-06-21 04:02:36.988 - [DEBUG] ||| make_bipartite ||| forced_set_diff = 2, max_bridges = 1
2026-06-21 04:02:36.988 - [DEBUG] ||| make_bipartite ||| Created new bridge | name = extd_i4_add2_1_0_0, attributes = [('opcode', 'bridge'), ('opID', 29), ('rank', '15')]
2026-06-21 04:02:36.988 - [DEBUG] ||| make_bipartite ||| Children = [<pydot.core.Node object at 0x71c9fdee4620>]
2026-06-21 04:02:36.988 - [DEBUG] ||| make_bipartite ||| src (i4_mul1_1) rank = 12, rel_src_rank = 4; dest (i4_add1_1) rank = 13, rel_dest_rank = 3
2026-06-21 04:02:36.988 - [DEBUG] ||| make_bipartite ||| Children = [<pydot.core.Node object at 0x71c9fdee4560>]
2026-06-21 04:02:36.989 - [DEBUG] ||| make_bipartite ||| src (i4_mul2_1) rank = 13, rel_src_rank = 3; dest (i4_add2_1) rank = 14, rel_dest_rank = 2
2026-06-21 04:02:36.989 - [DEBUG] ||| make_bipartite ||| Children = [<pydot.core.Node object at 0x71c9fdee4740>]
2026-06-21 04:02:36.989 - [DEBUG] ||| make_bipartite ||| src (i5_load_1) rank = 16, rel_src_rank = 0; dest (i8_mul_1) rank = 17, rel_dest_rank = 1
2026-06-21 04:02:36.989 - [DEBUG] ||| make_bipartite ||| Children = [<pydot.core.Node object at 0x71c9fdee4620>]
2026-06-21 04:02:36.989 - [DEBUG] ||| make_bipartite ||| src (i6_add1_1) rank = 14, rel_src_rank = 2; dest (i6_add2_1) rank = 15, rel_dest_rank = 1
2026-06-21 04:02:36.990 - [DEBUG] ||| make_bipartite ||| Children = [<pydot.core.Node object at 0x71c9fdee4560>]
2026-06-21 04:02:36.990 - [DEBUG] ||| make_bipartite ||| src (i6_add2_1) rank = 15, rel_src_rank = 1; dest (i7_load_1) rank = 16, rel_dest_rank = 0
2026-06-21 04:02:36.990 - [DEBUG] ||| make_bipartite ||| Children = [<pydot.core.Node object at 0x71c9fdee4740>]
2026-06-21 04:02:36.990 - [DEBUG] ||| make_bipartite ||| src (i6_mul1_1) rank = 13, rel_src_rank = 3; dest (i6_add1_1) rank = 14, rel_dest_rank = 2
2026-06-21 04:02:36.991 - [DEBUG] ||| make_bipartite ||| Children = [<pydot.core.Node object at 0x71c9fdee4620>]
2026-06-21 04:02:36.991 - [DEBUG] ||| make_bipartite ||| src (i6_mul2_1) rank = 14, rel_src_rank = 2; dest (i6_add2_1) rank = 15, rel_dest_rank = 1
2026-06-21 04:02:36.991 - [DEBUG] ||| make_bipartite ||| Children = [<pydot.core.Node object at 0x71c9fdee4560>]
2026-06-21 04:02:36.991 - [DEBUG] ||| make_bipartite ||| src (i7_load_1) rank = 16, rel_src_rank = 0; dest (i8_mul_1) rank = 17, rel_dest_rank = 1
2026-06-21 04:02:36.992 - [DEBUG] ||| make_bipartite ||| Children = [<pydot.core.Node object at 0x71c9fdee4740>]
2026-06-21 04:02:36.992 - [DEBUG] ||| make_bipartite ||| src (i8_mul_1) rank = 17, rel_src_rank = 1; dest (i9_add_1) rank = 18, rel_dest_rank = 2
2026-06-21 04:02:36.992 - [DEBUG] ||| make_bipartite ||| Children = []
2026-06-21 04:02:36.992 - [DEBUG] ||| make_bipartite ||| Children = [<pydot.core.Node object at 0x71c9fdee4620>, <pydot.core.Node object at 0x71c9fdee47a0>]
2026-06-21 04:02:36.992 - [DEBUG] ||| make_bipartite ||| src (i17_add_fout_0_1) rank = 12, rel_src_rank = 4; dest (i4_mul2_1) rank = 13, rel_dest_rank = 3
2026-06-21 04:02:36.993 - [DEBUG] ||| make_bipartite ||| src (i17_add_fout_0_1) rank = 12, rel_src_rank = 4; dest (i6_mul1_1) rank = 13, rel_dest_rank = 3
2026-06-21 04:02:36.993 - [DEBUG] ||| make_bipartite ||| Children = [<pydot.core.Node object at 0x71c9fdee4560>, <pydot.core.Node object at 0x71c9fdee47d0>]
2026-06-21 04:02:36.993 - [DEBUG] ||| make_bipartite ||| src (i17_add_fout_1_1) rank = 12, rel_src_rank = 4; dest (i10_icmp_1) rank = 9, rel_dest_rank = 1
2026-06-21 04:02:36.994 - [DEBUG] ||| make_bipartite ||| og_edge = i17_add_fout_1_1 -> i10_icmp_1 [operand=LHS, data=true];
2026-06-21 04:02:36.994 - [DEBUG] ||| make_bipartite ||| og_opID = 41, og_edge_attributes = [('operand', 'LHS'), ('data', 'true')]
2026-06-21 04:02:36.994 - [DEBUG] ||| make_bipartite ||| forced_set_diff = 3, max_bridges = 2
2026-06-21 04:02:36.994 - [DEBUG] ||| make_bipartite ||| Created new bridge | name = extd_i17_add_fout_1_1_0_0, attributes = [('opcode', 'bridge'), ('opID', 41), ('rank', '13')]
2026-06-21 04:02:36.994 - [DEBUG] ||| make_bipartite ||| Created new bridge | name = extd_i17_add_fout_1_1_0_1, attributes = [('opcode', 'bridge'), ('opID', 41), ('rank', '14')]
2026-06-21 04:02:36.995 - [DEBUG] ||| make_bipartite ||| src (i17_add_fout_1_1) rank = 12, rel_src_rank = 4; dest (i15_add_1) rank = 13, rel_dest_rank = 3
2026-06-21 04:02:36.995 - [DEBUG] ||| make_bipartite ||| Children = [<pydot.core.Node object at 0x71c9fdee46e0>]
2026-06-21 04:02:36.995 - [DEBUG] ||| make_bipartite ||| src (i10_icmp_2) rank = 27, rel_src_rank = 3; dest (i16_add_2) rank = 28, rel_dest_rank = 4
2026-06-21 04:02:36.995 - [DEBUG] ||| make_bipartite ||| Children = [<pydot.core.Node object at 0x71c9fdee4620>]
2026-06-21 04:02:36.995 - [DEBUG] ||| make_bipartite ||| src (i12_load_2) rank = 27, rel_src_rank = 3; dest (i13_add_2) rank = 28, rel_dest_rank = 4
2026-06-21 04:02:36.996 - [DEBUG] ||| make_bipartite ||| Children = [<pydot.core.Node object at 0x71c9fdee47d0>, <pydot.core.Node object at 0x71c9fdee4590>]
2026-06-21 04:02:36.996 - [DEBUG] ||| make_bipartite ||| src (i13_add_2) rank = 28, rel_src_rank = 4; dest (i14_store_2) rank = 29, rel_dest_rank = 3
2026-06-21 04:02:36.996 - [DEBUG] ||| make_bipartite ||| src (i13_add_2) rank = 28, rel_src_rank = 4; dest (i17_add_2) rank = 29, rel_dest_rank = 3
2026-06-21 04:02:36.996 - [DEBUG] ||| make_bipartite ||| Children = []
2026-06-21 04:02:36.997 - [DEBUG] ||| make_bipartite ||| Children = [<pydot.core.Node object at 0x71c9fdee4620>]
2026-06-21 04:02:36.997 - [DEBUG] ||| make_bipartite ||| src (i15_add_2) rank = 31, rel_src_rank = 1; dest (i16_add_2) rank = 28, rel_dest_rank = 4
2026-06-21 04:02:36.997 - [DEBUG] ||| make_bipartite ||| og_edge = i15_add_2 -> i16_add_2 [operand=any2input, data=true];
2026-06-21 04:02:36.997 - [DEBUG] ||| make_bipartite ||| og_opID = 46, og_edge_attributes = [('operand', 'any2input'), ('data', 'true')]
2026-06-21 04:02:36.998 - [DEBUG] ||| make_bipartite ||| forced_set_diff = 3, max_bridges = 2
2026-06-21 04:02:36.998 - [DEBUG] ||| make_bipartite ||| Created new bridge | name = extd_i15_add_2_0_0, attributes = [('opcode', 'bridge'), ('opID', 46), ('rank', '26')]
2026-06-21 04:02:36.998 - [DEBUG] ||| make_bipartite ||| Created new bridge | name = extd_i15_add_2_0_1, attributes = [('opcode', 'bridge'), ('opID', 46), ('rank', '27')]
2026-06-21 04:02:36.999 - [DEBUG] ||| make_bipartite ||| Children = [<pydot.core.Node object at 0x71c9fdee4800>]
2026-06-21 04:02:36.999 - [DEBUG] ||| make_bipartite ||| src (i16_add_2) rank = 28, rel_src_rank = 4; dest (i17_add_2) rank = 29, rel_dest_rank = 3
2026-06-21 04:02:36.999 - [DEBUG] ||| make_bipartite ||| Children = [<pydot.core.Node object at 0x71c9fdee4740>, <pydot.core.Node object at 0x71c9fdee4860>]
2026-06-21 04:02:36.999 - [DEBUG] ||| make_bipartite ||| src (i17_add_2) rank = 29, rel_src_rank = 3; dest (i17_add_fout_0_2) rank = 30, rel_dest_rank = 2
2026-06-21 04:02:37.000 - [DEBUG] ||| make_bipartite ||| src (i17_add_2) rank = 29, rel_src_rank = 3; dest (i17_add_fout_1_2) rank = 30, rel_dest_rank = 2
2026-06-21 04:02:37.000 - [DEBUG] ||| make_bipartite ||| Children = [<pydot.core.Node object at 0x71c9fdee4620>]
2026-06-21 04:02:37.000 - [DEBUG] ||| make_bipartite ||| src (i4_add1_2) rank = 31, rel_src_rank = 1; dest (i4_add2_2) rank = 32, rel_dest_rank = 0
2026-06-21 04:02:37.001 - [DEBUG] ||| make_bipartite ||| Children = [<pydot.core.Node object at 0x71c9fdee47d0>]
2026-06-21 04:02:37.001 - [DEBUG] ||| make_bipartite ||| src (i4_add2_2) rank = 32, rel_src_rank = 0; dest (i5_load_2) rank = 34, rel_dest_rank = 2
2026-06-21 04:02:37.001 - [DEBUG] ||| make_bipartite ||| og_edge = i4_add2_2 -> i5_load_2 [operand=addr, data=true];
2026-06-21 04:02:37.001 - [DEBUG] ||| make_bipartite ||| og_opID = 50, og_edge_attributes = [('operand', 'addr'), ('data', 'true')]
2026-06-21 04:02:37.002 - [DEBUG] ||| make_bipartite ||| forced_set_diff = 2, max_bridges = 1
2026-06-21 04:02:37.002 - [DEBUG] ||| make_bipartite ||| Created new bridge | name = extd_i4_add2_2_0_0, attributes = [('opcode', 'bridge'), ('opID', 50), ('rank', '33')]
2026-06-21 04:02:37.002 - [DEBUG] ||| make_bipartite ||| Children = [<pydot.core.Node object at 0x71c9fdee4560>]
2026-06-21 04:02:37.002 - [DEBUG] ||| make_bipartite ||| src (i4_mul1_2) rank = 30, rel_src_rank = 2; dest (i4_add1_2) rank = 31, rel_dest_rank = 1
2026-06-21 04:02:37.002 - [DEBUG] ||| make_bipartite ||| Children = [<pydot.core.Node object at 0x71c9fdee46e0>]
2026-06-21 04:02:37.003 - [DEBUG] ||| make_bipartite ||| src (i4_mul2_2) rank = 31, rel_src_rank = 1; dest (i4_add2_2) rank = 32, rel_dest_rank = 0
2026-06-21 04:02:37.003 - [DEBUG] ||| make_bipartite ||| Children = [<pydot.core.Node object at 0x71c9fdee47d0>]
2026-06-21 04:02:37.003 - [DEBUG] ||| make_bipartite ||| src (i5_load_2) rank = 34, rel_src_rank = 2; dest (i8_mul_2) rank = 35, rel_dest_rank = 3
2026-06-21 04:02:37.003 - [DEBUG] ||| make_bipartite ||| Children = [<pydot.core.Node object at 0x71c9fdee4560>]
2026-06-21 04:02:37.003 - [DEBUG] ||| make_bipartite ||| src (i6_add1_2) rank = 32, rel_src_rank = 0; dest (i6_add2_2) rank = 33, rel_dest_rank = 1
2026-06-21 04:02:37.003 - [DEBUG] ||| make_bipartite ||| Children = [<pydot.core.Node object at 0x71c9fdee46e0>]
2026-06-21 04:02:37.004 - [DEBUG] ||| make_bipartite ||| src (i6_add2_2) rank = 33, rel_src_rank = 1; dest (i7_load_2) rank = 34, rel_dest_rank = 2
2026-06-21 04:02:37.004 - [DEBUG] ||| make_bipartite ||| Children = [<pydot.core.Node object at 0x71c9fdee47d0>]
2026-06-21 04:02:37.004 - [DEBUG] ||| make_bipartite ||| src (i6_mul1_2) rank = 31, rel_src_rank = 1; dest (i6_add1_2) rank = 32, rel_dest_rank = 0
2026-06-21 04:02:37.004 - [DEBUG] ||| make_bipartite ||| Children = [<pydot.core.Node object at 0x71c9fdee4560>]
2026-06-21 04:02:37.004 - [DEBUG] ||| make_bipartite ||| src (i6_mul2_2) rank = 32, rel_src_rank = 0; dest (i6_add2_2) rank = 33, rel_dest_rank = 1
2026-06-21 04:02:37.005 - [DEBUG] ||| make_bipartite ||| Children = [<pydot.core.Node object at 0x71c9fdee46e0>]
2026-06-21 04:02:37.005 - [DEBUG] ||| make_bipartite ||| src (i7_load_2) rank = 34, rel_src_rank = 2; dest (i8_mul_2) rank = 35, rel_dest_rank = 3
2026-06-21 04:02:37.005 - [DEBUG] ||| make_bipartite ||| Children = [<pydot.core.Node object at 0x71c9fdee47d0>]
2026-06-21 04:02:37.005 - [DEBUG] ||| make_bipartite ||| src (i8_mul_2) rank = 35, rel_src_rank = 3; dest (i9_add_2) rank = 36, rel_dest_rank = 4
2026-06-21 04:02:37.006 - [DEBUG] ||| make_bipartite ||| Children = []
2026-06-21 04:02:37.006 - [DEBUG] ||| make_bipartite ||| Children = [<pydot.core.Node object at 0x71c9fdee4560>, <pydot.core.Node object at 0x71c9fdee4890>]
2026-06-21 04:02:37.006 - [DEBUG] ||| make_bipartite ||| src (i17_add_fout_0_2) rank = 30, rel_src_rank = 2; dest (i4_mul2_2) rank = 31, rel_dest_rank = 1
2026-06-21 04:02:37.006 - [DEBUG] ||| make_bipartite ||| src (i17_add_fout_0_2) rank = 30, rel_src_rank = 2; dest (i6_mul1_2) rank = 31, rel_dest_rank = 1
2026-06-21 04:02:37.006 - [DEBUG] ||| make_bipartite ||| Children = [<pydot.core.Node object at 0x71c9fdee46e0>, <pydot.core.Node object at 0x71c9fdee48c0>]
2026-06-21 04:02:37.006 - [DEBUG] ||| make_bipartite ||| src (i17_add_fout_1_2) rank = 30, rel_src_rank = 2; dest (i10_icmp_2) rank = 27, rel_dest_rank = 3
2026-06-21 04:02:37.007 - [DEBUG] ||| make_bipartite ||| src (i17_add_fout_1_2) rank = 30, rel_src_rank = 2; dest (i15_add_2) rank = 31, rel_dest_rank = 1
2026-06-21 04:02:37.007 - [DEBUG] ||| make_bipartite ||| Children = [<pydot.core.Node object at 0x71c9fdee4740>]
2026-06-21 04:02:37.007 - [DEBUG] ||| make_bipartite ||| src (i10_icmp_3) rank = 54, rel_src_rank = 2; dest (i16_add_3) rank = 55, rel_dest_rank = 1
2026-06-21 04:02:37.007 - [DEBUG] ||| make_bipartite ||| Children = [<pydot.core.Node object at 0x71c9fdee4560>]
2026-06-21 04:02:37.008 - [DEBUG] ||| make_bipartite ||| src (i12_load_3) rank = 54, rel_src_rank = 2; dest (i13_add_3) rank = 55, rel_dest_rank = 1
2026-06-21 04:02:37.008 - [DEBUG] ||| make_bipartite ||| Children = [<pydot.core.Node object at 0x71c9fdee48c0>, <pydot.core.Node object at 0x71c9fdee4890>]
2026-06-21 04:02:37.008 - [DEBUG] ||| make_bipartite ||| src (i13_add_3) rank = 55, rel_src_rank = 1; dest (i14_store_3) rank = 56, rel_dest_rank = 0
2026-06-21 04:02:37.008 - [DEBUG] ||| make_bipartite ||| src (i13_add_3) rank = 55, rel_src_rank = 1; dest (i17_add_3) rank = 56, rel_dest_rank = 0
2026-06-21 04:02:37.008 - [DEBUG] ||| make_bipartite ||| Children = []
2026-06-21 04:02:37.009 - [DEBUG] ||| make_bipartite ||| Children = [<pydot.core.Node object at 0x71c9fdee4560>]
2026-06-21 04:02:37.009 - [DEBUG] ||| make_bipartite ||| src (i15_add_3) rank = 58, rel_src_rank = 2; dest (i16_add_3) rank = 55, rel_dest_rank = 1
2026-06-21 04:02:37.009 - [DEBUG] ||| make_bipartite ||| Children = [<pydot.core.Node object at 0x71c9fdee46e0>]
2026-06-21 04:02:37.009 - [DEBUG] ||| make_bipartite ||| src (i16_add_3) rank = 55, rel_src_rank = 1; dest (i17_add_3) rank = 56, rel_dest_rank = 0
2026-06-21 04:02:37.010 - [DEBUG] ||| make_bipartite ||| Children = [<pydot.core.Node object at 0x71c9fdee4890>, <pydot.core.Node object at 0x71c9fdee4740>]
2026-06-21 04:02:37.010 - [DEBUG] ||| make_bipartite ||| src (i17_add_3) rank = 56, rel_src_rank = 0; dest (i17_add_fout_0_3) rank = 57, rel_dest_rank = 1
2026-06-21 04:02:37.010 - [DEBUG] ||| make_bipartite ||| src (i17_add_3) rank = 56, rel_src_rank = 0; dest (i17_add_fout_1_3) rank = 57, rel_dest_rank = 1
2026-06-21 04:02:37.010 - [DEBUG] ||| make_bipartite ||| Children = [<pydot.core.Node object at 0x71c9fdee4560>]
2026-06-21 04:02:37.011 - [DEBUG] ||| make_bipartite ||| src (i4_add1_3) rank = 58, rel_src_rank = 2; dest (i4_add2_3) rank = 59, rel_dest_rank = 3
2026-06-21 04:02:37.011 - [DEBUG] ||| make_bipartite ||| Children = [<pydot.core.Node object at 0x71c9fdee48c0>]
2026-06-21 04:02:37.011 - [DEBUG] ||| make_bipartite ||| src (i4_add2_3) rank = 59, rel_src_rank = 3; dest (i5_load_3) rank = 61, rel_dest_rank = 3
2026-06-21 04:02:37.012 - [DEBUG] ||| make_bipartite ||| og_edge = i4_add2_3 -> i5_load_3 [operand=addr, data=true];
2026-06-21 04:02:37.012 - [DEBUG] ||| make_bipartite ||| og_opID = 71, og_edge_attributes = [('operand', 'addr'), ('data', 'true')]
2026-06-21 04:02:37.012 - [DEBUG] ||| make_bipartite ||| forced_set_diff = 2, max_bridges = 1
2026-06-21 04:02:37.012 - [DEBUG] ||| make_bipartite ||| Created new bridge | name = extd_i4_add2_3_0_0, attributes = [('opcode', 'bridge'), ('opID', 71), ('rank', '62')]
2026-06-21 04:02:37.013 - [DEBUG] ||| make_bipartite ||| Children = [<pydot.core.Node object at 0x71c9fdee4830>]
2026-06-21 04:02:37.013 - [DEBUG] ||| make_bipartite ||| src (i4_mul1_3) rank = 57, rel_src_rank = 1; dest (i4_add1_3) rank = 58, rel_dest_rank = 2
2026-06-21 04:02:37.013 - [DEBUG] ||| make_bipartite ||| Children = [<pydot.core.Node object at 0x71c9fdee4800>]
2026-06-21 04:02:37.013 - [DEBUG] ||| make_bipartite ||| src (i4_mul2_3) rank = 58, rel_src_rank = 2; dest (i4_add2_3) rank = 59, rel_dest_rank = 3
2026-06-21 04:02:37.013 - [DEBUG] ||| make_bipartite ||| Children = [<pydot.core.Node object at 0x71c9fdee48c0>]
2026-06-21 04:02:37.014 - [DEBUG] ||| make_bipartite ||| src (i5_load_3) rank = 61, rel_src_rank = 3; dest (i8_mul_3) rank = 62, rel_dest_rank = 2
2026-06-21 04:02:37.014 - [DEBUG] ||| make_bipartite ||| Children = [<pydot.core.Node object at 0x71c9fdee4830>]
2026-06-21 04:02:37.014 - [DEBUG] ||| make_bipartite ||| src (i6_add1_3) rank = 59, rel_src_rank = 3; dest (i6_add2_3) rank = 60, rel_dest_rank = 4
2026-06-21 04:02:37.014 - [DEBUG] ||| make_bipartite ||| Children = [<pydot.core.Node object at 0x71c9fdee4800>]
2026-06-21 04:02:37.014 - [DEBUG] ||| make_bipartite ||| src (i6_add2_3) rank = 60, rel_src_rank = 4; dest (i7_load_3) rank = 61, rel_dest_rank = 3
2026-06-21 04:02:37.015 - [DEBUG] ||| make_bipartite ||| Children = [<pydot.core.Node object at 0x71c9fdee48c0>]
2026-06-21 04:02:37.015 - [DEBUG] ||| make_bipartite ||| src (i6_mul1_3) rank = 58, rel_src_rank = 2; dest (i6_add1_3) rank = 59, rel_dest_rank = 3
2026-06-21 04:02:37.015 - [DEBUG] ||| make_bipartite ||| Children = [<pydot.core.Node object at 0x71c9fdee4830>]
2026-06-21 04:02:37.015 - [DEBUG] ||| make_bipartite ||| src (i6_mul2_3) rank = 59, rel_src_rank = 3; dest (i6_add2_3) rank = 60, rel_dest_rank = 4
2026-06-21 04:02:37.016 - [DEBUG] ||| make_bipartite ||| Children = [<pydot.core.Node object at 0x71c9fdee4800>]
2026-06-21 04:02:37.016 - [DEBUG] ||| make_bipartite ||| src (i7_load_3) rank = 61, rel_src_rank = 3; dest (i8_mul_3) rank = 62, rel_dest_rank = 2
2026-06-21 04:02:37.016 - [DEBUG] ||| make_bipartite ||| Children = [<pydot.core.Node object at 0x71c9fdee48c0>]
2026-06-21 04:02:37.016 - [DEBUG] ||| make_bipartite ||| src (i8_mul_3) rank = 62, rel_src_rank = 2; dest (i9_add_3) rank = 63, rel_dest_rank = 1
2026-06-21 04:02:37.017 - [DEBUG] ||| make_bipartite ||| Children = []
2026-06-21 04:02:37.017 - [DEBUG] ||| make_bipartite ||| Children = [<pydot.core.Node object at 0x71c9fdee4830>, <pydot.core.Node object at 0x71c9fdee47d0>]
2026-06-21 04:02:37.017 - [DEBUG] ||| make_bipartite ||| src (i17_add_fout_0_3) rank = 57, rel_src_rank = 1; dest (i4_mul2_3) rank = 58, rel_dest_rank = 2
2026-06-21 04:02:37.018 - [DEBUG] ||| make_bipartite ||| src (i17_add_fout_0_3) rank = 57, rel_src_rank = 1; dest (i6_mul1_3) rank = 58, rel_dest_rank = 2
2026-06-21 04:02:37.018 - [DEBUG] ||| make_bipartite ||| Children = [<pydot.core.Node object at 0x71c9fdee4800>, <pydot.core.Node object at 0x71c9fdee48f0>]
2026-06-21 04:02:37.018 - [DEBUG] ||| make_bipartite ||| src (i17_add_fout_1_3) rank = 57, rel_src_rank = 1; dest (i10_icmp_3) rank = 54, rel_dest_rank = 2
2026-06-21 04:02:37.018 - [DEBUG] ||| make_bipartite ||| src (i17_add_fout_1_3) rank = 57, rel_src_rank = 1; dest (i15_add_3) rank = 58, rel_dest_rank = 2
2026-06-21 04:02:37.019 - [DEBUG] ||| make_bipartite ||| Children = [<pydot.core.Node object at 0x71c9fdee4890>]
2026-06-21 04:02:37.019 - [DEBUG] ||| make_bipartite ||| src (i10_icmp_4) rank = 54, rel_src_rank = 2; dest (i16_add_4) rank = 55, rel_dest_rank = 1
2026-06-21 04:02:37.019 - [DEBUG] ||| make_bipartite ||| Children = [<pydot.core.Node object at 0x71c9fdee4830>]
2026-06-21 04:02:37.019 - [DEBUG] ||| make_bipartite ||| src (i12_load_4) rank = 54, rel_src_rank = 2; dest (i13_add_4) rank = 55, rel_dest_rank = 1
2026-06-21 04:02:37.020 - [DEBUG] ||| make_bipartite ||| Children = [<pydot.core.Node object at 0x71c9fdee48f0>, <pydot.core.Node object at 0x71c9fdee47d0>]
2026-06-21 04:02:37.020 - [DEBUG] ||| make_bipartite ||| src (i13_add_4) rank = 55, rel_src_rank = 1; dest (i14_store_4) rank = 56, rel_dest_rank = 0
2026-06-21 04:02:37.020 - [DEBUG] ||| make_bipartite ||| src (i13_add_4) rank = 55, rel_src_rank = 1; dest (i17_add_4) rank = 56, rel_dest_rank = 0
2026-06-21 04:02:37.020 - [DEBUG] ||| make_bipartite ||| Children = []
2026-06-21 04:02:37.021 - [DEBUG] ||| make_bipartite ||| Children = [<pydot.core.Node object at 0x71c9fdee4830>]
2026-06-21 04:02:37.021 - [DEBUG] ||| make_bipartite ||| src (i15_add_4) rank = 58, rel_src_rank = 2; dest (i16_add_4) rank = 55, rel_dest_rank = 1
2026-06-21 04:02:37.021 - [DEBUG] ||| make_bipartite ||| Children = [<pydot.core.Node object at 0x71c9fdee4800>]
2026-06-21 04:02:37.021 - [DEBUG] ||| make_bipartite ||| src (i16_add_4) rank = 55, rel_src_rank = 1; dest (i17_add_4) rank = 56, rel_dest_rank = 0
2026-06-21 04:02:37.021 - [DEBUG] ||| make_bipartite ||| Children = [<pydot.core.Node object at 0x71c9fdee47d0>, <pydot.core.Node object at 0x71c9fdee4890>]
2026-06-21 04:02:37.022 - [DEBUG] ||| make_bipartite ||| src (i17_add_4) rank = 56, rel_src_rank = 0; dest (i17_add_fout_0_4) rank = 57, rel_dest_rank = 1
2026-06-21 04:02:37.022 - [DEBUG] ||| make_bipartite ||| src (i17_add_4) rank = 56, rel_src_rank = 0; dest (i17_add_fout_1_4) rank = 57, rel_dest_rank = 1
2026-06-21 04:02:37.022 - [DEBUG] ||| make_bipartite ||| Children = [<pydot.core.Node object at 0x71c9fdee4830>]
2026-06-21 04:02:37.022 - [DEBUG] ||| make_bipartite ||| src (i4_add1_4) rank = 58, rel_src_rank = 2; dest (i4_add2_4) rank = 59, rel_dest_rank = 3
2026-06-21 04:02:37.022 - [DEBUG] ||| make_bipartite ||| Children = [<pydot.core.Node object at 0x71c9fdee48f0>]
2026-06-21 04:02:37.023 - [DEBUG] ||| make_bipartite ||| src (i4_add2_4) rank = 59, rel_src_rank = 3; dest (i5_load_4) rank = 61, rel_dest_rank = 3
2026-06-21 04:02:37.023 - [DEBUG] ||| make_bipartite ||| og_edge = i4_add2_4 -> i5_load_4 [operand=addr, data=true];
2026-06-21 04:02:37.023 - [DEBUG] ||| make_bipartite ||| og_opID = 92, og_edge_attributes = [('operand', 'addr'), ('data', 'true')]
2026-06-21 04:02:37.023 - [DEBUG] ||| make_bipartite ||| forced_set_diff = 2, max_bridges = 1
2026-06-21 04:02:37.024 - [DEBUG] ||| make_bipartite ||| Created new bridge | name = extd_i4_add2_4_0_0, attributes = [('opcode', 'bridge'), ('opID', 92), ('rank', '62')]
2026-06-21 04:02:37.024 - [DEBUG] ||| make_bipartite ||| Children = [<pydot.core.Node object at 0x71c9fdee4860>]
2026-06-21 04:02:37.024 - [DEBUG] ||| make_bipartite ||| src (i4_mul1_4) rank = 57, rel_src_rank = 1; dest (i4_add1_4) rank = 58, rel_dest_rank = 2
2026-06-21 04:02:37.024 - [DEBUG] ||| make_bipartite ||| Children = [<pydot.core.Node object at 0x71c9fdee46e0>]
2026-06-21 04:02:37.025 - [DEBUG] ||| make_bipartite ||| src (i4_mul2_4) rank = 58, rel_src_rank = 2; dest (i4_add2_4) rank = 59, rel_dest_rank = 3
2026-06-21 04:02:37.025 - [DEBUG] ||| make_bipartite ||| Children = [<pydot.core.Node object at 0x71c9fdee48f0>]
2026-06-21 04:02:37.025 - [DEBUG] ||| make_bipartite ||| src (i5_load_4) rank = 61, rel_src_rank = 3; dest (i8_mul_4) rank = 62, rel_dest_rank = 2
2026-06-21 04:02:37.025 - [DEBUG] ||| make_bipartite ||| Children = [<pydot.core.Node object at 0x71c9fdee4860>]
2026-06-21 04:02:37.025 - [DEBUG] ||| make_bipartite ||| src (i6_add1_4) rank = 59, rel_src_rank = 3; dest (i6_add2_4) rank = 60, rel_dest_rank = 4
2026-06-21 04:02:37.025 - [DEBUG] ||| make_bipartite ||| Children = [<pydot.core.Node object at 0x71c9fdee46e0>]
2026-06-21 04:02:37.026 - [DEBUG] ||| make_bipartite ||| src (i6_add2_4) rank = 60, rel_src_rank = 4; dest (i7_load_4) rank = 61, rel_dest_rank = 3
2026-06-21 04:02:37.026 - [DEBUG] ||| make_bipartite ||| Children = [<pydot.core.Node object at 0x71c9fdee48f0>]
2026-06-21 04:02:37.026 - [DEBUG] ||| make_bipartite ||| src (i6_mul1_4) rank = 58, rel_src_rank = 2; dest (i6_add1_4) rank = 59, rel_dest_rank = 3
2026-06-21 04:02:37.026 - [DEBUG] ||| make_bipartite ||| Children = [<pydot.core.Node object at 0x71c9fdee4860>]
2026-06-21 04:02:37.026 - [DEBUG] ||| make_bipartite ||| src (i6_mul2_4) rank = 59, rel_src_rank = 3; dest (i6_add2_4) rank = 60, rel_dest_rank = 4
2026-06-21 04:02:37.026 - [DEBUG] ||| make_bipartite ||| Children = [<pydot.core.Node object at 0x71c9fdee46e0>]
2026-06-21 04:02:37.027 - [DEBUG] ||| make_bipartite ||| src (i7_load_4) rank = 61, rel_src_rank = 3; dest (i8_mul_4) rank = 62, rel_dest_rank = 2
2026-06-21 04:02:37.027 - [DEBUG] ||| make_bipartite ||| Children = [<pydot.core.Node object at 0x71c9fdee48f0>]
2026-06-21 04:02:37.027 - [DEBUG] ||| make_bipartite ||| src (i8_mul_4) rank = 62, rel_src_rank = 2; dest (i9_add_4) rank = 63, rel_dest_rank = 1
2026-06-21 04:02:37.027 - [DEBUG] ||| make_bipartite ||| Children = []
2026-06-21 04:02:37.027 - [DEBUG] ||| make_bipartite ||| Children = [<pydot.core.Node object at 0x71c9fdee4860>, <pydot.core.Node object at 0x71c9fdee48c0>]
2026-06-21 04:02:37.028 - [DEBUG] ||| make_bipartite ||| src (i17_add_fout_0_4) rank = 57, rel_src_rank = 1; dest (i4_mul2_4) rank = 58, rel_dest_rank = 2
2026-06-21 04:02:37.028 - [DEBUG] ||| make_bipartite ||| src (i17_add_fout_0_4) rank = 57, rel_src_rank = 1; dest (i6_mul1_4) rank = 58, rel_dest_rank = 2
2026-06-21 04:02:37.028 - [DEBUG] ||| make_bipartite ||| Children = [<pydot.core.Node object at 0x71c9fdee46e0>, <pydot.core.Node object at 0x71c9fdee5100>]
2026-06-21 04:02:37.028 - [DEBUG] ||| make_bipartite ||| src (i17_add_fout_1_4) rank = 57, rel_src_rank = 1; dest (i10_icmp_4) rank = 54, rel_dest_rank = 2
2026-06-21 04:02:37.028 - [DEBUG] ||| make_bipartite ||| src (i17_add_fout_1_4) rank = 57, rel_src_rank = 1; dest (i15_add_4) rank = 58, rel_dest_rank = 2
2026-06-21 04:02:37.028 - [DEBUG] ||| make_bipartite ||| Children = [<pydot.core.Node object at 0x71c9fdee47d0>]
2026-06-21 04:02:37.029 - [DEBUG] ||| make_bipartite ||| src (i10_icmp_5) rank = 63, rel_src_rank = 1; dest (i16_add_5) rank = 64, rel_dest_rank = 0
2026-06-21 04:02:37.029 - [DEBUG] ||| make_bipartite ||| Children = [<pydot.core.Node object at 0x71c9fdee4860>]
2026-06-21 04:02:37.029 - [DEBUG] ||| make_bipartite ||| src (i12_load_5) rank = 63, rel_src_rank = 1; dest (i13_add_5) rank = 64, rel_dest_rank = 0
2026-06-21 04:02:37.029 - [DEBUG] ||| make_bipartite ||| Children = [<pydot.core.Node object at 0x71c9fdee5100>, <pydot.core.Node object at 0x71c9fdee48c0>]
2026-06-21 04:02:37.029 - [DEBUG] ||| make_bipartite ||| src (i13_add_5) rank = 64, rel_src_rank = 0; dest (i14_store_5) rank = 65, rel_dest_rank = 1
2026-06-21 04:02:37.029 - [DEBUG] ||| make_bipartite ||| src (i13_add_5) rank = 64, rel_src_rank = 0; dest (i17_add_5) rank = 65, rel_dest_rank = 1
2026-06-21 04:02:37.030 - [DEBUG] ||| make_bipartite ||| Children = []
2026-06-21 04:02:37.030 - [DEBUG] ||| make_bipartite ||| Children = [<pydot.core.Node object at 0x71c9fdee4860>]
2026-06-21 04:02:37.030 - [DEBUG] ||| make_bipartite ||| src (i15_add_5) rank = 67, rel_src_rank = 3; dest (i16_add_5) rank = 64, rel_dest_rank = 0
2026-06-21 04:02:37.031 - [DEBUG] ||| make_bipartite ||| og_edge = i15_add_5 -> i16_add_5 [operand=any2input, data=true];
2026-06-21 04:02:37.031 - [DEBUG] ||| make_bipartite ||| og_opID = 109, og_edge_attributes = [('operand', 'any2input'), ('data', 'true')]
2026-06-21 04:02:37.031 - [DEBUG] ||| make_bipartite ||| forced_set_diff = 3, max_bridges = 2
2026-06-21 04:02:37.031 - [DEBUG] ||| make_bipartite ||| Created new bridge | name = extd_i15_add_5_0_0, attributes = [('opcode', 'bridge'), ('opID', 109), ('rank', '70')]
2026-06-21 04:02:37.032 - [DEBUG] ||| make_bipartite ||| Created new bridge | name = extd_i15_add_5_0_1, attributes = [('opcode', 'bridge'), ('opID', 109), ('rank', '71')]
2026-06-21 04:02:37.032 - [DEBUG] ||| make_bipartite ||| Children = [<pydot.core.Node object at 0x71c9fdee4890>]
2026-06-21 04:02:37.032 - [DEBUG] ||| make_bipartite ||| src (i16_add_5) rank = 64, rel_src_rank = 0; dest (i17_add_5) rank = 65, rel_dest_rank = 1
2026-06-21 04:02:37.033 - [DEBUG] ||| make_bipartite ||| Children = [<pydot.core.Node object at 0x71c9fdee4800>, <pydot.core.Node object at 0x71c9fdee5130>]
2026-06-21 04:02:37.033 - [DEBUG] ||| make_bipartite ||| src (i17_add_5) rank = 65, rel_src_rank = 1; dest (i17_add_fout_0_5) rank = 66, rel_dest_rank = 2
2026-06-21 04:02:37.033 - [DEBUG] ||| make_bipartite ||| src (i17_add_5) rank = 65, rel_src_rank = 1; dest (i17_add_fout_1_5) rank = 66, rel_dest_rank = 2
2026-06-21 04:02:37.033 - [DEBUG] ||| make_bipartite ||| Children = [<pydot.core.Node object at 0x71c9fdee4860>]
2026-06-21 04:02:37.033 - [DEBUG] ||| make_bipartite ||| src (i4_add1_5) rank = 67, rel_src_rank = 3; dest (i4_add2_5) rank = 68, rel_dest_rank = 4
2026-06-21 04:02:37.033 - [DEBUG] ||| make_bipartite ||| Children = [<pydot.core.Node object at 0x71c9fdee5100>]
2026-06-21 04:02:37.034 - [DEBUG] ||| make_bipartite ||| src (i4_add2_5) rank = 68, rel_src_rank = 4; dest (i5_load_5) rank = 70, rel_dest_rank = 2
2026-06-21 04:02:37.034 - [DEBUG] ||| make_bipartite ||| og_edge = i4_add2_5 -> i5_load_5 [operand=addr, data=true];
2026-06-21 04:02:37.034 - [DEBUG] ||| make_bipartite ||| og_opID = 113, og_edge_attributes = [('operand', 'addr'), ('data', 'true')]
2026-06-21 04:02:37.034 - [DEBUG] ||| make_bipartite ||| forced_set_diff = 2, max_bridges = 1
2026-06-21 04:02:37.034 - [DEBUG] ||| make_bipartite ||| Created new bridge | name = extd_i4_add2_5_0_0, attributes = [('opcode', 'bridge'), ('opID', 113), ('rank', '69')]
2026-06-21 04:02:37.035 - [DEBUG] ||| make_bipartite ||| Children = [<pydot.core.Node object at 0x71c9fdee46e0>]
2026-06-21 04:02:37.035 - [DEBUG] ||| make_bipartite ||| src (i4_mul1_5) rank = 66, rel_src_rank = 2; dest (i4_add1_5) rank = 67, rel_dest_rank = 3
2026-06-21 04:02:37.035 - [DEBUG] ||| make_bipartite ||| Children = [<pydot.core.Node object at 0x71c9fdee47d0>]
2026-06-21 04:02:37.035 - [DEBUG] ||| make_bipartite ||| src (i4_mul2_5) rank = 67, rel_src_rank = 3; dest (i4_add2_5) rank = 68, rel_dest_rank = 4
2026-06-21 04:02:37.035 - [DEBUG] ||| make_bipartite ||| Children = [<pydot.core.Node object at 0x71c9fdee5100>]
2026-06-21 04:02:37.036 - [DEBUG] ||| make_bipartite ||| src (i5_load_5) rank = 70, rel_src_rank = 2; dest (i8_mul_5) rank = 71, rel_dest_rank = 1
2026-06-21 04:02:37.036 - [DEBUG] ||| make_bipartite ||| Children = [<pydot.core.Node object at 0x71c9fdee46e0>]
2026-06-21 04:02:37.036 - [DEBUG] ||| make_bipartite ||| src (i6_add1_5) rank = 68, rel_src_rank = 4; dest (i6_add2_5) rank = 69, rel_dest_rank = 3
2026-06-21 04:02:37.036 - [DEBUG] ||| make_bipartite ||| Children = [<pydot.core.Node object at 0x71c9fdee47d0>]
2026-06-21 04:02:37.037 - [DEBUG] ||| make_bipartite ||| src (i6_add2_5) rank = 69, rel_src_rank = 3; dest (i7_load_5) rank = 70, rel_dest_rank = 2
2026-06-21 04:02:37.037 - [DEBUG] ||| make_bipartite ||| Children = [<pydot.core.Node object at 0x71c9fdee5100>]
2026-06-21 04:02:37.037 - [DEBUG] ||| make_bipartite ||| src (i6_mul1_5) rank = 67, rel_src_rank = 3; dest (i6_add1_5) rank = 68, rel_dest_rank = 4
2026-06-21 04:02:37.037 - [DEBUG] ||| make_bipartite ||| Children = [<pydot.core.Node object at 0x71c9fdee46e0>]
2026-06-21 04:02:37.037 - [DEBUG] ||| make_bipartite ||| src (i6_mul2_5) rank = 68, rel_src_rank = 4; dest (i6_add2_5) rank = 69, rel_dest_rank = 3
2026-06-21 04:02:37.038 - [DEBUG] ||| make_bipartite ||| Children = [<pydot.core.Node object at 0x71c9fdee47d0>]
2026-06-21 04:02:37.038 - [DEBUG] ||| make_bipartite ||| src (i7_load_5) rank = 70, rel_src_rank = 2; dest (i8_mul_5) rank = 71, rel_dest_rank = 1
2026-06-21 04:02:37.038 - [DEBUG] ||| make_bipartite ||| Children = [<pydot.core.Node object at 0x71c9fdee5100>]
2026-06-21 04:02:37.038 - [DEBUG] ||| make_bipartite ||| src (i8_mul_5) rank = 71, rel_src_rank = 1; dest (i9_add_5) rank = 72, rel_dest_rank = 0
2026-06-21 04:02:37.038 - [DEBUG] ||| make_bipartite ||| Children = []
2026-06-21 04:02:37.038 - [DEBUG] ||| make_bipartite ||| Children = [<pydot.core.Node object at 0x71c9fdee46e0>, <pydot.core.Node object at 0x71c9fdee5160>]
2026-06-21 04:02:37.039 - [DEBUG] ||| make_bipartite ||| src (i17_add_fout_0_5) rank = 66, rel_src_rank = 2; dest (i4_mul2_5) rank = 67, rel_dest_rank = 3
2026-06-21 04:02:37.039 - [DEBUG] ||| make_bipartite ||| src (i17_add_fout_0_5) rank = 66, rel_src_rank = 2; dest (i6_mul1_5) rank = 67, rel_dest_rank = 3
2026-06-21 04:02:37.039 - [DEBUG] ||| make_bipartite ||| Children = [<pydot.core.Node object at 0x71c9fdee47d0>, <pydot.core.Node object at 0x71c9fdee5190>]
2026-06-21 04:02:37.040 - [DEBUG] ||| make_bipartite ||| src (i17_add_fout_1_5) rank = 66, rel_src_rank = 2; dest (i10_icmp_5) rank = 63, rel_dest_rank = 1
2026-06-21 04:02:37.040 - [DEBUG] ||| make_bipartite ||| src (i17_add_fout_1_5) rank = 66, rel_src_rank = 2; dest (i15_add_5) rank = 67, rel_dest_rank = 3
2026-06-21 04:02:37.040 - [DEBUG] ||| make_bipartite ||| Children = [<pydot.core.Node object at 0x71c9fdee4800>]
2026-06-21 04:02:37.040 - [DEBUG] ||| make_bipartite ||| src (i10_icmp_6) rank = 81, rel_src_rank = 1; dest (i16_add_6) rank = 82, rel_dest_rank = 2
2026-06-21 04:02:37.040 - [DEBUG] ||| make_bipartite ||| Children = [<pydot.core.Node object at 0x71c9fdee46e0>]
2026-06-21 04:02:37.041 - [DEBUG] ||| make_bipartite ||| src (i12_load_6) rank = 81, rel_src_rank = 1; dest (i13_add_6) rank = 82, rel_dest_rank = 2
2026-06-21 04:02:37.041 - [DEBUG] ||| make_bipartite ||| Children = [<pydot.core.Node object at 0x71c9fdee5190>, <pydot.core.Node object at 0x71c9fdee5160>]
2026-06-21 04:02:37.041 - [DEBUG] ||| make_bipartite ||| src (i13_add_6) rank = 82, rel_src_rank = 2; dest (i14_store_6) rank = 83, rel_dest_rank = 3
2026-06-21 04:02:37.041 - [DEBUG] ||| make_bipartite ||| src (i13_add_6) rank = 82, rel_src_rank = 2; dest (i17_add_6) rank = 83, rel_dest_rank = 3
2026-06-21 04:02:37.042 - [DEBUG] ||| make_bipartite ||| Children = []
2026-06-21 04:02:37.042 - [DEBUG] ||| make_bipartite ||| Children = [<pydot.core.Node object at 0x71c9fdee46e0>]
2026-06-21 04:02:37.042 - [DEBUG] ||| make_bipartite ||| src (i15_add_6) rank = 85, rel_src_rank = 3; dest (i16_add_6) rank = 82, rel_dest_rank = 2
2026-06-21 04:02:37.042 - [DEBUG] ||| make_bipartite ||| Children = [<pydot.core.Node object at 0x71c9fdee47d0>]
2026-06-21 04:02:37.042 - [DEBUG] ||| make_bipartite ||| src (i16_add_6) rank = 82, rel_src_rank = 2; dest (i17_add_6) rank = 83, rel_dest_rank = 3
2026-06-21 04:02:37.043 - [DEBUG] ||| make_bipartite ||| Children = [<pydot.core.Node object at 0x71c9fdee5160>, <pydot.core.Node object at 0x71c9fdee4800>]
2026-06-21 04:02:37.043 - [DEBUG] ||| make_bipartite ||| src (i17_add_6) rank = 83, rel_src_rank = 3; dest (i17_add_fout_0_6) rank = 84, rel_dest_rank = 4
2026-06-21 04:02:37.043 - [DEBUG] ||| make_bipartite ||| src (i17_add_6) rank = 83, rel_src_rank = 3; dest (i17_add_fout_1_6) rank = 84, rel_dest_rank = 4
2026-06-21 04:02:37.043 - [DEBUG] ||| make_bipartite ||| Children = [<pydot.core.Node object at 0x71c9fdee46e0>]
2026-06-21 04:02:37.043 - [DEBUG] ||| make_bipartite ||| src (i4_add1_6) rank = 85, rel_src_rank = 3; dest (i4_add2_6) rank = 86, rel_dest_rank = 2
2026-06-21 04:02:37.043 - [DEBUG] ||| make_bipartite ||| Children = [<pydot.core.Node object at 0x71c9fdee5190>]
2026-06-21 04:02:37.044 - [DEBUG] ||| make_bipartite ||| src (i4_add2_6) rank = 86, rel_src_rank = 2; dest (i5_load_6) rank = 88, rel_dest_rank = 0
2026-06-21 04:02:37.044 - [DEBUG] ||| make_bipartite ||| og_edge = i4_add2_6 -> i5_load_6 [operand=addr, data=true];
2026-06-21 04:02:37.044 - [DEBUG] ||| make_bipartite ||| og_opID = 134, og_edge_attributes = [('operand', 'addr'), ('data', 'true')]
2026-06-21 04:02:37.044 - [DEBUG] ||| make_bipartite ||| forced_set_diff = 2, max_bridges = 1
2026-06-21 04:02:37.045 - [DEBUG] ||| make_bipartite ||| Created new bridge | name = extd_i4_add2_6_0_0, attributes = [('opcode', 'bridge'), ('opID', 134), ('rank', '87')]
2026-06-21 04:02:37.045 - [DEBUG] ||| make_bipartite ||| Children = [<pydot.core.Node object at 0x71c9fdee48f0>]
2026-06-21 04:02:37.045 - [DEBUG] ||| make_bipartite ||| src (i4_mul1_6) rank = 84, rel_src_rank = 4; dest (i4_add1_6) rank = 85, rel_dest_rank = 3
2026-06-21 04:02:37.045 - [DEBUG] ||| make_bipartite ||| Children = [<pydot.core.Node object at 0x71c9fdee4890>]
2026-06-21 04:02:37.045 - [DEBUG] ||| make_bipartite ||| src (i4_mul2_6) rank = 85, rel_src_rank = 3; dest (i4_add2_6) rank = 86, rel_dest_rank = 2
2026-06-21 04:02:37.046 - [DEBUG] ||| make_bipartite ||| Children = [<pydot.core.Node object at 0x71c9fdee5190>]
2026-06-21 04:02:37.046 - [DEBUG] ||| make_bipartite ||| src (i5_load_6) rank = 88, rel_src_rank = 0; dest (i8_mul_6) rank = 89, rel_dest_rank = 1
2026-06-21 04:02:37.046 - [DEBUG] ||| make_bipartite ||| Children = [<pydot.core.Node object at 0x71c9fdee48f0>]
2026-06-21 04:02:37.046 - [DEBUG] ||| make_bipartite ||| src (i6_add1_6) rank = 86, rel_src_rank = 2; dest (i6_add2_6) rank = 87, rel_dest_rank = 1
2026-06-21 04:02:37.046 - [DEBUG] ||| make_bipartite ||| Children = [<pydot.core.Node object at 0x71c9fdee4890>]
2026-06-21 04:02:37.047 - [DEBUG] ||| make_bipartite ||| src (i6_add2_6) rank = 87, rel_src_rank = 1; dest (i7_load_6) rank = 88, rel_dest_rank = 0
2026-06-21 04:02:37.047 - [DEBUG] ||| make_bipartite ||| Children = [<pydot.core.Node object at 0x71c9fdee5190>]
2026-06-21 04:02:37.047 - [DEBUG] ||| make_bipartite ||| src (i6_mul1_6) rank = 85, rel_src_rank = 3; dest (i6_add1_6) rank = 86, rel_dest_rank = 2
2026-06-21 04:02:37.047 - [DEBUG] ||| make_bipartite ||| Children = [<pydot.core.Node object at 0x71c9fdee48f0>]
2026-06-21 04:02:37.047 - [DEBUG] ||| make_bipartite ||| src (i6_mul2_6) rank = 86, rel_src_rank = 2; dest (i6_add2_6) rank = 87, rel_dest_rank = 1
2026-06-21 04:02:37.048 - [DEBUG] ||| make_bipartite ||| Children = [<pydot.core.Node object at 0x71c9fdee4890>]
2026-06-21 04:02:37.048 - [DEBUG] ||| make_bipartite ||| src (i7_load_6) rank = 88, rel_src_rank = 0; dest (i8_mul_6) rank = 89, rel_dest_rank = 1
2026-06-21 04:02:37.048 - [DEBUG] ||| make_bipartite ||| Children = [<pydot.core.Node object at 0x71c9fdee5190>]
2026-06-21 04:02:37.048 - [DEBUG] ||| make_bipartite ||| src (i8_mul_6) rank = 89, rel_src_rank = 1; dest (i9_add_6) rank = 90, rel_dest_rank = 2
2026-06-21 04:02:37.048 - [DEBUG] ||| make_bipartite ||| Children = []
2026-06-21 04:02:37.049 - [DEBUG] ||| make_bipartite ||| Children = [<pydot.core.Node object at 0x71c9fdee48f0>, <pydot.core.Node object at 0x71c9fdee5100>]
2026-06-21 04:02:37.049 - [DEBUG] ||| make_bipartite ||| src (i17_add_fout_0_6) rank = 84, rel_src_rank = 4; dest (i4_mul2_6) rank = 85, rel_dest_rank = 3
2026-06-21 04:02:37.049 - [DEBUG] ||| make_bipartite ||| src (i17_add_fout_0_6) rank = 84, rel_src_rank = 4; dest (i6_mul1_6) rank = 85, rel_dest_rank = 3
2026-06-21 04:02:37.049 - [DEBUG] ||| make_bipartite ||| Children = [<pydot.core.Node object at 0x71c9fdee4890>, <pydot.core.Node object at 0x71c9fdee51c0>]
2026-06-21 04:02:37.049 - [DEBUG] ||| make_bipartite ||| src (i17_add_fout_1_6) rank = 84, rel_src_rank = 4; dest (i10_icmp_6) rank = 81, rel_dest_rank = 1
2026-06-21 04:02:37.050 - [DEBUG] ||| make_bipartite ||| og_edge = i17_add_fout_1_6 -> i10_icmp_6 [operand=LHS, data=true];
2026-06-21 04:02:37.050 - [DEBUG] ||| make_bipartite ||| og_opID = 146, og_edge_attributes = [('operand', 'LHS'), ('data', 'true')]
2026-06-21 04:02:37.050 - [DEBUG] ||| make_bipartite ||| forced_set_diff = 3, max_bridges = 2
2026-06-21 04:02:37.050 - [DEBUG] ||| make_bipartite ||| Created new bridge | name = extd_i17_add_fout_1_6_0_0, attributes = [('opcode', 'bridge'), ('opID', 146), ('rank', '85')]
2026-06-21 04:02:37.050 - [DEBUG] ||| make_bipartite ||| Created new bridge | name = extd_i17_add_fout_1_6_0_1, attributes = [('opcode', 'bridge'), ('opID', 146), ('rank', '86')]
2026-06-21 04:02:37.050 - [DEBUG] ||| make_bipartite ||| src (i17_add_fout_1_6) rank = 84, rel_src_rank = 4; dest (i15_add_6) rank = 85, rel_dest_rank = 3
2026-06-21 04:02:37.051 - [DEBUG] ||| make_bipartite ||| Children = [<pydot.core.Node object at 0x71c9fdee4800>]
2026-06-21 04:02:37.051 - [DEBUG] ||| make_bipartite ||| src (i10_icmp_7) rank = 108, rel_src_rank = 4; dest (i16_add_7) rank = 109, rel_dest_rank = 3
2026-06-21 04:02:37.051 - [DEBUG] ||| make_bipartite ||| Children = [<pydot.core.Node object at 0x71c9fdee48f0>]
2026-06-21 04:02:37.051 - [DEBUG] ||| make_bipartite ||| src (i12_load_7) rank = 108, rel_src_rank = 4; dest (i13_add_7) rank = 109, rel_dest_rank = 3
2026-06-21 04:02:37.051 - [DEBUG] ||| make_bipartite ||| Children = [<pydot.core.Node object at 0x71c9fdee51c0>, <pydot.core.Node object at 0x71c9fdee47d0>]
2026-06-21 04:02:37.052 - [DEBUG] ||| make_bipartite ||| src (i13_add_7) rank = 109, rel_src_rank = 3; dest (i14_store_7) rank = 110, rel_dest_rank = 2
2026-06-21 04:02:37.052 - [DEBUG] ||| make_bipartite ||| src (i13_add_7) rank = 109, rel_src_rank = 3; dest (i17_add_7) rank = 110, rel_dest_rank = 2
2026-06-21 04:02:37.052 - [DEBUG] ||| make_bipartite ||| Children = []
2026-06-21 04:02:37.053 - [DEBUG] ||| make_bipartite ||| Children = [<pydot.core.Node object at 0x71c9fdee48f0>]
2026-06-21 04:02:37.053 - [DEBUG] ||| make_bipartite ||| src (i15_add_7) rank = 112, rel_src_rank = 0; dest (i16_add_7) rank = 109, rel_dest_rank = 3
2026-06-21 04:02:37.053 - [DEBUG] ||| make_bipartite ||| og_edge = i15_add_7 -> i16_add_7 [operand=any2input, data=true];
2026-06-21 04:02:37.053 - [DEBUG] ||| make_bipartite ||| og_opID = 151, og_edge_attributes = [('operand', 'any2input'), ('data', 'true')]
2026-06-21 04:02:37.053 - [DEBUG] ||| make_bipartite ||| forced_set_diff = 3, max_bridges = 2
2026-06-21 04:02:37.053 - [DEBUG] ||| make_bipartite ||| Created new bridge | name = extd_i15_add_7_0_0, attributes = [('opcode', 'bridge'), ('opID', 151), ('rank', '113')]
2026-06-21 04:02:37.054 - [DEBUG] ||| make_bipartite ||| Created new bridge | name = extd_i15_add_7_0_1, attributes = [('opcode', 'bridge'), ('opID', 151), ('rank', '114')]
2026-06-21 04:02:37.054 - [DEBUG] ||| make_bipartite ||| Children = [<pydot.core.Node object at 0x71c9fdee51f0>]
2026-06-21 04:02:37.054 - [DEBUG] ||| make_bipartite ||| src (i16_add_7) rank = 109, rel_src_rank = 3; dest (i17_add_7) rank = 110, rel_dest_rank = 2
2026-06-21 04:02:37.054 - [DEBUG] ||| make_bipartite ||| Children = [<pydot.core.Node object at 0x71c9fdee5190>, <pydot.core.Node object at 0x71c9fdee5250>]
2026-06-21 04:02:37.054 - [DEBUG] ||| make_bipartite ||| src (i17_add_7) rank = 110, rel_src_rank = 2; dest (i17_add_fout_0_7) rank = 111, rel_dest_rank = 1
2026-06-21 04:02:37.054 - [DEBUG] ||| make_bipartite ||| src (i17_add_7) rank = 110, rel_src_rank = 2; dest (i17_add_fout_1_7) rank = 111, rel_dest_rank = 1
2026-06-21 04:02:37.055 - [DEBUG] ||| make_bipartite ||| Children = [<pydot.core.Node object at 0x71c9fdee48f0>]
2026-06-21 04:02:37.055 - [DEBUG] ||| make_bipartite ||| src (i4_add1_7) rank = 112, rel_src_rank = 0; dest (i4_add2_7) rank = 113, rel_dest_rank = 1
2026-06-21 04:02:37.055 - [DEBUG] ||| make_bipartite ||| Children = [<pydot.core.Node object at 0x71c9fdee51c0>]
2026-06-21 04:02:37.055 - [DEBUG] ||| make_bipartite ||| src (i4_add2_7) rank = 113, rel_src_rank = 1; dest (i5_load_7) rank = 115, rel_dest_rank = 3
2026-06-21 04:02:37.055 - [DEBUG] ||| make_bipartite ||| og_edge = i4_add2_7 -> i5_load_7 [operand=addr, data=true];
2026-06-21 04:02:37.056 - [DEBUG] ||| make_bipartite ||| og_opID = 155, og_edge_attributes = [('operand', 'addr'), ('data', 'true')]
2026-06-21 04:02:37.056 - [DEBUG] ||| make_bipartite ||| forced_set_diff = 2, max_bridges = 1
2026-06-21 04:02:37.056 - [DEBUG] ||| make_bipartite ||| Created new bridge | name = extd_i4_add2_7_0_0, attributes = [('opcode', 'bridge'), ('opID', 155), ('rank', '114')]
2026-06-21 04:02:37.056 - [DEBUG] ||| make_bipartite ||| Children = [<pydot.core.Node object at 0x71c9fdee4890>]
2026-06-21 04:02:37.056 - [DEBUG] ||| make_bipartite ||| src (i4_mul1_7) rank = 111, rel_src_rank = 1; dest (i4_add1_7) rank = 112, rel_dest_rank = 0
2026-06-21 04:02:37.056 - [DEBUG] ||| make_bipartite ||| Children = [<pydot.core.Node object at 0x71c9fdee4800>]
2026-06-21 04:02:37.057 - [DEBUG] ||| make_bipartite ||| src (i4_mul2_7) rank = 112, rel_src_rank = 0; dest (i4_add2_7) rank = 113, rel_dest_rank = 1
2026-06-21 04:02:37.057 - [DEBUG] ||| make_bipartite ||| Children = [<pydot.core.Node object at 0x71c9fdee51c0>]
2026-06-21 04:02:37.057 - [DEBUG] ||| make_bipartite ||| src (i5_load_7) rank = 115, rel_src_rank = 3; dest (i8_mul_7) rank = 116, rel_dest_rank = 4
2026-06-21 04:02:37.057 - [DEBUG] ||| make_bipartite ||| Children = [<pydot.core.Node object at 0x71c9fdee4890>]
2026-06-21 04:02:37.057 - [DEBUG] ||| make_bipartite ||| src (i6_add1_7) rank = 113, rel_src_rank = 1; dest (i6_add2_7) rank = 114, rel_dest_rank = 2
2026-06-21 04:02:37.057 - [DEBUG] ||| make_bipartite ||| Children = [<pydot.core.Node object at 0x71c9fdee4800>]
2026-06-21 04:02:37.058 - [DEBUG] ||| make_bipartite ||| src (i6_add2_7) rank = 114, rel_src_rank = 2; dest (i7_load_7) rank = 115, rel_dest_rank = 3
2026-06-21 04:02:37.058 - [DEBUG] ||| make_bipartite ||| Children = [<pydot.core.Node object at 0x71c9fdee51c0>]
2026-06-21 04:02:37.058 - [DEBUG] ||| make_bipartite ||| src (i6_mul1_7) rank = 112, rel_src_rank = 0; dest (i6_add1_7) rank = 113, rel_dest_rank = 1
2026-06-21 04:02:37.058 - [DEBUG] ||| make_bipartite ||| Children = [<pydot.core.Node object at 0x71c9fdee4890>]
2026-06-21 04:02:37.058 - [DEBUG] ||| make_bipartite ||| src (i6_mul2_7) rank = 113, rel_src_rank = 1; dest (i6_add2_7) rank = 114, rel_dest_rank = 2
2026-06-21 04:02:37.058 - [DEBUG] ||| make_bipartite ||| Children = [<pydot.core.Node object at 0x71c9fdee4800>]
2026-06-21 04:02:37.059 - [DEBUG] ||| make_bipartite ||| src (i7_load_7) rank = 115, rel_src_rank = 3; dest (i8_mul_7) rank = 116, rel_dest_rank = 4
2026-06-21 04:02:37.059 - [DEBUG] ||| make_bipartite ||| Children = [<pydot.core.Node object at 0x71c9fdee51c0>]
2026-06-21 04:02:37.059 - [DEBUG] ||| make_bipartite ||| src (i8_mul_7) rank = 116, rel_src_rank = 4; dest (i9_add_7) rank = 117, rel_dest_rank = 3
2026-06-21 04:02:37.059 - [DEBUG] ||| make_bipartite ||| Children = []
2026-06-21 04:02:37.060 - [DEBUG] ||| make_bipartite ||| Children = [<pydot.core.Node object at 0x71c9fdee4890>, <pydot.core.Node object at 0x71c9fdee5280>]
2026-06-21 04:02:37.060 - [DEBUG] ||| make_bipartite ||| src (i17_add_fout_0_7) rank = 111, rel_src_rank = 1; dest (i4_mul2_7) rank = 112, rel_dest_rank = 0
2026-06-21 04:02:37.060 - [DEBUG] ||| make_bipartite ||| src (i17_add_fout_0_7) rank = 111, rel_src_rank = 1; dest (i6_mul1_7) rank = 112, rel_dest_rank = 0
2026-06-21 04:02:37.060 - [DEBUG] ||| make_bipartite ||| Children = [<pydot.core.Node object at 0x71c9fdee4800>, <pydot.core.Node object at 0x71c9fdee52b0>]
2026-06-21 04:02:37.061 - [DEBUG] ||| make_bipartite ||| src (i17_add_fout_1_7) rank = 111, rel_src_rank = 1; dest (i10_icmp_7) rank = 108, rel_dest_rank = 4
2026-06-21 04:02:37.061 - [DEBUG] ||| make_bipartite ||| og_edge = i17_add_fout_1_7 -> i10_icmp_7 [operand=LHS, data=true];
2026-06-21 04:02:37.061 - [DEBUG] ||| make_bipartite ||| og_opID = 167, og_edge_attributes = [('operand', 'LHS'), ('data', 'true')]
2026-06-21 04:02:37.061 - [DEBUG] ||| make_bipartite ||| forced_set_diff = 3, max_bridges = 2
2026-06-21 04:02:37.062 - [DEBUG] ||| make_bipartite ||| Created new bridge | name = extd_i17_add_fout_1_7_0_0, attributes = [('opcode', 'bridge'), ('opID', 167), ('rank', '106')]
2026-06-21 04:02:37.062 - [DEBUG] ||| make_bipartite ||| Created new bridge | name = extd_i17_add_fout_1_7_0_1, attributes = [('opcode', 'bridge'), ('opID', 167), ('rank', '107')]
2026-06-21 04:02:37.062 - [DEBUG] ||| make_bipartite ||| src (i17_add_fout_1_7) rank = 111, rel_src_rank = 1; dest (i15_add_7) rank = 112, rel_dest_rank = 0
2026-06-21 04:02:37.063 - [DEBUG] ||| make_bipartite ||| Children = [<pydot.core.Node object at 0x71c9fdee5250>]
2026-06-21 04:02:37.063 - [DEBUG] ||| make_bipartite ||| src (i10_icmp_8) rank = 108, rel_src_rank = 4; dest (i16_add_8) rank = 109, rel_dest_rank = 3
2026-06-21 04:02:37.063 - [DEBUG] ||| make_bipartite ||| Children = [<pydot.core.Node object at 0x71c9fdee4890>]
2026-06-21 04:02:37.063 - [DEBUG] ||| make_bipartite ||| src (i12_load_8) rank = 108, rel_src_rank = 4; dest (i13_add_8) rank = 109, rel_dest_rank = 3
2026-06-21 04:02:37.063 - [DEBUG] ||| make_bipartite ||| Children = [<pydot.core.Node object at 0x71c9fdee52b0>, <pydot.core.Node object at 0x71c9fdee51f0>]
2026-06-21 04:02:37.064 - [DEBUG] ||| make_bipartite ||| src (i13_add_8) rank = 109, rel_src_rank = 3; dest (i14_store_8) rank = 110, rel_dest_rank = 2
2026-06-21 04:02:37.064 - [DEBUG] ||| make_bipartite ||| src (i13_add_8) rank = 109, rel_src_rank = 3; dest (i17_add_8) rank = 110, rel_dest_rank = 2
2026-06-21 04:02:37.064 - [DEBUG] ||| make_bipartite ||| Children = []
2026-06-21 04:02:37.064 - [DEBUG] ||| make_bipartite ||| Children = [<pydot.core.Node object at 0x71c9fdee4890>]
2026-06-21 04:02:37.064 - [DEBUG] ||| make_bipartite ||| src (i15_add_8) rank = 112, rel_src_rank = 0; dest (i16_add_8) rank = 109, rel_dest_rank = 3
2026-06-21 04:02:37.064 - [DEBUG] ||| make_bipartite ||| og_edge = i15_add_8 -> i16_add_8 [operand=any2input, data=true];
2026-06-21 04:02:37.065 - [DEBUG] ||| make_bipartite ||| og_opID = 172, og_edge_attributes = [('operand', 'any2input'), ('data', 'true')]
2026-06-21 04:02:37.065 - [DEBUG] ||| make_bipartite ||| forced_set_diff = 3, max_bridges = 2
2026-06-21 04:02:37.065 - [DEBUG] ||| make_bipartite ||| Created new bridge | name = extd_i15_add_8_0_0, attributes = [('opcode', 'bridge'), ('opID', 172), ('rank', '113')]
2026-06-21 04:02:37.065 - [DEBUG] ||| make_bipartite ||| Created new bridge | name = extd_i15_add_8_0_1, attributes = [('opcode', 'bridge'), ('opID', 172), ('rank', '114')]
2026-06-21 04:02:37.065 - [DEBUG] ||| make_bipartite ||| Children = [<pydot.core.Node object at 0x71c9fdee52e0>]
2026-06-21 04:02:37.066 - [DEBUG] ||| make_bipartite ||| src (i16_add_8) rank = 109, rel_src_rank = 3; dest (i17_add_8) rank = 110, rel_dest_rank = 2
2026-06-21 04:02:37.066 - [DEBUG] ||| make_bipartite ||| Children = [<pydot.core.Node object at 0x71c9fdee51c0>, <pydot.core.Node object at 0x71c9fdee5340>]
2026-06-21 04:02:37.066 - [DEBUG] ||| make_bipartite ||| src (i17_add_8) rank = 110, rel_src_rank = 2; dest (i17_add_fout_0_8) rank = 111, rel_dest_rank = 1
2026-06-21 04:02:37.066 - [DEBUG] ||| make_bipartite ||| src (i17_add_8) rank = 110, rel_src_rank = 2; dest (i17_add_fout_1_8) rank = 111, rel_dest_rank = 1
2026-06-21 04:02:37.066 - [DEBUG] ||| make_bipartite ||| Children = [<pydot.core.Node object at 0x71c9fdee4890>]
2026-06-21 04:02:37.066 - [DEBUG] ||| make_bipartite ||| src (i4_add1_8) rank = 112, rel_src_rank = 0; dest (i4_add2_8) rank = 113, rel_dest_rank = 1
2026-06-21 04:02:37.067 - [DEBUG] ||| make_bipartite ||| Children = [<pydot.core.Node object at 0x71c9fdee52b0>]
2026-06-21 04:02:37.067 - [DEBUG] ||| make_bipartite ||| src (i4_add2_8) rank = 113, rel_src_rank = 1; dest (i5_load_8) rank = 115, rel_dest_rank = 3
2026-06-21 04:02:37.067 - [DEBUG] ||| make_bipartite ||| og_edge = i4_add2_8 -> i5_load_8 [operand=addr, data=true];
2026-06-21 04:02:37.067 - [DEBUG] ||| make_bipartite ||| og_opID = 176, og_edge_attributes = [('operand', 'addr'), ('data', 'true')]
2026-06-21 04:02:37.067 - [DEBUG] ||| make_bipartite ||| forced_set_diff = 2, max_bridges = 1
2026-06-21 04:02:37.068 - [DEBUG] ||| make_bipartite ||| Created new bridge | name = extd_i4_add2_8_0_0, attributes = [('opcode', 'bridge'), ('opID', 176), ('rank', '114')]
2026-06-21 04:02:37.068 - [DEBUG] ||| make_bipartite ||| Children = [<pydot.core.Node object at 0x71c9fdee4800>]
2026-06-21 04:02:37.068 - [DEBUG] ||| make_bipartite ||| src (i4_mul1_8) rank = 111, rel_src_rank = 1; dest (i4_add1_8) rank = 112, rel_dest_rank = 0
2026-06-21 04:02:37.069 - [DEBUG] ||| make_bipartite ||| Children = [<pydot.core.Node object at 0x71c9fdee5250>]
2026-06-21 04:02:37.069 - [DEBUG] ||| make_bipartite ||| src (i4_mul2_8) rank = 112, rel_src_rank = 0; dest (i4_add2_8) rank = 113, rel_dest_rank = 1
2026-06-21 04:02:37.069 - [DEBUG] ||| make_bipartite ||| Children = [<pydot.core.Node object at 0x71c9fdee52b0>]
2026-06-21 04:02:37.070 - [DEBUG] ||| make_bipartite ||| src (i5_load_8) rank = 115, rel_src_rank = 3; dest (i8_mul_8) rank = 116, rel_dest_rank = 4
2026-06-21 04:02:37.070 - [DEBUG] ||| make_bipartite ||| Children = [<pydot.core.Node object at 0x71c9fdee4800>]
2026-06-21 04:02:37.070 - [DEBUG] ||| make_bipartite ||| src (i6_add1_8) rank = 113, rel_src_rank = 1; dest (i6_add2_8) rank = 114, rel_dest_rank = 2
2026-06-21 04:02:37.070 - [DEBUG] ||| make_bipartite ||| Children = [<pydot.core.Node object at 0x71c9fdee5250>]
2026-06-21 04:02:37.071 - [DEBUG] ||| make_bipartite ||| src (i6_add2_8) rank = 114, rel_src_rank = 2; dest (i7_load_8) rank = 115, rel_dest_rank = 3
2026-06-21 04:02:37.071 - [DEBUG] ||| make_bipartite ||| Children = [<pydot.core.Node object at 0x71c9fdee52b0>]
2026-06-21 04:02:37.071 - [DEBUG] ||| make_bipartite ||| src (i6_mul1_8) rank = 112, rel_src_rank = 0; dest (i6_add1_8) rank = 113, rel_dest_rank = 1
2026-06-21 04:02:37.072 - [DEBUG] ||| make_bipartite ||| Children = [<pydot.core.Node object at 0x71c9fdee4800>]
2026-06-21 04:02:37.072 - [DEBUG] ||| make_bipartite ||| src (i6_mul2_8) rank = 113, rel_src_rank = 1; dest (i6_add2_8) rank = 114, rel_dest_rank = 2
2026-06-21 04:02:37.072 - [DEBUG] ||| make_bipartite ||| Children = [<pydot.core.Node object at 0x71c9fdee5250>]
2026-06-21 04:02:37.072 - [DEBUG] ||| make_bipartite ||| src (i7_load_8) rank = 115, rel_src_rank = 3; dest (i8_mul_8) rank = 116, rel_dest_rank = 4
2026-06-21 04:02:37.073 - [DEBUG] ||| make_bipartite ||| Children = [<pydot.core.Node object at 0x71c9fdee52b0>]
2026-06-21 04:02:37.073 - [DEBUG] ||| make_bipartite ||| src (i8_mul_8) rank = 116, rel_src_rank = 4; dest (i9_add_8) rank = 117, rel_dest_rank = 3
2026-06-21 04:02:37.073 - [DEBUG] ||| make_bipartite ||| Children = []
2026-06-21 04:02:37.073 - [DEBUG] ||| make_bipartite ||| Children = [<pydot.core.Node object at 0x71c9fdee4800>, <pydot.core.Node object at 0x71c9fdee5370>]
2026-06-21 04:02:37.074 - [DEBUG] ||| make_bipartite ||| src (i17_add_fout_0_8) rank = 111, rel_src_rank = 1; dest (i4_mul2_8) rank = 112, rel_dest_rank = 0
2026-06-21 04:02:37.074 - [DEBUG] ||| make_bipartite ||| src (i17_add_fout_0_8) rank = 111, rel_src_rank = 1; dest (i6_mul1_8) rank = 112, rel_dest_rank = 0
2026-06-21 04:02:37.074 - [DEBUG] ||| make_bipartite ||| Children = [<pydot.core.Node object at 0x71c9fdee5250>, <pydot.core.Node object at 0x71c9fdee53a0>]
2026-06-21 04:02:37.074 - [DEBUG] ||| make_bipartite ||| src (i17_add_fout_1_8) rank = 111, rel_src_rank = 1; dest (i10_icmp_8) rank = 108, rel_dest_rank = 4
2026-06-21 04:02:37.075 - [DEBUG] ||| make_bipartite ||| og_edge = i17_add_fout_1_8 -> i10_icmp_8 [operand=LHS, data=true];
2026-06-21 04:02:37.075 - [DEBUG] ||| make_bipartite ||| og_opID = 188, og_edge_attributes = [('operand', 'LHS'), ('data', 'true')]
2026-06-21 04:02:37.075 - [DEBUG] ||| make_bipartite ||| forced_set_diff = 3, max_bridges = 2
2026-06-21 04:02:37.076 - [DEBUG] ||| make_bipartite ||| Created new bridge | name = extd_i17_add_fout_1_8_0_0, attributes = [('opcode', 'bridge'), ('opID', 188), ('rank', '106')]
2026-06-21 04:02:37.076 - [DEBUG] ||| make_bipartite ||| Created new bridge | name = extd_i17_add_fout_1_8_0_1, attributes = [('opcode', 'bridge'), ('opID', 188), ('rank', '107')]
2026-06-21 04:02:37.076 - [DEBUG] ||| make_bipartite ||| src (i17_add_fout_1_8) rank = 111, rel_src_rank = 1; dest (i15_add_8) rank = 112, rel_dest_rank = 0
2026-06-21 04:02:37.077 - [DEBUG] ||| make_bipartite ||| Children = [<pydot.core.Node object at 0x71c9fdee5340>]
2026-06-21 04:02:37.077 - [DEBUG] ||| make_bipartite ||| src (i10_icmp_9) rank = 117, rel_src_rank = 3; dest (i16_add_9) rank = 118, rel_dest_rank = 2
2026-06-21 04:02:37.077 - [DEBUG] ||| make_bipartite ||| Children = [<pydot.core.Node object at 0x71c9fdee4800>]
2026-06-21 04:02:37.077 - [DEBUG] ||| make_bipartite ||| src (i12_load_9) rank = 117, rel_src_rank = 3; dest (i13_add_9) rank = 118, rel_dest_rank = 2
2026-06-21 04:02:37.077 - [DEBUG] ||| make_bipartite ||| Children = [<pydot.core.Node object at 0x71c9fdee53a0>, <pydot.core.Node object at 0x71c9fdee52e0>]
2026-06-21 04:02:37.078 - [DEBUG] ||| make_bipartite ||| src (i13_add_9) rank = 118, rel_src_rank = 2; dest (i14_store_9) rank = 119, rel_dest_rank = 1
2026-06-21 04:02:37.078 - [DEBUG] ||| make_bipartite ||| src (i13_add_9) rank = 118, rel_src_rank = 2; dest (i17_add_9) rank = 119, rel_dest_rank = 1
2026-06-21 04:02:37.078 - [DEBUG] ||| make_bipartite ||| Children = []
2026-06-21 04:02:37.078 - [DEBUG] ||| make_bipartite ||| Children = [<pydot.core.Node object at 0x71c9fdee4800>]
2026-06-21 04:02:37.079 - [DEBUG] ||| make_bipartite ||| src (i15_add_9) rank = 121, rel_src_rank = 1; dest (i16_add_9) rank = 118, rel_dest_rank = 2
2026-06-21 04:02:37.079 - [DEBUG] ||| make_bipartite ||| Children = [<pydot.core.Node object at 0x71c9fdee5250>]
2026-06-21 04:02:37.079 - [DEBUG] ||| make_bipartite ||| src (i16_add_9) rank = 118, rel_src_rank = 2; dest (i17_add_9) rank = 119, rel_dest_rank = 1
2026-06-21 04:02:37.080 - [DEBUG] ||| make_bipartite ||| Children = [<pydot.core.Node object at 0x71c9fdee52e0>, <pydot.core.Node object at 0x71c9fdee5340>]
2026-06-21 04:02:37.080 - [DEBUG] ||| make_bipartite ||| src (i17_add_9) rank = 119, rel_src_rank = 1; dest (i17_add_fout_0_9) rank = 120, rel_dest_rank = 0
2026-06-21 04:02:37.080 - [DEBUG] ||| make_bipartite ||| src (i17_add_9) rank = 119, rel_src_rank = 1; dest (i17_add_fout_1_9) rank = 120, rel_dest_rank = 0
2026-06-21 04:02:37.080 - [DEBUG] ||| make_bipartite ||| Children = [<pydot.core.Node object at 0x71c9fdee4800>]
2026-06-21 04:02:37.081 - [DEBUG] ||| make_bipartite ||| src (i4_add1_9) rank = 121, rel_src_rank = 1; dest (i4_add2_9) rank = 122, rel_dest_rank = 2
2026-06-21 04:02:37.081 - [DEBUG] ||| make_bipartite ||| Children = [<pydot.core.Node object at 0x71c9fdee53a0>]
2026-06-21 04:02:37.081 - [DEBUG] ||| make_bipartite ||| src (i4_add2_9) rank = 122, rel_src_rank = 2; dest (i5_load_9) rank = 124, rel_dest_rank = 4
2026-06-21 04:02:37.081 - [DEBUG] ||| make_bipartite ||| og_edge = i4_add2_9 -> i5_load_9 [operand=addr, data=true];
2026-06-21 04:02:37.082 - [DEBUG] ||| make_bipartite ||| og_opID = 197, og_edge_attributes = [('operand', 'addr'), ('data', 'true')]
2026-06-21 04:02:37.082 - [DEBUG] ||| make_bipartite ||| forced_set_diff = 2, max_bridges = 1
2026-06-21 04:02:37.082 - [DEBUG] ||| make_bipartite ||| Created new bridge | name = extd_i4_add2_9_0_0, attributes = [('opcode', 'bridge'), ('opID', 197), ('rank', '123')]
2026-06-21 04:02:37.082 - [DEBUG] ||| make_bipartite ||| Children = [<pydot.core.Node object at 0x71c9fdee51c0>]
2026-06-21 04:02:37.082 - [DEBUG] ||| make_bipartite ||| src (i4_mul1_9) rank = 120, rel_src_rank = 0; dest (i4_add1_9) rank = 121, rel_dest_rank = 1
2026-06-21 04:02:37.083 - [DEBUG] ||| make_bipartite ||| Children = [<pydot.core.Node object at 0x71c9fdee52b0>]
2026-06-21 04:02:37.083 - [DEBUG] ||| make_bipartite ||| src (i4_mul2_9) rank = 121, rel_src_rank = 1; dest (i4_add2_9) rank = 122, rel_dest_rank = 2
2026-06-21 04:02:37.083 - [DEBUG] ||| make_bipartite ||| Children = [<pydot.core.Node object at 0x71c9fdee53a0>]
2026-06-21 04:02:37.084 - [DEBUG] ||| make_bipartite ||| src (i5_load_9) rank = 124, rel_src_rank = 4; dest (i8_mul_9) rank = 125, rel_dest_rank = 3
2026-06-21 04:02:37.084 - [DEBUG] ||| make_bipartite ||| Children = [<pydot.core.Node object at 0x71c9fdee51c0>]
2026-06-21 04:02:37.084 - [DEBUG] ||| make_bipartite ||| src (i6_add1_9) rank = 122, rel_src_rank = 2; dest (i6_add2_9) rank = 123, rel_dest_rank = 3
2026-06-21 04:02:37.084 - [DEBUG] ||| make_bipartite ||| Children = [<pydot.core.Node object at 0x71c9fdee52b0>]
2026-06-21 04:02:37.084 - [DEBUG] ||| make_bipartite ||| src (i6_add2_9) rank = 123, rel_src_rank = 3; dest (i7_load_9) rank = 124, rel_dest_rank = 4
2026-06-21 04:02:37.084 - [DEBUG] ||| make_bipartite ||| Children = [<pydot.core.Node object at 0x71c9fdee53a0>]
2026-06-21 04:02:37.085 - [DEBUG] ||| make_bipartite ||| src (i6_mul1_9) rank = 121, rel_src_rank = 1; dest (i6_add1_9) rank = 122, rel_dest_rank = 2
2026-06-21 04:02:37.085 - [DEBUG] ||| make_bipartite ||| Children = [<pydot.core.Node object at 0x71c9fdee51c0>]
2026-06-21 04:02:37.085 - [DEBUG] ||| make_bipartite ||| src (i6_mul2_9) rank = 122, rel_src_rank = 2; dest (i6_add2_9) rank = 123, rel_dest_rank = 3
2026-06-21 04:02:37.085 - [DEBUG] ||| make_bipartite ||| Children = [<pydot.core.Node object at 0x71c9fdee52b0>]
2026-06-21 04:02:37.085 - [DEBUG] ||| make_bipartite ||| src (i7_load_9) rank = 124, rel_src_rank = 4; dest (i8_mul_9) rank = 125, rel_dest_rank = 3
2026-06-21 04:02:37.086 - [DEBUG] ||| make_bipartite ||| Children = [<pydot.core.Node object at 0x71c9fdee53a0>]
2026-06-21 04:02:37.086 - [DEBUG] ||| make_bipartite ||| src (i8_mul_9) rank = 125, rel_src_rank = 3; dest (i9_add_9) rank = 126, rel_dest_rank = 2
2026-06-21 04:02:37.086 - [DEBUG] ||| make_bipartite ||| Children = []
2026-06-21 04:02:37.086 - [DEBUG] ||| make_bipartite ||| Children = [<pydot.core.Node object at 0x71c9fdee51c0>, <pydot.core.Node object at 0x71c9fdee5400>]
2026-06-21 04:02:37.087 - [DEBUG] ||| make_bipartite ||| src (i17_add_fout_0_9) rank = 120, rel_src_rank = 0; dest (i4_mul2_9) rank = 121, rel_dest_rank = 1
2026-06-21 04:02:37.087 - [DEBUG] ||| make_bipartite ||| src (i17_add_fout_0_9) rank = 120, rel_src_rank = 0; dest (i6_mul1_9) rank = 121, rel_dest_rank = 1
2026-06-21 04:02:37.087 - [DEBUG] ||| make_bipartite ||| Children = [<pydot.core.Node object at 0x71c9fdee52b0>, <pydot.core.Node object at 0x71c9fdee5430>]
2026-06-21 04:02:37.088 - [DEBUG] ||| make_bipartite ||| src (i17_add_fout_1_9) rank = 120, rel_src_rank = 0; dest (i10_icmp_9) rank = 117, rel_dest_rank = 3
2026-06-21 04:02:37.088 - [DEBUG] ||| make_bipartite ||| og_edge = i17_add_fout_1_9 -> i10_icmp_9 [operand=LHS, data=true];
2026-06-21 04:02:37.088 - [DEBUG] ||| make_bipartite ||| og_opID = 209, og_edge_attributes = [('operand', 'LHS'), ('data', 'true')]
2026-06-21 04:02:37.088 - [DEBUG] ||| make_bipartite ||| forced_set_diff = 3, max_bridges = 2
2026-06-21 04:02:37.088 - [DEBUG] ||| make_bipartite ||| Created new bridge | name = extd_i17_add_fout_1_9_0_0, attributes = [('opcode', 'bridge'), ('opID', 209), ('rank', '121')]
2026-06-21 04:02:37.089 - [DEBUG] ||| make_bipartite ||| Created new bridge | name = extd_i17_add_fout_1_9_0_1, attributes = [('opcode', 'bridge'), ('opID', 209), ('rank', '122')]
2026-06-21 04:02:37.089 - [DEBUG] ||| make_bipartite ||| src (i17_add_fout_1_9) rank = 120, rel_src_rank = 0; dest (i15_add_9) rank = 121, rel_dest_rank = 1
2026-06-21 04:02:37.089 - [DEBUG] ||| make_bipartite ||| Children = [<pydot.core.Node object at 0x71c9fdee5340>]
2026-06-21 04:02:37.089 - [DEBUG] ||| make_bipartite ||| src (i10_icmp_10) rank = 135, rel_src_rank = 1; dest (i16_add_10) rank = 136, rel_dest_rank = 0
2026-06-21 04:02:37.090 - [DEBUG] ||| make_bipartite ||| Children = [<pydot.core.Node object at 0x71c9fdee51c0>]
2026-06-21 04:02:37.090 - [DEBUG] ||| make_bipartite ||| src (i12_load_10) rank = 135, rel_src_rank = 1; dest (i13_add_10) rank = 136, rel_dest_rank = 0
2026-06-21 04:02:37.090 - [DEBUG] ||| make_bipartite ||| Children = [<pydot.core.Node object at 0x71c9fdee5430>, <pydot.core.Node object at 0x71c9fdee5250>]
2026-06-21 04:02:37.090 - [DEBUG] ||| make_bipartite ||| src (i13_add_10) rank = 136, rel_src_rank = 0; dest (i14_store_10) rank = 137, rel_dest_rank = 1
2026-06-21 04:02:37.091 - [DEBUG] ||| make_bipartite ||| src (i13_add_10) rank = 136, rel_src_rank = 0; dest (i17_add_10) rank = 137, rel_dest_rank = 1
2026-06-21 04:02:37.091 - [DEBUG] ||| make_bipartite ||| Children = []
2026-06-21 04:02:37.091 - [DEBUG] ||| make_bipartite ||| Children = [<pydot.core.Node object at 0x71c9fdee51c0>]
2026-06-21 04:02:37.091 - [DEBUG] ||| make_bipartite ||| src (i15_add_10) rank = 139, rel_src_rank = 3; dest (i16_add_10) rank = 136, rel_dest_rank = 0
2026-06-21 04:02:37.092 - [DEBUG] ||| make_bipartite ||| og_edge = i15_add_10 -> i16_add_10 [operand=any2input, data=true];
2026-06-21 04:02:37.092 - [DEBUG] ||| make_bipartite ||| og_opID = 214, og_edge_attributes = [('operand', 'any2input'), ('data', 'true')]
2026-06-21 04:02:37.092 - [DEBUG] ||| make_bipartite ||| forced_set_diff = 3, max_bridges = 2
2026-06-21 04:02:37.093 - [DEBUG] ||| make_bipartite ||| Created new bridge | name = extd_i15_add_10_0_0, attributes = [('opcode', 'bridge'), ('opID', 214), ('rank', '142')]
2026-06-21 04:02:37.093 - [DEBUG] ||| make_bipartite ||| Created new bridge | name = extd_i15_add_10_0_1, attributes = [('opcode', 'bridge'), ('opID', 214), ('rank', '143')]
2026-06-21 04:02:37.093 - [DEBUG] ||| make_bipartite ||| Children = [<pydot.core.Node object at 0x71c9fdee5460>]
2026-06-21 04:02:37.093 - [DEBUG] ||| make_bipartite ||| src (i16_add_10) rank = 136, rel_src_rank = 0; dest (i17_add_10) rank = 137, rel_dest_rank = 1
2026-06-21 04:02:37.093 - [DEBUG] ||| make_bipartite ||| Children = [<pydot.core.Node object at 0x71c9fdee53a0>, <pydot.core.Node object at 0x71c9fdee54c0>]
2026-06-21 04:02:37.094 - [DEBUG] ||| make_bipartite ||| src (i17_add_10) rank = 137, rel_src_rank = 1; dest (i17_add_fout_0_10) rank = 138, rel_dest_rank = 2
2026-06-21 04:02:37.094 - [DEBUG] ||| make_bipartite ||| src (i17_add_10) rank = 137, rel_src_rank = 1; dest (i17_add_fout_1_10) rank = 138, rel_dest_rank = 2
2026-06-21 04:02:37.094 - [DEBUG] ||| make_bipartite ||| Children = [<pydot.core.Node object at 0x71c9fdee51c0>]
2026-06-21 04:02:37.094 - [DEBUG] ||| make_bipartite ||| src (i4_add1_10) rank = 139, rel_src_rank = 3; dest (i4_add2_10) rank = 140, rel_dest_rank = 4
2026-06-21 04:02:37.094 - [DEBUG] ||| make_bipartite ||| Children = [<pydot.core.Node object at 0x71c9fdee5430>]
2026-06-21 04:02:37.095 - [DEBUG] ||| make_bipartite ||| src (i4_add2_10) rank = 140, rel_src_rank = 4; dest (i5_load_10) rank = 142, rel_dest_rank = 2
2026-06-21 04:02:37.095 - [DEBUG] ||| make_bipartite ||| og_edge = i4_add2_10 -> i5_load_10 [operand=addr, data=true];
2026-06-21 04:02:37.095 - [DEBUG] ||| make_bipartite ||| og_opID = 218, og_edge_attributes = [('operand', 'addr'), ('data', 'true')]
2026-06-21 04:02:37.096 - [DEBUG] ||| make_bipartite ||| forced_set_diff = 2, max_bridges = 1
2026-06-21 04:02:37.096 - [DEBUG] ||| make_bipartite ||| Created new bridge | name = extd_i4_add2_10_0_0, attributes = [('opcode', 'bridge'), ('opID', 218), ('rank', '141')]
2026-06-21 04:02:37.096 - [DEBUG] ||| make_bipartite ||| Children = [<pydot.core.Node object at 0x71c9fdee52b0>]
2026-06-21 04:02:37.096 - [DEBUG] ||| make_bipartite ||| src (i4_mul1_10) rank = 138, rel_src_rank = 2; dest (i4_add1_10) rank = 139, rel_dest_rank = 3
2026-06-21 04:02:37.097 - [DEBUG] ||| make_bipartite ||| Children = [<pydot.core.Node object at 0x71c9fdee5340>]
2026-06-21 04:02:37.097 - [DEBUG] ||| make_bipartite ||| src (i4_mul2_10) rank = 139, rel_src_rank = 3; dest (i4_add2_10) rank = 140, rel_dest_rank = 4
2026-06-21 04:02:37.097 - [DEBUG] ||| make_bipartite ||| Children = [<pydot.core.Node object at 0x71c9fdee5430>]
2026-06-21 04:02:37.097 - [DEBUG] ||| make_bipartite ||| src (i5_load_10) rank = 142, rel_src_rank = 2; dest (i8_mul_10) rank = 143, rel_dest_rank = 1
2026-06-21 04:02:37.098 - [DEBUG] ||| make_bipartite ||| Children = [<pydot.core.Node object at 0x71c9fdee52b0>]
2026-06-21 04:02:37.098 - [DEBUG] ||| make_bipartite ||| src (i6_add1_10) rank = 140, rel_src_rank = 4; dest (i6_add2_10) rank = 141, rel_dest_rank = 3
2026-06-21 04:02:37.098 - [DEBUG] ||| make_bipartite ||| Children = [<pydot.core.Node object at 0x71c9fdee5340>]
2026-06-21 04:02:37.098 - [DEBUG] ||| make_bipartite ||| src (i6_add2_10) rank = 141, rel_src_rank = 3; dest (i7_load_10) rank = 142, rel_dest_rank = 2
2026-06-21 04:02:37.098 - [DEBUG] ||| make_bipartite ||| Children = [<pydot.core.Node object at 0x71c9fdee5430>]
2026-06-21 04:02:37.099 - [DEBUG] ||| make_bipartite ||| src (i6_mul1_10) rank = 139, rel_src_rank = 3; dest (i6_add1_10) rank = 140, rel_dest_rank = 4
2026-06-21 04:02:37.099 - [DEBUG] ||| make_bipartite ||| Children = [<pydot.core.Node object at 0x71c9fdee52b0>]
2026-06-21 04:02:37.099 - [DEBUG] ||| make_bipartite ||| src (i6_mul2_10) rank = 140, rel_src_rank = 4; dest (i6_add2_10) rank = 141, rel_dest_rank = 3
2026-06-21 04:02:37.100 - [DEBUG] ||| make_bipartite ||| Children = [<pydot.core.Node object at 0x71c9fdee5340>]
2026-06-21 04:02:37.100 - [DEBUG] ||| make_bipartite ||| src (i7_load_10) rank = 142, rel_src_rank = 2; dest (i8_mul_10) rank = 143, rel_dest_rank = 1
2026-06-21 04:02:37.100 - [DEBUG] ||| make_bipartite ||| Children = [<pydot.core.Node object at 0x71c9fdee5430>]
2026-06-21 04:02:37.100 - [DEBUG] ||| make_bipartite ||| src (i8_mul_10) rank = 143, rel_src_rank = 1; dest (i9_add_10) rank = 144, rel_dest_rank = 0
2026-06-21 04:02:37.101 - [DEBUG] ||| make_bipartite ||| Children = []
2026-06-21 04:02:37.101 - [DEBUG] ||| make_bipartite ||| Children = [<pydot.core.Node object at 0x71c9fdee52b0>, <pydot.core.Node object at 0x71c9fdee54f0>]
2026-06-21 04:02:37.101 - [DEBUG] ||| make_bipartite ||| src (i17_add_fout_0_10) rank = 138, rel_src_rank = 2; dest (i4_mul2_10) rank = 139, rel_dest_rank = 3
2026-06-21 04:02:37.101 - [DEBUG] ||| make_bipartite ||| src (i17_add_fout_0_10) rank = 138, rel_src_rank = 2; dest (i6_mul1_10) rank = 139, rel_dest_rank = 3
2026-06-21 04:02:37.101 - [DEBUG] ||| make_bipartite ||| Children = [<pydot.core.Node object at 0x71c9fdee5340>, <pydot.core.Node object at 0x71c9fdee5520>]
2026-06-21 04:02:37.102 - [DEBUG] ||| make_bipartite ||| src (i17_add_fout_1_10) rank = 138, rel_src_rank = 2; dest (i10_icmp_10) rank = 135, rel_dest_rank = 1
2026-06-21 04:02:37.102 - [DEBUG] ||| make_bipartite ||| src (i17_add_fout_1_10) rank = 138, rel_src_rank = 2; dest (i15_add_10) rank = 139, rel_dest_rank = 3
2026-06-21 04:02:37.102 - [DEBUG] ||| make_bipartite ||| Children = [<pydot.core.Node object at 0x71c9fdee53a0>]
2026-06-21 04:02:37.102 - [DEBUG] ||| make_bipartite ||| src (i10_icmp_11) rank = 162, rel_src_rank = 2; dest (i16_add_11) rank = 163, rel_dest_rank = 3
2026-06-21 04:02:37.102 - [DEBUG] ||| make_bipartite ||| Children = [<pydot.core.Node object at 0x71c9fdee52b0>]
2026-06-21 04:02:37.103 - [DEBUG] ||| make_bipartite ||| src (i12_load_11) rank = 162, rel_src_rank = 2; dest (i13_add_11) rank = 163, rel_dest_rank = 3
2026-06-21 04:02:37.103 - [DEBUG] ||| make_bipartite ||| Children = [<pydot.core.Node object at 0x71c9fdee5520>, <pydot.core.Node object at 0x71c9fdee54f0>]
2026-06-21 04:02:37.103 - [DEBUG] ||| make_bipartite ||| src (i13_add_11) rank = 163, rel_src_rank = 3; dest (i14_store_11) rank = 164, rel_dest_rank = 4
2026-06-21 04:02:37.103 - [DEBUG] ||| make_bipartite ||| src (i13_add_11) rank = 163, rel_src_rank = 3; dest (i17_add_11) rank = 164, rel_dest_rank = 4
2026-06-21 04:02:37.104 - [DEBUG] ||| make_bipartite ||| Children = []
2026-06-21 04:02:37.104 - [DEBUG] ||| make_bipartite ||| Children = [<pydot.core.Node object at 0x71c9fdee52b0>]
2026-06-21 04:02:37.104 - [DEBUG] ||| make_bipartite ||| src (i15_add_11) rank = 166, rel_src_rank = 2; dest (i16_add_11) rank = 163, rel_dest_rank = 3
2026-06-21 04:02:37.104 - [DEBUG] ||| make_bipartite ||| Children = [<pydot.core.Node object at 0x71c9fdee5340>]
2026-06-21 04:02:37.104 - [DEBUG] ||| make_bipartite ||| src (i16_add_11) rank = 163, rel_src_rank = 3; dest (i17_add_11) rank = 164, rel_dest_rank = 4
2026-06-21 04:02:37.105 - [DEBUG] ||| make_bipartite ||| Children = [<pydot.core.Node object at 0x71c9fdee54f0>, <pydot.core.Node object at 0x71c9fdee53a0>]
2026-06-21 04:02:37.105 - [DEBUG] ||| make_bipartite ||| src (i17_add_11) rank = 164, rel_src_rank = 4; dest (i17_add_fout_0_11) rank = 165, rel_dest_rank = 3
2026-06-21 04:02:37.105 - [DEBUG] ||| make_bipartite ||| src (i17_add_11) rank = 164, rel_src_rank = 4; dest (i17_add_fout_1_11) rank = 165, rel_dest_rank = 3
2026-06-21 04:02:37.106 - [DEBUG] ||| make_bipartite ||| Children = [<pydot.core.Node object at 0x71c9fdee52b0>]
2026-06-21 04:02:37.106 - [DEBUG] ||| make_bipartite ||| src (i4_add1_11) rank = 166, rel_src_rank = 2; dest (i4_add2_11) rank = 167, rel_dest_rank = 1
2026-06-21 04:02:37.106 - [DEBUG] ||| make_bipartite ||| Children = [<pydot.core.Node object at 0x71c9fdee5520>]
2026-06-21 04:02:37.106 - [DEBUG] ||| make_bipartite ||| src (i4_add2_11) rank = 167, rel_src_rank = 1; dest (i5_load_11) rank = 169, rel_dest_rank = 1
2026-06-21 04:02:37.107 - [DEBUG] ||| make_bipartite ||| og_edge = i4_add2_11 -> i5_load_11 [operand=addr, data=true];
2026-06-21 04:02:37.107 - [DEBUG] ||| make_bipartite ||| og_opID = 239, og_edge_attributes = [('operand', 'addr'), ('data', 'true')]
2026-06-21 04:02:37.107 - [DEBUG] ||| make_bipartite ||| forced_set_diff = 2, max_bridges = 1
2026-06-21 04:02:37.108 - [DEBUG] ||| make_bipartite ||| Created new bridge | name = extd_i4_add2_11_0_0, attributes = [('opcode', 'bridge'), ('opID', 239), ('rank', '162')]
2026-06-21 04:02:37.108 - [DEBUG] ||| make_bipartite ||| Children = [<pydot.core.Node object at 0x71c9fdee5490>]
2026-06-21 04:02:37.108 - [DEBUG] ||| make_bipartite ||| src (i4_mul1_11) rank = 165, rel_src_rank = 3; dest (i4_add1_11) rank = 166, rel_dest_rank = 2
2026-06-21 04:02:37.108 - [DEBUG] ||| make_bipartite ||| Children = [<pydot.core.Node object at 0x71c9fdee5460>]
2026-06-21 04:02:37.108 - [DEBUG] ||| make_bipartite ||| src (i4_mul2_11) rank = 166, rel_src_rank = 2; dest (i4_add2_11) rank = 167, rel_dest_rank = 1
2026-06-21 04:02:37.109 - [DEBUG] ||| make_bipartite ||| Children = [<pydot.core.Node object at 0x71c9fdee5520>]
2026-06-21 04:02:37.109 - [DEBUG] ||| make_bipartite ||| src (i5_load_11) rank = 169, rel_src_rank = 1; dest (i8_mul_11) rank = 170, rel_dest_rank = 2
2026-06-21 04:02:37.109 - [DEBUG] ||| make_bipartite ||| Children = [<pydot.core.Node object at 0x71c9fdee5490>]
2026-06-21 04:02:37.109 - [DEBUG] ||| make_bipartite ||| src (i6_add1_11) rank = 167, rel_src_rank = 1; dest (i6_add2_11) rank = 168, rel_dest_rank = 0
2026-06-21 04:02:37.110 - [DEBUG] ||| make_bipartite ||| Children = [<pydot.core.Node object at 0x71c9fdee5460>]
2026-06-21 04:02:37.110 - [DEBUG] ||| make_bipartite ||| src (i6_add2_11) rank = 168, rel_src_rank = 0; dest (i7_load_11) rank = 169, rel_dest_rank = 1
2026-06-21 04:02:37.110 - [DEBUG] ||| make_bipartite ||| Children = [<pydot.core.Node object at 0x71c9fdee5520>]
2026-06-21 04:02:37.110 - [DEBUG] ||| make_bipartite ||| src (i6_mul1_11) rank = 166, rel_src_rank = 2; dest (i6_add1_11) rank = 167, rel_dest_rank = 1
2026-06-21 04:02:37.110 - [DEBUG] ||| make_bipartite ||| Children = [<pydot.core.Node object at 0x71c9fdee5490>]
2026-06-21 04:02:37.111 - [DEBUG] ||| make_bipartite ||| src (i6_mul2_11) rank = 167, rel_src_rank = 1; dest (i6_add2_11) rank = 168, rel_dest_rank = 0
2026-06-21 04:02:37.111 - [DEBUG] ||| make_bipartite ||| Children = [<pydot.core.Node object at 0x71c9fdee5460>]
2026-06-21 04:02:37.111 - [DEBUG] ||| make_bipartite ||| src (i7_load_11) rank = 169, rel_src_rank = 1; dest (i8_mul_11) rank = 170, rel_dest_rank = 2
2026-06-21 04:02:37.112 - [DEBUG] ||| make_bipartite ||| Children = [<pydot.core.Node object at 0x71c9fdee5520>]
2026-06-21 04:02:37.112 - [DEBUG] ||| make_bipartite ||| src (i8_mul_11) rank = 170, rel_src_rank = 2; dest (i9_add_11) rank = 171, rel_dest_rank = 3
2026-06-21 04:02:37.112 - [DEBUG] ||| make_bipartite ||| Children = []
2026-06-21 04:02:37.112 - [DEBUG] ||| make_bipartite ||| Children = [<pydot.core.Node object at 0x71c9fdee5490>, <pydot.core.Node object at 0x71c9fdee5430>]
2026-06-21 04:02:37.112 - [DEBUG] ||| make_bipartite ||| src (i17_add_fout_0_11) rank = 165, rel_src_rank = 3; dest (i4_mul2_11) rank = 166, rel_dest_rank = 2
2026-06-21 04:02:37.112 - [DEBUG] ||| make_bipartite ||| src (i17_add_fout_0_11) rank = 165, rel_src_rank = 3; dest (i6_mul1_11) rank = 166, rel_dest_rank = 2
2026-06-21 04:02:37.113 - [DEBUG] ||| make_bipartite ||| Children = [<pydot.core.Node object at 0x71c9fdee5460>, <pydot.core.Node object at 0x71c9fdee5d30>]
2026-06-21 04:02:37.113 - [DEBUG] ||| make_bipartite ||| src (i17_add_fout_1_11) rank = 165, rel_src_rank = 3; dest (i10_icmp_11) rank = 162, rel_dest_rank = 2
2026-06-21 04:02:37.113 - [DEBUG] ||| make_bipartite ||| src (i17_add_fout_1_11) rank = 165, rel_src_rank = 3; dest (i15_add_11) rank = 166, rel_dest_rank = 2
2026-06-21 04:02:37.113 - [DEBUG] ||| make_bipartite ||| Children = [<pydot.core.Node object at 0x71c9fdee54f0>]
2026-06-21 04:02:37.114 - [DEBUG] ||| make_bipartite ||| src (i10_icmp_12) rank = 162, rel_src_rank = 2; dest (i16_add_12) rank = 163, rel_dest_rank = 3
2026-06-21 04:02:37.114 - [DEBUG] ||| make_bipartite ||| Children = [<pydot.core.Node object at 0x71c9fdee5490>]
2026-06-21 04:02:37.114 - [DEBUG] ||| make_bipartite ||| src (i12_load_12) rank = 162, rel_src_rank = 2; dest (i13_add_12) rank = 163, rel_dest_rank = 3
2026-06-21 04:02:37.114 - [DEBUG] ||| make_bipartite ||| Children = [<pydot.core.Node object at 0x71c9fdee5d30>, <pydot.core.Node object at 0x71c9fdee5430>]
2026-06-21 04:02:37.114 - [DEBUG] ||| make_bipartite ||| src (i13_add_12) rank = 163, rel_src_rank = 3; dest (i14_store_12) rank = 164, rel_dest_rank = 4
2026-06-21 04:02:37.114 - [DEBUG] ||| make_bipartite ||| src (i13_add_12) rank = 163, rel_src_rank = 3; dest (i17_add_12) rank = 164, rel_dest_rank = 4
2026-06-21 04:02:37.115 - [DEBUG] ||| make_bipartite ||| Children = []
2026-06-21 04:02:37.115 - [DEBUG] ||| make_bipartite ||| Children = [<pydot.core.Node object at 0x71c9fdee5490>]
2026-06-21 04:02:37.115 - [DEBUG] ||| make_bipartite ||| src (i15_add_12) rank = 166, rel_src_rank = 2; dest (i16_add_12) rank = 163, rel_dest_rank = 3
2026-06-21 04:02:37.115 - [DEBUG] ||| make_bipartite ||| Children = [<pydot.core.Node object at 0x71c9fdee5460>]
2026-06-21 04:02:37.115 - [DEBUG] ||| make_bipartite ||| src (i16_add_12) rank = 163, rel_src_rank = 3; dest (i17_add_12) rank = 164, rel_dest_rank = 4
2026-06-21 04:02:37.116 - [DEBUG] ||| make_bipartite ||| Children = [<pydot.core.Node object at 0x71c9fdee5430>, <pydot.core.Node object at 0x71c9fdee54f0>]
2026-06-21 04:02:37.116 - [DEBUG] ||| make_bipartite ||| src (i17_add_12) rank = 164, rel_src_rank = 4; dest (i17_add_fout_0_12) rank = 165, rel_dest_rank = 3
2026-06-21 04:02:37.116 - [DEBUG] ||| make_bipartite ||| src (i17_add_12) rank = 164, rel_src_rank = 4; dest (i17_add_fout_1_12) rank = 165, rel_dest_rank = 3
2026-06-21 04:02:37.116 - [DEBUG] ||| make_bipartite ||| Children = [<pydot.core.Node object at 0x71c9fdee5490>]
2026-06-21 04:02:37.116 - [DEBUG] ||| make_bipartite ||| src (i4_add1_12) rank = 166, rel_src_rank = 2; dest (i4_add2_12) rank = 167, rel_dest_rank = 1
2026-06-21 04:02:37.116 - [DEBUG] ||| make_bipartite ||| Children = [<pydot.core.Node object at 0x71c9fdee5d30>]
2026-06-21 04:02:37.116 - [DEBUG] ||| make_bipartite ||| src (i4_add2_12) rank = 167, rel_src_rank = 1; dest (i5_load_12) rank = 169, rel_dest_rank = 1
2026-06-21 04:02:37.117 - [DEBUG] ||| make_bipartite ||| og_edge = i4_add2_12 -> i5_load_12 [operand=addr, data=true];
2026-06-21 04:02:37.117 - [DEBUG] ||| make_bipartite ||| og_opID = 260, og_edge_attributes = [('operand', 'addr'), ('data', 'true')]
2026-06-21 04:02:37.117 - [DEBUG] ||| make_bipartite ||| forced_set_diff = 2, max_bridges = 1
2026-06-21 04:02:37.117 - [DEBUG] ||| make_bipartite ||| Created new bridge | name = extd_i4_add2_12_0_0, attributes = [('opcode', 'bridge'), ('opID', 260), ('rank', '162')]
2026-06-21 04:02:37.117 - [DEBUG] ||| make_bipartite ||| Children = [<pydot.core.Node object at 0x71c9fdee54c0>]
2026-06-21 04:02:37.118 - [DEBUG] ||| make_bipartite ||| src (i4_mul1_12) rank = 165, rel_src_rank = 3; dest (i4_add1_12) rank = 166, rel_dest_rank = 2
2026-06-21 04:02:37.118 - [DEBUG] ||| make_bipartite ||| Children = [<pydot.core.Node object at 0x71c9fdee5340>]
2026-06-21 04:02:37.118 - [DEBUG] ||| make_bipartite ||| src (i4_mul2_12) rank = 166, rel_src_rank = 2; dest (i4_add2_12) rank = 167, rel_dest_rank = 1
2026-06-21 04:02:37.118 - [DEBUG] ||| make_bipartite ||| Children = [<pydot.core.Node object at 0x71c9fdee5d30>]
2026-06-21 04:02:37.118 - [DEBUG] ||| make_bipartite ||| src (i5_load_12) rank = 169, rel_src_rank = 1; dest (i8_mul_12) rank = 170, rel_dest_rank = 2
2026-06-21 04:02:37.119 - [DEBUG] ||| make_bipartite ||| Children = [<pydot.core.Node object at 0x71c9fdee54c0>]
2026-06-21 04:02:37.119 - [DEBUG] ||| make_bipartite ||| src (i6_add1_12) rank = 167, rel_src_rank = 1; dest (i6_add2_12) rank = 168, rel_dest_rank = 0
2026-06-21 04:02:37.119 - [DEBUG] ||| make_bipartite ||| Children = [<pydot.core.Node object at 0x71c9fdee5340>]
2026-06-21 04:02:37.119 - [DEBUG] ||| make_bipartite ||| src (i6_add2_12) rank = 168, rel_src_rank = 0; dest (i7_load_12) rank = 169, rel_dest_rank = 1
2026-06-21 04:02:37.119 - [DEBUG] ||| make_bipartite ||| Children = [<pydot.core.Node object at 0x71c9fdee5d30>]
2026-06-21 04:02:37.120 - [DEBUG] ||| make_bipartite ||| src (i6_mul1_12) rank = 166, rel_src_rank = 2; dest (i6_add1_12) rank = 167, rel_dest_rank = 1
2026-06-21 04:02:37.120 - [DEBUG] ||| make_bipartite ||| Children = [<pydot.core.Node object at 0x71c9fdee54c0>]
2026-06-21 04:02:37.120 - [DEBUG] ||| make_bipartite ||| src (i6_mul2_12) rank = 167, rel_src_rank = 1; dest (i6_add2_12) rank = 168, rel_dest_rank = 0
2026-06-21 04:02:37.120 - [DEBUG] ||| make_bipartite ||| Children = [<pydot.core.Node object at 0x71c9fdee5340>]
2026-06-21 04:02:37.120 - [DEBUG] ||| make_bipartite ||| src (i7_load_12) rank = 169, rel_src_rank = 1; dest (i8_mul_12) rank = 170, rel_dest_rank = 2
2026-06-21 04:02:37.120 - [DEBUG] ||| make_bipartite ||| Children = [<pydot.core.Node object at 0x71c9fdee5d30>]
2026-06-21 04:02:37.121 - [DEBUG] ||| make_bipartite ||| src (i8_mul_12) rank = 170, rel_src_rank = 2; dest (i9_add_12) rank = 171, rel_dest_rank = 3
2026-06-21 04:02:37.121 - [DEBUG] ||| make_bipartite ||| Children = []
2026-06-21 04:02:37.121 - [DEBUG] ||| make_bipartite ||| Children = [<pydot.core.Node object at 0x71c9fdee54c0>, <pydot.core.Node object at 0x71c9fdee5520>]
2026-06-21 04:02:37.121 - [DEBUG] ||| make_bipartite ||| src (i17_add_fout_0_12) rank = 165, rel_src_rank = 3; dest (i4_mul2_12) rank = 166, rel_dest_rank = 2
2026-06-21 04:02:37.121 - [DEBUG] ||| make_bipartite ||| src (i17_add_fout_0_12) rank = 165, rel_src_rank = 3; dest (i6_mul1_12) rank = 166, rel_dest_rank = 2
2026-06-21 04:02:37.121 - [DEBUG] ||| make_bipartite ||| Children = [<pydot.core.Node object at 0x71c9fdee5340>, <pydot.core.Node object at 0x71c9fdee5d60>]
2026-06-21 04:02:37.122 - [DEBUG] ||| make_bipartite ||| src (i17_add_fout_1_12) rank = 165, rel_src_rank = 3; dest (i10_icmp_12) rank = 162, rel_dest_rank = 2
2026-06-21 04:02:37.122 - [DEBUG] ||| make_bipartite ||| src (i17_add_fout_1_12) rank = 165, rel_src_rank = 3; dest (i15_add_12) rank = 166, rel_dest_rank = 2
2026-06-21 04:02:37.122 - [DEBUG] ||| make_bipartite ||| Children = [<pydot.core.Node object at 0x71c9fdee5430>]
2026-06-21 04:02:37.122 - [DEBUG] ||| make_bipartite ||| src (i10_icmp_13) rank = 171, rel_src_rank = 3; dest (i16_add_13) rank = 172, rel_dest_rank = 4
2026-06-21 04:02:37.122 - [DEBUG] ||| make_bipartite ||| Children = [<pydot.core.Node object at 0x71c9fdee54c0>]
2026-06-21 04:02:37.122 - [DEBUG] ||| make_bipartite ||| src (i12_load_13) rank = 171, rel_src_rank = 3; dest (i13_add_13) rank = 172, rel_dest_rank = 4
2026-06-21 04:02:37.123 - [DEBUG] ||| make_bipartite ||| Children = [<pydot.core.Node object at 0x71c9fdee5d60>, <pydot.core.Node object at 0x71c9fdee5520>]
2026-06-21 04:02:37.123 - [DEBUG] ||| make_bipartite ||| src (i13_add_13) rank = 172, rel_src_rank = 4; dest (i14_store_13) rank = 173, rel_dest_rank = 3
2026-06-21 04:02:37.123 - [DEBUG] ||| make_bipartite ||| src (i13_add_13) rank = 172, rel_src_rank = 4; dest (i17_add_13) rank = 173, rel_dest_rank = 3
2026-06-21 04:02:37.123 - [DEBUG] ||| make_bipartite ||| Children = []
2026-06-21 04:02:37.123 - [DEBUG] ||| make_bipartite ||| Children = [<pydot.core.Node object at 0x71c9fdee54c0>]
2026-06-21 04:02:37.124 - [DEBUG] ||| make_bipartite ||| src (i15_add_13) rank = 175, rel_src_rank = 1; dest (i16_add_13) rank = 172, rel_dest_rank = 4
2026-06-21 04:02:37.124 - [DEBUG] ||| make_bipartite ||| og_edge = i15_add_13 -> i16_add_13 [operand=any2input, data=true];
2026-06-21 04:02:37.124 - [DEBUG] ||| make_bipartite ||| og_opID = 277, og_edge_attributes = [('operand', 'any2input'), ('data', 'true')]
2026-06-21 04:02:37.124 - [DEBUG] ||| make_bipartite ||| forced_set_diff = 3, max_bridges = 2
2026-06-21 04:02:37.124 - [DEBUG] ||| make_bipartite ||| Created new bridge | name = extd_i15_add_13_0_0, attributes = [('opcode', 'bridge'), ('opID', 277), ('rank', '170')]
2026-06-21 04:02:37.125 - [DEBUG] ||| make_bipartite ||| Created new bridge | name = extd_i15_add_13_0_1, attributes = [('opcode', 'bridge'), ('opID', 277), ('rank', '171')]
2026-06-21 04:02:37.125 - [DEBUG] ||| make_bipartite ||| Children = [<pydot.core.Node object at 0x71c9fdee54f0>]
2026-06-21 04:02:37.125 - [DEBUG] ||| make_bipartite ||| src (i16_add_13) rank = 172, rel_src_rank = 4; dest (i17_add_13) rank = 173, rel_dest_rank = 3
2026-06-21 04:02:37.125 - [DEBUG] ||| make_bipartite ||| Children = [<pydot.core.Node object at 0x71c9fdee5460>, <pydot.core.Node object at 0x71c9fdee5d90>]
2026-06-21 04:02:37.125 - [DEBUG] ||| make_bipartite ||| src (i17_add_13) rank = 173, rel_src_rank = 3; dest (i17_add_fout_0_13) rank = 174, rel_dest_rank = 2
2026-06-21 04:02:37.125 - [DEBUG] ||| make_bipartite ||| src (i17_add_13) rank = 173, rel_src_rank = 3; dest (i17_add_fout_1_13) rank = 174, rel_dest_rank = 2
2026-06-21 04:02:37.125 - [DEBUG] ||| make_bipartite ||| Children = [<pydot.core.Node object at 0x71c9fdee54c0>]
2026-06-21 04:02:37.126 - [DEBUG] ||| make_bipartite ||| src (i4_add1_13) rank = 175, rel_src_rank = 1; dest (i4_add2_13) rank = 176, rel_dest_rank = 0
2026-06-21 04:02:37.126 - [DEBUG] ||| make_bipartite ||| Children = [<pydot.core.Node object at 0x71c9fdee5d60>]
2026-06-21 04:02:37.126 - [DEBUG] ||| make_bipartite ||| src (i4_add2_13) rank = 176, rel_src_rank = 0; dest (i5_load_13) rank = 178, rel_dest_rank = 2
2026-06-21 04:02:37.126 - [DEBUG] ||| make_bipartite ||| og_edge = i4_add2_13 -> i5_load_13 [operand=addr, data=true];
2026-06-21 04:02:37.127 - [DEBUG] ||| make_bipartite ||| og_opID = 281, og_edge_attributes = [('operand', 'addr'), ('data', 'true')]
2026-06-21 04:02:37.127 - [DEBUG] ||| make_bipartite ||| forced_set_diff = 2, max_bridges = 1
2026-06-21 04:02:37.128 - [DEBUG] ||| make_bipartite ||| Created new bridge | name = extd_i4_add2_13_0_0, attributes = [('opcode', 'bridge'), ('opID', 281), ('rank', '177')]
2026-06-21 04:02:37.128 - [DEBUG] ||| make_bipartite ||| Children = [<pydot.core.Node object at 0x71c9fdee5340>]
2026-06-21 04:02:37.129 - [DEBUG] ||| make_bipartite ||| src (i4_mul1_13) rank = 174, rel_src_rank = 2; dest (i4_add1_13) rank = 175, rel_dest_rank = 1
2026-06-21 04:02:37.129 - [DEBUG] ||| make_bipartite ||| Children = [<pydot.core.Node object at 0x71c9fdee5430>]
2026-06-21 04:02:37.129 - [DEBUG] ||| make_bipartite ||| src (i4_mul2_13) rank = 175, rel_src_rank = 1; dest (i4_add2_13) rank = 176, rel_dest_rank = 0
2026-06-21 04:02:37.130 - [DEBUG] ||| make_bipartite ||| Children = [<pydot.core.Node object at 0x71c9fdee5d60>]
2026-06-21 04:02:37.130 - [DEBUG] ||| make_bipartite ||| src (i5_load_13) rank = 178, rel_src_rank = 2; dest (i8_mul_13) rank = 179, rel_dest_rank = 3
2026-06-21 04:02:37.130 - [DEBUG] ||| make_bipartite ||| Children = [<pydot.core.Node object at 0x71c9fdee5340>]
2026-06-21 04:02:37.131 - [DEBUG] ||| make_bipartite ||| src (i6_add1_13) rank = 176, rel_src_rank = 0; dest (i6_add2_13) rank = 177, rel_dest_rank = 1
2026-06-21 04:02:37.131 - [DEBUG] ||| make_bipartite ||| Children = [<pydot.core.Node object at 0x71c9fdee5430>]
2026-06-21 04:02:37.131 - [DEBUG] ||| make_bipartite ||| src (i6_add2_13) rank = 177, rel_src_rank = 1; dest (i7_load_13) rank = 178, rel_dest_rank = 2
2026-06-21 04:02:37.132 - [DEBUG] ||| make_bipartite ||| Children = [<pydot.core.Node object at 0x71c9fdee5d60>]
2026-06-21 04:02:37.132 - [DEBUG] ||| make_bipartite ||| src (i6_mul1_13) rank = 175, rel_src_rank = 1; dest (i6_add1_13) rank = 176, rel_dest_rank = 0
2026-06-21 04:02:37.132 - [DEBUG] ||| make_bipartite ||| Children = [<pydot.core.Node object at 0x71c9fdee5340>]
2026-06-21 04:02:37.132 - [DEBUG] ||| make_bipartite ||| src (i6_mul2_13) rank = 176, rel_src_rank = 0; dest (i6_add2_13) rank = 177, rel_dest_rank = 1
2026-06-21 04:02:37.133 - [DEBUG] ||| make_bipartite ||| Children = [<pydot.core.Node object at 0x71c9fdee5430>]
2026-06-21 04:02:37.133 - [DEBUG] ||| make_bipartite ||| src (i7_load_13) rank = 178, rel_src_rank = 2; dest (i8_mul_13) rank = 179, rel_dest_rank = 3
2026-06-21 04:02:37.133 - [DEBUG] ||| make_bipartite ||| Children = [<pydot.core.Node object at 0x71c9fdee5d60>]
2026-06-21 04:02:37.133 - [DEBUG] ||| make_bipartite ||| src (i8_mul_13) rank = 179, rel_src_rank = 3; dest (i9_add_13) rank = 180, rel_dest_rank = 4
2026-06-21 04:02:37.133 - [DEBUG] ||| make_bipartite ||| Children = []
2026-06-21 04:02:37.134 - [DEBUG] ||| make_bipartite ||| Children = [<pydot.core.Node object at 0x71c9fdee5340>, <pydot.core.Node object at 0x71c9fdee5dc0>]
2026-06-21 04:02:37.134 - [DEBUG] ||| make_bipartite ||| src (i17_add_fout_0_13) rank = 174, rel_src_rank = 2; dest (i4_mul2_13) rank = 175, rel_dest_rank = 1
2026-06-21 04:02:37.134 - [DEBUG] ||| make_bipartite ||| src (i17_add_fout_0_13) rank = 174, rel_src_rank = 2; dest (i6_mul1_13) rank = 175, rel_dest_rank = 1
2026-06-21 04:02:37.134 - [DEBUG] ||| make_bipartite ||| Children = [<pydot.core.Node object at 0x71c9fdee5430>, <pydot.core.Node object at 0x71c9fdee5df0>]
2026-06-21 04:02:37.134 - [DEBUG] ||| make_bipartite ||| src (i17_add_fout_1_13) rank = 174, rel_src_rank = 2; dest (i10_icmp_13) rank = 171, rel_dest_rank = 3
2026-06-21 04:02:37.134 - [DEBUG] ||| make_bipartite ||| src (i17_add_fout_1_13) rank = 174, rel_src_rank = 2; dest (i15_add_13) rank = 175, rel_dest_rank = 1
2026-06-21 04:02:37.135 - [DEBUG] ||| make_bipartite ||| Children = [<pydot.core.Node object at 0x71c9fdee5460>]
2026-06-21 04:02:37.135 - [DEBUG] ||| make_bipartite ||| src (i10_icmp_14) rank = 189, rel_src_rank = 3; dest (i16_add_14) rank = 190, rel_dest_rank = 2
2026-06-21 04:02:37.135 - [DEBUG] ||| make_bipartite ||| Children = [<pydot.core.Node object at 0x71c9fdee5340>]
2026-06-21 04:02:37.135 - [DEBUG] ||| make_bipartite ||| src (i12_load_14) rank = 189, rel_src_rank = 3; dest (i13_add_14) rank = 190, rel_dest_rank = 2
2026-06-21 04:02:37.135 - [DEBUG] ||| make_bipartite ||| Children = [<pydot.core.Node object at 0x71c9fdee5df0>, <pydot.core.Node object at 0x71c9fdee5dc0>]
2026-06-21 04:02:37.135 - [DEBUG] ||| make_bipartite ||| src (i13_add_14) rank = 190, rel_src_rank = 2; dest (i14_store_14) rank = 191, rel_dest_rank = 1
2026-06-21 04:02:37.136 - [DEBUG] ||| make_bipartite ||| src (i13_add_14) rank = 190, rel_src_rank = 2; dest (i17_add_14) rank = 191, rel_dest_rank = 1
2026-06-21 04:02:37.136 - [DEBUG] ||| make_bipartite ||| Children = []
2026-06-21 04:02:37.136 - [DEBUG] ||| make_bipartite ||| Children = [<pydot.core.Node object at 0x71c9fdee5340>]
2026-06-21 04:02:37.136 - [DEBUG] ||| make_bipartite ||| src (i15_add_14) rank = 193, rel_src_rank = 1; dest (i16_add_14) rank = 190, rel_dest_rank = 2
2026-06-21 04:02:37.136 - [DEBUG] ||| make_bipartite ||| Children = [<pydot.core.Node object at 0x71c9fdee5430>]
2026-06-21 04:02:37.136 - [DEBUG] ||| make_bipartite ||| src (i16_add_14) rank = 190, rel_src_rank = 2; dest (i17_add_14) rank = 191, rel_dest_rank = 1
2026-06-21 04:02:37.137 - [DEBUG] ||| make_bipartite ||| Children = [<pydot.core.Node object at 0x71c9fdee5dc0>, <pydot.core.Node object at 0x71c9fdee5460>]
2026-06-21 04:02:37.137 - [DEBUG] ||| make_bipartite ||| src (i17_add_14) rank = 191, rel_src_rank = 1; dest (i17_add_fout_0_14) rank = 192, rel_dest_rank = 0
2026-06-21 04:02:37.137 - [DEBUG] ||| make_bipartite ||| src (i17_add_14) rank = 191, rel_src_rank = 1; dest (i17_add_fout_1_14) rank = 192, rel_dest_rank = 0
2026-06-21 04:02:37.137 - [DEBUG] ||| make_bipartite ||| Children = [<pydot.core.Node object at 0x71c9fdee5340>]
2026-06-21 04:02:37.137 - [DEBUG] ||| make_bipartite ||| src (i4_add1_14) rank = 193, rel_src_rank = 1; dest (i4_add2_14) rank = 194, rel_dest_rank = 2
2026-06-21 04:02:37.137 - [DEBUG] ||| make_bipartite ||| Children = [<pydot.core.Node object at 0x71c9fdee5df0>]
2026-06-21 04:02:37.138 - [DEBUG] ||| make_bipartite ||| src (i4_add2_14) rank = 194, rel_src_rank = 2; dest (i5_load_14) rank = 196, rel_dest_rank = 4
2026-06-21 04:02:37.138 - [DEBUG] ||| make_bipartite ||| og_edge = i4_add2_14 -> i5_load_14 [operand=addr, data=true];
2026-06-21 04:02:37.138 - [DEBUG] ||| make_bipartite ||| og_opID = 302, og_edge_attributes = [('operand', 'addr'), ('data', 'true')]
2026-06-21 04:02:37.138 - [DEBUG] ||| make_bipartite ||| forced_set_diff = 2, max_bridges = 1
2026-06-21 04:02:37.138 - [DEBUG] ||| make_bipartite ||| Created new bridge | name = extd_i4_add2_14_0_0, attributes = [('opcode', 'bridge'), ('opID', 302), ('rank', '195')]
2026-06-21 04:02:37.139 - [DEBUG] ||| make_bipartite ||| Children = [<pydot.core.Node object at 0x71c9fdee5d30>]
2026-06-21 04:02:37.139 - [DEBUG] ||| make_bipartite ||| src (i4_mul1_14) rank = 192, rel_src_rank = 0; dest (i4_add1_14) rank = 193, rel_dest_rank = 1
2026-06-21 04:02:37.139 - [DEBUG] ||| make_bipartite ||| Children = [<pydot.core.Node object at 0x71c9fdee54f0>]
2026-06-21 04:02:37.139 - [DEBUG] ||| make_bipartite ||| src (i4_mul2_14) rank = 193, rel_src_rank = 1; dest (i4_add2_14) rank = 194, rel_dest_rank = 2
2026-06-21 04:02:37.139 - [DEBUG] ||| make_bipartite ||| Children = [<pydot.core.Node object at 0x71c9fdee5df0>]
2026-06-21 04:02:37.139 - [DEBUG] ||| make_bipartite ||| src (i5_load_14) rank = 196, rel_src_rank = 4; dest (i8_mul_14) rank = 197, rel_dest_rank = 3
2026-06-21 04:02:37.140 - [DEBUG] ||| make_bipartite ||| Children = [<pydot.core.Node object at 0x71c9fdee5d30>]
2026-06-21 04:02:37.140 - [DEBUG] ||| make_bipartite ||| src (i6_add1_14) rank = 194, rel_src_rank = 2; dest (i6_add2_14) rank = 195, rel_dest_rank = 3
2026-06-21 04:02:37.140 - [DEBUG] ||| make_bipartite ||| Children = [<pydot.core.Node object at 0x71c9fdee54f0>]
2026-06-21 04:02:37.140 - [DEBUG] ||| make_bipartite ||| src (i6_add2_14) rank = 195, rel_src_rank = 3; dest (i7_load_14) rank = 196, rel_dest_rank = 4
2026-06-21 04:02:37.140 - [DEBUG] ||| make_bipartite ||| Children = [<pydot.core.Node object at 0x71c9fdee5df0>]
2026-06-21 04:02:37.140 - [DEBUG] ||| make_bipartite ||| src (i6_mul1_14) rank = 193, rel_src_rank = 1; dest (i6_add1_14) rank = 194, rel_dest_rank = 2
2026-06-21 04:02:37.141 - [DEBUG] ||| make_bipartite ||| Children = [<pydot.core.Node object at 0x71c9fdee5d30>]
2026-06-21 04:02:37.141 - [DEBUG] ||| make_bipartite ||| src (i6_mul2_14) rank = 194, rel_src_rank = 2; dest (i6_add2_14) rank = 195, rel_dest_rank = 3
2026-06-21 04:02:37.141 - [DEBUG] ||| make_bipartite ||| Children = [<pydot.core.Node object at 0x71c9fdee54f0>]
2026-06-21 04:02:37.141 - [DEBUG] ||| make_bipartite ||| src (i7_load_14) rank = 196, rel_src_rank = 4; dest (i8_mul_14) rank = 197, rel_dest_rank = 3
2026-06-21 04:02:37.141 - [DEBUG] ||| make_bipartite ||| Children = [<pydot.core.Node object at 0x71c9fdee5df0>]
2026-06-21 04:02:37.141 - [DEBUG] ||| make_bipartite ||| src (i8_mul_14) rank = 197, rel_src_rank = 3; dest (i9_add_14) rank = 198, rel_dest_rank = 2
2026-06-21 04:02:37.141 - [DEBUG] ||| make_bipartite ||| Children = []
2026-06-21 04:02:37.142 - [DEBUG] ||| make_bipartite ||| Children = [<pydot.core.Node object at 0x71c9fdee5d30>, <pydot.core.Node object at 0x71c9fdee5d60>]
2026-06-21 04:02:37.142 - [DEBUG] ||| make_bipartite ||| src (i17_add_fout_0_14) rank = 192, rel_src_rank = 0; dest (i4_mul2_14) rank = 193, rel_dest_rank = 1
2026-06-21 04:02:37.142 - [DEBUG] ||| make_bipartite ||| src (i17_add_fout_0_14) rank = 192, rel_src_rank = 0; dest (i6_mul1_14) rank = 193, rel_dest_rank = 1
2026-06-21 04:02:37.142 - [DEBUG] ||| make_bipartite ||| Children = [<pydot.core.Node object at 0x71c9fdee54f0>, <pydot.core.Node object at 0x71c9fdee5e20>]
2026-06-21 04:02:37.142 - [DEBUG] ||| make_bipartite ||| src (i17_add_fout_1_14) rank = 192, rel_src_rank = 0; dest (i10_icmp_14) rank = 189, rel_dest_rank = 3
2026-06-21 04:02:37.143 - [DEBUG] ||| make_bipartite ||| og_edge = i17_add_fout_1_14 -> i10_icmp_14 [operand=LHS, data=true];
2026-06-21 04:02:37.143 - [DEBUG] ||| make_bipartite ||| og_opID = 314, og_edge_attributes = [('operand', 'LHS'), ('data', 'true')]
2026-06-21 04:02:37.143 - [DEBUG] ||| make_bipartite ||| forced_set_diff = 3, max_bridges = 2
2026-06-21 04:02:37.143 - [DEBUG] ||| make_bipartite ||| Created new bridge | name = extd_i17_add_fout_1_14_0_0, attributes = [('opcode', 'bridge'), ('opID', 314), ('rank', '193')]
2026-06-21 04:02:37.143 - [DEBUG] ||| make_bipartite ||| Created new bridge | name = extd_i17_add_fout_1_14_0_1, attributes = [('opcode', 'bridge'), ('opID', 314), ('rank', '194')]
2026-06-21 04:02:37.143 - [DEBUG] ||| make_bipartite ||| src (i17_add_fout_1_14) rank = 192, rel_src_rank = 0; dest (i15_add_14) rank = 193, rel_dest_rank = 1
2026-06-21 04:02:37.144 - [DEBUG] ||| make_bipartite ||| Children = [<pydot.core.Node object at 0x71c9fdee5460>]
2026-06-21 04:02:37.144 - [DEBUG] ||| make_bipartite ||| src (i10_icmp_15) rank = 216, rel_src_rank = 0; dest (i16_add_15) rank = 217, rel_dest_rank = 1
2026-06-21 04:02:37.144 - [DEBUG] ||| make_bipartite ||| Children = [<pydot.core.Node object at 0x71c9fdee5d30>]
2026-06-21 04:02:37.144 - [DEBUG] ||| make_bipartite ||| src (i12_load_15) rank = 216, rel_src_rank = 0; dest (i13_add_15) rank = 217, rel_dest_rank = 1
2026-06-21 04:02:37.144 - [DEBUG] ||| make_bipartite ||| Children = [<pydot.core.Node object at 0x71c9fdee5e20>, <pydot.core.Node object at 0x71c9fdee5430>]
2026-06-21 04:02:37.144 - [DEBUG] ||| make_bipartite ||| src (i13_add_15) rank = 217, rel_src_rank = 1; dest (i14_store_15) rank = 218, rel_dest_rank = 2
2026-06-21 04:02:37.145 - [DEBUG] ||| make_bipartite ||| src (i13_add_15) rank = 217, rel_src_rank = 1; dest (i17_add_15) rank = 218, rel_dest_rank = 2
2026-06-21 04:02:37.145 - [DEBUG] ||| make_bipartite ||| Children = []
2026-06-21 04:02:37.145 - [DEBUG] ||| make_bipartite ||| Children = [<pydot.core.Node object at 0x71c9fdee5d30>]
2026-06-21 04:02:37.145 - [DEBUG] ||| make_bipartite ||| src (i15_add_15) rank = 220, rel_src_rank = 4; dest (i16_add_15) rank = 217, rel_dest_rank = 1
2026-06-21 04:02:37.145 - [DEBUG] ||| make_bipartite ||| og_edge = i15_add_15 -> i16_add_15 [operand=any2input, data=true];
2026-06-21 04:02:37.145 - [DEBUG] ||| make_bipartite ||| og_opID = 319, og_edge_attributes = [('operand', 'any2input'), ('data', 'true')]
2026-06-21 04:02:37.146 - [DEBUG] ||| make_bipartite ||| forced_set_diff = 3, max_bridges = 2
2026-06-21 04:02:37.146 - [DEBUG] ||| make_bipartite ||| Created new bridge | name = extd_i15_add_15_0_0, attributes = [('opcode', 'bridge'), ('opID', 319), ('rank', '221')]
2026-06-21 04:02:37.146 - [DEBUG] ||| make_bipartite ||| Created new bridge | name = extd_i15_add_15_0_1, attributes = [('opcode', 'bridge'), ('opID', 319), ('rank', '222')]
2026-06-21 04:02:37.146 - [DEBUG] ||| make_bipartite ||| Children = [<pydot.core.Node object at 0x71c9fdee5e50>]
2026-06-21 04:02:37.146 - [DEBUG] ||| make_bipartite ||| src (i16_add_15) rank = 217, rel_src_rank = 1; dest (i17_add_15) rank = 218, rel_dest_rank = 2
2026-06-21 04:02:37.147 - [DEBUG] ||| make_bipartite ||| Children = [<pydot.core.Node object at 0x71c9fdee5df0>, <pydot.core.Node object at 0x71c9fdee5eb0>]
2026-06-21 04:02:37.147 - [DEBUG] ||| make_bipartite ||| src (i17_add_15) rank = 218, rel_src_rank = 2; dest (i17_add_fout_0_15) rank = 219, rel_dest_rank = 3
2026-06-21 04:02:37.147 - [DEBUG] ||| make_bipartite ||| src (i17_add_15) rank = 218, rel_src_rank = 2; dest (i17_add_fout_1_15) rank = 219, rel_dest_rank = 3
2026-06-21 04:02:37.147 - [DEBUG] ||| make_bipartite ||| Children = [<pydot.core.Node object at 0x71c9fdee5d30>]
2026-06-21 04:02:37.147 - [DEBUG] ||| make_bipartite ||| src (i4_add1_15) rank = 220, rel_src_rank = 4; dest (i4_add2_15) rank = 221, rel_dest_rank = 3
2026-06-21 04:02:37.147 - [DEBUG] ||| make_bipartite ||| Children = [<pydot.core.Node object at 0x71c9fdee5e20>]
2026-06-21 04:02:37.148 - [DEBUG] ||| make_bipartite ||| src (i4_add2_15) rank = 221, rel_src_rank = 3; dest (i5_load_15) rank = 223, rel_dest_rank = 1
2026-06-21 04:02:37.148 - [DEBUG] ||| make_bipartite ||| og_edge = i4_add2_15 -> i5_load_15 [operand=addr, data=true];
2026-06-21 04:02:37.148 - [DEBUG] ||| make_bipartite ||| og_opID = 323, og_edge_attributes = [('operand', 'addr'), ('data', 'true')]
2026-06-21 04:02:37.148 - [DEBUG] ||| make_bipartite ||| forced_set_diff = 2, max_bridges = 1
2026-06-21 04:02:37.148 - [DEBUG] ||| make_bipartite ||| Created new bridge | name = extd_i4_add2_15_0_0, attributes = [('opcode', 'bridge'), ('opID', 323), ('rank', '222')]
2026-06-21 04:02:37.149 - [DEBUG] ||| make_bipartite ||| Children = [<pydot.core.Node object at 0x71c9fdee54f0>]
2026-06-21 04:02:37.149 - [DEBUG] ||| make_bipartite ||| src (i4_mul1_15) rank = 219, rel_src_rank = 3; dest (i4_add1_15) rank = 220, rel_dest_rank = 4
2026-06-21 04:02:37.149 - [DEBUG] ||| make_bipartite ||| Children = [<pydot.core.Node object at 0x71c9fdee5460>]
2026-06-21 04:02:37.149 - [DEBUG] ||| make_bipartite ||| src (i4_mul2_15) rank = 220, rel_src_rank = 4; dest (i4_add2_15) rank = 221, rel_dest_rank = 3
2026-06-21 04:02:37.149 - [DEBUG] ||| make_bipartite ||| Children = [<pydot.core.Node object at 0x71c9fdee5e20>]
2026-06-21 04:02:37.149 - [DEBUG] ||| make_bipartite ||| src (i5_load_15) rank = 223, rel_src_rank = 1; dest (i8_mul_15) rank = 224, rel_dest_rank = 0
2026-06-21 04:02:37.149 - [DEBUG] ||| make_bipartite ||| Children = [<pydot.core.Node object at 0x71c9fdee54f0>]
2026-06-21 04:02:37.150 - [DEBUG] ||| make_bipartite ||| src (i6_add1_15) rank = 221, rel_src_rank = 3; dest (i6_add2_15) rank = 222, rel_dest_rank = 2
2026-06-21 04:02:37.150 - [DEBUG] ||| make_bipartite ||| Children = [<pydot.core.Node object at 0x71c9fdee5460>]
2026-06-21 04:02:37.150 - [DEBUG] ||| make_bipartite ||| src (i6_add2_15) rank = 222, rel_src_rank = 2; dest (i7_load_15) rank = 223, rel_dest_rank = 1
2026-06-21 04:02:37.150 - [DEBUG] ||| make_bipartite ||| Children = [<pydot.core.Node object at 0x71c9fdee5e20>]
2026-06-21 04:02:37.150 - [DEBUG] ||| make_bipartite ||| src (i6_mul1_15) rank = 220, rel_src_rank = 4; dest (i6_add1_15) rank = 221, rel_dest_rank = 3
2026-06-21 04:02:37.150 - [DEBUG] ||| make_bipartite ||| Children = [<pydot.core.Node object at 0x71c9fdee54f0>]
2026-06-21 04:02:37.151 - [DEBUG] ||| make_bipartite ||| src (i6_mul2_15) rank = 221, rel_src_rank = 3; dest (i6_add2_15) rank = 222, rel_dest_rank = 2
2026-06-21 04:02:37.151 - [DEBUG] ||| make_bipartite ||| Children = [<pydot.core.Node object at 0x71c9fdee5460>]
2026-06-21 04:02:37.151 - [DEBUG] ||| make_bipartite ||| src (i7_load_15) rank = 223, rel_src_rank = 1; dest (i8_mul_15) rank = 224, rel_dest_rank = 0
2026-06-21 04:02:37.151 - [DEBUG] ||| make_bipartite ||| Children = [<pydot.core.Node object at 0x71c9fdee5e20>]
2026-06-21 04:02:37.151 - [DEBUG] ||| make_bipartite ||| src (i8_mul_15) rank = 224, rel_src_rank = 0; dest (i9_add_15) rank = 225, rel_dest_rank = 1
2026-06-21 04:02:37.151 - [DEBUG] ||| make_bipartite ||| Children = []
2026-06-21 04:02:37.152 - [DEBUG] ||| make_bipartite ||| Children = [<pydot.core.Node object at 0x71c9fdee54f0>, <pydot.core.Node object at 0x71c9fdee5ee0>]
2026-06-21 04:02:37.152 - [DEBUG] ||| make_bipartite ||| src (i17_add_fout_0_15) rank = 219, rel_src_rank = 3; dest (i4_mul2_15) rank = 220, rel_dest_rank = 4
2026-06-21 04:02:37.152 - [DEBUG] ||| make_bipartite ||| src (i17_add_fout_0_15) rank = 219, rel_src_rank = 3; dest (i6_mul1_15) rank = 220, rel_dest_rank = 4
2026-06-21 04:02:37.152 - [DEBUG] ||| make_bipartite ||| Children = [<pydot.core.Node object at 0x71c9fdee5460>, <pydot.core.Node object at 0x71c9fdee5f10>]
2026-06-21 04:02:37.152 - [DEBUG] ||| make_bipartite ||| src (i17_add_fout_1_15) rank = 219, rel_src_rank = 3; dest (i10_icmp_15) rank = 216, rel_dest_rank = 0
2026-06-21 04:02:37.152 - [DEBUG] ||| make_bipartite ||| og_edge = i17_add_fout_1_15 -> i10_icmp_15 [operand=LHS, data=true];
2026-06-21 04:02:37.153 - [DEBUG] ||| make_bipartite ||| og_opID = 335, og_edge_attributes = [('operand', 'LHS'), ('data', 'true')]
2026-06-21 04:02:37.153 - [DEBUG] ||| make_bipartite ||| forced_set_diff = 3, max_bridges = 2
2026-06-21 04:02:37.153 - [DEBUG] ||| make_bipartite ||| Created new bridge | name = extd_i17_add_fout_1_15_0_0, attributes = [('opcode', 'bridge'), ('opID', 335), ('rank', '222')]
2026-06-21 04:02:37.153 - [DEBUG] ||| make_bipartite ||| Created new bridge | name = extd_i17_add_fout_1_15_0_1, attributes = [('opcode', 'bridge'), ('opID', 335), ('rank', '223')]
2026-06-21 04:02:37.153 - [DEBUG] ||| make_bipartite ||| src (i17_add_fout_1_15) rank = 219, rel_src_rank = 3; dest (i15_add_15) rank = 220, rel_dest_rank = 4
2026-06-21 04:02:37.154 - [DEBUG] ||| update ||| Updated graph (make_bipartite): 
 New dot_nodes = ['i10_icmp_0', 'i12_load_0', 'i13_add_0', 'i14_store_0', 'i15_add_0', 'i16_add_0', 'i17_add_0', 'i4_add1_0', 'i4_add2_0', 'i4_mul1_0', 'i4_mul2_0', 'i5_load_0', 'i6_add1_0', 'i6_add2_0', 'i6_mul1_0', 'i6_mul2_0', 'i7_load_0', 'i8_mul_0', 'i9_add_0', 'i17_add_fout_0_0', 'i17_add_fout_1_0', 'i10_icmp_1', 'i12_load_1', 'i13_add_1', 'i14_store_1', 'i15_add_1', 'i16_add_1', 'i17_add_1', 'i4_add1_1', 'i4_add2_1', 'i4_mul1_1', 'i4_mul2_1', 'i5_load_1', 'i6_add1_1', 'i6_add2_1', 'i6_mul1_1', 'i6_mul2_1', 'i7_load_1', 'i8_mul_1', 'i9_add_1', 'i17_add_fout_0_1', 'i17_add_fout_1_1', 'i10_icmp_2', 'i12_load_2', 'i13_add_2', 'i14_store_2', 'i15_add_2', 'i16_add_2', 'i17_add_2', 'i4_add1_2', 'i4_add2_2', 'i4_mul1_2', 'i4_mul2_2', 'i5_load_2', 'i6_add1_2', 'i6_add2_2', 'i6_mul1_2', 'i6_mul2_2', 'i7_load_2', 'i8_mul_2', 'i9_add_2', 'i17_add_fout_0_2', 'i17_add_fout_1_2', 'i10_icmp_3', 'i12_load_3', 'i13_add_3', 'i14_store_3', 'i15_add_3', 'i16_add_3', 'i17_add_3', 'i4_add1_3', 'i4_add2_3', 'i4_mul1_3', 'i4_mul2_3', 'i5_load_3', 'i6_add1_3', 'i6_add2_3', 'i6_mul1_3', 'i6_mul2_3', 'i7_load_3', 'i8_mul_3', 'i9_add_3', 'i17_add_fout_0_3', 'i17_add_fout_1_3', 'i10_icmp_4', 'i12_load_4', 'i13_add_4', 'i14_store_4', 'i15_add_4', 'i16_add_4', 'i17_add_4', 'i4_add1_4', 'i4_add2_4', 'i4_mul1_4', 'i4_mul2_4', 'i5_load_4', 'i6_add1_4', 'i6_add2_4', 'i6_mul1_4', 'i6_mul2_4', 'i7_load_4', 'i8_mul_4', 'i9_add_4', 'i17_add_fout_0_4', 'i17_add_fout_1_4', 'i10_icmp_5', 'i12_load_5', 'i13_add_5', 'i14_store_5', 'i15_add_5', 'i16_add_5', 'i17_add_5', 'i4_add1_5', 'i4_add2_5', 'i4_mul1_5', 'i4_mul2_5', 'i5_load_5', 'i6_add1_5', 'i6_add2_5', 'i6_mul1_5', 'i6_mul2_5', 'i7_load_5', 'i8_mul_5', 'i9_add_5', 'i17_add_fout_0_5', 'i17_add_fout_1_5', 'i10_icmp_6', 'i12_load_6', 'i13_add_6', 'i14_store_6', 'i15_add_6', 'i16_add_6', 'i17_add_6', 'i4_add1_6', 'i4_add2_6', 'i4_mul1_6', 'i4_mul2_6', 'i5_load_6', 'i6_add1_6', 'i6_add2_6', 'i6_mul1_6', 'i6_mul2_6', 'i7_load_6', 'i8_mul_6', 'i9_add_6', 'i17_add_fout_0_6', 'i17_add_fout_1_6', 'i10_icmp_7', 'i12_load_7', 'i13_add_7', 'i14_store_7', 'i15_add_7', 'i16_add_7', 'i17_add_7', 'i4_add1_7', 'i4_add2_7', 'i4_mul1_7', 'i4_mul2_7', 'i5_load_7', 'i6_add1_7', 'i6_add2_7', 'i6_mul1_7', 'i6_mul2_7', 'i7_load_7', 'i8_mul_7', 'i9_add_7', 'i17_add_fout_0_7', 'i17_add_fout_1_7', 'i10_icmp_8', 'i12_load_8', 'i13_add_8', 'i14_store_8', 'i15_add_8', 'i16_add_8', 'i17_add_8', 'i4_add1_8', 'i4_add2_8', 'i4_mul1_8', 'i4_mul2_8', 'i5_load_8', 'i6_add1_8', 'i6_add2_8', 'i6_mul1_8', 'i6_mul2_8', 'i7_load_8', 'i8_mul_8', 'i9_add_8', 'i17_add_fout_0_8', 'i17_add_fout_1_8', 'i10_icmp_9', 'i12_load_9', 'i13_add_9', 'i14_store_9', 'i15_add_9', 'i16_add_9', 'i17_add_9', 'i4_add1_9', 'i4_add2_9', 'i4_mul1_9', 'i4_mul2_9', 'i5_load_9', 'i6_add1_9', 'i6_add2_9', 'i6_mul1_9', 'i6_mul2_9', 'i7_load_9', 'i8_mul_9', 'i9_add_9', 'i17_add_fout_0_9', 'i17_add_fout_1_9', 'i10_icmp_10', 'i12_load_10', 'i13_add_10', 'i14_store_10', 'i15_add_10', 'i16_add_10', 'i17_add_10', 'i4_add1_10', 'i4_add2_10', 'i4_mul1_10', 'i4_mul2_10', 'i5_load_10', 'i6_add1_10', 'i6_add2_10', 'i6_mul1_10', 'i6_mul2_10', 'i7_load_10', 'i8_mul_10', 'i9_add_10', 'i17_add_fout_0_10', 'i17_add_fout_1_10', 'i10_icmp_11', 'i12_load_11', 'i13_add_11', 'i14_store_11', 'i15_add_11', 'i16_add_11', 'i17_add_11', 'i4_add1_11', 'i4_add2_11', 'i4_mul1_11', 'i4_mul2_11', 'i5_load_11', 'i6_add1_11', 'i6_add2_11', 'i6_mul1_11', 'i6_mul2_11', 'i7_load_11', 'i8_mul_11', 'i9_add_11', 'i17_add_fout_0_11', 'i17_add_fout_1_11', 'i10_icmp_12', 'i12_load_12', 'i13_add_12', 'i14_store_12', 'i15_add_12', 'i16_add_12', 'i17_add_12', 'i4_add1_12', 'i4_add2_12', 'i4_mul1_12', 'i4_mul2_12', 'i5_load_12', 'i6_add1_12', 'i6_add2_12', 'i6_mul1_12', 'i6_mul2_12', 'i7_load_12', 'i8_mul_12', 'i9_add_12', 'i17_add_fout_0_12', 'i17_add_fout_1_12', 'i10_icmp_13', 'i12_load_13', 'i13_add_13', 'i14_store_13', 'i15_add_13', 'i16_add_13', 'i17_add_13', 'i4_add1_13', 'i4_add2_13', 'i4_mul1_13', 'i4_mul2_13', 'i5_load_13', 'i6_add1_13', 'i6_add2_13', 'i6_mul1_13', 'i6_mul2_13', 'i7_load_13', 'i8_mul_13', 'i9_add_13', 'i17_add_fout_0_13', 'i17_add_fout_1_13', 'i10_icmp_14', 'i12_load_14', 'i13_add_14', 'i14_store_14', 'i15_add_14', 'i16_add_14', 'i17_add_14', 'i4_add1_14', 'i4_add2_14', 'i4_mul1_14', 'i4_mul2_14', 'i5_load_14', 'i6_add1_14', 'i6_add2_14', 'i6_mul1_14', 'i6_mul2_14', 'i7_load_14', 'i8_mul_14', 'i9_add_14', 'i17_add_fout_0_14', 'i17_add_fout_1_14', 'i10_icmp_15', 'i12_load_15', 'i13_add_15', 'i14_store_15', 'i15_add_15', 'i16_add_15', 'i17_add_15', 'i4_add1_15', 'i4_add2_15', 'i4_mul1_15', 'i4_mul2_15', 'i5_load_15', 'i6_add1_15', 'i6_add2_15', 'i6_mul1_15', 'i6_mul2_15', 'i7_load_15', 'i8_mul_15', 'i9_add_15', 'i17_add_fout_0_15', 'i17_add_fout_1_15', 'extd_i15_add_0_0_0', 'extd_i15_add_0_0_1', 'extd_i4_add2_0_0_0', 'extd_i17_add_fout_1_0_0_0', 'extd_i17_add_fout_1_0_0_1', 'extd_i4_add2_1_0_0', 'extd_i17_add_fout_1_1_0_0', 'extd_i17_add_fout_1_1_0_1', 'extd_i15_add_2_0_0', 'extd_i15_add_2_0_1', 'extd_i4_add2_2_0_0', 'extd_i4_add2_3_0_0', 'extd_i4_add2_4_0_0', 'extd_i15_add_5_0_0', 'extd_i15_add_5_0_1', 'extd_i4_add2_5_0_0', 'extd_i4_add2_6_0_0', 'extd_i17_add_fout_1_6_0_0', 'extd_i17_add_fout_1_6_0_1', 'extd_i15_add_7_0_0', 'extd_i15_add_7_0_1', 'extd_i4_add2_7_0_0', 'extd_i17_add_fout_1_7_0_0', 'extd_i17_add_fout_1_7_0_1', 'extd_i15_add_8_0_0', 'extd_i15_add_8_0_1', 'extd_i4_add2_8_0_0', 'extd_i17_add_fout_1_8_0_0', 'extd_i17_add_fout_1_8_0_1', 'extd_i4_add2_9_0_0', 'extd_i17_add_fout_1_9_0_0', 'extd_i17_add_fout_1_9_0_1', 'extd_i15_add_10_0_0', 'extd_i15_add_10_0_1', 'extd_i4_add2_10_0_0', 'extd_i4_add2_11_0_0', 'extd_i4_add2_12_0_0', 'extd_i15_add_13_0_0', 'extd_i15_add_13_0_1', 'extd_i4_add2_13_0_0', 'extd_i4_add2_14_0_0', 'extd_i17_add_fout_1_14_0_0', 'extd_i17_add_fout_1_14_0_1', 'extd_i15_add_15_0_0', 'extd_i15_add_15_0_1', 'extd_i4_add2_15_0_0', 'extd_i17_add_fout_1_15_0_0', 'extd_i17_add_fout_1_15_0_1'] 
 New dot_edges = ['i10_icmp_0', 'i12_load_0', 'i13_add_0', 'i13_add_0', 'i16_add_0', 'i4_add1_0', 'i4_mul1_0', 'i4_mul2_0', 'i5_load_0', 'i6_add1_0', 'i6_add2_0', 'i6_mul1_0', 'i6_mul2_0', 'i7_load_0', 'i8_mul_0', 'i17_add_fout_0_0', 'i17_add_fout_0_0', 'i17_add_0', 'i17_add_fout_1_0', 'i17_add_0', 'i10_icmp_1', 'i12_load_1', 'i13_add_1', 'i13_add_1', 'i15_add_1', 'i16_add_1', 'i4_add1_1', 'i4_mul1_1', 'i4_mul2_1', 'i5_load_1', 'i6_add1_1', 'i6_add2_1', 'i6_mul1_1', 'i6_mul2_1', 'i7_load_1', 'i8_mul_1', 'i17_add_fout_0_1', 'i17_add_fout_0_1', 'i17_add_1', 'i17_add_fout_1_1', 'i17_add_1', 'i10_icmp_2', 'i12_load_2', 'i13_add_2', 'i13_add_2', 'i16_add_2', 'i4_add1_2', 'i4_mul1_2', 'i4_mul2_2', 'i5_load_2', 'i6_add1_2', 'i6_add2_2', 'i6_mul1_2', 'i6_mul2_2', 'i7_load_2', 'i8_mul_2', 'i17_add_fout_0_2', 'i17_add_fout_0_2', 'i17_add_2', 'i17_add_fout_1_2', 'i17_add_fout_1_2', 'i17_add_2', 'i10_icmp_3', 'i12_load_3', 'i13_add_3', 'i13_add_3', 'i15_add_3', 'i16_add_3', 'i4_add1_3', 'i4_mul1_3', 'i4_mul2_3', 'i5_load_3', 'i6_add1_3', 'i6_add2_3', 'i6_mul1_3', 'i6_mul2_3', 'i7_load_3', 'i8_mul_3', 'i17_add_fout_0_3', 'i17_add_fout_0_3', 'i17_add_3', 'i17_add_fout_1_3', 'i17_add_fout_1_3', 'i17_add_3', 'i10_icmp_4', 'i12_load_4', 'i13_add_4', 'i13_add_4', 'i15_add_4', 'i16_add_4', 'i4_add1_4', 'i4_mul1_4', 'i4_mul2_4', 'i5_load_4', 'i6_add1_4', 'i6_add2_4', 'i6_mul1_4', 'i6_mul2_4', 'i7_load_4', 'i8_mul_4', 'i17_add_fout_0_4', 'i17_add_fout_0_4', 'i17_add_4', 'i17_add_fout_1_4', 'i17_add_fout_1_4', 'i17_add_4', 'i10_icmp_5', 'i12_load_5', 'i13_add_5', 'i13_add_5', 'i16_add_5', 'i4_add1_5', 'i4_mul1_5', 'i4_mul2_5', 'i5_load_5', 'i6_add1_5', 'i6_add2_5', 'i6_mul1_5', 'i6_mul2_5', 'i7_load_5', 'i8_mul_5', 'i17_add_fout_0_5', 'i17_add_fout_0_5', 'i17_add_5', 'i17_add_fout_1_5', 'i17_add_fout_1_5', 'i17_add_5', 'i10_icmp_6', 'i12_load_6', 'i13_add_6', 'i13_add_6', 'i15_add_6', 'i16_add_6', 'i4_add1_6', 'i4_mul1_6', 'i4_mul2_6', 'i5_load_6', 'i6_add1_6', 'i6_add2_6', 'i6_mul1_6', 'i6_mul2_6', 'i7_load_6', 'i8_mul_6', 'i17_add_fout_0_6', 'i17_add_fout_0_6', 'i17_add_6', 'i17_add_fout_1_6', 'i17_add_6', 'i10_icmp_7', 'i12_load_7', 'i13_add_7', 'i13_add_7', 'i16_add_7', 'i4_add1_7', 'i4_mul1_7', 'i4_mul2_7', 'i5_load_7', 'i6_add1_7', 'i6_add2_7', 'i6_mul1_7', 'i6_mul2_7', 'i7_load_7', 'i8_mul_7', 'i17_add_fout_0_7', 'i17_add_fout_0_7', 'i17_add_7', 'i17_add_fout_1_7', 'i17_add_7', 'i10_icmp_8', 'i12_load_8', 'i13_add_8', 'i13_add_8', 'i16_add_8', 'i4_add1_8', 'i4_mul1_8', 'i4_mul2_8', 'i5_load_8', 'i6_add1_8', 'i6_add2_8', 'i6_mul1_8', 'i6_mul2_8', 'i7_load_8', 'i8_mul_8', 'i17_add_fout_0_8', 'i17_add_fout_0_8', 'i17_add_8', 'i17_add_fout_1_8', 'i17_add_8', 'i10_icmp_9', 'i12_load_9', 'i13_add_9', 'i13_add_9', 'i15_add_9', 'i16_add_9', 'i4_add1_9', 'i4_mul1_9', 'i4_mul2_9', 'i5_load_9', 'i6_add1_9', 'i6_add2_9', 'i6_mul1_9', 'i6_mul2_9', 'i7_load_9', 'i8_mul_9', 'i17_add_fout_0_9', 'i17_add_fout_0_9', 'i17_add_9', 'i17_add_fout_1_9', 'i17_add_9', 'i10_icmp_10', 'i12_load_10', 'i13_add_10', 'i13_add_10', 'i16_add_10', 'i4_add1_10', 'i4_mul1_10', 'i4_mul2_10', 'i5_load_10', 'i6_add1_10', 'i6_add2_10', 'i6_mul1_10', 'i6_mul2_10', 'i7_load_10', 'i8_mul_10', 'i17_add_fout_0_10', 'i17_add_fout_0_10', 'i17_add_10', 'i17_add_fout_1_10', 'i17_add_fout_1_10', 'i17_add_10', 'i10_icmp_11', 'i12_load_11', 'i13_add_11', 'i13_add_11', 'i15_add_11', 'i16_add_11', 'i4_add1_11', 'i4_mul1_11', 'i4_mul2_11', 'i5_load_11', 'i6_add1_11', 'i6_add2_11', 'i6_mul1_11', 'i6_mul2_11', 'i7_load_11', 'i8_mul_11', 'i17_add_fout_0_11', 'i17_add_fout_0_11', 'i17_add_11', 'i17_add_fout_1_11', 'i17_add_fout_1_11', 'i17_add_11', 'i10_icmp_12', 'i12_load_12', 'i13_add_12', 'i13_add_12', 'i15_add_12', 'i16_add_12', 'i4_add1_12', 'i4_mul1_12', 'i4_mul2_12', 'i5_load_12', 'i6_add1_12', 'i6_add2_12', 'i6_mul1_12', 'i6_mul2_12', 'i7_load_12', 'i8_mul_12', 'i17_add_fout_0_12', 'i17_add_fout_0_12', 'i17_add_12', 'i17_add_fout_1_12', 'i17_add_fout_1_12', 'i17_add_12', 'i10_icmp_13', 'i12_load_13', 'i13_add_13', 'i13_add_13', 'i16_add_13', 'i4_add1_13', 'i4_mul1_13', 'i4_mul2_13', 'i5_load_13', 'i6_add1_13', 'i6_add2_13', 'i6_mul1_13', 'i6_mul2_13', 'i7_load_13', 'i8_mul_13', 'i17_add_fout_0_13', 'i17_add_fout_0_13', 'i17_add_13', 'i17_add_fout_1_13', 'i17_add_fout_1_13', 'i17_add_13', 'i10_icmp_14', 'i12_load_14', 'i13_add_14', 'i13_add_14', 'i15_add_14', 'i16_add_14', 'i4_add1_14', 'i4_mul1_14', 'i4_mul2_14', 'i5_load_14', 'i6_add1_14', 'i6_add2_14', 'i6_mul1_14', 'i6_mul2_14', 'i7_load_14', 'i8_mul_14', 'i17_add_fout_0_14', 'i17_add_fout_0_14', 'i17_add_14', 'i17_add_fout_1_14', 'i17_add_14', 'i10_icmp_15', 'i12_load_15', 'i13_add_15', 'i13_add_15', 'i16_add_15', 'i4_add1_15', 'i4_mul1_15', 'i4_mul2_15', 'i5_load_15', 'i6_add1_15', 'i6_add2_15', 'i6_mul1_15', 'i6_mul2_15', 'i7_load_15', 'i8_mul_15', 'i17_add_fout_0_15', 'i17_add_fout_0_15', 'i17_add_15', 'i17_add_fout_1_15', 'i17_add_15', 'i15_add_0', 'extd_i15_add_0_0_0', 'extd_i15_add_0_0_1', 'i4_add2_0', 'extd_i4_add2_0_0_0', 'i17_add_fout_1_0', 'extd_i17_add_fout_1_0_0_0', 'extd_i17_add_fout_1_0_0_1', 'i4_add2_1', 'extd_i4_add2_1_0_0', 'i17_add_fout_1_1', 'extd_i17_add_fout_1_1_0_0', 'extd_i17_add_fout_1_1_0_1', 'i15_add_2', 'extd_i15_add_2_0_0', 'extd_i15_add_2_0_1', 'i4_add2_2', 'extd_i4_add2_2_0_0', 'i4_add2_3', 'extd_i4_add2_3_0_0', 'i4_add2_4', 'extd_i4_add2_4_0_0', 'i15_add_5', 'extd_i15_add_5_0_0', 'extd_i15_add_5_0_1', 'i4_add2_5', 'extd_i4_add2_5_0_0', 'i4_add2_6', 'extd_i4_add2_6_0_0', 'i17_add_fout_1_6', 'extd_i17_add_fout_1_6_0_0', 'extd_i17_add_fout_1_6_0_1', 'i15_add_7', 'extd_i15_add_7_0_0', 'extd_i15_add_7_0_1', 'i4_add2_7', 'extd_i4_add2_7_0_0', 'i17_add_fout_1_7', 'extd_i17_add_fout_1_7_0_0', 'extd_i17_add_fout_1_7_0_1', 'i15_add_8', 'extd_i15_add_8_0_0', 'extd_i15_add_8_0_1', 'i4_add2_8', 'extd_i4_add2_8_0_0', 'i17_add_fout_1_8', 'extd_i17_add_fout_1_8_0_0', 'extd_i17_add_fout_1_8_0_1', 'i4_add2_9', 'extd_i4_add2_9_0_0', 'i17_add_fout_1_9', 'extd_i17_add_fout_1_9_0_0', 'extd_i17_add_fout_1_9_0_1', 'i15_add_10', 'extd_i15_add_10_0_0', 'extd_i15_add_10_0_1', 'i4_add2_10', 'extd_i4_add2_10_0_0', 'i4_add2_11', 'extd_i4_add2_11_0_0', 'i4_add2_12', 'extd_i4_add2_12_0_0', 'i15_add_13', 'extd_i15_add_13_0_0', 'extd_i15_add_13_0_1', 'i4_add2_13', 'extd_i4_add2_13_0_0', 'i4_add2_14', 'extd_i4_add2_14_0_0', 'i17_add_fout_1_14', 'extd_i17_add_fout_1_14_0_0', 'extd_i17_add_fout_1_14_0_1', 'i15_add_15', 'extd_i15_add_15_0_0', 'extd_i15_add_15_0_1', 'i4_add2_15', 'extd_i4_add2_15_0_0', 'i17_add_fout_1_15', 'extd_i17_add_fout_1_15_0_0', 'extd_i17_add_fout_1_15_0_1']
2026-06-21 04:02:37.243 - [INFO] ||| main ||| Blocks = 5 | Total nodes = 384
2026-06-21 04:02:38.282 - [INFO] ||| main ||| Dot file write succeeded !
