2026-06-19 16:00:30.010 - [DEBUG] ||| make_route_pairs ||| src_tracker = [[[1, 2, 3, 0, 4, 5, 6, 7, 8, 9, 11, 12, 13, 10, 14, 15, 16, 17, 18, 19, 21, 22, 23, 20, 24, 25, 26, 27, 28, 29, 31, 32, 33, 30, 34, 35, 36, 37, 38, 39], [0, 4, 6, 7, 10, 14, 16, 17, 20, 24, 26, 27, 30, 34, 36, 37]], [[136, 138, 140, 143, 145, 147, 149, 150, 151, 152, 156, 157, 158, 159, 164, 166, 168, 133, 132, 130, 128, 129, 171, 173, 175, 134, 131, 177, 178, 179, 180, 184, 185, 187, 192, 194, 196, 135, 199, 201, 203, 137, 205, 206, 208, 212, 213, 215, 220, 222, 224, 227, 229, 231, 139, 233, 234, 235, 236], [139, 146, 149, 155, 156, 162, 167, 132, 130, 128, 129, 174, 133, 134, 131, 177, 183, 184, 186, 190, 195, 135, 202, 136, 205, 207, 211, 212, 214, 218, 223, 138, 137, 230, 140, 233, 239]], [[258, 267, 257, 274, 279, 283, 286, 295, 259, 302, 260, 307, 314, 323, 261, 330, 342, 351, 263, 335, 339, 358, 268, 363], [258, 262, 268, 275, 257, 279, 286, 290, 296, 303, 307, 311, 314, 318, 324, 331, 342, 346, 352, 263, 335, 359, 363, 367]], [[384, 385, 386, 387, 388, 390, 391, 392, 389, 393, 394, 395, 396, 397, 398, 400, 401, 402, 399, 403, 404, 405, 406, 407, 408, 410, 411, 412, 409, 413, 414, 415, 416, 417, 418, 420, 421, 422, 419, 423], [385, 386, 389, 393, 395, 396, 399, 403, 405, 406, 409, 413, 415, 416, 419, 423]], [[515, 512, 519, 520, 522, 526, 527, 529, 534, 536, 538, 513, 521, 541, 543, 545, 516, 547, 548, 549, 550, 554, 555, 557, 562, 564, 566, 569, 571, 573, 575, 576, 578, 582, 583, 584, 585, 590, 592, 594, 518, 514, 517, 597, 599, 601, 523, 603, 604, 605, 606, 610, 611, 612, 613, 618, 620, 622, 524], [516, 512, 519, 525, 526, 528, 532, 537, 515, 513, 544, 547, 553, 554, 556, 560, 565, 572, 520, 575, 577, 581, 582, 588, 593, 522, 518, 514, 517, 600, 521, 603, 609, 610, 616, 621, 523]], [[644, 656, 665, 640, 649, 653, 672, 677, 681, 684, 693, 646, 700, 705, 709, 712, 721, 648, 728, 650, 733, 740, 749, 651], [645, 656, 660, 666, 640, 649, 673, 644, 677, 684, 688, 694, 701, 646, 705, 712, 716, 722, 729, 733, 737, 740, 744, 750]]]; dest_tracker = [[[128, 134, 138, 139, 136, 145, 146, 143, 149, 155, 156, 162, 166, 167, 132, 173, 174, 171, 177, 183, 184, 190, 194, 195, 192, 201, 202, 199, 205, 211, 212, 218, 222, 223, 137, 229, 230, 140, 233, 239], [140, 130, 147, 132, 168, 164, 175, 134, 196, 135, 203, 137, 224, 220, 231, 227]], [[520, 265, 267, 527, 272, 274, 277, 279, 259, 283, 284, 286, 260, 290, 548, 293, 295, 550, 257, 256, 258, 522, 555, 300, 302, 262, 529, 305, 307, 261, 311, 312, 314, 318, 576, 321, 323, 578, 583, 328, 330, 263, 333, 335, 339, 340, 342, 346, 604, 349, 351, 611, 356, 358, 613, 361, 363, 268, 367], [265, 272, 279, 283, 286, 290, 293, 259, 257, 256, 258, 300, 557, 260, 262, 307, 311, 314, 264, 318, 321, 261, 328, 585, 335, 266, 339, 342, 267, 346, 349, 606, 263, 356, 268, 363, 367]], [[385, 388, 386, 391, 389, 393, 395, 398, 396, 401, 399, 403, 405, 408, 406, 411, 415, 418, 416, 409, 413, 421, 419, 423], [386, 385, 388, 391, 389, 393, 396, 395, 398, 401, 399, 403, 406, 405, 408, 411, 416, 415, 418, 409, 413, 421, 419, 423]], [[515, 516, 513, 519, 525, 526, 532, 536, 537, 534, 543, 544, 541, 547, 553, 554, 560, 564, 565, 514, 571, 572, 569, 575, 581, 582, 588, 592, 593, 518, 599, 600, 597, 603, 609, 610, 616, 620, 621, 618], [517, 512, 538, 513, 545, 514, 566, 562, 573, 518, 594, 590, 601, 521, 622, 523]], [[642, 131, 647, 649, 653, 654, 656, 660, 150, 663, 665, 640, 641, 157, 670, 672, 159, 675, 677, 645, 681, 682, 684, 688, 178, 691, 693, 185, 698, 700, 703, 705, 709, 710, 712, 648, 716, 206, 719, 721, 646, 644, 180, 213, 726, 728, 215, 731, 733, 650, 737, 738, 740, 651, 744, 234, 747, 749, 236], [642, 640, 649, 653, 656, 643, 660, 663, 152, 129, 670, 677, 681, 684, 645, 688, 691, 698, 187, 705, 647, 709, 712, 716, 719, 208, 648, 646, 644, 726, 650, 733, 737, 740, 744, 747, 651]], [[2, 6, 9, 7, 0, 4, 12, 10, 14, 16, 19, 17, 22, 20, 24, 26, 29, 27, 32, 30, 34, 36, 39, 37], [2, 7, 6, 9, 0, 4, 12, 10, 14, 17, 16, 19, 22, 20, 24, 27, 26, 29, 32, 30, 34, 37, 36, 39]]]; predicate = False
2026-06-19 16:00:30.010 - [DEBUG] ||| make_route_pairs ||| src_tracker = [[[0, 7, 10, 17, 20, 27, 30, 37]], [[]], [[]], [[386, 389, 396, 399, 406, 409, 416, 419]], [[]], [[]]]; dest_tracker = [[[129, 150, 157, 178, 185, 206, 213, 234]], [[]], [[]], [[520, 527, 548, 555, 576, 583, 604, 611]], [[]], [[]]]; predicate = True
2026-06-19 16:00:30.011 - [DEBUG] ||| 

2026-06-19 16:00:30.011 - [DEBUG] ||| print_node2pe ||| --------------- node2pe_deets --------------- 
2026-06-19 16:00:30.011 - [DEBUG] ||| print_node2pe ||| node[i10_icmp_0]: PE[0]
2026-06-19 16:00:30.011 - [DEBUG] ||| print_node2pe ||| node[i12_load_0]: PE[1]
2026-06-19 16:00:30.012 - [DEBUG] ||| print_node2pe ||| node[i13_add_0]: PE[128]
2026-06-19 16:00:30.012 - [DEBUG] ||| print_node2pe ||| node[i14_store_0]: PE[256]
2026-06-19 16:00:30.012 - [DEBUG] ||| print_node2pe ||| node[i15_add_0]: PE[513]
2026-06-19 16:00:30.013 - [DEBUG] ||| print_node2pe ||| node[i16_add_0]: PE[129]
2026-06-19 16:00:30.013 - [DEBUG] ||| print_node2pe ||| node[i17_add_0]: PE[258]
2026-06-19 16:00:30.013 - [DEBUG] ||| print_node2pe ||| node[i4_add1_0]: PE[515]
2026-06-19 16:00:30.013 - [DEBUG] ||| print_node2pe ||| node[i4_add2_0]: PE[642]
2026-06-19 16:00:30.013 - [DEBUG] ||| print_node2pe ||| node[i4_mul1_0]: PE[384]
2026-06-19 16:00:30.014 - [DEBUG] ||| print_node2pe ||| node[i4_mul2_0]: PE[516]
2026-06-19 16:00:30.014 - [DEBUG] ||| print_node2pe ||| node[i5_load_0]: PE[131]
2026-06-19 16:00:30.014 - [DEBUG] ||| print_node2pe ||| node[i6_add1_0]: PE[644]
2026-06-19 16:00:30.014 - [DEBUG] ||| print_node2pe ||| node[i6_add2_0]: PE[2]
2026-06-19 16:00:30.014 - [DEBUG] ||| print_node2pe ||| node[i6_mul1_0]: PE[517]
2026-06-19 16:00:30.014 - [DEBUG] ||| print_node2pe ||| node[i6_mul2_0]: PE[645]
2026-06-19 16:00:30.015 - [DEBUG] ||| print_node2pe ||| node[i7_load_0]: PE[134]
2026-06-19 16:00:30.015 - [DEBUG] ||| print_node2pe ||| node[i8_mul_0]: PE[262]
2026-06-19 16:00:30.015 - [DEBUG] ||| print_node2pe ||| node[i9_add_0]: PE[385]
2026-06-19 16:00:30.015 - [DEBUG] ||| print_node2pe ||| node[i17_add_fout_0_0]: PE[385]
2026-06-19 16:00:30.015 - [DEBUG] ||| print_node2pe ||| node[i17_add_fout_1_0]: PE[386]
2026-06-19 16:00:30.016 - [DEBUG] ||| print_node2pe ||| node[extd_i4_add2_0_0_0]: PE[256]
2026-06-19 16:00:30.016 - [DEBUG] ||| print_node2pe ||| node[extd_i17_add_fout_1_0_0_0]: PE[512]
2026-06-19 16:00:30.016 - [DEBUG] ||| print_node2pe ||| node[extd_i17_add_fout_1_0_1_0]: PE[640]
2026-06-19 16:00:30.016 - [DEBUG] ||| print_node2pe ||| node[i10_icmp_1]: PE[386]
2026-06-19 16:00:30.016 - [DEBUG] ||| print_node2pe ||| node[i12_load_1]: PE[387]
2026-06-19 16:00:30.017 - [DEBUG] ||| print_node2pe ||| node[i13_add_1]: PE[519]
2026-06-19 16:00:30.017 - [DEBUG] ||| print_node2pe ||| node[i14_store_1]: PE[647]
2026-06-19 16:00:30.017 - [DEBUG] ||| print_node2pe ||| node[i15_add_1]: PE[136]
2026-06-19 16:00:30.017 - [DEBUG] ||| print_node2pe ||| node[i16_add_1]: PE[520]
2026-06-19 16:00:30.017 - [DEBUG] ||| print_node2pe ||| node[i17_add_1]: PE[649]
2026-06-19 16:00:30.017 - [DEBUG] ||| print_node2pe ||| node[i4_add1_1]: PE[138]
2026-06-19 16:00:30.018 - [DEBUG] ||| print_node2pe ||| node[i4_add2_1]: PE[265]
2026-06-19 16:00:30.018 - [DEBUG] ||| print_node2pe ||| node[i4_mul1_1]: PE[3]
2026-06-19 16:00:30.018 - [DEBUG] ||| print_node2pe ||| node[i4_mul2_1]: PE[139]
2026-06-19 16:00:30.018 - [DEBUG] ||| print_node2pe ||| node[i5_load_1]: PE[522]
2026-06-19 16:00:30.019 - [DEBUG] ||| print_node2pe ||| node[i6_add1_1]: PE[267]
2026-06-19 16:00:30.019 - [DEBUG] ||| print_node2pe ||| node[i6_add2_1]: PE[388]
2026-06-19 16:00:30.019 - [DEBUG] ||| print_node2pe ||| node[i6_mul1_1]: PE[140]
2026-06-19 16:00:30.019 - [DEBUG] ||| print_node2pe ||| node[i6_mul2_1]: PE[268]
2026-06-19 16:00:30.019 - [DEBUG] ||| print_node2pe ||| node[i7_load_1]: PE[525]
2026-06-19 16:00:30.019 - [DEBUG] ||| print_node2pe ||| node[i8_mul_1]: PE[653]
2026-06-19 16:00:30.020 - [DEBUG] ||| print_node2pe ||| node[i9_add_1]: PE[4]
2026-06-19 16:00:30.020 - [DEBUG] ||| print_node2pe ||| node[i17_add_fout_0_1]: PE[0]
2026-06-19 16:00:30.020 - [DEBUG] ||| print_node2pe ||| node[i17_add_fout_1_1]: PE[4]
2026-06-19 16:00:30.020 - [DEBUG] ||| print_node2pe ||| node[extd_i4_add2_0_0_1]: PE[641]
2026-06-19 16:00:30.020 - [DEBUG] ||| print_node2pe ||| node[extd_i17_add_fout_1_0_0_1]: PE[130]
2026-06-19 16:00:30.021 - [DEBUG] ||| print_node2pe ||| node[extd_i17_add_fout_1_0_1_1]: PE[257]
2026-06-19 16:00:30.021 - [DEBUG] ||| print_node2pe ||| node[i10_icmp_2]: PE[389]
2026-06-19 16:00:30.021 - [DEBUG] ||| print_node2pe ||| node[i12_load_2]: PE[390]
2026-06-19 16:00:30.021 - [DEBUG] ||| print_node2pe ||| node[i13_add_2]: PE[526]
2026-06-19 16:00:30.021 - [DEBUG] ||| print_node2pe ||| node[i14_store_2]: PE[654]
2026-06-19 16:00:30.021 - [DEBUG] ||| print_node2pe ||| node[i15_add_2]: PE[143]
2026-06-19 16:00:30.022 - [DEBUG] ||| print_node2pe ||| node[i16_add_2]: PE[527]
2026-06-19 16:00:30.022 - [DEBUG] ||| print_node2pe ||| node[i17_add_2]: PE[656]
2026-06-19 16:00:30.022 - [DEBUG] ||| print_node2pe ||| node[i4_add1_2]: PE[145]
2026-06-19 16:00:30.022 - [DEBUG] ||| print_node2pe ||| node[i4_add2_2]: PE[272]
2026-06-19 16:00:30.022 - [DEBUG] ||| print_node2pe ||| node[i4_mul1_2]: PE[5]
2026-06-19 16:00:30.022 - [DEBUG] ||| print_node2pe ||| node[i4_mul2_2]: PE[146]
2026-06-19 16:00:30.023 - [DEBUG] ||| print_node2pe ||| node[i5_load_2]: PE[529]
2026-06-19 16:00:30.023 - [DEBUG] ||| print_node2pe ||| node[i6_add1_2]: PE[274]
2026-06-19 16:00:30.023 - [DEBUG] ||| print_node2pe ||| node[i6_add2_2]: PE[391]
2026-06-19 16:00:30.023 - [DEBUG] ||| print_node2pe ||| node[i6_mul1_2]: PE[147]
2026-06-19 16:00:30.023 - [DEBUG] ||| print_node2pe ||| node[i6_mul2_2]: PE[275]
2026-06-19 16:00:30.024 - [DEBUG] ||| print_node2pe ||| node[i7_load_2]: PE[532]
2026-06-19 16:00:30.024 - [DEBUG] ||| print_node2pe ||| node[i8_mul_2]: PE[660]
2026-06-19 16:00:30.024 - [DEBUG] ||| print_node2pe ||| node[i9_add_2]: PE[6]
2026-06-19 16:00:30.024 - [DEBUG] ||| print_node2pe ||| node[i17_add_fout_0_2]: PE[6]
2026-06-19 16:00:30.024 - [DEBUG] ||| print_node2pe ||| node[i17_add_fout_1_2]: PE[7]
2026-06-19 16:00:30.024 - [DEBUG] ||| print_node2pe ||| node[extd_i4_add2_0_0_2]: PE[643]
2026-06-19 16:00:30.025 - [DEBUG] ||| print_node2pe ||| node[extd_i17_add_fout_1_0_0_2]: PE[132]
2026-06-19 16:00:30.025 - [DEBUG] ||| print_node2pe ||| node[extd_i17_add_fout_1_0_1_2]: PE[257]
2026-06-19 16:00:30.025 - [DEBUG] ||| print_node2pe ||| node[i10_icmp_3]: PE[7]
2026-06-19 16:00:30.026 - [DEBUG] ||| print_node2pe ||| node[i12_load_3]: PE[8]
2026-06-19 16:00:30.026 - [DEBUG] ||| print_node2pe ||| node[i13_add_3]: PE[149]
2026-06-19 16:00:30.026 - [DEBUG] ||| print_node2pe ||| node[i14_store_3]: PE[277]
2026-06-19 16:00:30.027 - [DEBUG] ||| print_node2pe ||| node[i15_add_3]: PE[534]
2026-06-19 16:00:30.027 - [DEBUG] ||| print_node2pe ||| node[i16_add_3]: PE[150]
2026-06-19 16:00:30.028 - [DEBUG] ||| print_node2pe ||| node[i17_add_3]: PE[279]
2026-06-19 16:00:30.028 - [DEBUG] ||| print_node2pe ||| node[i4_add1_3]: PE[536]
2026-06-19 16:00:30.028 - [DEBUG] ||| print_node2pe ||| node[i4_add2_3]: PE[663]
2026-06-19 16:00:30.028 - [DEBUG] ||| print_node2pe ||| node[i4_mul1_3]: PE[392]
2026-06-19 16:00:30.029 - [DEBUG] ||| print_node2pe ||| node[i4_mul2_3]: PE[537]
2026-06-19 16:00:30.029 - [DEBUG] ||| print_node2pe ||| node[i5_load_3]: PE[152]
2026-06-19 16:00:30.029 - [DEBUG] ||| print_node2pe ||| node[i6_add1_3]: PE[665]
2026-06-19 16:00:30.029 - [DEBUG] ||| print_node2pe ||| node[i6_add2_3]: PE[9]
2026-06-19 16:00:30.029 - [DEBUG] ||| print_node2pe ||| node[i6_mul1_3]: PE[538]
2026-06-19 16:00:30.030 - [DEBUG] ||| print_node2pe ||| node[i6_mul2_3]: PE[666]
2026-06-19 16:00:30.030 - [DEBUG] ||| print_node2pe ||| node[i7_load_3]: PE[155]
2026-06-19 16:00:30.030 - [DEBUG] ||| print_node2pe ||| node[i8_mul_3]: PE[283]
2026-06-19 16:00:30.030 - [DEBUG] ||| print_node2pe ||| node[i9_add_3]: PE[393]
2026-06-19 16:00:30.030 - [DEBUG] ||| print_node2pe ||| node[i17_add_fout_0_3]: PE[389]
2026-06-19 16:00:30.030 - [DEBUG] ||| print_node2pe ||| node[i17_add_fout_1_3]: PE[393]
2026-06-19 16:00:30.031 - [DEBUG] ||| print_node2pe ||| node[extd_i4_add2_0_0_3]: PE[259]
2026-06-19 16:00:30.031 - [DEBUG] ||| print_node2pe ||| node[extd_i17_add_fout_1_0_0_3]: PE[513]
2026-06-19 16:00:30.031 - [DEBUG] ||| print_node2pe ||| node[extd_i17_add_fout_1_0_1_3]: PE[640]
2026-06-19 16:00:30.031 - [DEBUG] ||| print_node2pe ||| node[i10_icmp_4]: PE[10]
2026-06-19 16:00:30.032 - [DEBUG] ||| print_node2pe ||| node[i12_load_4]: PE[11]
2026-06-19 16:00:30.032 - [DEBUG] ||| print_node2pe ||| node[i13_add_4]: PE[156]
2026-06-19 16:00:30.032 - [DEBUG] ||| print_node2pe ||| node[i14_store_4]: PE[284]
2026-06-19 16:00:30.032 - [DEBUG] ||| print_node2pe ||| node[i15_add_4]: PE[541]
2026-06-19 16:00:30.032 - [DEBUG] ||| print_node2pe ||| node[i16_add_4]: PE[157]
2026-06-19 16:00:30.032 - [DEBUG] ||| print_node2pe ||| node[i17_add_4]: PE[286]
2026-06-19 16:00:30.033 - [DEBUG] ||| print_node2pe ||| node[i4_add1_4]: PE[543]
2026-06-19 16:00:30.033 - [DEBUG] ||| print_node2pe ||| node[i4_add2_4]: PE[670]
2026-06-19 16:00:30.033 - [DEBUG] ||| print_node2pe ||| node[i4_mul1_4]: PE[394]
2026-06-19 16:00:30.033 - [DEBUG] ||| print_node2pe ||| node[i4_mul2_4]: PE[544]
2026-06-19 16:00:30.033 - [DEBUG] ||| print_node2pe ||| node[i5_load_4]: PE[159]
2026-06-19 16:00:30.034 - [DEBUG] ||| print_node2pe ||| node[i6_add1_4]: PE[672]
2026-06-19 16:00:30.034 - [DEBUG] ||| print_node2pe ||| node[i6_add2_4]: PE[12]
2026-06-19 16:00:30.034 - [DEBUG] ||| print_node2pe ||| node[i6_mul1_4]: PE[545]
2026-06-19 16:00:30.034 - [DEBUG] ||| print_node2pe ||| node[i6_mul2_4]: PE[673]
2026-06-19 16:00:30.034 - [DEBUG] ||| print_node2pe ||| node[i7_load_4]: PE[162]
2026-06-19 16:00:30.035 - [DEBUG] ||| print_node2pe ||| node[i8_mul_4]: PE[290]
2026-06-19 16:00:30.035 - [DEBUG] ||| print_node2pe ||| node[i9_add_4]: PE[395]
2026-06-19 16:00:30.035 - [DEBUG] ||| print_node2pe ||| node[i17_add_fout_0_4]: PE[395]
2026-06-19 16:00:30.035 - [DEBUG] ||| print_node2pe ||| node[i17_add_fout_1_4]: PE[396]
2026-06-19 16:00:30.035 - [DEBUG] ||| print_node2pe ||| node[extd_i4_add2_0_0_4]: PE[260]
2026-06-19 16:00:30.035 - [DEBUG] ||| print_node2pe ||| node[extd_i17_add_fout_1_0_0_4]: PE[514]
2026-06-19 16:00:30.036 - [DEBUG] ||| print_node2pe ||| node[extd_i17_add_fout_1_0_1_4]: PE[644]
2026-06-19 16:00:30.036 - [DEBUG] ||| print_node2pe ||| node[i10_icmp_5]: PE[396]
2026-06-19 16:00:30.036 - [DEBUG] ||| print_node2pe ||| node[i12_load_5]: PE[397]
2026-06-19 16:00:30.036 - [DEBUG] ||| print_node2pe ||| node[i13_add_5]: PE[547]
2026-06-19 16:00:30.036 - [DEBUG] ||| print_node2pe ||| node[i14_store_5]: PE[675]
2026-06-19 16:00:30.036 - [DEBUG] ||| print_node2pe ||| node[i15_add_5]: PE[164]
2026-06-19 16:00:30.037 - [DEBUG] ||| print_node2pe ||| node[i16_add_5]: PE[548]
2026-06-19 16:00:30.037 - [DEBUG] ||| print_node2pe ||| node[i17_add_5]: PE[677]
2026-06-19 16:00:30.037 - [DEBUG] ||| print_node2pe ||| node[i4_add1_5]: PE[166]
2026-06-19 16:00:30.037 - [DEBUG] ||| print_node2pe ||| node[i4_add2_5]: PE[293]
2026-06-19 16:00:30.037 - [DEBUG] ||| print_node2pe ||| node[i4_mul1_5]: PE[13]
2026-06-19 16:00:30.038 - [DEBUG] ||| print_node2pe ||| node[i4_mul2_5]: PE[167]
2026-06-19 16:00:30.038 - [DEBUG] ||| print_node2pe ||| node[i5_load_5]: PE[550]
2026-06-19 16:00:30.038 - [DEBUG] ||| print_node2pe ||| node[i6_add1_5]: PE[295]
2026-06-19 16:00:30.038 - [DEBUG] ||| print_node2pe ||| node[i6_add2_5]: PE[398]
2026-06-19 16:00:30.038 - [DEBUG] ||| print_node2pe ||| node[i6_mul1_5]: PE[168]
2026-06-19 16:00:30.039 - [DEBUG] ||| print_node2pe ||| node[i6_mul2_5]: PE[296]
2026-06-19 16:00:30.039 - [DEBUG] ||| print_node2pe ||| node[i7_load_5]: PE[553]
2026-06-19 16:00:30.039 - [DEBUG] ||| print_node2pe ||| node[i8_mul_5]: PE[681]
2026-06-19 16:00:30.039 - [DEBUG] ||| print_node2pe ||| node[i9_add_5]: PE[14]
2026-06-19 16:00:30.039 - [DEBUG] ||| print_node2pe ||| node[i17_add_fout_0_5]: PE[10]
2026-06-19 16:00:30.039 - [DEBUG] ||| print_node2pe ||| node[i17_add_fout_1_5]: PE[14]
2026-06-19 16:00:30.040 - [DEBUG] ||| print_node2pe ||| node[extd_i4_add2_0_0_5]: PE[645]
2026-06-19 16:00:30.040 - [DEBUG] ||| print_node2pe ||| node[extd_i17_add_fout_1_0_0_5]: PE[132]
2026-06-19 16:00:30.040 - [DEBUG] ||| print_node2pe ||| node[extd_i17_add_fout_1_0_1_5]: PE[259]
2026-06-19 16:00:30.040 - [DEBUG] ||| print_node2pe ||| node[i10_icmp_6]: PE[399]
2026-06-19 16:00:30.040 - [DEBUG] ||| print_node2pe ||| node[i12_load_6]: PE[400]
2026-06-19 16:00:30.041 - [DEBUG] ||| print_node2pe ||| node[i13_add_6]: PE[554]
2026-06-19 16:00:30.041 - [DEBUG] ||| print_node2pe ||| node[i14_store_6]: PE[682]
2026-06-19 16:00:30.041 - [DEBUG] ||| print_node2pe ||| node[i15_add_6]: PE[171]
2026-06-19 16:00:30.041 - [DEBUG] ||| print_node2pe ||| node[i16_add_6]: PE[555]
2026-06-19 16:00:30.042 - [DEBUG] ||| print_node2pe ||| node[i17_add_6]: PE[684]
2026-06-19 16:00:30.042 - [DEBUG] ||| print_node2pe ||| node[i4_add1_6]: PE[173]
2026-06-19 16:00:30.042 - [DEBUG] ||| print_node2pe ||| node[i4_add2_6]: PE[300]
2026-06-19 16:00:30.042 - [DEBUG] ||| print_node2pe ||| node[i4_mul1_6]: PE[15]
2026-06-19 16:00:30.043 - [DEBUG] ||| print_node2pe ||| node[i4_mul2_6]: PE[174]
2026-06-19 16:00:30.043 - [DEBUG] ||| print_node2pe ||| node[i5_load_6]: PE[557]
2026-06-19 16:00:30.043 - [DEBUG] ||| print_node2pe ||| node[i6_add1_6]: PE[302]
2026-06-19 16:00:30.043 - [DEBUG] ||| print_node2pe ||| node[i6_add2_6]: PE[401]
2026-06-19 16:00:30.044 - [DEBUG] ||| print_node2pe ||| node[i6_mul1_6]: PE[175]
2026-06-19 16:00:30.044 - [DEBUG] ||| print_node2pe ||| node[i6_mul2_6]: PE[303]
2026-06-19 16:00:30.044 - [DEBUG] ||| print_node2pe ||| node[i7_load_6]: PE[560]
2026-06-19 16:00:30.044 - [DEBUG] ||| print_node2pe ||| node[i8_mul_6]: PE[688]
2026-06-19 16:00:30.044 - [DEBUG] ||| print_node2pe ||| node[i9_add_6]: PE[16]
2026-06-19 16:00:30.045 - [DEBUG] ||| print_node2pe ||| node[i17_add_fout_0_6]: PE[16]
2026-06-19 16:00:30.045 - [DEBUG] ||| print_node2pe ||| node[i17_add_fout_1_6]: PE[17]
2026-06-19 16:00:30.045 - [DEBUG] ||| print_node2pe ||| node[extd_i4_add2_0_0_6]: PE[645]
2026-06-19 16:00:30.045 - [DEBUG] ||| print_node2pe ||| node[extd_i17_add_fout_1_0_0_6]: PE[134]
2026-06-19 16:00:30.045 - [DEBUG] ||| print_node2pe ||| node[extd_i17_add_fout_1_0_1_6]: PE[260]
2026-06-19 16:00:30.046 - [DEBUG] ||| print_node2pe ||| node[i10_icmp_7]: PE[17]
2026-06-19 16:00:30.046 - [DEBUG] ||| print_node2pe ||| node[i12_load_7]: PE[18]
2026-06-19 16:00:30.046 - [DEBUG] ||| print_node2pe ||| node[i13_add_7]: PE[177]
2026-06-19 16:00:30.046 - [DEBUG] ||| print_node2pe ||| node[i14_store_7]: PE[305]
2026-06-19 16:00:30.046 - [DEBUG] ||| print_node2pe ||| node[i15_add_7]: PE[562]
2026-06-19 16:00:30.046 - [DEBUG] ||| print_node2pe ||| node[i16_add_7]: PE[178]
2026-06-19 16:00:30.047 - [DEBUG] ||| print_node2pe ||| node[i17_add_7]: PE[307]
2026-06-19 16:00:30.047 - [DEBUG] ||| print_node2pe ||| node[i4_add1_7]: PE[564]
2026-06-19 16:00:30.047 - [DEBUG] ||| print_node2pe ||| node[i4_add2_7]: PE[691]
2026-06-19 16:00:30.047 - [DEBUG] ||| print_node2pe ||| node[i4_mul1_7]: PE[402]
2026-06-19 16:00:30.047 - [DEBUG] ||| print_node2pe ||| node[i4_mul2_7]: PE[565]
2026-06-19 16:00:30.048 - [DEBUG] ||| print_node2pe ||| node[i5_load_7]: PE[180]
2026-06-19 16:00:30.048 - [DEBUG] ||| print_node2pe ||| node[i6_add1_7]: PE[693]
2026-06-19 16:00:30.048 - [DEBUG] ||| print_node2pe ||| node[i6_add2_7]: PE[19]
2026-06-19 16:00:30.048 - [DEBUG] ||| print_node2pe ||| node[i6_mul1_7]: PE[566]
2026-06-19 16:00:30.048 - [DEBUG] ||| print_node2pe ||| node[i6_mul2_7]: PE[694]
2026-06-19 16:00:30.048 - [DEBUG] ||| print_node2pe ||| node[i7_load_7]: PE[183]
2026-06-19 16:00:30.049 - [DEBUG] ||| print_node2pe ||| node[i8_mul_7]: PE[311]
2026-06-19 16:00:30.049 - [DEBUG] ||| print_node2pe ||| node[i9_add_7]: PE[403]
2026-06-19 16:00:30.049 - [DEBUG] ||| print_node2pe ||| node[i17_add_fout_0_7]: PE[399]
2026-06-19 16:00:30.049 - [DEBUG] ||| print_node2pe ||| node[i17_add_fout_1_7]: PE[403]
2026-06-19 16:00:30.050 - [DEBUG] ||| print_node2pe ||| node[extd_i4_add2_0_0_7]: PE[261]
2026-06-19 16:00:30.050 - [DEBUG] ||| print_node2pe ||| node[extd_i17_add_fout_1_0_0_7]: PE[514]
2026-06-19 16:00:30.050 - [DEBUG] ||| print_node2pe ||| node[extd_i17_add_fout_1_0_1_7]: PE[646]
2026-06-19 16:00:30.051 - [DEBUG] ||| print_node2pe ||| node[i10_icmp_8]: PE[20]
2026-06-19 16:00:30.051 - [DEBUG] ||| print_node2pe ||| node[i12_load_8]: PE[21]
2026-06-19 16:00:30.051 - [DEBUG] ||| print_node2pe ||| node[i13_add_8]: PE[184]
2026-06-19 16:00:30.052 - [DEBUG] ||| print_node2pe ||| node[i14_store_8]: PE[312]
2026-06-19 16:00:30.052 - [DEBUG] ||| print_node2pe ||| node[i15_add_8]: PE[569]
2026-06-19 16:00:30.052 - [DEBUG] ||| print_node2pe ||| node[i16_add_8]: PE[185]
2026-06-19 16:00:30.052 - [DEBUG] ||| print_node2pe ||| node[i17_add_8]: PE[314]
2026-06-19 16:00:30.052 - [DEBUG] ||| print_node2pe ||| node[i4_add1_8]: PE[571]
2026-06-19 16:00:30.052 - [DEBUG] ||| print_node2pe ||| node[i4_add2_8]: PE[698]
2026-06-19 16:00:30.053 - [DEBUG] ||| print_node2pe ||| node[i4_mul1_8]: PE[404]
2026-06-19 16:00:30.053 - [DEBUG] ||| print_node2pe ||| node[i4_mul2_8]: PE[572]
2026-06-19 16:00:30.053 - [DEBUG] ||| print_node2pe ||| node[i5_load_8]: PE[187]
2026-06-19 16:00:30.053 - [DEBUG] ||| print_node2pe ||| node[i6_add1_8]: PE[700]
2026-06-19 16:00:30.053 - [DEBUG] ||| print_node2pe ||| node[i6_add2_8]: PE[22]
2026-06-19 16:00:30.054 - [DEBUG] ||| print_node2pe ||| node[i6_mul1_8]: PE[573]
2026-06-19 16:00:30.054 - [DEBUG] ||| print_node2pe ||| node[i6_mul2_8]: PE[701]
2026-06-19 16:00:30.054 - [DEBUG] ||| print_node2pe ||| node[i7_load_8]: PE[190]
2026-06-19 16:00:30.054 - [DEBUG] ||| print_node2pe ||| node[i8_mul_8]: PE[318]
2026-06-19 16:00:30.054 - [DEBUG] ||| print_node2pe ||| node[i9_add_8]: PE[405]
2026-06-19 16:00:30.054 - [DEBUG] ||| print_node2pe ||| node[i17_add_fout_0_8]: PE[405]
2026-06-19 16:00:30.055 - [DEBUG] ||| print_node2pe ||| node[i17_add_fout_1_8]: PE[406]
2026-06-19 16:00:30.055 - [DEBUG] ||| print_node2pe ||| node[extd_i4_add2_0_0_8]: PE[264]
2026-06-19 16:00:30.055 - [DEBUG] ||| print_node2pe ||| node[extd_i17_add_fout_1_0_0_8]: PE[518]
2026-06-19 16:00:30.055 - [DEBUG] ||| print_node2pe ||| node[extd_i17_add_fout_1_0_1_8]: PE[646]
2026-06-19 16:00:30.055 - [DEBUG] ||| print_node2pe ||| node[i10_icmp_9]: PE[406]
2026-06-19 16:00:30.055 - [DEBUG] ||| print_node2pe ||| node[i12_load_9]: PE[407]
2026-06-19 16:00:30.056 - [DEBUG] ||| print_node2pe ||| node[i13_add_9]: PE[575]
2026-06-19 16:00:30.056 - [DEBUG] ||| print_node2pe ||| node[i14_store_9]: PE[703]
2026-06-19 16:00:30.056 - [DEBUG] ||| print_node2pe ||| node[i15_add_9]: PE[192]
2026-06-19 16:00:30.056 - [DEBUG] ||| print_node2pe ||| node[i16_add_9]: PE[576]
2026-06-19 16:00:30.056 - [DEBUG] ||| print_node2pe ||| node[i17_add_9]: PE[705]
2026-06-19 16:00:30.056 - [DEBUG] ||| print_node2pe ||| node[i4_add1_9]: PE[194]
2026-06-19 16:00:30.057 - [DEBUG] ||| print_node2pe ||| node[i4_add2_9]: PE[321]
2026-06-19 16:00:30.057 - [DEBUG] ||| print_node2pe ||| node[i4_mul1_9]: PE[23]
2026-06-19 16:00:30.057 - [DEBUG] ||| print_node2pe ||| node[i4_mul2_9]: PE[195]
2026-06-19 16:00:30.057 - [DEBUG] ||| print_node2pe ||| node[i5_load_9]: PE[578]
2026-06-19 16:00:30.058 - [DEBUG] ||| print_node2pe ||| node[i6_add1_9]: PE[323]
2026-06-19 16:00:30.058 - [DEBUG] ||| print_node2pe ||| node[i6_add2_9]: PE[408]
2026-06-19 16:00:30.058 - [DEBUG] ||| print_node2pe ||| node[i6_mul1_9]: PE[196]
2026-06-19 16:00:30.058 - [DEBUG] ||| print_node2pe ||| node[i6_mul2_9]: PE[324]
2026-06-19 16:00:30.058 - [DEBUG] ||| print_node2pe ||| node[i7_load_9]: PE[581]
2026-06-19 16:00:30.059 - [DEBUG] ||| print_node2pe ||| node[i8_mul_9]: PE[709]
2026-06-19 16:00:30.059 - [DEBUG] ||| print_node2pe ||| node[i9_add_9]: PE[24]
2026-06-19 16:00:30.059 - [DEBUG] ||| print_node2pe ||| node[i17_add_fout_0_9]: PE[20]
2026-06-19 16:00:30.059 - [DEBUG] ||| print_node2pe ||| node[i17_add_fout_1_9]: PE[24]
2026-06-19 16:00:30.059 - [DEBUG] ||| print_node2pe ||| node[extd_i4_add2_0_0_9]: PE[647]
2026-06-19 16:00:30.059 - [DEBUG] ||| print_node2pe ||| node[extd_i17_add_fout_1_0_0_9]: PE[135]
2026-06-19 16:00:30.060 - [DEBUG] ||| print_node2pe ||| node[extd_i17_add_fout_1_0_1_9]: PE[261]
2026-06-19 16:00:30.060 - [DEBUG] ||| print_node2pe ||| node[i10_icmp_10]: PE[409]
2026-06-19 16:00:30.060 - [DEBUG] ||| print_node2pe ||| node[i12_load_10]: PE[410]
2026-06-19 16:00:30.060 - [DEBUG] ||| print_node2pe ||| node[i13_add_10]: PE[582]
2026-06-19 16:00:30.060 - [DEBUG] ||| print_node2pe ||| node[i14_store_10]: PE[710]
2026-06-19 16:00:30.060 - [DEBUG] ||| print_node2pe ||| node[i15_add_10]: PE[199]
2026-06-19 16:00:30.060 - [DEBUG] ||| print_node2pe ||| node[i16_add_10]: PE[583]
2026-06-19 16:00:30.061 - [DEBUG] ||| print_node2pe ||| node[i17_add_10]: PE[712]
2026-06-19 16:00:30.061 - [DEBUG] ||| print_node2pe ||| node[i4_add1_10]: PE[201]
2026-06-19 16:00:30.061 - [DEBUG] ||| print_node2pe ||| node[i4_add2_10]: PE[328]
2026-06-19 16:00:30.061 - [DEBUG] ||| print_node2pe ||| node[i4_mul1_10]: PE[25]
2026-06-19 16:00:30.061 - [DEBUG] ||| print_node2pe ||| node[i4_mul2_10]: PE[202]
2026-06-19 16:00:30.062 - [DEBUG] ||| print_node2pe ||| node[i5_load_10]: PE[585]
2026-06-19 16:00:30.062 - [DEBUG] ||| print_node2pe ||| node[i6_add1_10]: PE[330]
2026-06-19 16:00:30.062 - [DEBUG] ||| print_node2pe ||| node[i6_add2_10]: PE[411]
2026-06-19 16:00:30.062 - [DEBUG] ||| print_node2pe ||| node[i6_mul1_10]: PE[203]
2026-06-19 16:00:30.062 - [DEBUG] ||| print_node2pe ||| node[i6_mul2_10]: PE[331]
2026-06-19 16:00:30.062 - [DEBUG] ||| print_node2pe ||| node[i7_load_10]: PE[588]
2026-06-19 16:00:30.063 - [DEBUG] ||| print_node2pe ||| node[i8_mul_10]: PE[716]
2026-06-19 16:00:30.063 - [DEBUG] ||| print_node2pe ||| node[i9_add_10]: PE[26]
2026-06-19 16:00:30.063 - [DEBUG] ||| print_node2pe ||| node[i17_add_fout_0_10]: PE[26]
2026-06-19 16:00:30.063 - [DEBUG] ||| print_node2pe ||| node[i17_add_fout_1_10]: PE[27]
2026-06-19 16:00:30.063 - [DEBUG] ||| print_node2pe ||| node[extd_i4_add2_0_0_10]: PE[648]
2026-06-19 16:00:30.063 - [DEBUG] ||| print_node2pe ||| node[extd_i17_add_fout_1_0_0_10]: PE[137]
2026-06-19 16:00:30.064 - [DEBUG] ||| print_node2pe ||| node[extd_i17_add_fout_1_0_1_10]: PE[263]
2026-06-19 16:00:30.064 - [DEBUG] ||| print_node2pe ||| node[i10_icmp_11]: PE[27]
2026-06-19 16:00:30.064 - [DEBUG] ||| print_node2pe ||| node[i12_load_11]: PE[28]
2026-06-19 16:00:30.064 - [DEBUG] ||| print_node2pe ||| node[i13_add_11]: PE[205]
2026-06-19 16:00:30.064 - [DEBUG] ||| print_node2pe ||| node[i14_store_11]: PE[333]
2026-06-19 16:00:30.065 - [DEBUG] ||| print_node2pe ||| node[i15_add_11]: PE[590]
2026-06-19 16:00:30.065 - [DEBUG] ||| print_node2pe ||| node[i16_add_11]: PE[206]
2026-06-19 16:00:30.065 - [DEBUG] ||| print_node2pe ||| node[i17_add_11]: PE[335]
2026-06-19 16:00:30.066 - [DEBUG] ||| print_node2pe ||| node[i4_add1_11]: PE[592]
2026-06-19 16:00:30.066 - [DEBUG] ||| print_node2pe ||| node[i4_add2_11]: PE[719]
2026-06-19 16:00:30.066 - [DEBUG] ||| print_node2pe ||| node[i4_mul1_11]: PE[412]
2026-06-19 16:00:30.066 - [DEBUG] ||| print_node2pe ||| node[i4_mul2_11]: PE[593]
2026-06-19 16:00:30.066 - [DEBUG] ||| print_node2pe ||| node[i5_load_11]: PE[208]
2026-06-19 16:00:30.067 - [DEBUG] ||| print_node2pe ||| node[i6_add1_11]: PE[721]
2026-06-19 16:00:30.067 - [DEBUG] ||| print_node2pe ||| node[i6_add2_11]: PE[29]
2026-06-19 16:00:30.067 - [DEBUG] ||| print_node2pe ||| node[i6_mul1_11]: PE[594]
2026-06-19 16:00:30.067 - [DEBUG] ||| print_node2pe ||| node[i6_mul2_11]: PE[722]
2026-06-19 16:00:30.067 - [DEBUG] ||| print_node2pe ||| node[i7_load_11]: PE[211]
2026-06-19 16:00:30.067 - [DEBUG] ||| print_node2pe ||| node[i8_mul_11]: PE[339]
2026-06-19 16:00:30.068 - [DEBUG] ||| print_node2pe ||| node[i9_add_11]: PE[413]
2026-06-19 16:00:30.068 - [DEBUG] ||| print_node2pe ||| node[i17_add_fout_0_11]: PE[409]
2026-06-19 16:00:30.068 - [DEBUG] ||| print_node2pe ||| node[i17_add_fout_1_11]: PE[413]
2026-06-19 16:00:30.068 - [DEBUG] ||| print_node2pe ||| node[extd_i4_add2_0_0_11]: PE[266]
2026-06-19 16:00:30.068 - [DEBUG] ||| print_node2pe ||| node[extd_i17_add_fout_1_0_0_11]: PE[518]
2026-06-19 16:00:30.068 - [DEBUG] ||| print_node2pe ||| node[extd_i17_add_fout_1_0_1_11]: PE[648]
2026-06-19 16:00:30.069 - [DEBUG] ||| print_node2pe ||| node[i10_icmp_12]: PE[30]
2026-06-19 16:00:30.069 - [DEBUG] ||| print_node2pe ||| node[i12_load_12]: PE[31]
2026-06-19 16:00:30.069 - [DEBUG] ||| print_node2pe ||| node[i13_add_12]: PE[212]
2026-06-19 16:00:30.069 - [DEBUG] ||| print_node2pe ||| node[i14_store_12]: PE[340]
2026-06-19 16:00:30.069 - [DEBUG] ||| print_node2pe ||| node[i15_add_12]: PE[597]
2026-06-19 16:00:30.069 - [DEBUG] ||| print_node2pe ||| node[i16_add_12]: PE[213]
2026-06-19 16:00:30.070 - [DEBUG] ||| print_node2pe ||| node[i17_add_12]: PE[342]
2026-06-19 16:00:30.070 - [DEBUG] ||| print_node2pe ||| node[i4_add1_12]: PE[599]
2026-06-19 16:00:30.070 - [DEBUG] ||| print_node2pe ||| node[i4_add2_12]: PE[726]
2026-06-19 16:00:30.070 - [DEBUG] ||| print_node2pe ||| node[i4_mul1_12]: PE[414]
2026-06-19 16:00:30.070 - [DEBUG] ||| print_node2pe ||| node[i4_mul2_12]: PE[600]
2026-06-19 16:00:30.071 - [DEBUG] ||| print_node2pe ||| node[i5_load_12]: PE[215]
2026-06-19 16:00:30.071 - [DEBUG] ||| print_node2pe ||| node[i6_add1_12]: PE[728]
2026-06-19 16:00:30.071 - [DEBUG] ||| print_node2pe ||| node[i6_add2_12]: PE[32]
2026-06-19 16:00:30.071 - [DEBUG] ||| print_node2pe ||| node[i6_mul1_12]: PE[601]
2026-06-19 16:00:30.071 - [DEBUG] ||| print_node2pe ||| node[i6_mul2_12]: PE[729]
2026-06-19 16:00:30.071 - [DEBUG] ||| print_node2pe ||| node[i7_load_12]: PE[218]
2026-06-19 16:00:30.072 - [DEBUG] ||| print_node2pe ||| node[i8_mul_12]: PE[346]
2026-06-19 16:00:30.072 - [DEBUG] ||| print_node2pe ||| node[i9_add_12]: PE[415]
2026-06-19 16:00:30.072 - [DEBUG] ||| print_node2pe ||| node[i17_add_fout_0_12]: PE[415]
2026-06-19 16:00:30.072 - [DEBUG] ||| print_node2pe ||| node[i17_add_fout_1_12]: PE[416]
2026-06-19 16:00:30.072 - [DEBUG] ||| print_node2pe ||| node[extd_i4_add2_0_0_12]: PE[267]
2026-06-19 16:00:30.073 - [DEBUG] ||| print_node2pe ||| node[extd_i17_add_fout_1_0_0_12]: PE[521]
2026-06-19 16:00:30.073 - [DEBUG] ||| print_node2pe ||| node[extd_i17_add_fout_1_0_1_12]: PE[650]
2026-06-19 16:00:30.073 - [DEBUG] ||| print_node2pe ||| node[i10_icmp_13]: PE[416]
2026-06-19 16:00:30.073 - [DEBUG] ||| print_node2pe ||| node[i12_load_13]: PE[417]
2026-06-19 16:00:30.073 - [DEBUG] ||| print_node2pe ||| node[i13_add_13]: PE[603]
2026-06-19 16:00:30.073 - [DEBUG] ||| print_node2pe ||| node[i14_store_13]: PE[731]
2026-06-19 16:00:30.074 - [DEBUG] ||| print_node2pe ||| node[i15_add_13]: PE[220]
2026-06-19 16:00:30.074 - [DEBUG] ||| print_node2pe ||| node[i16_add_13]: PE[604]
2026-06-19 16:00:30.074 - [DEBUG] ||| print_node2pe ||| node[i17_add_13]: PE[733]
2026-06-19 16:00:30.074 - [DEBUG] ||| print_node2pe ||| node[i4_add1_13]: PE[222]
2026-06-19 16:00:30.074 - [DEBUG] ||| print_node2pe ||| node[i4_add2_13]: PE[349]
2026-06-19 16:00:30.074 - [DEBUG] ||| print_node2pe ||| node[i4_mul1_13]: PE[33]
2026-06-19 16:00:30.075 - [DEBUG] ||| print_node2pe ||| node[i4_mul2_13]: PE[223]
2026-06-19 16:00:30.075 - [DEBUG] ||| print_node2pe ||| node[i5_load_13]: PE[606]
2026-06-19 16:00:30.075 - [DEBUG] ||| print_node2pe ||| node[i6_add1_13]: PE[351]
2026-06-19 16:00:30.075 - [DEBUG] ||| print_node2pe ||| node[i6_add2_13]: PE[418]
2026-06-19 16:00:30.075 - [DEBUG] ||| print_node2pe ||| node[i6_mul1_13]: PE[224]
2026-06-19 16:00:30.075 - [DEBUG] ||| print_node2pe ||| node[i6_mul2_13]: PE[352]
2026-06-19 16:00:30.076 - [DEBUG] ||| print_node2pe ||| node[i7_load_13]: PE[609]
2026-06-19 16:00:30.076 - [DEBUG] ||| print_node2pe ||| node[i8_mul_13]: PE[737]
2026-06-19 16:00:30.076 - [DEBUG] ||| print_node2pe ||| node[i9_add_13]: PE[34]
2026-06-19 16:00:30.076 - [DEBUG] ||| print_node2pe ||| node[i17_add_fout_0_13]: PE[30]
2026-06-19 16:00:30.076 - [DEBUG] ||| print_node2pe ||| node[i17_add_fout_1_13]: PE[34]
2026-06-19 16:00:30.076 - [DEBUG] ||| print_node2pe ||| node[extd_i4_add2_0_0_13]: PE[650]
2026-06-19 16:00:30.077 - [DEBUG] ||| print_node2pe ||| node[extd_i17_add_fout_1_0_0_13]: PE[137]
2026-06-19 16:00:30.077 - [DEBUG] ||| print_node2pe ||| node[extd_i17_add_fout_1_0_1_13]: PE[263]
2026-06-19 16:00:30.077 - [DEBUG] ||| print_node2pe ||| node[i10_icmp_14]: PE[419]
2026-06-19 16:00:30.077 - [DEBUG] ||| print_node2pe ||| node[i12_load_14]: PE[420]
2026-06-19 16:00:30.077 - [DEBUG] ||| print_node2pe ||| node[i13_add_14]: PE[610]
2026-06-19 16:00:30.078 - [DEBUG] ||| print_node2pe ||| node[i14_store_14]: PE[738]
2026-06-19 16:00:30.078 - [DEBUG] ||| print_node2pe ||| node[i15_add_14]: PE[227]
2026-06-19 16:00:30.078 - [DEBUG] ||| print_node2pe ||| node[i16_add_14]: PE[611]
2026-06-19 16:00:30.078 - [DEBUG] ||| print_node2pe ||| node[i17_add_14]: PE[740]
2026-06-19 16:00:30.079 - [DEBUG] ||| print_node2pe ||| node[i4_add1_14]: PE[229]
2026-06-19 16:00:30.079 - [DEBUG] ||| print_node2pe ||| node[i4_add2_14]: PE[356]
2026-06-19 16:00:30.079 - [DEBUG] ||| print_node2pe ||| node[i4_mul1_14]: PE[35]
2026-06-19 16:00:30.079 - [DEBUG] ||| print_node2pe ||| node[i4_mul2_14]: PE[230]
2026-06-19 16:00:30.080 - [DEBUG] ||| print_node2pe ||| node[i5_load_14]: PE[613]
2026-06-19 16:00:30.080 - [DEBUG] ||| print_node2pe ||| node[i6_add1_14]: PE[358]
2026-06-19 16:00:30.080 - [DEBUG] ||| print_node2pe ||| node[i6_add2_14]: PE[421]
2026-06-19 16:00:30.080 - [DEBUG] ||| print_node2pe ||| node[i6_mul1_14]: PE[231]
2026-06-19 16:00:30.080 - [DEBUG] ||| print_node2pe ||| node[i6_mul2_14]: PE[359]
2026-06-19 16:00:30.080 - [DEBUG] ||| print_node2pe ||| node[i7_load_14]: PE[616]
2026-06-19 16:00:30.081 - [DEBUG] ||| print_node2pe ||| node[i8_mul_14]: PE[744]
2026-06-19 16:00:30.081 - [DEBUG] ||| print_node2pe ||| node[i9_add_14]: PE[36]
2026-06-19 16:00:30.081 - [DEBUG] ||| print_node2pe ||| node[i17_add_fout_0_14]: PE[36]
2026-06-19 16:00:30.081 - [DEBUG] ||| print_node2pe ||| node[i17_add_fout_1_14]: PE[37]
2026-06-19 16:00:30.081 - [DEBUG] ||| print_node2pe ||| node[extd_i4_add2_0_0_14]: PE[651]
2026-06-19 16:00:30.082 - [DEBUG] ||| print_node2pe ||| node[extd_i17_add_fout_1_0_0_14]: PE[140]
2026-06-19 16:00:30.082 - [DEBUG] ||| print_node2pe ||| node[extd_i17_add_fout_1_0_1_14]: PE[268]
2026-06-19 16:00:30.082 - [DEBUG] ||| print_node2pe ||| node[i10_icmp_15]: PE[37]
2026-06-19 16:00:30.082 - [DEBUG] ||| print_node2pe ||| node[i12_load_15]: PE[38]
2026-06-19 16:00:30.082 - [DEBUG] ||| print_node2pe ||| node[i13_add_15]: PE[233]
2026-06-19 16:00:30.082 - [DEBUG] ||| print_node2pe ||| node[i14_store_15]: PE[361]
2026-06-19 16:00:30.083 - [DEBUG] ||| print_node2pe ||| node[i15_add_15]: PE[618]
2026-06-19 16:00:30.083 - [DEBUG] ||| print_node2pe ||| node[i16_add_15]: PE[234]
2026-06-19 16:00:30.083 - [DEBUG] ||| print_node2pe ||| node[i17_add_15]: PE[363]
2026-06-19 16:00:30.083 - [DEBUG] ||| print_node2pe ||| node[i4_add1_15]: PE[620]
2026-06-19 16:00:30.083 - [DEBUG] ||| print_node2pe ||| node[i4_add2_15]: PE[747]
2026-06-19 16:00:30.084 - [DEBUG] ||| print_node2pe ||| node[i4_mul1_15]: PE[422]
2026-06-19 16:00:30.084 - [DEBUG] ||| print_node2pe ||| node[i4_mul2_15]: PE[621]
2026-06-19 16:00:30.084 - [DEBUG] ||| print_node2pe ||| node[i5_load_15]: PE[236]
2026-06-19 16:00:30.084 - [DEBUG] ||| print_node2pe ||| node[i6_add1_15]: PE[749]
2026-06-19 16:00:30.084 - [DEBUG] ||| print_node2pe ||| node[i6_add2_15]: PE[39]
2026-06-19 16:00:30.085 - [DEBUG] ||| print_node2pe ||| node[i6_mul1_15]: PE[622]
2026-06-19 16:00:30.085 - [DEBUG] ||| print_node2pe ||| node[i6_mul2_15]: PE[750]
2026-06-19 16:00:30.085 - [DEBUG] ||| print_node2pe ||| node[i7_load_15]: PE[239]
2026-06-19 16:00:30.085 - [DEBUG] ||| print_node2pe ||| node[i8_mul_15]: PE[367]
2026-06-19 16:00:30.085 - [DEBUG] ||| print_node2pe ||| node[i9_add_15]: PE[423]
2026-06-19 16:00:30.085 - [DEBUG] ||| print_node2pe ||| node[i17_add_fout_0_15]: PE[419]
2026-06-19 16:00:30.086 - [DEBUG] ||| print_node2pe ||| node[i17_add_fout_1_15]: PE[423]
2026-06-19 16:00:30.086 - [DEBUG] ||| print_node2pe ||| node[extd_i4_add2_0_0_15]: PE[268]
2026-06-19 16:00:30.086 - [DEBUG] ||| print_node2pe ||| node[extd_i17_add_fout_1_0_0_15]: PE[523]
2026-06-19 16:00:30.086 - [DEBUG] ||| print_node2pe ||| node[extd_i17_add_fout_1_0_1_15]: PE[651]
2026-06-19 16:00:30.086 - [DEBUG] ||| 

2026-06-19 16:00:30.087 - [DEBUG] ||| print_pe_metadata ||| --------------- pe_meta_deets --------------- 
2026-06-19 16:00:30.087 - [DEBUG] ||| print_pe_metadata ||| pe_meta[0]:
2026-06-19 16:00:30.087 - [DEBUG] ||| print_pe_metadata ||| opcode: [(['20'], 'icmp', '0'), (['6'], 'split', '19')]
2026-06-19 16:00:30.087 - [DEBUG] ||| print_pe_metadata ||| data_in_opID: ['20', '6']
2026-06-19 16:00:30.087 - [DEBUG] ||| print_pe_metadata ||| data_out_opID: ['19', '19']
2026-06-19 16:00:30.087 - [DEBUG] ||| print_pe_metadata ||| pred_in_opID: [None]
2026-06-19 16:00:30.088 - [DEBUG] ||| print_pe_metadata ||| pred_out_opID: ['0']
2026-06-19 16:00:30.088 - [DEBUG] ||| print_pe_metadata ||| pe_meta[1]:
2026-06-19 16:00:30.088 - [DEBUG] ||| print_pe_metadata ||| opcode: [([], 'load', '1')]
2026-06-19 16:00:30.088 - [DEBUG] ||| print_pe_metadata ||| data_in_opID: [None, None]
2026-06-19 16:00:30.088 - [DEBUG] ||| print_pe_metadata ||| data_out_opID: ['1', None]
2026-06-19 16:00:30.088 - [DEBUG] ||| print_pe_metadata ||| pred_in_opID: [None]
2026-06-19 16:00:30.089 - [DEBUG] ||| print_pe_metadata ||| pred_out_opID: [None]
2026-06-19 16:00:30.089 - [DEBUG] ||| print_pe_metadata ||| pe_meta[128]:
2026-06-19 16:00:30.089 - [DEBUG] ||| print_pe_metadata ||| opcode: [(['1'], 'add', '2'), (['20'], 'bridge', '20'), (['20'], 'bridge', '20')]
2026-06-19 16:00:30.089 - [DEBUG] ||| print_pe_metadata ||| data_in_opID: ['1', None, '20', '4']
2026-06-19 16:00:30.089 - [DEBUG] ||| print_pe_metadata ||| data_out_opID: ['2', '2', '20', '20']
2026-06-19 16:00:30.089 - [DEBUG] ||| print_pe_metadata ||| pred_in_opID: [None, None]
2026-06-19 16:00:30.090 - [DEBUG] ||| print_pe_metadata ||| pred_out_opID: [None, None]
2026-06-19 16:00:30.090 - [DEBUG] ||| print_pe_metadata ||| pe_meta[256]:
2026-06-19 16:00:30.090 - [DEBUG] ||| print_pe_metadata ||| opcode: [(['2'], 'store', '3'), (['8'], 'bridge', '8'), (['20'], 'bridge', '20')]
2026-06-19 16:00:30.090 - [DEBUG] ||| print_pe_metadata ||| data_in_opID: ['2', '8', None, '20']
2026-06-19 16:00:30.090 - [DEBUG] ||| print_pe_metadata ||| data_out_opID: [None, None, '8', '20']
2026-06-19 16:00:30.090 - [DEBUG] ||| print_pe_metadata ||| pred_in_opID: [None, None]
2026-06-19 16:00:30.091 - [DEBUG] ||| print_pe_metadata ||| pred_out_opID: [None, None]
2026-06-19 16:00:30.091 - [DEBUG] ||| print_pe_metadata ||| pe_meta[129]:
2026-06-19 16:00:30.091 - [DEBUG] ||| print_pe_metadata ||| opcode: [(['0', '4'], 'add', '5'), (['8'], 'bridge', '8')]
2026-06-19 16:00:30.091 - [DEBUG] ||| print_pe_metadata ||| data_in_opID: ['4', None, None, '8']
2026-06-19 16:00:30.091 - [DEBUG] ||| print_pe_metadata ||| data_out_opID: ['8', '5', None, None]
2026-06-19 16:00:30.092 - [DEBUG] ||| print_pe_metadata ||| pred_in_opID: ['0', None]
2026-06-19 16:00:30.092 - [DEBUG] ||| print_pe_metadata ||| pred_out_opID: [None, None]
2026-06-19 16:00:30.092 - [DEBUG] ||| print_pe_metadata ||| pe_meta[258]:
2026-06-19 16:00:30.092 - [DEBUG] ||| print_pe_metadata ||| opcode: [(['2', '5'], 'add', '6'), (['20'], 'bridge', '20'), (['20'], 'bridge', '20')]
2026-06-19 16:00:30.092 - [DEBUG] ||| print_pe_metadata ||| data_in_opID: ['5', '2', '20', '20']
2026-06-19 16:00:30.092 - [DEBUG] ||| print_pe_metadata ||| data_out_opID: ['6', '6', '20', '20']
2026-06-19 16:00:30.093 - [DEBUG] ||| print_pe_metadata ||| pred_in_opID: [None, None]
2026-06-19 16:00:30.093 - [DEBUG] ||| print_pe_metadata ||| pred_out_opID: [None, None]
2026-06-19 16:00:30.093 - [DEBUG] ||| print_pe_metadata ||| pe_meta[384]:
2026-06-19 16:00:30.093 - [DEBUG] ||| print_pe_metadata ||| opcode: [([], 'mul', '9')]
2026-06-19 16:00:30.093 - [DEBUG] ||| print_pe_metadata ||| data_in_opID: [None, None]
2026-06-19 16:00:30.093 - [DEBUG] ||| print_pe_metadata ||| data_out_opID: ['9', None]
2026-06-19 16:00:30.094 - [DEBUG] ||| print_pe_metadata ||| pred_in_opID: [None]
2026-06-19 16:00:30.094 - [DEBUG] ||| print_pe_metadata ||| pred_out_opID: [None]
2026-06-19 16:00:30.094 - [DEBUG] ||| print_pe_metadata ||| pe_meta[131]:
2026-06-19 16:00:30.094 - [DEBUG] ||| print_pe_metadata ||| opcode: [(['8'], 'load', '11'), (['8'], 'bridge', '8')]
2026-06-19 16:00:30.094 - [DEBUG] ||| print_pe_metadata ||| data_in_opID: ['8', None, None, '8']
2026-06-19 16:00:30.095 - [DEBUG] ||| print_pe_metadata ||| data_out_opID: ['8', '11', None, None]
2026-06-19 16:00:30.095 - [DEBUG] ||| print_pe_metadata ||| pred_in_opID: [None, None]
2026-06-19 16:00:30.095 - [DEBUG] ||| print_pe_metadata ||| pred_out_opID: [None, None]
2026-06-19 16:00:30.095 - [DEBUG] ||| print_pe_metadata ||| pe_meta[2]:
2026-06-19 16:00:30.095 - [DEBUG] ||| print_pe_metadata ||| opcode: [(['12', '15'], 'add', '13')]
2026-06-19 16:00:30.096 - [DEBUG] ||| print_pe_metadata ||| data_in_opID: ['12', '15']
2026-06-19 16:00:30.096 - [DEBUG] ||| print_pe_metadata ||| data_out_opID: ['13', None]
2026-06-19 16:00:30.096 - [DEBUG] ||| print_pe_metadata ||| pred_in_opID: [None]
2026-06-19 16:00:30.096 - [DEBUG] ||| print_pe_metadata ||| pred_out_opID: [None]
2026-06-19 16:00:30.096 - [DEBUG] ||| print_pe_metadata ||| pe_meta[134]:
2026-06-19 16:00:30.096 - [DEBUG] ||| print_pe_metadata ||| opcode: [(['13'], 'load', '16'), (['20'], 'bridge', '20'), (['20'], 'bridge', '20'), (['20'], 'bridge', '20')]
2026-06-19 16:00:30.097 - [DEBUG] ||| print_pe_metadata ||| data_in_opID: ['13', '20', '20', '20']
2026-06-19 16:00:30.097 - [DEBUG] ||| print_pe_metadata ||| data_out_opID: ['16', '20', '20', '20']
2026-06-19 16:00:30.097 - [DEBUG] ||| print_pe_metadata ||| pred_in_opID: [None, None]
2026-06-19 16:00:30.097 - [DEBUG] ||| print_pe_metadata ||| pred_out_opID: [None, None]
2026-06-19 16:00:30.097 - [DEBUG] ||| print_pe_metadata ||| pe_meta[262]:
2026-06-19 16:00:30.097 - [DEBUG] ||| print_pe_metadata ||| opcode: [(['11', '16'], 'mul', '17'), (['20'], 'bridge', '20'), (['20'], 'bridge', '20')]
2026-06-19 16:00:30.098 - [DEBUG] ||| print_pe_metadata ||| data_in_opID: ['11', '16', '20', '20']
2026-06-19 16:00:30.098 - [DEBUG] ||| print_pe_metadata ||| data_out_opID: [None, '17', '20', '20']
2026-06-19 16:00:30.098 - [DEBUG] ||| print_pe_metadata ||| pred_in_opID: [None, None]
2026-06-19 16:00:30.098 - [DEBUG] ||| print_pe_metadata ||| pred_out_opID: [None, None]
2026-06-19 16:00:30.098 - [DEBUG] ||| print_pe_metadata ||| pe_meta[385]:
2026-06-19 16:00:30.099 - [DEBUG] ||| print_pe_metadata ||| opcode: [(['17'], 'add', '18'), (['6'], 'split', '19')]
2026-06-19 16:00:30.099 - [DEBUG] ||| print_pe_metadata ||| data_in_opID: ['6', '17']
2026-06-19 16:00:30.099 - [DEBUG] ||| print_pe_metadata ||| data_out_opID: ['19', '19']
2026-06-19 16:00:30.099 - [DEBUG] ||| print_pe_metadata ||| pred_in_opID: [None]
2026-06-19 16:00:30.099 - [DEBUG] ||| print_pe_metadata ||| pred_out_opID: [None]
2026-06-19 16:00:30.100 - [DEBUG] ||| print_pe_metadata ||| pe_meta[386]:
2026-06-19 16:00:30.100 - [DEBUG] ||| print_pe_metadata ||| opcode: [(['6'], 'split', '20'), (['20'], 'icmp', '0')]
2026-06-19 16:00:30.100 - [DEBUG] ||| print_pe_metadata ||| data_in_opID: ['20', '6']
2026-06-19 16:00:30.100 - [DEBUG] ||| print_pe_metadata ||| data_out_opID: ['20', '20']
2026-06-19 16:00:30.100 - [DEBUG] ||| print_pe_metadata ||| pred_in_opID: [None]
2026-06-19 16:00:30.100 - [DEBUG] ||| print_pe_metadata ||| pred_out_opID: ['0']
2026-06-19 16:00:30.101 - [DEBUG] ||| print_pe_metadata ||| pe_meta[387]:
2026-06-19 16:00:30.101 - [DEBUG] ||| print_pe_metadata ||| opcode: [([], 'load', '1')]
2026-06-19 16:00:30.101 - [DEBUG] ||| print_pe_metadata ||| data_in_opID: [None, None]
2026-06-19 16:00:30.101 - [DEBUG] ||| print_pe_metadata ||| data_out_opID: ['1', None]
2026-06-19 16:00:30.101 - [DEBUG] ||| print_pe_metadata ||| pred_in_opID: [None]
2026-06-19 16:00:30.101 - [DEBUG] ||| print_pe_metadata ||| pred_out_opID: [None]
2026-06-19 16:00:30.102 - [DEBUG] ||| print_pe_metadata ||| pe_meta[136]:
2026-06-19 16:00:30.102 - [DEBUG] ||| print_pe_metadata ||| opcode: [(['20'], 'add', '4'), (['8'], 'bridge', '8'), (['20'], 'bridge', '20')]
2026-06-19 16:00:30.102 - [DEBUG] ||| print_pe_metadata ||| data_in_opID: ['20', None, '20', '20']
2026-06-19 16:00:30.102 - [DEBUG] ||| print_pe_metadata ||| data_out_opID: ['4', '8', '20', None]
2026-06-19 16:00:30.102 - [DEBUG] ||| print_pe_metadata ||| pred_in_opID: [None, None]
2026-06-19 16:00:30.102 - [DEBUG] ||| print_pe_metadata ||| pred_out_opID: [None, None]
2026-06-19 16:00:30.103 - [DEBUG] ||| print_pe_metadata ||| pe_meta[138]:
2026-06-19 16:00:30.103 - [DEBUG] ||| print_pe_metadata ||| opcode: [(['9'], 'add', '7'), (['20'], 'bridge', '20'), (['8'], 'bridge', '8')]
2026-06-19 16:00:30.103 - [DEBUG] ||| print_pe_metadata ||| data_in_opID: ['9', None, '8', '20']
2026-06-19 16:00:30.103 - [DEBUG] ||| print_pe_metadata ||| data_out_opID: ['7', '8', '20', None]
2026-06-19 16:00:30.104 - [DEBUG] ||| print_pe_metadata ||| pred_in_opID: [None, None]
2026-06-19 16:00:30.104 - [DEBUG] ||| print_pe_metadata ||| pred_out_opID: [None, None]
2026-06-19 16:00:30.104 - [DEBUG] ||| print_pe_metadata ||| pe_meta[265]:
2026-06-19 16:00:30.104 - [DEBUG] ||| print_pe_metadata ||| opcode: [(['7', '10'], 'add', '8'), (['20'], 'bridge', '20')]
2026-06-19 16:00:30.104 - [DEBUG] ||| print_pe_metadata ||| data_in_opID: ['7', '10', None, '20']
2026-06-19 16:00:30.105 - [DEBUG] ||| print_pe_metadata ||| data_out_opID: [None, None, '8', '20']
2026-06-19 16:00:30.105 - [DEBUG] ||| print_pe_metadata ||| pred_in_opID: [None, None]
2026-06-19 16:00:30.105 - [DEBUG] ||| print_pe_metadata ||| pred_out_opID: [None, None]
2026-06-19 16:00:30.105 - [DEBUG] ||| print_pe_metadata ||| pe_meta[3]:
2026-06-19 16:00:30.105 - [DEBUG] ||| print_pe_metadata ||| opcode: [([], 'mul', '9')]
2026-06-19 16:00:30.105 - [DEBUG] ||| print_pe_metadata ||| data_in_opID: [None, None]
2026-06-19 16:00:30.106 - [DEBUG] ||| print_pe_metadata ||| data_out_opID: ['9', None]
2026-06-19 16:00:30.106 - [DEBUG] ||| print_pe_metadata ||| pred_in_opID: [None]
2026-06-19 16:00:30.106 - [DEBUG] ||| print_pe_metadata ||| pred_out_opID: [None]
2026-06-19 16:00:30.106 - [DEBUG] ||| print_pe_metadata ||| pe_meta[139]:
2026-06-19 16:00:30.106 - [DEBUG] ||| print_pe_metadata ||| opcode: [(['19'], 'mul', '10'), (['8'], 'bridge', '8'), (['20'], 'bridge', '20')]
2026-06-19 16:00:30.106 - [DEBUG] ||| print_pe_metadata ||| data_in_opID: ['19', None, '8', '20']
2026-06-19 16:00:30.107 - [DEBUG] ||| print_pe_metadata ||| data_out_opID: ['8', '10', '20', None]
2026-06-19 16:00:30.107 - [DEBUG] ||| print_pe_metadata ||| pred_in_opID: [None, None]
2026-06-19 16:00:30.107 - [DEBUG] ||| print_pe_metadata ||| pred_out_opID: [None, None]
2026-06-19 16:00:30.107 - [DEBUG] ||| print_pe_metadata ||| pe_meta[267]:
2026-06-19 16:00:30.107 - [DEBUG] ||| print_pe_metadata ||| opcode: [(['14'], 'add', '12'), (['8'], 'bridge', '8'), (['20'], 'bridge', '20')]
2026-06-19 16:00:30.108 - [DEBUG] ||| print_pe_metadata ||| data_in_opID: ['14', '8', None, '20']
2026-06-19 16:00:30.108 - [DEBUG] ||| print_pe_metadata ||| data_out_opID: ['12', None, '8', '20']
2026-06-19 16:00:30.108 - [DEBUG] ||| print_pe_metadata ||| pred_in_opID: [None, None]
2026-06-19 16:00:30.108 - [DEBUG] ||| print_pe_metadata ||| pred_out_opID: [None, None]
2026-06-19 16:00:30.108 - [DEBUG] ||| print_pe_metadata ||| pe_meta[388]:
2026-06-19 16:00:30.108 - [DEBUG] ||| print_pe_metadata ||| opcode: [(['12', '15'], 'add', '13')]
2026-06-19 16:00:30.109 - [DEBUG] ||| print_pe_metadata ||| data_in_opID: ['12', '15']
2026-06-19 16:00:30.109 - [DEBUG] ||| print_pe_metadata ||| data_out_opID: ['13', None]
2026-06-19 16:00:30.109 - [DEBUG] ||| print_pe_metadata ||| pred_in_opID: [None]
2026-06-19 16:00:30.109 - [DEBUG] ||| print_pe_metadata ||| pred_out_opID: [None]
2026-06-19 16:00:30.109 - [DEBUG] ||| print_pe_metadata ||| pe_meta[140]:
2026-06-19 16:00:30.110 - [DEBUG] ||| print_pe_metadata ||| opcode: [(['19'], 'mul', '14'), (['20'], 'bridge', '20')]
2026-06-19 16:00:30.110 - [DEBUG] ||| print_pe_metadata ||| data_in_opID: ['20', '20', None, None]
2026-06-19 16:00:30.110 - [DEBUG] ||| print_pe_metadata ||| data_out_opID: ['14', '20', None, None]
2026-06-19 16:00:30.110 - [DEBUG] ||| print_pe_metadata ||| pred_in_opID: [None, None]
2026-06-19 16:00:30.110 - [DEBUG] ||| print_pe_metadata ||| pred_out_opID: [None, None]
2026-06-19 16:00:30.111 - [DEBUG] ||| print_pe_metadata ||| pe_meta[268]:
2026-06-19 16:00:30.111 - [DEBUG] ||| print_pe_metadata ||| opcode: [([], 'mul', '15'), (['20'], 'bridge', '20'), (['8'], 'bridge', '8')]
2026-06-19 16:00:30.111 - [DEBUG] ||| print_pe_metadata ||| data_in_opID: ['8', '20', None, None]
2026-06-19 16:00:30.111 - [DEBUG] ||| print_pe_metadata ||| data_out_opID: ['20', '15', '8', None]
2026-06-19 16:00:30.111 - [DEBUG] ||| print_pe_metadata ||| pred_in_opID: [None, None]
2026-06-19 16:00:30.111 - [DEBUG] ||| print_pe_metadata ||| pred_out_opID: [None, None]
2026-06-19 16:00:30.112 - [DEBUG] ||| print_pe_metadata ||| pe_meta[4]:
2026-06-19 16:00:30.112 - [DEBUG] ||| print_pe_metadata ||| opcode: [(['17'], 'add', '18'), (['6'], 'split', '20')]
2026-06-19 16:00:30.112 - [DEBUG] ||| print_pe_metadata ||| data_in_opID: ['6', '17']
2026-06-19 16:00:30.112 - [DEBUG] ||| print_pe_metadata ||| data_out_opID: ['20', '20']
2026-06-19 16:00:30.112 - [DEBUG] ||| print_pe_metadata ||| pred_in_opID: [None]
2026-06-19 16:00:30.113 - [DEBUG] ||| print_pe_metadata ||| pred_out_opID: [None]
2026-06-19 16:00:30.113 - [DEBUG] ||| print_pe_metadata ||| pe_meta[130]:
2026-06-19 16:00:30.113 - [DEBUG] ||| print_pe_metadata ||| opcode: [(['20'], 'bridge', '20'), (['7', '10'], 'add', '8')]
2026-06-19 16:00:30.113 - [DEBUG] ||| print_pe_metadata ||| data_in_opID: [None, '20', '7', '10']
2026-06-19 16:00:30.113 - [DEBUG] ||| print_pe_metadata ||| data_out_opID: ['8', '20', None, None]
2026-06-19 16:00:30.113 - [DEBUG] ||| print_pe_metadata ||| pred_in_opID: [None, None]
2026-06-19 16:00:30.114 - [DEBUG] ||| print_pe_metadata ||| pred_out_opID: [None, None]
2026-06-19 16:00:30.114 - [DEBUG] ||| print_pe_metadata ||| pe_meta[257]:
2026-06-19 16:00:30.114 - [DEBUG] ||| print_pe_metadata ||| opcode: [(['20'], 'bridge', '20'), (['20'], 'bridge', '20'), (['20'], 'add', '4'), (['20'], 'bridge', '20')]
2026-06-19 16:00:30.114 - [DEBUG] ||| print_pe_metadata ||| data_in_opID: ['20', '20', '20', '20']
2026-06-19 16:00:30.114 - [DEBUG] ||| print_pe_metadata ||| data_out_opID: ['20', '20', '20', '4']
2026-06-19 16:00:30.114 - [DEBUG] ||| print_pe_metadata ||| pred_in_opID: [None, None]
2026-06-19 16:00:30.115 - [DEBUG] ||| print_pe_metadata ||| pred_out_opID: [None, None]
2026-06-19 16:00:30.115 - [DEBUG] ||| print_pe_metadata ||| pe_meta[389]:
2026-06-19 16:00:30.115 - [DEBUG] ||| print_pe_metadata ||| opcode: [(['20'], 'icmp', '0'), (['6'], 'split', '19')]
2026-06-19 16:00:30.115 - [DEBUG] ||| print_pe_metadata ||| data_in_opID: ['6', '20']
2026-06-19 16:00:30.115 - [DEBUG] ||| print_pe_metadata ||| data_out_opID: ['19', '19']
2026-06-19 16:00:30.116 - [DEBUG] ||| print_pe_metadata ||| pred_in_opID: [None]
2026-06-19 16:00:30.116 - [DEBUG] ||| print_pe_metadata ||| pred_out_opID: ['0']
2026-06-19 16:00:30.116 - [DEBUG] ||| print_pe_metadata ||| pe_meta[390]:
2026-06-19 16:00:30.116 - [DEBUG] ||| print_pe_metadata ||| opcode: [([], 'load', '1')]
2026-06-19 16:00:30.116 - [DEBUG] ||| print_pe_metadata ||| data_in_opID: [None, None]
2026-06-19 16:00:30.116 - [DEBUG] ||| print_pe_metadata ||| data_out_opID: ['1', None]
2026-06-19 16:00:30.117 - [DEBUG] ||| print_pe_metadata ||| pred_in_opID: [None]
2026-06-19 16:00:30.117 - [DEBUG] ||| print_pe_metadata ||| pred_out_opID: [None]
2026-06-19 16:00:30.117 - [DEBUG] ||| print_pe_metadata ||| pe_meta[143]:
2026-06-19 16:00:30.117 - [DEBUG] ||| print_pe_metadata ||| opcode: [(['20'], 'add', '4')]
2026-06-19 16:00:30.117 - [DEBUG] ||| print_pe_metadata ||| data_in_opID: ['20', None, None, None]
2026-06-19 16:00:30.117 - [DEBUG] ||| print_pe_metadata ||| data_out_opID: ['4', None, None, None]
2026-06-19 16:00:30.118 - [DEBUG] ||| print_pe_metadata ||| pred_in_opID: [None, None]
2026-06-19 16:00:30.118 - [DEBUG] ||| print_pe_metadata ||| pred_out_opID: [None, None]
2026-06-19 16:00:30.118 - [DEBUG] ||| print_pe_metadata ||| pe_meta[145]:
2026-06-19 16:00:30.118 - [DEBUG] ||| print_pe_metadata ||| opcode: [(['9'], 'add', '7')]
2026-06-19 16:00:30.118 - [DEBUG] ||| print_pe_metadata ||| data_in_opID: ['9', None, None, None]
2026-06-19 16:00:30.119 - [DEBUG] ||| print_pe_metadata ||| data_out_opID: ['7', None, None, None]
2026-06-19 16:00:30.119 - [DEBUG] ||| print_pe_metadata ||| pred_in_opID: [None, None]
2026-06-19 16:00:30.119 - [DEBUG] ||| print_pe_metadata ||| pred_out_opID: [None, None]
2026-06-19 16:00:30.119 - [DEBUG] ||| print_pe_metadata ||| pe_meta[272]:
2026-06-19 16:00:30.119 - [DEBUG] ||| print_pe_metadata ||| opcode: [(['7', '10'], 'add', '8')]
2026-06-19 16:00:30.120 - [DEBUG] ||| print_pe_metadata ||| data_in_opID: ['7', '10', None, None]
2026-06-19 16:00:30.120 - [DEBUG] ||| print_pe_metadata ||| data_out_opID: [None, None, None, '8']
2026-06-19 16:00:30.120 - [DEBUG] ||| print_pe_metadata ||| pred_in_opID: [None, None]
2026-06-19 16:00:30.120 - [DEBUG] ||| print_pe_metadata ||| pred_out_opID: [None, None]
2026-06-19 16:00:30.120 - [DEBUG] ||| print_pe_metadata ||| pe_meta[5]:
2026-06-19 16:00:30.121 - [DEBUG] ||| print_pe_metadata ||| opcode: [([], 'mul', '9')]
2026-06-19 16:00:30.121 - [DEBUG] ||| print_pe_metadata ||| data_in_opID: [None, None]
2026-06-19 16:00:30.121 - [DEBUG] ||| print_pe_metadata ||| data_out_opID: ['9', None]
2026-06-19 16:00:30.121 - [DEBUG] ||| print_pe_metadata ||| pred_in_opID: [None]
2026-06-19 16:00:30.121 - [DEBUG] ||| print_pe_metadata ||| pred_out_opID: [None]
2026-06-19 16:00:30.121 - [DEBUG] ||| print_pe_metadata ||| pe_meta[146]:
2026-06-19 16:00:30.122 - [DEBUG] ||| print_pe_metadata ||| opcode: [(['19'], 'mul', '10')]
2026-06-19 16:00:30.122 - [DEBUG] ||| print_pe_metadata ||| data_in_opID: ['19', None, None, None]
2026-06-19 16:00:30.122 - [DEBUG] ||| print_pe_metadata ||| data_out_opID: [None, '10', None, None]
2026-06-19 16:00:30.122 - [DEBUG] ||| print_pe_metadata ||| pred_in_opID: [None, None]
2026-06-19 16:00:30.122 - [DEBUG] ||| print_pe_metadata ||| pred_out_opID: [None, None]
2026-06-19 16:00:30.122 - [DEBUG] ||| print_pe_metadata ||| pe_meta[274]:
2026-06-19 16:00:30.123 - [DEBUG] ||| print_pe_metadata ||| opcode: [(['14'], 'add', '12')]
2026-06-19 16:00:30.123 - [DEBUG] ||| print_pe_metadata ||| data_in_opID: ['14', None, None, None]
2026-06-19 16:00:30.123 - [DEBUG] ||| print_pe_metadata ||| data_out_opID: ['12', None, None, None]
2026-06-19 16:00:30.123 - [DEBUG] ||| print_pe_metadata ||| pred_in_opID: [None, None]
2026-06-19 16:00:30.123 - [DEBUG] ||| print_pe_metadata ||| pred_out_opID: [None, None]
2026-06-19 16:00:30.124 - [DEBUG] ||| print_pe_metadata ||| pe_meta[391]:
2026-06-19 16:00:30.124 - [DEBUG] ||| print_pe_metadata ||| opcode: [(['12', '15'], 'add', '13')]
2026-06-19 16:00:30.124 - [DEBUG] ||| print_pe_metadata ||| data_in_opID: ['12', '15']
2026-06-19 16:00:30.124 - [DEBUG] ||| print_pe_metadata ||| data_out_opID: ['13', None]
2026-06-19 16:00:30.125 - [DEBUG] ||| print_pe_metadata ||| pred_in_opID: [None]
2026-06-19 16:00:30.125 - [DEBUG] ||| print_pe_metadata ||| pred_out_opID: [None]
2026-06-19 16:00:30.125 - [DEBUG] ||| print_pe_metadata ||| pe_meta[147]:
2026-06-19 16:00:30.125 - [DEBUG] ||| print_pe_metadata ||| opcode: [(['19'], 'mul', '14')]
2026-06-19 16:00:30.125 - [DEBUG] ||| print_pe_metadata ||| data_in_opID: [None, '19', None, None]
2026-06-19 16:00:30.125 - [DEBUG] ||| print_pe_metadata ||| data_out_opID: ['14', None, None, None]
2026-06-19 16:00:30.126 - [DEBUG] ||| print_pe_metadata ||| pred_in_opID: [None, None]
2026-06-19 16:00:30.126 - [DEBUG] ||| print_pe_metadata ||| pred_out_opID: [None, None]
2026-06-19 16:00:30.126 - [DEBUG] ||| print_pe_metadata ||| pe_meta[275]:
2026-06-19 16:00:30.126 - [DEBUG] ||| print_pe_metadata ||| opcode: [([], 'mul', '15')]
2026-06-19 16:00:30.126 - [DEBUG] ||| print_pe_metadata ||| data_in_opID: [None, None, None, None]
2026-06-19 16:00:30.126 - [DEBUG] ||| print_pe_metadata ||| data_out_opID: [None, '15', None, None]
2026-06-19 16:00:30.126 - [DEBUG] ||| print_pe_metadata ||| pred_in_opID: [None, None]
2026-06-19 16:00:30.127 - [DEBUG] ||| print_pe_metadata ||| pred_out_opID: [None, None]
2026-06-19 16:00:30.127 - [DEBUG] ||| print_pe_metadata ||| pe_meta[6]:
2026-06-19 16:00:30.127 - [DEBUG] ||| print_pe_metadata ||| opcode: [(['17'], 'add', '18'), (['6'], 'split', '19')]
2026-06-19 16:00:30.127 - [DEBUG] ||| print_pe_metadata ||| data_in_opID: ['6', '17']
2026-06-19 16:00:30.128 - [DEBUG] ||| print_pe_metadata ||| data_out_opID: ['19', '19']
2026-06-19 16:00:30.128 - [DEBUG] ||| print_pe_metadata ||| pred_in_opID: [None]
2026-06-19 16:00:30.128 - [DEBUG] ||| print_pe_metadata ||| pred_out_opID: [None]
2026-06-19 16:00:30.128 - [DEBUG] ||| print_pe_metadata ||| pe_meta[7]:
2026-06-19 16:00:30.128 - [DEBUG] ||| print_pe_metadata ||| opcode: [(['6'], 'split', '20'), (['20'], 'icmp', '0')]
2026-06-19 16:00:30.129 - [DEBUG] ||| print_pe_metadata ||| data_in_opID: ['20', '20']
2026-06-19 16:00:30.129 - [DEBUG] ||| print_pe_metadata ||| data_out_opID: ['20', '20']
2026-06-19 16:00:30.129 - [DEBUG] ||| print_pe_metadata ||| pred_in_opID: [None]
2026-06-19 16:00:30.129 - [DEBUG] ||| print_pe_metadata ||| pred_out_opID: ['0']
2026-06-19 16:00:30.129 - [DEBUG] ||| print_pe_metadata ||| pe_meta[132]:
2026-06-19 16:00:30.130 - [DEBUG] ||| print_pe_metadata ||| opcode: [(['20'], 'bridge', '20'), (['20'], 'bridge', '20'), (['14'], 'add', '12'), (['20'], 'bridge', '20')]
2026-06-19 16:00:30.130 - [DEBUG] ||| print_pe_metadata ||| data_in_opID: ['20', '20', '14', '20']
2026-06-19 16:00:30.130 - [DEBUG] ||| print_pe_metadata ||| data_out_opID: ['20', '20', '12', '20']
2026-06-19 16:00:30.131 - [DEBUG] ||| print_pe_metadata ||| pred_in_opID: [None, None]
2026-06-19 16:00:30.131 - [DEBUG] ||| print_pe_metadata ||| pred_out_opID: [None, None]
2026-06-19 16:00:30.131 - [DEBUG] ||| print_pe_metadata ||| pe_meta[8]:
2026-06-19 16:00:30.131 - [DEBUG] ||| print_pe_metadata ||| opcode: [([], 'load', '1')]
2026-06-19 16:00:30.131 - [DEBUG] ||| print_pe_metadata ||| data_in_opID: [None, None]
2026-06-19 16:00:30.132 - [DEBUG] ||| print_pe_metadata ||| data_out_opID: ['1', None]
2026-06-19 16:00:30.132 - [DEBUG] ||| print_pe_metadata ||| pred_in_opID: [None]
2026-06-19 16:00:30.132 - [DEBUG] ||| print_pe_metadata ||| pred_out_opID: [None]
2026-06-19 16:00:30.132 - [DEBUG] ||| print_pe_metadata ||| pe_meta[149]:
2026-06-19 16:00:30.133 - [DEBUG] ||| print_pe_metadata ||| opcode: [(['1'], 'add', '2')]
2026-06-19 16:00:30.133 - [DEBUG] ||| print_pe_metadata ||| data_in_opID: ['1', None, None, None]
2026-06-19 16:00:30.133 - [DEBUG] ||| print_pe_metadata ||| data_out_opID: ['2', '2', None, None]
2026-06-19 16:00:30.133 - [DEBUG] ||| print_pe_metadata ||| pred_in_opID: [None, None]
2026-06-19 16:00:30.133 - [DEBUG] ||| print_pe_metadata ||| pred_out_opID: [None, None]
2026-06-19 16:00:30.134 - [DEBUG] ||| print_pe_metadata ||| pe_meta[277]:
2026-06-19 16:00:30.134 - [DEBUG] ||| print_pe_metadata ||| opcode: [(['2'], 'store', '3')]
2026-06-19 16:00:30.134 - [DEBUG] ||| print_pe_metadata ||| data_in_opID: ['2', None, None, None]
2026-06-19 16:00:30.134 - [DEBUG] ||| print_pe_metadata ||| data_out_opID: [None, None, None, None]
2026-06-19 16:00:30.134 - [DEBUG] ||| print_pe_metadata ||| pred_in_opID: [None, None]
2026-06-19 16:00:30.135 - [DEBUG] ||| print_pe_metadata ||| pred_out_opID: [None, None]
2026-06-19 16:00:30.135 - [DEBUG] ||| print_pe_metadata ||| pe_meta[150]:
2026-06-19 16:00:30.135 - [DEBUG] ||| print_pe_metadata ||| opcode: [(['0', '4'], 'add', '5')]
2026-06-19 16:00:30.135 - [DEBUG] ||| print_pe_metadata ||| data_in_opID: ['4', None, None, None]
2026-06-19 16:00:30.135 - [DEBUG] ||| print_pe_metadata ||| data_out_opID: ['5', None, None, None]
2026-06-19 16:00:30.135 - [DEBUG] ||| print_pe_metadata ||| pred_in_opID: ['0', None]
2026-06-19 16:00:30.136 - [DEBUG] ||| print_pe_metadata ||| pred_out_opID: [None, None]
2026-06-19 16:00:30.136 - [DEBUG] ||| print_pe_metadata ||| pe_meta[279]:
2026-06-19 16:00:30.136 - [DEBUG] ||| print_pe_metadata ||| opcode: [(['2', '5'], 'add', '6')]
2026-06-19 16:00:30.136 - [DEBUG] ||| print_pe_metadata ||| data_in_opID: ['5', '2', None, None]
2026-06-19 16:00:30.136 - [DEBUG] ||| print_pe_metadata ||| data_out_opID: ['6', '6', None, None]
2026-06-19 16:00:30.137 - [DEBUG] ||| print_pe_metadata ||| pred_in_opID: [None, None]
2026-06-19 16:00:30.137 - [DEBUG] ||| print_pe_metadata ||| pred_out_opID: [None, None]
2026-06-19 16:00:30.137 - [DEBUG] ||| print_pe_metadata ||| pe_meta[392]:
2026-06-19 16:00:30.137 - [DEBUG] ||| print_pe_metadata ||| opcode: [([], 'mul', '9')]
2026-06-19 16:00:30.137 - [DEBUG] ||| print_pe_metadata ||| data_in_opID: [None, None]
2026-06-19 16:00:30.138 - [DEBUG] ||| print_pe_metadata ||| data_out_opID: ['9', None]
2026-06-19 16:00:30.138 - [DEBUG] ||| print_pe_metadata ||| pred_in_opID: [None]
2026-06-19 16:00:30.138 - [DEBUG] ||| print_pe_metadata ||| pred_out_opID: [None]
2026-06-19 16:00:30.138 - [DEBUG] ||| print_pe_metadata ||| pe_meta[152]:
2026-06-19 16:00:30.138 - [DEBUG] ||| print_pe_metadata ||| opcode: [(['8'], 'load', '11')]
2026-06-19 16:00:30.139 - [DEBUG] ||| print_pe_metadata ||| data_in_opID: [None, '8', None, None]
2026-06-19 16:00:30.139 - [DEBUG] ||| print_pe_metadata ||| data_out_opID: ['11', None, None, None]
2026-06-19 16:00:30.139 - [DEBUG] ||| print_pe_metadata ||| pred_in_opID: [None, None]
2026-06-19 16:00:30.139 - [DEBUG] ||| print_pe_metadata ||| pred_out_opID: [None, None]
2026-06-19 16:00:30.140 - [DEBUG] ||| print_pe_metadata ||| pe_meta[9]:
2026-06-19 16:00:30.140 - [DEBUG] ||| print_pe_metadata ||| opcode: [(['12', '15'], 'add', '13')]
2026-06-19 16:00:30.140 - [DEBUG] ||| print_pe_metadata ||| data_in_opID: ['12', '15']
2026-06-19 16:00:30.141 - [DEBUG] ||| print_pe_metadata ||| data_out_opID: ['13', None]
2026-06-19 16:00:30.141 - [DEBUG] ||| print_pe_metadata ||| pred_in_opID: [None]
2026-06-19 16:00:30.141 - [DEBUG] ||| print_pe_metadata ||| pred_out_opID: [None]
2026-06-19 16:00:30.141 - [DEBUG] ||| print_pe_metadata ||| pe_meta[155]:
2026-06-19 16:00:30.142 - [DEBUG] ||| print_pe_metadata ||| opcode: [(['13'], 'load', '16')]
2026-06-19 16:00:30.142 - [DEBUG] ||| print_pe_metadata ||| data_in_opID: ['13', None, None, None]
2026-06-19 16:00:30.142 - [DEBUG] ||| print_pe_metadata ||| data_out_opID: [None, '16', None, None]
2026-06-19 16:00:30.143 - [DEBUG] ||| print_pe_metadata ||| pred_in_opID: [None, None]
2026-06-19 16:00:30.143 - [DEBUG] ||| print_pe_metadata ||| pred_out_opID: [None, None]
2026-06-19 16:00:30.143 - [DEBUG] ||| print_pe_metadata ||| pe_meta[283]:
2026-06-19 16:00:30.143 - [DEBUG] ||| print_pe_metadata ||| opcode: [(['11', '16'], 'mul', '17')]
2026-06-19 16:00:30.144 - [DEBUG] ||| print_pe_metadata ||| data_in_opID: ['11', '16', None, None]
2026-06-19 16:00:30.144 - [DEBUG] ||| print_pe_metadata ||| data_out_opID: ['17', None, None, None]
2026-06-19 16:00:30.144 - [DEBUG] ||| print_pe_metadata ||| pred_in_opID: [None, None]
2026-06-19 16:00:30.144 - [DEBUG] ||| print_pe_metadata ||| pred_out_opID: [None, None]
2026-06-19 16:00:30.144 - [DEBUG] ||| print_pe_metadata ||| pe_meta[393]:
2026-06-19 16:00:30.144 - [DEBUG] ||| print_pe_metadata ||| opcode: [(['17'], 'add', '18'), (['6'], 'split', '20')]
2026-06-19 16:00:30.145 - [DEBUG] ||| print_pe_metadata ||| data_in_opID: ['17', '6']
2026-06-19 16:00:30.145 - [DEBUG] ||| print_pe_metadata ||| data_out_opID: ['20', '20']
2026-06-19 16:00:30.145 - [DEBUG] ||| print_pe_metadata ||| pred_in_opID: [None]
2026-06-19 16:00:30.145 - [DEBUG] ||| print_pe_metadata ||| pred_out_opID: [None]
2026-06-19 16:00:30.145 - [DEBUG] ||| print_pe_metadata ||| pe_meta[259]:
2026-06-19 16:00:30.145 - [DEBUG] ||| print_pe_metadata ||| opcode: [(['8'], 'bridge', '8'), (['20'], 'bridge', '20'), (['9'], 'add', '7')]
2026-06-19 16:00:30.146 - [DEBUG] ||| print_pe_metadata ||| data_in_opID: ['20', '20', '9', None]
2026-06-19 16:00:30.146 - [DEBUG] ||| print_pe_metadata ||| data_out_opID: ['20', None, '7', '8']
2026-06-19 16:00:30.146 - [DEBUG] ||| print_pe_metadata ||| pred_in_opID: [None, None]
2026-06-19 16:00:30.146 - [DEBUG] ||| print_pe_metadata ||| pred_out_opID: [None, None]
2026-06-19 16:00:30.146 - [DEBUG] ||| print_pe_metadata ||| pe_meta[10]:
2026-06-19 16:00:30.146 - [DEBUG] ||| print_pe_metadata ||| opcode: [(['20'], 'icmp', '0'), (['6'], 'split', '19')]
2026-06-19 16:00:30.147 - [DEBUG] ||| print_pe_metadata ||| data_in_opID: ['6', '20']
2026-06-19 16:00:30.147 - [DEBUG] ||| print_pe_metadata ||| data_out_opID: ['19', '19']
2026-06-19 16:00:30.147 - [DEBUG] ||| print_pe_metadata ||| pred_in_opID: [None]
2026-06-19 16:00:30.147 - [DEBUG] ||| print_pe_metadata ||| pred_out_opID: ['0']
2026-06-19 16:00:30.147 - [DEBUG] ||| print_pe_metadata ||| pe_meta[11]:
2026-06-19 16:00:30.148 - [DEBUG] ||| print_pe_metadata ||| opcode: [([], 'load', '1')]
2026-06-19 16:00:30.148 - [DEBUG] ||| print_pe_metadata ||| data_in_opID: [None, None]
2026-06-19 16:00:30.148 - [DEBUG] ||| print_pe_metadata ||| data_out_opID: ['1', None]
2026-06-19 16:00:30.148 - [DEBUG] ||| print_pe_metadata ||| pred_in_opID: [None]
2026-06-19 16:00:30.148 - [DEBUG] ||| print_pe_metadata ||| pred_out_opID: [None]
2026-06-19 16:00:30.148 - [DEBUG] ||| print_pe_metadata ||| pe_meta[156]:
2026-06-19 16:00:30.148 - [DEBUG] ||| print_pe_metadata ||| opcode: [(['1'], 'add', '2')]
2026-06-19 16:00:30.149 - [DEBUG] ||| print_pe_metadata ||| data_in_opID: ['1', None, None, None]
2026-06-19 16:00:30.149 - [DEBUG] ||| print_pe_metadata ||| data_out_opID: ['2', '2', None, None]
2026-06-19 16:00:30.149 - [DEBUG] ||| print_pe_metadata ||| pred_in_opID: [None, None]
2026-06-19 16:00:30.149 - [DEBUG] ||| print_pe_metadata ||| pred_out_opID: [None, None]
2026-06-19 16:00:30.149 - [DEBUG] ||| print_pe_metadata ||| pe_meta[284]:
2026-06-19 16:00:30.150 - [DEBUG] ||| print_pe_metadata ||| opcode: [(['2'], 'store', '3')]
2026-06-19 16:00:30.150 - [DEBUG] ||| print_pe_metadata ||| data_in_opID: ['2', None, None, None]
2026-06-19 16:00:30.150 - [DEBUG] ||| print_pe_metadata ||| data_out_opID: [None, None, None, None]
2026-06-19 16:00:30.150 - [DEBUG] ||| print_pe_metadata ||| pred_in_opID: [None, None]
2026-06-19 16:00:30.150 - [DEBUG] ||| print_pe_metadata ||| pred_out_opID: [None, None]
2026-06-19 16:00:30.150 - [DEBUG] ||| print_pe_metadata ||| pe_meta[157]:
2026-06-19 16:00:30.151 - [DEBUG] ||| print_pe_metadata ||| opcode: [(['0', '4'], 'add', '5')]
2026-06-19 16:00:30.151 - [DEBUG] ||| print_pe_metadata ||| data_in_opID: ['4', None, None, None]
2026-06-19 16:00:30.151 - [DEBUG] ||| print_pe_metadata ||| data_out_opID: ['5', None, None, None]
2026-06-19 16:00:30.151 - [DEBUG] ||| print_pe_metadata ||| pred_in_opID: ['0', None]
2026-06-19 16:00:30.151 - [DEBUG] ||| print_pe_metadata ||| pred_out_opID: [None, None]
2026-06-19 16:00:30.152 - [DEBUG] ||| print_pe_metadata ||| pe_meta[286]:
2026-06-19 16:00:30.152 - [DEBUG] ||| print_pe_metadata ||| opcode: [(['2', '5'], 'add', '6')]
2026-06-19 16:00:30.152 - [DEBUG] ||| print_pe_metadata ||| data_in_opID: ['5', '2', None, None]
2026-06-19 16:00:30.152 - [DEBUG] ||| print_pe_metadata ||| data_out_opID: ['6', '6', None, None]
2026-06-19 16:00:30.152 - [DEBUG] ||| print_pe_metadata ||| pred_in_opID: [None, None]
2026-06-19 16:00:30.152 - [DEBUG] ||| print_pe_metadata ||| pred_out_opID: [None, None]
2026-06-19 16:00:30.153 - [DEBUG] ||| print_pe_metadata ||| pe_meta[394]:
2026-06-19 16:00:30.153 - [DEBUG] ||| print_pe_metadata ||| opcode: [([], 'mul', '9')]
2026-06-19 16:00:30.153 - [DEBUG] ||| print_pe_metadata ||| data_in_opID: [None, None]
2026-06-19 16:00:30.153 - [DEBUG] ||| print_pe_metadata ||| data_out_opID: ['9', None]
2026-06-19 16:00:30.153 - [DEBUG] ||| print_pe_metadata ||| pred_in_opID: [None]
2026-06-19 16:00:30.153 - [DEBUG] ||| print_pe_metadata ||| pred_out_opID: [None]
2026-06-19 16:00:30.154 - [DEBUG] ||| print_pe_metadata ||| pe_meta[159]:
2026-06-19 16:00:30.154 - [DEBUG] ||| print_pe_metadata ||| opcode: [(['8'], 'load', '11')]
2026-06-19 16:00:30.154 - [DEBUG] ||| print_pe_metadata ||| data_in_opID: ['8', None, None, None]
2026-06-19 16:00:30.154 - [DEBUG] ||| print_pe_metadata ||| data_out_opID: ['11', None, None, None]
2026-06-19 16:00:30.154 - [DEBUG] ||| print_pe_metadata ||| pred_in_opID: [None, None]
2026-06-19 16:00:30.154 - [DEBUG] ||| print_pe_metadata ||| pred_out_opID: [None, None]
2026-06-19 16:00:30.154 - [DEBUG] ||| print_pe_metadata ||| pe_meta[12]:
2026-06-19 16:00:30.155 - [DEBUG] ||| print_pe_metadata ||| opcode: [(['12', '15'], 'add', '13')]
2026-06-19 16:00:30.155 - [DEBUG] ||| print_pe_metadata ||| data_in_opID: ['12', '15']
2026-06-19 16:00:30.155 - [DEBUG] ||| print_pe_metadata ||| data_out_opID: ['13', None]
2026-06-19 16:00:30.155 - [DEBUG] ||| print_pe_metadata ||| pred_in_opID: [None]
2026-06-19 16:00:30.155 - [DEBUG] ||| print_pe_metadata ||| pred_out_opID: [None]
2026-06-19 16:00:30.156 - [DEBUG] ||| print_pe_metadata ||| pe_meta[162]:
2026-06-19 16:00:30.156 - [DEBUG] ||| print_pe_metadata ||| opcode: [(['13'], 'load', '16')]
2026-06-19 16:00:30.156 - [DEBUG] ||| print_pe_metadata ||| data_in_opID: ['13', None, None, None]
2026-06-19 16:00:30.156 - [DEBUG] ||| print_pe_metadata ||| data_out_opID: [None, '16', None, None]
2026-06-19 16:00:30.156 - [DEBUG] ||| print_pe_metadata ||| pred_in_opID: [None, None]
2026-06-19 16:00:30.156 - [DEBUG] ||| print_pe_metadata ||| pred_out_opID: [None, None]
2026-06-19 16:00:30.156 - [DEBUG] ||| print_pe_metadata ||| pe_meta[290]:
2026-06-19 16:00:30.157 - [DEBUG] ||| print_pe_metadata ||| opcode: [(['11', '16'], 'mul', '17')]
2026-06-19 16:00:30.157 - [DEBUG] ||| print_pe_metadata ||| data_in_opID: ['11', '16', None, None]
2026-06-19 16:00:30.157 - [DEBUG] ||| print_pe_metadata ||| data_out_opID: [None, '17', None, None]
2026-06-19 16:00:30.157 - [DEBUG] ||| print_pe_metadata ||| pred_in_opID: [None, None]
2026-06-19 16:00:30.157 - [DEBUG] ||| print_pe_metadata ||| pred_out_opID: [None, None]
2026-06-19 16:00:30.158 - [DEBUG] ||| print_pe_metadata ||| pe_meta[395]:
2026-06-19 16:00:30.158 - [DEBUG] ||| print_pe_metadata ||| opcode: [(['17'], 'add', '18'), (['6'], 'split', '19')]
2026-06-19 16:00:30.158 - [DEBUG] ||| print_pe_metadata ||| data_in_opID: ['6', '17']
2026-06-19 16:00:30.158 - [DEBUG] ||| print_pe_metadata ||| data_out_opID: ['19', '19']
2026-06-19 16:00:30.158 - [DEBUG] ||| print_pe_metadata ||| pred_in_opID: [None]
2026-06-19 16:00:30.158 - [DEBUG] ||| print_pe_metadata ||| pred_out_opID: [None]
2026-06-19 16:00:30.159 - [DEBUG] ||| print_pe_metadata ||| pe_meta[396]:
2026-06-19 16:00:30.159 - [DEBUG] ||| print_pe_metadata ||| opcode: [(['6'], 'split', '20'), (['20'], 'icmp', '0')]
2026-06-19 16:00:30.159 - [DEBUG] ||| print_pe_metadata ||| data_in_opID: ['20', '6']
2026-06-19 16:00:30.159 - [DEBUG] ||| print_pe_metadata ||| data_out_opID: ['20', '20']
2026-06-19 16:00:30.159 - [DEBUG] ||| print_pe_metadata ||| pred_in_opID: [None]
2026-06-19 16:00:30.160 - [DEBUG] ||| print_pe_metadata ||| pred_out_opID: ['0']
2026-06-19 16:00:30.160 - [DEBUG] ||| print_pe_metadata ||| pe_meta[260]:
2026-06-19 16:00:30.160 - [DEBUG] ||| print_pe_metadata ||| opcode: [(['8'], 'bridge', '8'), (['20'], 'bridge', '20'), (['19'], 'mul', '10')]
2026-06-19 16:00:30.160 - [DEBUG] ||| print_pe_metadata ||| data_in_opID: ['16', '20', '19', None]
2026-06-19 16:00:30.160 - [DEBUG] ||| print_pe_metadata ||| data_out_opID: ['20', None, '8', '10']
2026-06-19 16:00:30.161 - [DEBUG] ||| print_pe_metadata ||| pred_in_opID: [None, None]
2026-06-19 16:00:30.161 - [DEBUG] ||| print_pe_metadata ||| pred_out_opID: [None, None]
2026-06-19 16:00:30.161 - [DEBUG] ||| print_pe_metadata ||| pe_meta[397]:
2026-06-19 16:00:30.161 - [DEBUG] ||| print_pe_metadata ||| opcode: [([], 'load', '1')]
2026-06-19 16:00:30.161 - [DEBUG] ||| print_pe_metadata ||| data_in_opID: [None, None]
2026-06-19 16:00:30.161 - [DEBUG] ||| print_pe_metadata ||| data_out_opID: ['1', None]
2026-06-19 16:00:30.162 - [DEBUG] ||| print_pe_metadata ||| pred_in_opID: [None]
2026-06-19 16:00:30.162 - [DEBUG] ||| print_pe_metadata ||| pred_out_opID: [None]
2026-06-19 16:00:30.162 - [DEBUG] ||| print_pe_metadata ||| pe_meta[164]:
2026-06-19 16:00:30.162 - [DEBUG] ||| print_pe_metadata ||| opcode: [(['20'], 'add', '4')]
2026-06-19 16:00:30.162 - [DEBUG] ||| print_pe_metadata ||| data_in_opID: ['20', None, None, None]
2026-06-19 16:00:30.162 - [DEBUG] ||| print_pe_metadata ||| data_out_opID: ['4', None, None, None]
2026-06-19 16:00:30.163 - [DEBUG] ||| print_pe_metadata ||| pred_in_opID: [None, None]
2026-06-19 16:00:30.163 - [DEBUG] ||| print_pe_metadata ||| pred_out_opID: [None, None]
2026-06-19 16:00:30.163 - [DEBUG] ||| print_pe_metadata ||| pe_meta[166]:
2026-06-19 16:00:30.163 - [DEBUG] ||| print_pe_metadata ||| opcode: [(['9'], 'add', '7')]
2026-06-19 16:00:30.163 - [DEBUG] ||| print_pe_metadata ||| data_in_opID: ['9', None, None, None]
2026-06-19 16:00:30.163 - [DEBUG] ||| print_pe_metadata ||| data_out_opID: ['7', None, None, None]
2026-06-19 16:00:30.164 - [DEBUG] ||| print_pe_metadata ||| pred_in_opID: [None, None]
2026-06-19 16:00:30.164 - [DEBUG] ||| print_pe_metadata ||| pred_out_opID: [None, None]
2026-06-19 16:00:30.164 - [DEBUG] ||| print_pe_metadata ||| pe_meta[293]:
2026-06-19 16:00:30.164 - [DEBUG] ||| print_pe_metadata ||| opcode: [(['7', '10'], 'add', '8')]
2026-06-19 16:00:30.164 - [DEBUG] ||| print_pe_metadata ||| data_in_opID: ['7', '10', None, None]
2026-06-19 16:00:30.164 - [DEBUG] ||| print_pe_metadata ||| data_out_opID: [None, None, '8', None]
2026-06-19 16:00:30.165 - [DEBUG] ||| print_pe_metadata ||| pred_in_opID: [None, None]
2026-06-19 16:00:30.165 - [DEBUG] ||| print_pe_metadata ||| pred_out_opID: [None, None]
2026-06-19 16:00:30.165 - [DEBUG] ||| print_pe_metadata ||| pe_meta[13]:
2026-06-19 16:00:30.165 - [DEBUG] ||| print_pe_metadata ||| opcode: [([], 'mul', '9')]
2026-06-19 16:00:30.165 - [DEBUG] ||| print_pe_metadata ||| data_in_opID: [None, None]
2026-06-19 16:00:30.166 - [DEBUG] ||| print_pe_metadata ||| data_out_opID: ['9', None]
2026-06-19 16:00:30.166 - [DEBUG] ||| print_pe_metadata ||| pred_in_opID: [None]
2026-06-19 16:00:30.166 - [DEBUG] ||| print_pe_metadata ||| pred_out_opID: [None]
2026-06-19 16:00:30.166 - [DEBUG] ||| print_pe_metadata ||| pe_meta[167]:
2026-06-19 16:00:30.166 - [DEBUG] ||| print_pe_metadata ||| opcode: [(['19'], 'mul', '10')]
2026-06-19 16:00:30.166 - [DEBUG] ||| print_pe_metadata ||| data_in_opID: ['19', None, None, None]
2026-06-19 16:00:30.167 - [DEBUG] ||| print_pe_metadata ||| data_out_opID: [None, '10', None, None]
2026-06-19 16:00:30.167 - [DEBUG] ||| print_pe_metadata ||| pred_in_opID: [None, None]
2026-06-19 16:00:30.167 - [DEBUG] ||| print_pe_metadata ||| pred_out_opID: [None, None]
2026-06-19 16:00:30.167 - [DEBUG] ||| print_pe_metadata ||| pe_meta[295]:
2026-06-19 16:00:30.167 - [DEBUG] ||| print_pe_metadata ||| opcode: [(['14'], 'add', '12')]
2026-06-19 16:00:30.167 - [DEBUG] ||| print_pe_metadata ||| data_in_opID: ['14', None, None, None]
2026-06-19 16:00:30.168 - [DEBUG] ||| print_pe_metadata ||| data_out_opID: ['12', None, None, None]
2026-06-19 16:00:30.168 - [DEBUG] ||| print_pe_metadata ||| pred_in_opID: [None, None]
2026-06-19 16:00:30.168 - [DEBUG] ||| print_pe_metadata ||| pred_out_opID: [None, None]
2026-06-19 16:00:30.168 - [DEBUG] ||| print_pe_metadata ||| pe_meta[398]:
2026-06-19 16:00:30.168 - [DEBUG] ||| print_pe_metadata ||| opcode: [(['12', '15'], 'add', '13')]
2026-06-19 16:00:30.168 - [DEBUG] ||| print_pe_metadata ||| data_in_opID: ['12', '15']
2026-06-19 16:00:30.169 - [DEBUG] ||| print_pe_metadata ||| data_out_opID: ['13', None]
2026-06-19 16:00:30.169 - [DEBUG] ||| print_pe_metadata ||| pred_in_opID: [None]
2026-06-19 16:00:30.169 - [DEBUG] ||| print_pe_metadata ||| pred_out_opID: [None]
2026-06-19 16:00:30.169 - [DEBUG] ||| print_pe_metadata ||| pe_meta[168]:
2026-06-19 16:00:30.169 - [DEBUG] ||| print_pe_metadata ||| opcode: [(['19'], 'mul', '14')]
2026-06-19 16:00:30.169 - [DEBUG] ||| print_pe_metadata ||| data_in_opID: [None, '19', None, None]
2026-06-19 16:00:30.169 - [DEBUG] ||| print_pe_metadata ||| data_out_opID: ['14', None, None, None]
2026-06-19 16:00:30.170 - [DEBUG] ||| print_pe_metadata ||| pred_in_opID: [None, None]
2026-06-19 16:00:30.170 - [DEBUG] ||| print_pe_metadata ||| pred_out_opID: [None, None]
2026-06-19 16:00:30.170 - [DEBUG] ||| print_pe_metadata ||| pe_meta[296]:
2026-06-19 16:00:30.170 - [DEBUG] ||| print_pe_metadata ||| opcode: [([], 'mul', '15')]
2026-06-19 16:00:30.170 - [DEBUG] ||| print_pe_metadata ||| data_in_opID: [None, None, None, None]
2026-06-19 16:00:30.170 - [DEBUG] ||| print_pe_metadata ||| data_out_opID: [None, '15', None, None]
2026-06-19 16:00:30.171 - [DEBUG] ||| print_pe_metadata ||| pred_in_opID: [None, None]
2026-06-19 16:00:30.171 - [DEBUG] ||| print_pe_metadata ||| pred_out_opID: [None, None]
2026-06-19 16:00:30.171 - [DEBUG] ||| print_pe_metadata ||| pe_meta[14]:
2026-06-19 16:00:30.171 - [DEBUG] ||| print_pe_metadata ||| opcode: [(['17'], 'add', '18'), (['6'], 'split', '20')]
2026-06-19 16:00:30.171 - [DEBUG] ||| print_pe_metadata ||| data_in_opID: ['17', '6']
2026-06-19 16:00:30.172 - [DEBUG] ||| print_pe_metadata ||| data_out_opID: ['20', '20']
2026-06-19 16:00:30.172 - [DEBUG] ||| print_pe_metadata ||| pred_in_opID: [None]
2026-06-19 16:00:30.172 - [DEBUG] ||| print_pe_metadata ||| pred_out_opID: [None]
2026-06-19 16:00:30.172 - [DEBUG] ||| print_pe_metadata ||| pe_meta[399]:
2026-06-19 16:00:30.172 - [DEBUG] ||| print_pe_metadata ||| opcode: [(['20'], 'icmp', '0'), (['6'], 'split', '19')]
2026-06-19 16:00:30.172 - [DEBUG] ||| print_pe_metadata ||| data_in_opID: ['20', '6']
2026-06-19 16:00:30.173 - [DEBUG] ||| print_pe_metadata ||| data_out_opID: ['19', '19']
2026-06-19 16:00:30.173 - [DEBUG] ||| print_pe_metadata ||| pred_in_opID: [None]
2026-06-19 16:00:30.173 - [DEBUG] ||| print_pe_metadata ||| pred_out_opID: ['0']
2026-06-19 16:00:30.173 - [DEBUG] ||| print_pe_metadata ||| pe_meta[400]:
2026-06-19 16:00:30.173 - [DEBUG] ||| print_pe_metadata ||| opcode: [([], 'load', '1')]
2026-06-19 16:00:30.173 - [DEBUG] ||| print_pe_metadata ||| data_in_opID: [None, None]
2026-06-19 16:00:30.174 - [DEBUG] ||| print_pe_metadata ||| data_out_opID: ['1', None]
2026-06-19 16:00:30.174 - [DEBUG] ||| print_pe_metadata ||| pred_in_opID: [None]
2026-06-19 16:00:30.174 - [DEBUG] ||| print_pe_metadata ||| pred_out_opID: [None]
2026-06-19 16:00:30.174 - [DEBUG] ||| print_pe_metadata ||| pe_meta[171]:
2026-06-19 16:00:30.174 - [DEBUG] ||| print_pe_metadata ||| opcode: [(['20'], 'add', '4')]
2026-06-19 16:00:30.175 - [DEBUG] ||| print_pe_metadata ||| data_in_opID: ['20', None, None, None]
2026-06-19 16:00:30.175 - [DEBUG] ||| print_pe_metadata ||| data_out_opID: ['4', None, None, None]
2026-06-19 16:00:30.175 - [DEBUG] ||| print_pe_metadata ||| pred_in_opID: [None, None]
2026-06-19 16:00:30.175 - [DEBUG] ||| print_pe_metadata ||| pred_out_opID: [None, None]
2026-06-19 16:00:30.175 - [DEBUG] ||| print_pe_metadata ||| pe_meta[173]:
2026-06-19 16:00:30.176 - [DEBUG] ||| print_pe_metadata ||| opcode: [(['9'], 'add', '7')]
2026-06-19 16:00:30.176 - [DEBUG] ||| print_pe_metadata ||| data_in_opID: ['9', None, None, None]
2026-06-19 16:00:30.176 - [DEBUG] ||| print_pe_metadata ||| data_out_opID: ['7', None, None, None]
2026-06-19 16:00:30.176 - [DEBUG] ||| print_pe_metadata ||| pred_in_opID: [None, None]
2026-06-19 16:00:30.176 - [DEBUG] ||| print_pe_metadata ||| pred_out_opID: [None, None]
2026-06-19 16:00:30.176 - [DEBUG] ||| print_pe_metadata ||| pe_meta[300]:
2026-06-19 16:00:30.177 - [DEBUG] ||| print_pe_metadata ||| opcode: [(['7', '10'], 'add', '8')]
2026-06-19 16:00:30.177 - [DEBUG] ||| print_pe_metadata ||| data_in_opID: ['7', '10', None, None]
2026-06-19 16:00:30.177 - [DEBUG] ||| print_pe_metadata ||| data_out_opID: [None, None, None, '8']
2026-06-19 16:00:30.177 - [DEBUG] ||| print_pe_metadata ||| pred_in_opID: [None, None]
2026-06-19 16:00:30.177 - [DEBUG] ||| print_pe_metadata ||| pred_out_opID: [None, None]
2026-06-19 16:00:30.177 - [DEBUG] ||| print_pe_metadata ||| pe_meta[15]:
2026-06-19 16:00:30.178 - [DEBUG] ||| print_pe_metadata ||| opcode: [([], 'mul', '9')]
2026-06-19 16:00:30.178 - [DEBUG] ||| print_pe_metadata ||| data_in_opID: [None, None]
2026-06-19 16:00:30.178 - [DEBUG] ||| print_pe_metadata ||| data_out_opID: ['9', None]
2026-06-19 16:00:30.178 - [DEBUG] ||| print_pe_metadata ||| pred_in_opID: [None]
2026-06-19 16:00:30.178 - [DEBUG] ||| print_pe_metadata ||| pred_out_opID: [None]
2026-06-19 16:00:30.179 - [DEBUG] ||| print_pe_metadata ||| pe_meta[174]:
2026-06-19 16:00:30.179 - [DEBUG] ||| print_pe_metadata ||| opcode: [(['19'], 'mul', '10')]
2026-06-19 16:00:30.179 - [DEBUG] ||| print_pe_metadata ||| data_in_opID: ['19', None, None, None]
2026-06-19 16:00:30.179 - [DEBUG] ||| print_pe_metadata ||| data_out_opID: [None, '10', None, None]
2026-06-19 16:00:30.179 - [DEBUG] ||| print_pe_metadata ||| pred_in_opID: [None, None]
2026-06-19 16:00:30.180 - [DEBUG] ||| print_pe_metadata ||| pred_out_opID: [None, None]
2026-06-19 16:00:30.180 - [DEBUG] ||| print_pe_metadata ||| pe_meta[302]:
2026-06-19 16:00:30.180 - [DEBUG] ||| print_pe_metadata ||| opcode: [(['14'], 'add', '12')]
2026-06-19 16:00:30.180 - [DEBUG] ||| print_pe_metadata ||| data_in_opID: ['14', None, None, None]
2026-06-19 16:00:30.180 - [DEBUG] ||| print_pe_metadata ||| data_out_opID: ['12', None, None, None]
2026-06-19 16:00:30.180 - [DEBUG] ||| print_pe_metadata ||| pred_in_opID: [None, None]
2026-06-19 16:00:30.181 - [DEBUG] ||| print_pe_metadata ||| pred_out_opID: [None, None]
2026-06-19 16:00:30.181 - [DEBUG] ||| print_pe_metadata ||| pe_meta[401]:
2026-06-19 16:00:30.181 - [DEBUG] ||| print_pe_metadata ||| opcode: [(['12', '15'], 'add', '13')]
2026-06-19 16:00:30.181 - [DEBUG] ||| print_pe_metadata ||| data_in_opID: ['12', '15']
2026-06-19 16:00:30.181 - [DEBUG] ||| print_pe_metadata ||| data_out_opID: ['13', None]
2026-06-19 16:00:30.181 - [DEBUG] ||| print_pe_metadata ||| pred_in_opID: [None]
2026-06-19 16:00:30.181 - [DEBUG] ||| print_pe_metadata ||| pred_out_opID: [None]
2026-06-19 16:00:30.182 - [DEBUG] ||| print_pe_metadata ||| pe_meta[175]:
2026-06-19 16:00:30.182 - [DEBUG] ||| print_pe_metadata ||| opcode: [(['19'], 'mul', '14')]
2026-06-19 16:00:30.182 - [DEBUG] ||| print_pe_metadata ||| data_in_opID: [None, '19', None, None]
2026-06-19 16:00:30.182 - [DEBUG] ||| print_pe_metadata ||| data_out_opID: ['14', None, None, None]
2026-06-19 16:00:30.182 - [DEBUG] ||| print_pe_metadata ||| pred_in_opID: [None, None]
2026-06-19 16:00:30.183 - [DEBUG] ||| print_pe_metadata ||| pred_out_opID: [None, None]
2026-06-19 16:00:30.183 - [DEBUG] ||| print_pe_metadata ||| pe_meta[303]:
2026-06-19 16:00:30.183 - [DEBUG] ||| print_pe_metadata ||| opcode: [([], 'mul', '15')]
2026-06-19 16:00:30.183 - [DEBUG] ||| print_pe_metadata ||| data_in_opID: [None, None, None, None]
2026-06-19 16:00:30.184 - [DEBUG] ||| print_pe_metadata ||| data_out_opID: [None, '15', None, None]
2026-06-19 16:00:30.184 - [DEBUG] ||| print_pe_metadata ||| pred_in_opID: [None, None]
2026-06-19 16:00:30.184 - [DEBUG] ||| print_pe_metadata ||| pred_out_opID: [None, None]
2026-06-19 16:00:30.184 - [DEBUG] ||| print_pe_metadata ||| pe_meta[16]:
2026-06-19 16:00:30.185 - [DEBUG] ||| print_pe_metadata ||| opcode: [(['17'], 'add', '18'), (['6'], 'split', '19')]
2026-06-19 16:00:30.185 - [DEBUG] ||| print_pe_metadata ||| data_in_opID: ['6', '17']
2026-06-19 16:00:30.185 - [DEBUG] ||| print_pe_metadata ||| data_out_opID: ['19', '19']
2026-06-19 16:00:30.185 - [DEBUG] ||| print_pe_metadata ||| pred_in_opID: [None]
2026-06-19 16:00:30.185 - [DEBUG] ||| print_pe_metadata ||| pred_out_opID: [None]
2026-06-19 16:00:30.185 - [DEBUG] ||| print_pe_metadata ||| pe_meta[17]:
2026-06-19 16:00:30.185 - [DEBUG] ||| print_pe_metadata ||| opcode: [(['6'], 'split', '20'), (['20'], 'icmp', '0')]
2026-06-19 16:00:30.186 - [DEBUG] ||| print_pe_metadata ||| data_in_opID: ['20', '6']
2026-06-19 16:00:30.186 - [DEBUG] ||| print_pe_metadata ||| data_out_opID: ['20', '20']
2026-06-19 16:00:30.186 - [DEBUG] ||| print_pe_metadata ||| pred_in_opID: [None]
2026-06-19 16:00:30.186 - [DEBUG] ||| print_pe_metadata ||| pred_out_opID: ['0']
2026-06-19 16:00:30.186 - [DEBUG] ||| print_pe_metadata ||| pe_meta[18]:
2026-06-19 16:00:30.186 - [DEBUG] ||| print_pe_metadata ||| opcode: [([], 'load', '1')]
2026-06-19 16:00:30.187 - [DEBUG] ||| print_pe_metadata ||| data_in_opID: [None, None]
2026-06-19 16:00:30.187 - [DEBUG] ||| print_pe_metadata ||| data_out_opID: ['1', None]
2026-06-19 16:00:30.187 - [DEBUG] ||| print_pe_metadata ||| pred_in_opID: [None]
2026-06-19 16:00:30.187 - [DEBUG] ||| print_pe_metadata ||| pred_out_opID: [None]
2026-06-19 16:00:30.187 - [DEBUG] ||| print_pe_metadata ||| pe_meta[177]:
2026-06-19 16:00:30.187 - [DEBUG] ||| print_pe_metadata ||| opcode: [(['1'], 'add', '2')]
2026-06-19 16:00:30.188 - [DEBUG] ||| print_pe_metadata ||| data_in_opID: ['1', None, None, None]
2026-06-19 16:00:30.188 - [DEBUG] ||| print_pe_metadata ||| data_out_opID: ['2', '2', None, None]
2026-06-19 16:00:30.188 - [DEBUG] ||| print_pe_metadata ||| pred_in_opID: [None, None]
2026-06-19 16:00:30.188 - [DEBUG] ||| print_pe_metadata ||| pred_out_opID: [None, None]
2026-06-19 16:00:30.188 - [DEBUG] ||| print_pe_metadata ||| pe_meta[305]:
2026-06-19 16:00:30.188 - [DEBUG] ||| print_pe_metadata ||| opcode: [(['2'], 'store', '3')]
2026-06-19 16:00:30.189 - [DEBUG] ||| print_pe_metadata ||| data_in_opID: ['2', None, None, None]
2026-06-19 16:00:30.189 - [DEBUG] ||| print_pe_metadata ||| data_out_opID: [None, None, None, None]
2026-06-19 16:00:30.189 - [DEBUG] ||| print_pe_metadata ||| pred_in_opID: [None, None]
2026-06-19 16:00:30.189 - [DEBUG] ||| print_pe_metadata ||| pred_out_opID: [None, None]
2026-06-19 16:00:30.189 - [DEBUG] ||| print_pe_metadata ||| pe_meta[178]:
2026-06-19 16:00:30.189 - [DEBUG] ||| print_pe_metadata ||| opcode: [(['0', '4'], 'add', '5')]
2026-06-19 16:00:30.190 - [DEBUG] ||| print_pe_metadata ||| data_in_opID: ['4', None, None, None]
2026-06-19 16:00:30.190 - [DEBUG] ||| print_pe_metadata ||| data_out_opID: ['5', None, None, None]
2026-06-19 16:00:30.190 - [DEBUG] ||| print_pe_metadata ||| pred_in_opID: ['0', None]
2026-06-19 16:00:30.190 - [DEBUG] ||| print_pe_metadata ||| pred_out_opID: [None, None]
2026-06-19 16:00:30.190 - [DEBUG] ||| print_pe_metadata ||| pe_meta[307]:
2026-06-19 16:00:30.190 - [DEBUG] ||| print_pe_metadata ||| opcode: [(['2', '5'], 'add', '6')]
2026-06-19 16:00:30.191 - [DEBUG] ||| print_pe_metadata ||| data_in_opID: ['5', '2', None, None]
2026-06-19 16:00:30.191 - [DEBUG] ||| print_pe_metadata ||| data_out_opID: ['6', '6', None, None]
2026-06-19 16:00:30.191 - [DEBUG] ||| print_pe_metadata ||| pred_in_opID: [None, None]
2026-06-19 16:00:30.191 - [DEBUG] ||| print_pe_metadata ||| pred_out_opID: [None, None]
2026-06-19 16:00:30.191 - [DEBUG] ||| print_pe_metadata ||| pe_meta[402]:
2026-06-19 16:00:30.192 - [DEBUG] ||| print_pe_metadata ||| opcode: [([], 'mul', '9')]
2026-06-19 16:00:30.192 - [DEBUG] ||| print_pe_metadata ||| data_in_opID: [None, None]
2026-06-19 16:00:30.192 - [DEBUG] ||| print_pe_metadata ||| data_out_opID: ['9', None]
2026-06-19 16:00:30.192 - [DEBUG] ||| print_pe_metadata ||| pred_in_opID: [None]
2026-06-19 16:00:30.192 - [DEBUG] ||| print_pe_metadata ||| pred_out_opID: [None]
2026-06-19 16:00:30.192 - [DEBUG] ||| print_pe_metadata ||| pe_meta[180]:
2026-06-19 16:00:30.192 - [DEBUG] ||| print_pe_metadata ||| opcode: [(['8'], 'load', '11')]
2026-06-19 16:00:30.193 - [DEBUG] ||| print_pe_metadata ||| data_in_opID: [None, '8', None, None]
2026-06-19 16:00:30.193 - [DEBUG] ||| print_pe_metadata ||| data_out_opID: ['11', None, None, None]
2026-06-19 16:00:30.193 - [DEBUG] ||| print_pe_metadata ||| pred_in_opID: [None, None]
2026-06-19 16:00:30.193 - [DEBUG] ||| print_pe_metadata ||| pred_out_opID: [None, None]
2026-06-19 16:00:30.193 - [DEBUG] ||| print_pe_metadata ||| pe_meta[19]:
2026-06-19 16:00:30.194 - [DEBUG] ||| print_pe_metadata ||| opcode: [(['12', '15'], 'add', '13')]
2026-06-19 16:00:30.194 - [DEBUG] ||| print_pe_metadata ||| data_in_opID: ['12', '15']
2026-06-19 16:00:30.194 - [DEBUG] ||| print_pe_metadata ||| data_out_opID: ['13', None]
2026-06-19 16:00:30.194 - [DEBUG] ||| print_pe_metadata ||| pred_in_opID: [None]
2026-06-19 16:00:30.194 - [DEBUG] ||| print_pe_metadata ||| pred_out_opID: [None]
2026-06-19 16:00:30.194 - [DEBUG] ||| print_pe_metadata ||| pe_meta[183]:
2026-06-19 16:00:30.194 - [DEBUG] ||| print_pe_metadata ||| opcode: [(['13'], 'load', '16')]
2026-06-19 16:00:30.195 - [DEBUG] ||| print_pe_metadata ||| data_in_opID: ['13', None, None, None]
2026-06-19 16:00:30.195 - [DEBUG] ||| print_pe_metadata ||| data_out_opID: [None, '16', None, None]
2026-06-19 16:00:30.195 - [DEBUG] ||| print_pe_metadata ||| pred_in_opID: [None, None]
2026-06-19 16:00:30.195 - [DEBUG] ||| print_pe_metadata ||| pred_out_opID: [None, None]
2026-06-19 16:00:30.195 - [DEBUG] ||| print_pe_metadata ||| pe_meta[311]:
2026-06-19 16:00:30.195 - [DEBUG] ||| print_pe_metadata ||| opcode: [(['11', '16'], 'mul', '17')]
2026-06-19 16:00:30.196 - [DEBUG] ||| print_pe_metadata ||| data_in_opID: ['11', '16', None, None]
2026-06-19 16:00:30.196 - [DEBUG] ||| print_pe_metadata ||| data_out_opID: [None, '17', None, None]
2026-06-19 16:00:30.196 - [DEBUG] ||| print_pe_metadata ||| pred_in_opID: [None, None]
2026-06-19 16:00:30.196 - [DEBUG] ||| print_pe_metadata ||| pred_out_opID: [None, None]
2026-06-19 16:00:30.196 - [DEBUG] ||| print_pe_metadata ||| pe_meta[403]:
2026-06-19 16:00:30.197 - [DEBUG] ||| print_pe_metadata ||| opcode: [(['17'], 'add', '18'), (['6'], 'split', '20')]
2026-06-19 16:00:30.197 - [DEBUG] ||| print_pe_metadata ||| data_in_opID: ['6', '17']
2026-06-19 16:00:30.197 - [DEBUG] ||| print_pe_metadata ||| data_out_opID: ['20', '20']
2026-06-19 16:00:30.197 - [DEBUG] ||| print_pe_metadata ||| pred_in_opID: [None]
2026-06-19 16:00:30.197 - [DEBUG] ||| print_pe_metadata ||| pred_out_opID: [None]
2026-06-19 16:00:30.197 - [DEBUG] ||| print_pe_metadata ||| pe_meta[261]:
2026-06-19 16:00:30.197 - [DEBUG] ||| print_pe_metadata ||| opcode: [(['8'], 'bridge', '8'), (['20'], 'bridge', '20'), (['19'], 'mul', '14')]
2026-06-19 16:00:30.198 - [DEBUG] ||| print_pe_metadata ||| data_in_opID: ['8', '20', None, '19']
2026-06-19 16:00:30.198 - [DEBUG] ||| print_pe_metadata ||| data_out_opID: ['20', None, '8', '14']
2026-06-19 16:00:30.198 - [DEBUG] ||| print_pe_metadata ||| pred_in_opID: [None, None]
2026-06-19 16:00:30.198 - [DEBUG] ||| print_pe_metadata ||| pred_out_opID: [None, None]
2026-06-19 16:00:30.198 - [DEBUG] ||| print_pe_metadata ||| pe_meta[20]:
2026-06-19 16:00:30.199 - [DEBUG] ||| print_pe_metadata ||| opcode: [(['20'], 'icmp', '0'), (['6'], 'split', '19')]
2026-06-19 16:00:30.199 - [DEBUG] ||| print_pe_metadata ||| data_in_opID: ['6', '20']
2026-06-19 16:00:30.199 - [DEBUG] ||| print_pe_metadata ||| data_out_opID: ['19', '19']
2026-06-19 16:00:30.199 - [DEBUG] ||| print_pe_metadata ||| pred_in_opID: [None]
2026-06-19 16:00:30.199 - [DEBUG] ||| print_pe_metadata ||| pred_out_opID: ['0']
2026-06-19 16:00:30.200 - [DEBUG] ||| print_pe_metadata ||| pe_meta[21]:
2026-06-19 16:00:30.200 - [DEBUG] ||| print_pe_metadata ||| opcode: [([], 'load', '1')]
2026-06-19 16:00:30.200 - [DEBUG] ||| print_pe_metadata ||| data_in_opID: [None, None]
2026-06-19 16:00:30.200 - [DEBUG] ||| print_pe_metadata ||| data_out_opID: ['1', None]
2026-06-19 16:00:30.200 - [DEBUG] ||| print_pe_metadata ||| pred_in_opID: [None]
2026-06-19 16:00:30.200 - [DEBUG] ||| print_pe_metadata ||| pred_out_opID: [None]
2026-06-19 16:00:30.201 - [DEBUG] ||| print_pe_metadata ||| pe_meta[184]:
2026-06-19 16:00:30.201 - [DEBUG] ||| print_pe_metadata ||| opcode: [(['1'], 'add', '2')]
2026-06-19 16:00:30.201 - [DEBUG] ||| print_pe_metadata ||| data_in_opID: ['1', None, None, None]
2026-06-19 16:00:30.201 - [DEBUG] ||| print_pe_metadata ||| data_out_opID: ['2', '2', None, None]
2026-06-19 16:00:30.201 - [DEBUG] ||| print_pe_metadata ||| pred_in_opID: [None, None]
2026-06-19 16:00:30.202 - [DEBUG] ||| print_pe_metadata ||| pred_out_opID: [None, None]
2026-06-19 16:00:30.202 - [DEBUG] ||| print_pe_metadata ||| pe_meta[312]:
2026-06-19 16:00:30.202 - [DEBUG] ||| print_pe_metadata ||| opcode: [(['2'], 'store', '3')]
2026-06-19 16:00:30.202 - [DEBUG] ||| print_pe_metadata ||| data_in_opID: ['2', None, None, None]
2026-06-19 16:00:30.202 - [DEBUG] ||| print_pe_metadata ||| data_out_opID: [None, None, None, None]
2026-06-19 16:00:30.202 - [DEBUG] ||| print_pe_metadata ||| pred_in_opID: [None, None]
2026-06-19 16:00:30.202 - [DEBUG] ||| print_pe_metadata ||| pred_out_opID: [None, None]
2026-06-19 16:00:30.203 - [DEBUG] ||| print_pe_metadata ||| pe_meta[185]:
2026-06-19 16:00:30.203 - [DEBUG] ||| print_pe_metadata ||| opcode: [(['0', '4'], 'add', '5')]
2026-06-19 16:00:30.203 - [DEBUG] ||| print_pe_metadata ||| data_in_opID: ['4', None, None, None]
2026-06-19 16:00:30.203 - [DEBUG] ||| print_pe_metadata ||| data_out_opID: ['5', None, None, None]
2026-06-19 16:00:30.203 - [DEBUG] ||| print_pe_metadata ||| pred_in_opID: ['0', None]
2026-06-19 16:00:30.203 - [DEBUG] ||| print_pe_metadata ||| pred_out_opID: [None, None]
2026-06-19 16:00:30.204 - [DEBUG] ||| print_pe_metadata ||| pe_meta[314]:
2026-06-19 16:00:30.204 - [DEBUG] ||| print_pe_metadata ||| opcode: [(['2', '5'], 'add', '6')]
2026-06-19 16:00:30.204 - [DEBUG] ||| print_pe_metadata ||| data_in_opID: ['5', '2', None, None]
2026-06-19 16:00:30.204 - [DEBUG] ||| print_pe_metadata ||| data_out_opID: ['6', '6', None, None]
2026-06-19 16:00:30.204 - [DEBUG] ||| print_pe_metadata ||| pred_in_opID: [None, None]
2026-06-19 16:00:30.205 - [DEBUG] ||| print_pe_metadata ||| pred_out_opID: [None, None]
2026-06-19 16:00:30.205 - [DEBUG] ||| print_pe_metadata ||| pe_meta[404]:
2026-06-19 16:00:30.205 - [DEBUG] ||| print_pe_metadata ||| opcode: [([], 'mul', '9')]
2026-06-19 16:00:30.205 - [DEBUG] ||| print_pe_metadata ||| data_in_opID: [None, None]
2026-06-19 16:00:30.205 - [DEBUG] ||| print_pe_metadata ||| data_out_opID: ['9', None]
2026-06-19 16:00:30.205 - [DEBUG] ||| print_pe_metadata ||| pred_in_opID: [None]
2026-06-19 16:00:30.205 - [DEBUG] ||| print_pe_metadata ||| pred_out_opID: [None]
2026-06-19 16:00:30.206 - [DEBUG] ||| print_pe_metadata ||| pe_meta[187]:
2026-06-19 16:00:30.206 - [DEBUG] ||| print_pe_metadata ||| opcode: [(['8'], 'load', '11')]
2026-06-19 16:00:30.206 - [DEBUG] ||| print_pe_metadata ||| data_in_opID: [None, '8', None, None]
2026-06-19 16:00:30.206 - [DEBUG] ||| print_pe_metadata ||| data_out_opID: ['11', None, None, None]
2026-06-19 16:00:30.206 - [DEBUG] ||| print_pe_metadata ||| pred_in_opID: [None, None]
2026-06-19 16:00:30.207 - [DEBUG] ||| print_pe_metadata ||| pred_out_opID: [None, None]
2026-06-19 16:00:30.207 - [DEBUG] ||| print_pe_metadata ||| pe_meta[22]:
2026-06-19 16:00:30.207 - [DEBUG] ||| print_pe_metadata ||| opcode: [(['12', '15'], 'add', '13')]
2026-06-19 16:00:30.207 - [DEBUG] ||| print_pe_metadata ||| data_in_opID: ['12', '15']
2026-06-19 16:00:30.207 - [DEBUG] ||| print_pe_metadata ||| data_out_opID: ['13', None]
2026-06-19 16:00:30.207 - [DEBUG] ||| print_pe_metadata ||| pred_in_opID: [None]
2026-06-19 16:00:30.208 - [DEBUG] ||| print_pe_metadata ||| pred_out_opID: [None]
2026-06-19 16:00:30.208 - [DEBUG] ||| print_pe_metadata ||| pe_meta[190]:
2026-06-19 16:00:30.208 - [DEBUG] ||| print_pe_metadata ||| opcode: [(['13'], 'load', '16')]
2026-06-19 16:00:30.208 - [DEBUG] ||| print_pe_metadata ||| data_in_opID: ['13', None, None, None]
2026-06-19 16:00:30.208 - [DEBUG] ||| print_pe_metadata ||| data_out_opID: [None, '16', None, None]
2026-06-19 16:00:30.208 - [DEBUG] ||| print_pe_metadata ||| pred_in_opID: [None, None]
2026-06-19 16:00:30.208 - [DEBUG] ||| print_pe_metadata ||| pred_out_opID: [None, None]
2026-06-19 16:00:30.209 - [DEBUG] ||| print_pe_metadata ||| pe_meta[318]:
2026-06-19 16:00:30.209 - [DEBUG] ||| print_pe_metadata ||| opcode: [(['11', '16'], 'mul', '17')]
2026-06-19 16:00:30.209 - [DEBUG] ||| print_pe_metadata ||| data_in_opID: ['11', '16', None, None]
2026-06-19 16:00:30.209 - [DEBUG] ||| print_pe_metadata ||| data_out_opID: [None, '17', None, None]
2026-06-19 16:00:30.209 - [DEBUG] ||| print_pe_metadata ||| pred_in_opID: [None, None]
2026-06-19 16:00:30.210 - [DEBUG] ||| print_pe_metadata ||| pred_out_opID: [None, None]
2026-06-19 16:00:30.210 - [DEBUG] ||| print_pe_metadata ||| pe_meta[405]:
2026-06-19 16:00:30.210 - [DEBUG] ||| print_pe_metadata ||| opcode: [(['17'], 'add', '18'), (['6'], 'split', '19')]
2026-06-19 16:00:30.210 - [DEBUG] ||| print_pe_metadata ||| data_in_opID: ['6', '17']
2026-06-19 16:00:30.210 - [DEBUG] ||| print_pe_metadata ||| data_out_opID: ['19', '19']
2026-06-19 16:00:30.210 - [DEBUG] ||| print_pe_metadata ||| pred_in_opID: [None]
2026-06-19 16:00:30.210 - [DEBUG] ||| print_pe_metadata ||| pred_out_opID: [None]
2026-06-19 16:00:30.211 - [DEBUG] ||| print_pe_metadata ||| pe_meta[406]:
2026-06-19 16:00:30.211 - [DEBUG] ||| print_pe_metadata ||| opcode: [(['6'], 'split', '20'), (['20'], 'icmp', '0')]
2026-06-19 16:00:30.211 - [DEBUG] ||| print_pe_metadata ||| data_in_opID: ['20', '6']
2026-06-19 16:00:30.211 - [DEBUG] ||| print_pe_metadata ||| data_out_opID: ['20', '20']
2026-06-19 16:00:30.211 - [DEBUG] ||| print_pe_metadata ||| pred_in_opID: [None]
2026-06-19 16:00:30.212 - [DEBUG] ||| print_pe_metadata ||| pred_out_opID: ['0']
2026-06-19 16:00:30.212 - [DEBUG] ||| print_pe_metadata ||| pe_meta[264]:
2026-06-19 16:00:30.212 - [DEBUG] ||| print_pe_metadata ||| opcode: [(['8'], 'bridge', '8'), (['0', '4'], 'add', '5')]
2026-06-19 16:00:30.212 - [DEBUG] ||| print_pe_metadata ||| data_in_opID: [None, '8', '4', None]
2026-06-19 16:00:30.212 - [DEBUG] ||| print_pe_metadata ||| data_out_opID: [None, None, '5', '8']
2026-06-19 16:00:30.212 - [DEBUG] ||| print_pe_metadata ||| pred_in_opID: [None, '0']
2026-06-19 16:00:30.213 - [DEBUG] ||| print_pe_metadata ||| pred_out_opID: [None, None]
2026-06-19 16:00:30.213 - [DEBUG] ||| print_pe_metadata ||| pe_meta[407]:
2026-06-19 16:00:30.213 - [DEBUG] ||| print_pe_metadata ||| opcode: [([], 'load', '1')]
2026-06-19 16:00:30.213 - [DEBUG] ||| print_pe_metadata ||| data_in_opID: [None, None]
2026-06-19 16:00:30.213 - [DEBUG] ||| print_pe_metadata ||| data_out_opID: ['1', None]
2026-06-19 16:00:30.213 - [DEBUG] ||| print_pe_metadata ||| pred_in_opID: [None]
2026-06-19 16:00:30.214 - [DEBUG] ||| print_pe_metadata ||| pred_out_opID: [None]
2026-06-19 16:00:30.214 - [DEBUG] ||| print_pe_metadata ||| pe_meta[192]:
2026-06-19 16:00:30.214 - [DEBUG] ||| print_pe_metadata ||| opcode: [(['20'], 'add', '4')]
2026-06-19 16:00:30.214 - [DEBUG] ||| print_pe_metadata ||| data_in_opID: ['20', None, None, None]
2026-06-19 16:00:30.215 - [DEBUG] ||| print_pe_metadata ||| data_out_opID: ['4', None, None, None]
2026-06-19 16:00:30.215 - [DEBUG] ||| print_pe_metadata ||| pred_in_opID: [None, None]
2026-06-19 16:00:30.215 - [DEBUG] ||| print_pe_metadata ||| pred_out_opID: [None, None]
2026-06-19 16:00:30.215 - [DEBUG] ||| print_pe_metadata ||| pe_meta[194]:
2026-06-19 16:00:30.215 - [DEBUG] ||| print_pe_metadata ||| opcode: [(['9'], 'add', '7')]
2026-06-19 16:00:30.216 - [DEBUG] ||| print_pe_metadata ||| data_in_opID: ['9', None, None, None]
2026-06-19 16:00:30.216 - [DEBUG] ||| print_pe_metadata ||| data_out_opID: ['7', None, None, None]
2026-06-19 16:00:30.216 - [DEBUG] ||| print_pe_metadata ||| pred_in_opID: [None, None]
2026-06-19 16:00:30.216 - [DEBUG] ||| print_pe_metadata ||| pred_out_opID: [None, None]
2026-06-19 16:00:30.216 - [DEBUG] ||| print_pe_metadata ||| pe_meta[321]:
2026-06-19 16:00:30.217 - [DEBUG] ||| print_pe_metadata ||| opcode: [(['7', '10'], 'add', '8')]
2026-06-19 16:00:30.217 - [DEBUG] ||| print_pe_metadata ||| data_in_opID: ['7', '10', None, None]
2026-06-19 16:00:30.217 - [DEBUG] ||| print_pe_metadata ||| data_out_opID: [None, None, None, '8']
2026-06-19 16:00:30.217 - [DEBUG] ||| print_pe_metadata ||| pred_in_opID: [None, None]
2026-06-19 16:00:30.217 - [DEBUG] ||| print_pe_metadata ||| pred_out_opID: [None, None]
2026-06-19 16:00:30.217 - [DEBUG] ||| print_pe_metadata ||| pe_meta[23]:
2026-06-19 16:00:30.218 - [DEBUG] ||| print_pe_metadata ||| opcode: [([], 'mul', '9')]
2026-06-19 16:00:30.218 - [DEBUG] ||| print_pe_metadata ||| data_in_opID: [None, None]
2026-06-19 16:00:30.218 - [DEBUG] ||| print_pe_metadata ||| data_out_opID: ['9', None]
2026-06-19 16:00:30.218 - [DEBUG] ||| print_pe_metadata ||| pred_in_opID: [None]
2026-06-19 16:00:30.218 - [DEBUG] ||| print_pe_metadata ||| pred_out_opID: [None]
2026-06-19 16:00:30.219 - [DEBUG] ||| print_pe_metadata ||| pe_meta[195]:
2026-06-19 16:00:30.219 - [DEBUG] ||| print_pe_metadata ||| opcode: [(['19'], 'mul', '10')]
2026-06-19 16:00:30.219 - [DEBUG] ||| print_pe_metadata ||| data_in_opID: ['19', None, None, None]
2026-06-19 16:00:30.219 - [DEBUG] ||| print_pe_metadata ||| data_out_opID: [None, '10', None, None]
2026-06-19 16:00:30.219 - [DEBUG] ||| print_pe_metadata ||| pred_in_opID: [None, None]
2026-06-19 16:00:30.220 - [DEBUG] ||| print_pe_metadata ||| pred_out_opID: [None, None]
2026-06-19 16:00:30.220 - [DEBUG] ||| print_pe_metadata ||| pe_meta[323]:
2026-06-19 16:00:30.220 - [DEBUG] ||| print_pe_metadata ||| opcode: [(['14'], 'add', '12')]
2026-06-19 16:00:30.220 - [DEBUG] ||| print_pe_metadata ||| data_in_opID: ['14', None, None, None]
2026-06-19 16:00:30.220 - [DEBUG] ||| print_pe_metadata ||| data_out_opID: ['12', None, None, None]
2026-06-19 16:00:30.220 - [DEBUG] ||| print_pe_metadata ||| pred_in_opID: [None, None]
2026-06-19 16:00:30.221 - [DEBUG] ||| print_pe_metadata ||| pred_out_opID: [None, None]
2026-06-19 16:00:30.221 - [DEBUG] ||| print_pe_metadata ||| pe_meta[408]:
2026-06-19 16:00:30.221 - [DEBUG] ||| print_pe_metadata ||| opcode: [(['12', '15'], 'add', '13')]
2026-06-19 16:00:30.221 - [DEBUG] ||| print_pe_metadata ||| data_in_opID: ['12', '15']
2026-06-19 16:00:30.221 - [DEBUG] ||| print_pe_metadata ||| data_out_opID: ['13', None]
2026-06-19 16:00:30.221 - [DEBUG] ||| print_pe_metadata ||| pred_in_opID: [None]
2026-06-19 16:00:30.222 - [DEBUG] ||| print_pe_metadata ||| pred_out_opID: [None]
2026-06-19 16:00:30.222 - [DEBUG] ||| print_pe_metadata ||| pe_meta[196]:
2026-06-19 16:00:30.222 - [DEBUG] ||| print_pe_metadata ||| opcode: [(['19'], 'mul', '14')]
2026-06-19 16:00:30.222 - [DEBUG] ||| print_pe_metadata ||| data_in_opID: [None, '19', None, None]
2026-06-19 16:00:30.222 - [DEBUG] ||| print_pe_metadata ||| data_out_opID: ['14', None, None, None]
2026-06-19 16:00:30.223 - [DEBUG] ||| print_pe_metadata ||| pred_in_opID: [None, None]
2026-06-19 16:00:30.223 - [DEBUG] ||| print_pe_metadata ||| pred_out_opID: [None, None]
2026-06-19 16:00:30.223 - [DEBUG] ||| print_pe_metadata ||| pe_meta[324]:
2026-06-19 16:00:30.223 - [DEBUG] ||| print_pe_metadata ||| opcode: [([], 'mul', '15')]
2026-06-19 16:00:30.223 - [DEBUG] ||| print_pe_metadata ||| data_in_opID: [None, None, None, None]
2026-06-19 16:00:30.223 - [DEBUG] ||| print_pe_metadata ||| data_out_opID: [None, '15', None, None]
2026-06-19 16:00:30.224 - [DEBUG] ||| print_pe_metadata ||| pred_in_opID: [None, None]
2026-06-19 16:00:30.224 - [DEBUG] ||| print_pe_metadata ||| pred_out_opID: [None, None]
2026-06-19 16:00:30.224 - [DEBUG] ||| print_pe_metadata ||| pe_meta[24]:
2026-06-19 16:00:30.224 - [DEBUG] ||| print_pe_metadata ||| opcode: [(['17'], 'add', '18'), (['6'], 'split', '20')]
2026-06-19 16:00:30.224 - [DEBUG] ||| print_pe_metadata ||| data_in_opID: ['17', '6']
2026-06-19 16:00:30.225 - [DEBUG] ||| print_pe_metadata ||| data_out_opID: ['20', '20']
2026-06-19 16:00:30.225 - [DEBUG] ||| print_pe_metadata ||| pred_in_opID: [None]
2026-06-19 16:00:30.225 - [DEBUG] ||| print_pe_metadata ||| pred_out_opID: [None]
2026-06-19 16:00:30.225 - [DEBUG] ||| print_pe_metadata ||| pe_meta[135]:
2026-06-19 16:00:30.225 - [DEBUG] ||| print_pe_metadata ||| opcode: [(['20'], 'bridge', '20'), (['2'], 'store', '3'), (['8'], 'bridge', '8')]
2026-06-19 16:00:30.225 - [DEBUG] ||| print_pe_metadata ||| data_in_opID: [None, '20', '2', '8']
2026-06-19 16:00:30.226 - [DEBUG] ||| print_pe_metadata ||| data_out_opID: ['8', '20', None, None]
2026-06-19 16:00:30.226 - [DEBUG] ||| print_pe_metadata ||| pred_in_opID: [None, None]
2026-06-19 16:00:30.226 - [DEBUG] ||| print_pe_metadata ||| pred_out_opID: [None, None]
2026-06-19 16:00:30.226 - [DEBUG] ||| print_pe_metadata ||| pe_meta[409]:
2026-06-19 16:00:30.226 - [DEBUG] ||| print_pe_metadata ||| opcode: [(['20'], 'icmp', '0'), (['6'], 'split', '19')]
2026-06-19 16:00:30.226 - [DEBUG] ||| print_pe_metadata ||| data_in_opID: ['20', '6']
2026-06-19 16:00:30.227 - [DEBUG] ||| print_pe_metadata ||| data_out_opID: ['19', '19']
2026-06-19 16:00:30.227 - [DEBUG] ||| print_pe_metadata ||| pred_in_opID: [None]
2026-06-19 16:00:30.227 - [DEBUG] ||| print_pe_metadata ||| pred_out_opID: ['0']
2026-06-19 16:00:30.227 - [DEBUG] ||| print_pe_metadata ||| pe_meta[410]:
2026-06-19 16:00:30.227 - [DEBUG] ||| print_pe_metadata ||| opcode: [([], 'load', '1')]
2026-06-19 16:00:30.227 - [DEBUG] ||| print_pe_metadata ||| data_in_opID: [None, None]
2026-06-19 16:00:30.228 - [DEBUG] ||| print_pe_metadata ||| data_out_opID: ['1', None]
2026-06-19 16:00:30.228 - [DEBUG] ||| print_pe_metadata ||| pred_in_opID: [None]
2026-06-19 16:00:30.228 - [DEBUG] ||| print_pe_metadata ||| pred_out_opID: [None]
2026-06-19 16:00:30.228 - [DEBUG] ||| print_pe_metadata ||| pe_meta[199]:
2026-06-19 16:00:30.228 - [DEBUG] ||| print_pe_metadata ||| opcode: [(['20'], 'add', '4')]
2026-06-19 16:00:30.228 - [DEBUG] ||| print_pe_metadata ||| data_in_opID: ['20', None, None, None]
2026-06-19 16:00:30.229 - [DEBUG] ||| print_pe_metadata ||| data_out_opID: ['4', None, None, None]
2026-06-19 16:00:30.229 - [DEBUG] ||| print_pe_metadata ||| pred_in_opID: [None, None]
2026-06-19 16:00:30.229 - [DEBUG] ||| print_pe_metadata ||| pred_out_opID: [None, None]
2026-06-19 16:00:30.229 - [DEBUG] ||| print_pe_metadata ||| pe_meta[201]:
2026-06-19 16:00:30.230 - [DEBUG] ||| print_pe_metadata ||| opcode: [(['9'], 'add', '7')]
2026-06-19 16:00:30.230 - [DEBUG] ||| print_pe_metadata ||| data_in_opID: ['9', None, None, None]
2026-06-19 16:00:30.230 - [DEBUG] ||| print_pe_metadata ||| data_out_opID: ['7', None, None, None]
2026-06-19 16:00:30.230 - [DEBUG] ||| print_pe_metadata ||| pred_in_opID: [None, None]
2026-06-19 16:00:30.231 - [DEBUG] ||| print_pe_metadata ||| pred_out_opID: [None, None]
2026-06-19 16:00:30.231 - [DEBUG] ||| print_pe_metadata ||| pe_meta[328]:
2026-06-19 16:00:30.231 - [DEBUG] ||| print_pe_metadata ||| opcode: [(['7', '10'], 'add', '8')]
2026-06-19 16:00:30.231 - [DEBUG] ||| print_pe_metadata ||| data_in_opID: ['7', '10', None, None]
2026-06-19 16:00:30.232 - [DEBUG] ||| print_pe_metadata ||| data_out_opID: [None, None, '8', None]
2026-06-19 16:00:30.232 - [DEBUG] ||| print_pe_metadata ||| pred_in_opID: [None, None]
2026-06-19 16:00:30.233 - [DEBUG] ||| print_pe_metadata ||| pred_out_opID: [None, None]
2026-06-19 16:00:30.233 - [DEBUG] ||| print_pe_metadata ||| pe_meta[25]:
2026-06-19 16:00:30.233 - [DEBUG] ||| print_pe_metadata ||| opcode: [([], 'mul', '9')]
2026-06-19 16:00:30.233 - [DEBUG] ||| print_pe_metadata ||| data_in_opID: [None, None]
2026-06-19 16:00:30.233 - [DEBUG] ||| print_pe_metadata ||| data_out_opID: ['9', None]
2026-06-19 16:00:30.234 - [DEBUG] ||| print_pe_metadata ||| pred_in_opID: [None]
2026-06-19 16:00:30.234 - [DEBUG] ||| print_pe_metadata ||| pred_out_opID: [None]
2026-06-19 16:00:30.234 - [DEBUG] ||| print_pe_metadata ||| pe_meta[202]:
2026-06-19 16:00:30.234 - [DEBUG] ||| print_pe_metadata ||| opcode: [(['19'], 'mul', '10')]
2026-06-19 16:00:30.234 - [DEBUG] ||| print_pe_metadata ||| data_in_opID: ['19', None, None, None]
2026-06-19 16:00:30.234 - [DEBUG] ||| print_pe_metadata ||| data_out_opID: [None, '10', None, None]
2026-06-19 16:00:30.235 - [DEBUG] ||| print_pe_metadata ||| pred_in_opID: [None, None]
2026-06-19 16:00:30.235 - [DEBUG] ||| print_pe_metadata ||| pred_out_opID: [None, None]
2026-06-19 16:00:30.235 - [DEBUG] ||| print_pe_metadata ||| pe_meta[330]:
2026-06-19 16:00:30.235 - [DEBUG] ||| print_pe_metadata ||| opcode: [(['14'], 'add', '12')]
2026-06-19 16:00:30.235 - [DEBUG] ||| print_pe_metadata ||| data_in_opID: ['14', None, None, None]
2026-06-19 16:00:30.235 - [DEBUG] ||| print_pe_metadata ||| data_out_opID: ['12', None, None, None]
2026-06-19 16:00:30.236 - [DEBUG] ||| print_pe_metadata ||| pred_in_opID: [None, None]
2026-06-19 16:00:30.236 - [DEBUG] ||| print_pe_metadata ||| pred_out_opID: [None, None]
2026-06-19 16:00:30.236 - [DEBUG] ||| print_pe_metadata ||| pe_meta[411]:
2026-06-19 16:00:30.236 - [DEBUG] ||| print_pe_metadata ||| opcode: [(['12', '15'], 'add', '13')]
2026-06-19 16:00:30.236 - [DEBUG] ||| print_pe_metadata ||| data_in_opID: ['12', '15']
2026-06-19 16:00:30.236 - [DEBUG] ||| print_pe_metadata ||| data_out_opID: ['13', None]
2026-06-19 16:00:30.237 - [DEBUG] ||| print_pe_metadata ||| pred_in_opID: [None]
2026-06-19 16:00:30.237 - [DEBUG] ||| print_pe_metadata ||| pred_out_opID: [None]
2026-06-19 16:00:30.237 - [DEBUG] ||| print_pe_metadata ||| pe_meta[203]:
2026-06-19 16:00:30.237 - [DEBUG] ||| print_pe_metadata ||| opcode: [(['19'], 'mul', '14')]
2026-06-19 16:00:30.237 - [DEBUG] ||| print_pe_metadata ||| data_in_opID: [None, '19', None, None]
2026-06-19 16:00:30.237 - [DEBUG] ||| print_pe_metadata ||| data_out_opID: ['14', None, None, None]
2026-06-19 16:00:30.238 - [DEBUG] ||| print_pe_metadata ||| pred_in_opID: [None, None]
2026-06-19 16:00:30.238 - [DEBUG] ||| print_pe_metadata ||| pred_out_opID: [None, None]
2026-06-19 16:00:30.238 - [DEBUG] ||| print_pe_metadata ||| pe_meta[331]:
2026-06-19 16:00:30.238 - [DEBUG] ||| print_pe_metadata ||| opcode: [([], 'mul', '15')]
2026-06-19 16:00:30.238 - [DEBUG] ||| print_pe_metadata ||| data_in_opID: [None, None, None, None]
2026-06-19 16:00:30.238 - [DEBUG] ||| print_pe_metadata ||| data_out_opID: [None, '15', None, None]
2026-06-19 16:00:30.239 - [DEBUG] ||| print_pe_metadata ||| pred_in_opID: [None, None]
2026-06-19 16:00:30.239 - [DEBUG] ||| print_pe_metadata ||| pred_out_opID: [None, None]
2026-06-19 16:00:30.239 - [DEBUG] ||| print_pe_metadata ||| pe_meta[26]:
2026-06-19 16:00:30.239 - [DEBUG] ||| print_pe_metadata ||| opcode: [(['17'], 'add', '18'), (['6'], 'split', '19')]
2026-06-19 16:00:30.239 - [DEBUG] ||| print_pe_metadata ||| data_in_opID: ['6', '17']
2026-06-19 16:00:30.240 - [DEBUG] ||| print_pe_metadata ||| data_out_opID: ['19', '19']
2026-06-19 16:00:30.240 - [DEBUG] ||| print_pe_metadata ||| pred_in_opID: [None]
2026-06-19 16:00:30.240 - [DEBUG] ||| print_pe_metadata ||| pred_out_opID: [None]
2026-06-19 16:00:30.240 - [DEBUG] ||| print_pe_metadata ||| pe_meta[27]:
2026-06-19 16:00:30.240 - [DEBUG] ||| print_pe_metadata ||| opcode: [(['6'], 'split', '20'), (['20'], 'icmp', '0')]
2026-06-19 16:00:30.240 - [DEBUG] ||| print_pe_metadata ||| data_in_opID: ['20', '6']
2026-06-19 16:00:30.241 - [DEBUG] ||| print_pe_metadata ||| data_out_opID: ['20', '20']
2026-06-19 16:00:30.241 - [DEBUG] ||| print_pe_metadata ||| pred_in_opID: [None]
2026-06-19 16:00:30.241 - [DEBUG] ||| print_pe_metadata ||| pred_out_opID: ['0']
2026-06-19 16:00:30.241 - [DEBUG] ||| print_pe_metadata ||| pe_meta[137]:
2026-06-19 16:00:30.241 - [DEBUG] ||| print_pe_metadata ||| opcode: [(['20'], 'bridge', '20'), (['20'], 'bridge', '20'), (['2', '5'], 'add', '6')]
2026-06-19 16:00:30.241 - [DEBUG] ||| print_pe_metadata ||| data_in_opID: ['20', '20', '5', '2']
2026-06-19 16:00:30.242 - [DEBUG] ||| print_pe_metadata ||| data_out_opID: ['20', '20', '6', '6']
2026-06-19 16:00:30.242 - [DEBUG] ||| print_pe_metadata ||| pred_in_opID: [None, None]
2026-06-19 16:00:30.242 - [DEBUG] ||| print_pe_metadata ||| pred_out_opID: [None, None]
2026-06-19 16:00:30.242 - [DEBUG] ||| print_pe_metadata ||| pe_meta[263]:
2026-06-19 16:00:30.242 - [DEBUG] ||| print_pe_metadata ||| opcode: [(['20'], 'bridge', '20'), (['20'], 'bridge', '20'), (['1'], 'add', '2')]
2026-06-19 16:00:30.242 - [DEBUG] ||| print_pe_metadata ||| data_in_opID: ['20', '20', '1', None]
2026-06-19 16:00:30.243 - [DEBUG] ||| print_pe_metadata ||| data_out_opID: ['20', '20', '2', '2']
2026-06-19 16:00:30.243 - [DEBUG] ||| print_pe_metadata ||| pred_in_opID: [None, None]
2026-06-19 16:00:30.243 - [DEBUG] ||| print_pe_metadata ||| pred_out_opID: [None, None]
2026-06-19 16:00:30.243 - [DEBUG] ||| print_pe_metadata ||| pe_meta[28]:
2026-06-19 16:00:30.243 - [DEBUG] ||| print_pe_metadata ||| opcode: [([], 'load', '1')]
2026-06-19 16:00:30.243 - [DEBUG] ||| print_pe_metadata ||| data_in_opID: [None, None]
2026-06-19 16:00:30.244 - [DEBUG] ||| print_pe_metadata ||| data_out_opID: ['1', None]
2026-06-19 16:00:30.244 - [DEBUG] ||| print_pe_metadata ||| pred_in_opID: [None]
2026-06-19 16:00:30.244 - [DEBUG] ||| print_pe_metadata ||| pred_out_opID: [None]
2026-06-19 16:00:30.244 - [DEBUG] ||| print_pe_metadata ||| pe_meta[205]:
2026-06-19 16:00:30.244 - [DEBUG] ||| print_pe_metadata ||| opcode: [(['1'], 'add', '2')]
2026-06-19 16:00:30.245 - [DEBUG] ||| print_pe_metadata ||| data_in_opID: ['1', None, None, None]
2026-06-19 16:00:30.245 - [DEBUG] ||| print_pe_metadata ||| data_out_opID: ['2', '2', None, None]
2026-06-19 16:00:30.245 - [DEBUG] ||| print_pe_metadata ||| pred_in_opID: [None, None]
2026-06-19 16:00:30.245 - [DEBUG] ||| print_pe_metadata ||| pred_out_opID: [None, None]
2026-06-19 16:00:30.245 - [DEBUG] ||| print_pe_metadata ||| pe_meta[333]:
2026-06-19 16:00:30.245 - [DEBUG] ||| print_pe_metadata ||| opcode: [(['2'], 'store', '3')]
2026-06-19 16:00:30.246 - [DEBUG] ||| print_pe_metadata ||| data_in_opID: ['2', None, None, None]
2026-06-19 16:00:30.246 - [DEBUG] ||| print_pe_metadata ||| data_out_opID: [None, None, None, None]
2026-06-19 16:00:30.246 - [DEBUG] ||| print_pe_metadata ||| pred_in_opID: [None, None]
2026-06-19 16:00:30.246 - [DEBUG] ||| print_pe_metadata ||| pred_out_opID: [None, None]
2026-06-19 16:00:30.246 - [DEBUG] ||| print_pe_metadata ||| pe_meta[206]:
2026-06-19 16:00:30.246 - [DEBUG] ||| print_pe_metadata ||| opcode: [(['0', '4'], 'add', '5')]
2026-06-19 16:00:30.247 - [DEBUG] ||| print_pe_metadata ||| data_in_opID: ['4', None, None, None]
2026-06-19 16:00:30.247 - [DEBUG] ||| print_pe_metadata ||| data_out_opID: ['5', None, None, None]
2026-06-19 16:00:30.247 - [DEBUG] ||| print_pe_metadata ||| pred_in_opID: ['0', None]
2026-06-19 16:00:30.247 - [DEBUG] ||| print_pe_metadata ||| pred_out_opID: [None, None]
2026-06-19 16:00:30.247 - [DEBUG] ||| print_pe_metadata ||| pe_meta[335]:
2026-06-19 16:00:30.247 - [DEBUG] ||| print_pe_metadata ||| opcode: [(['2', '5'], 'add', '6')]
2026-06-19 16:00:30.248 - [DEBUG] ||| print_pe_metadata ||| data_in_opID: ['5', '2', None, None]
2026-06-19 16:00:30.248 - [DEBUG] ||| print_pe_metadata ||| data_out_opID: ['6', '6', None, None]
2026-06-19 16:00:30.248 - [DEBUG] ||| print_pe_metadata ||| pred_in_opID: [None, None]
2026-06-19 16:00:30.248 - [DEBUG] ||| print_pe_metadata ||| pred_out_opID: [None, None]
2026-06-19 16:00:30.248 - [DEBUG] ||| print_pe_metadata ||| pe_meta[412]:
2026-06-19 16:00:30.248 - [DEBUG] ||| print_pe_metadata ||| opcode: [([], 'mul', '9')]
2026-06-19 16:00:30.249 - [DEBUG] ||| print_pe_metadata ||| data_in_opID: [None, None]
2026-06-19 16:00:30.249 - [DEBUG] ||| print_pe_metadata ||| data_out_opID: ['9', None]
2026-06-19 16:00:30.249 - [DEBUG] ||| print_pe_metadata ||| pred_in_opID: [None]
2026-06-19 16:00:30.249 - [DEBUG] ||| print_pe_metadata ||| pred_out_opID: [None]
2026-06-19 16:00:30.249 - [DEBUG] ||| print_pe_metadata ||| pe_meta[208]:
2026-06-19 16:00:30.249 - [DEBUG] ||| print_pe_metadata ||| opcode: [(['8'], 'load', '11')]
2026-06-19 16:00:30.250 - [DEBUG] ||| print_pe_metadata ||| data_in_opID: [None, '8', None, None]
2026-06-19 16:00:30.250 - [DEBUG] ||| print_pe_metadata ||| data_out_opID: ['11', None, None, None]
2026-06-19 16:00:30.250 - [DEBUG] ||| print_pe_metadata ||| pred_in_opID: [None, None]
2026-06-19 16:00:30.250 - [DEBUG] ||| print_pe_metadata ||| pred_out_opID: [None, None]
2026-06-19 16:00:30.250 - [DEBUG] ||| print_pe_metadata ||| pe_meta[29]:
2026-06-19 16:00:30.250 - [DEBUG] ||| print_pe_metadata ||| opcode: [(['12', '15'], 'add', '13')]
2026-06-19 16:00:30.251 - [DEBUG] ||| print_pe_metadata ||| data_in_opID: ['12', '15']
2026-06-19 16:00:30.251 - [DEBUG] ||| print_pe_metadata ||| data_out_opID: ['13', None]
2026-06-19 16:00:30.251 - [DEBUG] ||| print_pe_metadata ||| pred_in_opID: [None]
2026-06-19 16:00:30.251 - [DEBUG] ||| print_pe_metadata ||| pred_out_opID: [None]
2026-06-19 16:00:30.251 - [DEBUG] ||| print_pe_metadata ||| pe_meta[211]:
2026-06-19 16:00:30.252 - [DEBUG] ||| print_pe_metadata ||| opcode: [(['13'], 'load', '16')]
2026-06-19 16:00:30.252 - [DEBUG] ||| print_pe_metadata ||| data_in_opID: ['13', None, None, None]
2026-06-19 16:00:30.252 - [DEBUG] ||| print_pe_metadata ||| data_out_opID: [None, '16', None, None]
2026-06-19 16:00:30.252 - [DEBUG] ||| print_pe_metadata ||| pred_in_opID: [None, None]
2026-06-19 16:00:30.252 - [DEBUG] ||| print_pe_metadata ||| pred_out_opID: [None, None]
2026-06-19 16:00:30.252 - [DEBUG] ||| print_pe_metadata ||| pe_meta[339]:
2026-06-19 16:00:30.253 - [DEBUG] ||| print_pe_metadata ||| opcode: [(['11', '16'], 'mul', '17')]
2026-06-19 16:00:30.253 - [DEBUG] ||| print_pe_metadata ||| data_in_opID: ['11', '16', None, None]
2026-06-19 16:00:30.253 - [DEBUG] ||| print_pe_metadata ||| data_out_opID: ['17', None, None, None]
2026-06-19 16:00:30.253 - [DEBUG] ||| print_pe_metadata ||| pred_in_opID: [None, None]
2026-06-19 16:00:30.253 - [DEBUG] ||| print_pe_metadata ||| pred_out_opID: [None, None]
2026-06-19 16:00:30.253 - [DEBUG] ||| print_pe_metadata ||| pe_meta[413]:
2026-06-19 16:00:30.254 - [DEBUG] ||| print_pe_metadata ||| opcode: [(['17'], 'add', '18'), (['6'], 'split', '20')]
2026-06-19 16:00:30.254 - [DEBUG] ||| print_pe_metadata ||| data_in_opID: ['6', '17']
2026-06-19 16:00:30.254 - [DEBUG] ||| print_pe_metadata ||| data_out_opID: ['20', '20']
2026-06-19 16:00:30.254 - [DEBUG] ||| print_pe_metadata ||| pred_in_opID: [None]
2026-06-19 16:00:30.254 - [DEBUG] ||| print_pe_metadata ||| pred_out_opID: [None]
2026-06-19 16:00:30.254 - [DEBUG] ||| print_pe_metadata ||| pe_meta[266]:
2026-06-19 16:00:30.255 - [DEBUG] ||| print_pe_metadata ||| opcode: [(['8'], 'bridge', '8'), (['8'], 'load', '11')]
2026-06-19 16:00:30.255 - [DEBUG] ||| print_pe_metadata ||| data_in_opID: [None, '8', None, '8']
2026-06-19 16:00:30.255 - [DEBUG] ||| print_pe_metadata ||| data_out_opID: [None, None, '11', '8']
2026-06-19 16:00:30.255 - [DEBUG] ||| print_pe_metadata ||| pred_in_opID: [None, None]
2026-06-19 16:00:30.255 - [DEBUG] ||| print_pe_metadata ||| pred_out_opID: [None, None]
2026-06-19 16:00:30.255 - [DEBUG] ||| print_pe_metadata ||| pe_meta[30]:
2026-06-19 16:00:30.256 - [DEBUG] ||| print_pe_metadata ||| opcode: [(['20'], 'icmp', '0'), (['6'], 'split', '19')]
2026-06-19 16:00:30.256 - [DEBUG] ||| print_pe_metadata ||| data_in_opID: ['20', '6']
2026-06-19 16:00:30.256 - [DEBUG] ||| print_pe_metadata ||| data_out_opID: ['19', '19']
2026-06-19 16:00:30.256 - [DEBUG] ||| print_pe_metadata ||| pred_in_opID: [None]
2026-06-19 16:00:30.256 - [DEBUG] ||| print_pe_metadata ||| pred_out_opID: ['0']
2026-06-19 16:00:30.256 - [DEBUG] ||| print_pe_metadata ||| pe_meta[31]:
2026-06-19 16:00:30.257 - [DEBUG] ||| print_pe_metadata ||| opcode: [([], 'load', '1')]
2026-06-19 16:00:30.257 - [DEBUG] ||| print_pe_metadata ||| data_in_opID: [None, None]
2026-06-19 16:00:30.257 - [DEBUG] ||| print_pe_metadata ||| data_out_opID: ['1', None]
2026-06-19 16:00:30.257 - [DEBUG] ||| print_pe_metadata ||| pred_in_opID: [None]
2026-06-19 16:00:30.257 - [DEBUG] ||| print_pe_metadata ||| pred_out_opID: [None]
2026-06-19 16:00:30.257 - [DEBUG] ||| print_pe_metadata ||| pe_meta[212]:
2026-06-19 16:00:30.258 - [DEBUG] ||| print_pe_metadata ||| opcode: [(['1'], 'add', '2')]
2026-06-19 16:00:30.258 - [DEBUG] ||| print_pe_metadata ||| data_in_opID: ['1', None, None, None]
2026-06-19 16:00:30.258 - [DEBUG] ||| print_pe_metadata ||| data_out_opID: ['2', '2', None, None]
2026-06-19 16:00:30.258 - [DEBUG] ||| print_pe_metadata ||| pred_in_opID: [None, None]
2026-06-19 16:00:30.258 - [DEBUG] ||| print_pe_metadata ||| pred_out_opID: [None, None]
2026-06-19 16:00:30.259 - [DEBUG] ||| print_pe_metadata ||| pe_meta[340]:
2026-06-19 16:00:30.259 - [DEBUG] ||| print_pe_metadata ||| opcode: [(['2'], 'store', '3')]
2026-06-19 16:00:30.259 - [DEBUG] ||| print_pe_metadata ||| data_in_opID: ['2', None, None, None]
2026-06-19 16:00:30.259 - [DEBUG] ||| print_pe_metadata ||| data_out_opID: [None, None, None, None]
2026-06-19 16:00:30.259 - [DEBUG] ||| print_pe_metadata ||| pred_in_opID: [None, None]
2026-06-19 16:00:30.260 - [DEBUG] ||| print_pe_metadata ||| pred_out_opID: [None, None]
2026-06-19 16:00:30.260 - [DEBUG] ||| print_pe_metadata ||| pe_meta[213]:
2026-06-19 16:00:30.260 - [DEBUG] ||| print_pe_metadata ||| opcode: [(['0', '4'], 'add', '5')]
2026-06-19 16:00:30.261 - [DEBUG] ||| print_pe_metadata ||| data_in_opID: ['4', None, None, None]
2026-06-19 16:00:30.261 - [DEBUG] ||| print_pe_metadata ||| data_out_opID: ['5', None, None, None]
2026-06-19 16:00:30.261 - [DEBUG] ||| print_pe_metadata ||| pred_in_opID: ['0', None]
2026-06-19 16:00:30.261 - [DEBUG] ||| print_pe_metadata ||| pred_out_opID: [None, None]
2026-06-19 16:00:30.262 - [DEBUG] ||| print_pe_metadata ||| pe_meta[342]:
2026-06-19 16:00:30.262 - [DEBUG] ||| print_pe_metadata ||| opcode: [(['2', '5'], 'add', '6')]
2026-06-19 16:00:30.262 - [DEBUG] ||| print_pe_metadata ||| data_in_opID: ['5', '2', None, None]
2026-06-19 16:00:30.262 - [DEBUG] ||| print_pe_metadata ||| data_out_opID: ['6', '6', None, None]
2026-06-19 16:00:30.263 - [DEBUG] ||| print_pe_metadata ||| pred_in_opID: [None, None]
2026-06-19 16:00:30.263 - [DEBUG] ||| print_pe_metadata ||| pred_out_opID: [None, None]
2026-06-19 16:00:30.263 - [DEBUG] ||| print_pe_metadata ||| pe_meta[414]:
2026-06-19 16:00:30.263 - [DEBUG] ||| print_pe_metadata ||| opcode: [([], 'mul', '9')]
2026-06-19 16:00:30.263 - [DEBUG] ||| print_pe_metadata ||| data_in_opID: [None, None]
2026-06-19 16:00:30.263 - [DEBUG] ||| print_pe_metadata ||| data_out_opID: ['9', None]
2026-06-19 16:00:30.264 - [DEBUG] ||| print_pe_metadata ||| pred_in_opID: [None]
2026-06-19 16:00:30.264 - [DEBUG] ||| print_pe_metadata ||| pred_out_opID: [None]
2026-06-19 16:00:30.264 - [DEBUG] ||| print_pe_metadata ||| pe_meta[215]:
2026-06-19 16:00:30.264 - [DEBUG] ||| print_pe_metadata ||| opcode: [(['8'], 'load', '11')]
2026-06-19 16:00:30.264 - [DEBUG] ||| print_pe_metadata ||| data_in_opID: ['8', None, None, None]
2026-06-19 16:00:30.265 - [DEBUG] ||| print_pe_metadata ||| data_out_opID: ['11', None, None, None]
2026-06-19 16:00:30.265 - [DEBUG] ||| print_pe_metadata ||| pred_in_opID: [None, None]
2026-06-19 16:00:30.265 - [DEBUG] ||| print_pe_metadata ||| pred_out_opID: [None, None]
2026-06-19 16:00:30.265 - [DEBUG] ||| print_pe_metadata ||| pe_meta[32]:
2026-06-19 16:00:30.265 - [DEBUG] ||| print_pe_metadata ||| opcode: [(['12', '15'], 'add', '13')]
2026-06-19 16:00:30.265 - [DEBUG] ||| print_pe_metadata ||| data_in_opID: ['12', '15']
2026-06-19 16:00:30.266 - [DEBUG] ||| print_pe_metadata ||| data_out_opID: ['13', None]
2026-06-19 16:00:30.266 - [DEBUG] ||| print_pe_metadata ||| pred_in_opID: [None]
2026-06-19 16:00:30.266 - [DEBUG] ||| print_pe_metadata ||| pred_out_opID: [None]
2026-06-19 16:00:30.266 - [DEBUG] ||| print_pe_metadata ||| pe_meta[218]:
2026-06-19 16:00:30.266 - [DEBUG] ||| print_pe_metadata ||| opcode: [(['13'], 'load', '16')]
2026-06-19 16:00:30.266 - [DEBUG] ||| print_pe_metadata ||| data_in_opID: ['13', None, None, None]
2026-06-19 16:00:30.267 - [DEBUG] ||| print_pe_metadata ||| data_out_opID: [None, '16', None, None]
2026-06-19 16:00:30.267 - [DEBUG] ||| print_pe_metadata ||| pred_in_opID: [None, None]
2026-06-19 16:00:30.267 - [DEBUG] ||| print_pe_metadata ||| pred_out_opID: [None, None]
2026-06-19 16:00:30.267 - [DEBUG] ||| print_pe_metadata ||| pe_meta[346]:
2026-06-19 16:00:30.267 - [DEBUG] ||| print_pe_metadata ||| opcode: [(['11', '16'], 'mul', '17')]
2026-06-19 16:00:30.267 - [DEBUG] ||| print_pe_metadata ||| data_in_opID: ['11', '16', None, None]
2026-06-19 16:00:30.268 - [DEBUG] ||| print_pe_metadata ||| data_out_opID: [None, '17', None, None]
2026-06-19 16:00:30.268 - [DEBUG] ||| print_pe_metadata ||| pred_in_opID: [None, None]
2026-06-19 16:00:30.268 - [DEBUG] ||| print_pe_metadata ||| pred_out_opID: [None, None]
2026-06-19 16:00:30.268 - [DEBUG] ||| print_pe_metadata ||| pe_meta[415]:
2026-06-19 16:00:30.268 - [DEBUG] ||| print_pe_metadata ||| opcode: [(['17'], 'add', '18'), (['6'], 'split', '19')]
2026-06-19 16:00:30.268 - [DEBUG] ||| print_pe_metadata ||| data_in_opID: ['6', '17']
2026-06-19 16:00:30.268 - [DEBUG] ||| print_pe_metadata ||| data_out_opID: ['19', '19']
2026-06-19 16:00:30.269 - [DEBUG] ||| print_pe_metadata ||| pred_in_opID: [None]
2026-06-19 16:00:30.269 - [DEBUG] ||| print_pe_metadata ||| pred_out_opID: [None]
2026-06-19 16:00:30.269 - [DEBUG] ||| print_pe_metadata ||| pe_meta[416]:
2026-06-19 16:00:30.269 - [DEBUG] ||| print_pe_metadata ||| opcode: [(['6'], 'split', '20'), (['20'], 'icmp', '0')]
2026-06-19 16:00:30.269 - [DEBUG] ||| print_pe_metadata ||| data_in_opID: ['20', '20']
2026-06-19 16:00:30.270 - [DEBUG] ||| print_pe_metadata ||| data_out_opID: ['20', '20']
2026-06-19 16:00:30.270 - [DEBUG] ||| print_pe_metadata ||| pred_in_opID: [None]
2026-06-19 16:00:30.270 - [DEBUG] ||| print_pe_metadata ||| pred_out_opID: ['0']
2026-06-19 16:00:30.270 - [DEBUG] ||| print_pe_metadata ||| pe_meta[417]:
2026-06-19 16:00:30.270 - [DEBUG] ||| print_pe_metadata ||| opcode: [([], 'load', '1')]
2026-06-19 16:00:30.270 - [DEBUG] ||| print_pe_metadata ||| data_in_opID: [None, None]
2026-06-19 16:00:30.271 - [DEBUG] ||| print_pe_metadata ||| data_out_opID: ['1', None]
2026-06-19 16:00:30.271 - [DEBUG] ||| print_pe_metadata ||| pred_in_opID: [None]
2026-06-19 16:00:30.271 - [DEBUG] ||| print_pe_metadata ||| pred_out_opID: [None]
2026-06-19 16:00:30.271 - [DEBUG] ||| print_pe_metadata ||| pe_meta[220]:
2026-06-19 16:00:30.271 - [DEBUG] ||| print_pe_metadata ||| opcode: [(['20'], 'add', '4')]
2026-06-19 16:00:30.271 - [DEBUG] ||| print_pe_metadata ||| data_in_opID: ['20', None, None, None]
2026-06-19 16:00:30.272 - [DEBUG] ||| print_pe_metadata ||| data_out_opID: ['4', None, None, None]
2026-06-19 16:00:30.272 - [DEBUG] ||| print_pe_metadata ||| pred_in_opID: [None, None]
2026-06-19 16:00:30.272 - [DEBUG] ||| print_pe_metadata ||| pred_out_opID: [None, None]
2026-06-19 16:00:30.272 - [DEBUG] ||| print_pe_metadata ||| pe_meta[222]:
2026-06-19 16:00:30.272 - [DEBUG] ||| print_pe_metadata ||| opcode: [(['9'], 'add', '7')]
2026-06-19 16:00:30.272 - [DEBUG] ||| print_pe_metadata ||| data_in_opID: ['9', None, None, None]
2026-06-19 16:00:30.272 - [DEBUG] ||| print_pe_metadata ||| data_out_opID: ['7', None, None, None]
2026-06-19 16:00:30.273 - [DEBUG] ||| print_pe_metadata ||| pred_in_opID: [None, None]
2026-06-19 16:00:30.273 - [DEBUG] ||| print_pe_metadata ||| pred_out_opID: [None, None]
2026-06-19 16:00:30.273 - [DEBUG] ||| print_pe_metadata ||| pe_meta[349]:
2026-06-19 16:00:30.273 - [DEBUG] ||| print_pe_metadata ||| opcode: [(['7', '10'], 'add', '8')]
2026-06-19 16:00:30.273 - [DEBUG] ||| print_pe_metadata ||| data_in_opID: ['7', '10', None, None]
2026-06-19 16:00:30.274 - [DEBUG] ||| print_pe_metadata ||| data_out_opID: [None, None, '8', None]
2026-06-19 16:00:30.274 - [DEBUG] ||| print_pe_metadata ||| pred_in_opID: [None, None]
2026-06-19 16:00:30.274 - [DEBUG] ||| print_pe_metadata ||| pred_out_opID: [None, None]
2026-06-19 16:00:30.274 - [DEBUG] ||| print_pe_metadata ||| pe_meta[33]:
2026-06-19 16:00:30.274 - [DEBUG] ||| print_pe_metadata ||| opcode: [([], 'mul', '9')]
2026-06-19 16:00:30.274 - [DEBUG] ||| print_pe_metadata ||| data_in_opID: [None, None]
2026-06-19 16:00:30.274 - [DEBUG] ||| print_pe_metadata ||| data_out_opID: ['9', None]
2026-06-19 16:00:30.275 - [DEBUG] ||| print_pe_metadata ||| pred_in_opID: [None]
2026-06-19 16:00:30.275 - [DEBUG] ||| print_pe_metadata ||| pred_out_opID: [None]
2026-06-19 16:00:30.275 - [DEBUG] ||| print_pe_metadata ||| pe_meta[223]:
2026-06-19 16:00:30.275 - [DEBUG] ||| print_pe_metadata ||| opcode: [(['19'], 'mul', '10')]
2026-06-19 16:00:30.276 - [DEBUG] ||| print_pe_metadata ||| data_in_opID: ['19', None, None, None]
2026-06-19 16:00:30.276 - [DEBUG] ||| print_pe_metadata ||| data_out_opID: [None, '10', None, None]
2026-06-19 16:00:30.276 - [DEBUG] ||| print_pe_metadata ||| pred_in_opID: [None, None]
2026-06-19 16:00:30.276 - [DEBUG] ||| print_pe_metadata ||| pred_out_opID: [None, None]
2026-06-19 16:00:30.277 - [DEBUG] ||| print_pe_metadata ||| pe_meta[351]:
2026-06-19 16:00:30.277 - [DEBUG] ||| print_pe_metadata ||| opcode: [(['14'], 'add', '12')]
2026-06-19 16:00:30.277 - [DEBUG] ||| print_pe_metadata ||| data_in_opID: ['14', None, None, None]
2026-06-19 16:00:30.277 - [DEBUG] ||| print_pe_metadata ||| data_out_opID: ['12', None, None, None]
2026-06-19 16:00:30.278 - [DEBUG] ||| print_pe_metadata ||| pred_in_opID: [None, None]
2026-06-19 16:00:30.278 - [DEBUG] ||| print_pe_metadata ||| pred_out_opID: [None, None]
2026-06-19 16:00:30.278 - [DEBUG] ||| print_pe_metadata ||| pe_meta[418]:
2026-06-19 16:00:30.278 - [DEBUG] ||| print_pe_metadata ||| opcode: [(['12', '15'], 'add', '13')]
2026-06-19 16:00:30.279 - [DEBUG] ||| print_pe_metadata ||| data_in_opID: ['12', '15']
2026-06-19 16:00:30.279 - [DEBUG] ||| print_pe_metadata ||| data_out_opID: ['13', None]
2026-06-19 16:00:30.279 - [DEBUG] ||| print_pe_metadata ||| pred_in_opID: [None]
2026-06-19 16:00:30.280 - [DEBUG] ||| print_pe_metadata ||| pred_out_opID: [None]
2026-06-19 16:00:30.280 - [DEBUG] ||| print_pe_metadata ||| pe_meta[224]:
2026-06-19 16:00:30.280 - [DEBUG] ||| print_pe_metadata ||| opcode: [(['19'], 'mul', '14')]
2026-06-19 16:00:30.281 - [DEBUG] ||| print_pe_metadata ||| data_in_opID: [None, '19', None, None]
2026-06-19 16:00:30.281 - [DEBUG] ||| print_pe_metadata ||| data_out_opID: ['14', None, None, None]
2026-06-19 16:00:30.281 - [DEBUG] ||| print_pe_metadata ||| pred_in_opID: [None, None]
2026-06-19 16:00:30.281 - [DEBUG] ||| print_pe_metadata ||| pred_out_opID: [None, None]
2026-06-19 16:00:30.282 - [DEBUG] ||| print_pe_metadata ||| pe_meta[352]:
2026-06-19 16:00:30.282 - [DEBUG] ||| print_pe_metadata ||| opcode: [([], 'mul', '15')]
2026-06-19 16:00:30.282 - [DEBUG] ||| print_pe_metadata ||| data_in_opID: [None, None, None, None]
2026-06-19 16:00:30.282 - [DEBUG] ||| print_pe_metadata ||| data_out_opID: [None, '15', None, None]
2026-06-19 16:00:30.282 - [DEBUG] ||| print_pe_metadata ||| pred_in_opID: [None, None]
2026-06-19 16:00:30.282 - [DEBUG] ||| print_pe_metadata ||| pred_out_opID: [None, None]
2026-06-19 16:00:30.282 - [DEBUG] ||| print_pe_metadata ||| pe_meta[34]:
2026-06-19 16:00:30.283 - [DEBUG] ||| print_pe_metadata ||| opcode: [(['17'], 'add', '18'), (['6'], 'split', '20')]
2026-06-19 16:00:30.283 - [DEBUG] ||| print_pe_metadata ||| data_in_opID: ['6', '17']
2026-06-19 16:00:30.283 - [DEBUG] ||| print_pe_metadata ||| data_out_opID: ['20', '20']
2026-06-19 16:00:30.283 - [DEBUG] ||| print_pe_metadata ||| pred_in_opID: [None]
2026-06-19 16:00:30.284 - [DEBUG] ||| print_pe_metadata ||| pred_out_opID: [None]
2026-06-19 16:00:30.284 - [DEBUG] ||| print_pe_metadata ||| pe_meta[419]:
2026-06-19 16:00:30.284 - [DEBUG] ||| print_pe_metadata ||| opcode: [(['20'], 'icmp', '0'), (['6'], 'split', '19')]
2026-06-19 16:00:30.284 - [DEBUG] ||| print_pe_metadata ||| data_in_opID: ['20', '6']
2026-06-19 16:00:30.284 - [DEBUG] ||| print_pe_metadata ||| data_out_opID: ['19', '19']
2026-06-19 16:00:30.285 - [DEBUG] ||| print_pe_metadata ||| pred_in_opID: [None]
2026-06-19 16:00:30.285 - [DEBUG] ||| print_pe_metadata ||| pred_out_opID: ['0']
2026-06-19 16:00:30.285 - [DEBUG] ||| print_pe_metadata ||| pe_meta[420]:
2026-06-19 16:00:30.285 - [DEBUG] ||| print_pe_metadata ||| opcode: [([], 'load', '1')]
2026-06-19 16:00:30.285 - [DEBUG] ||| print_pe_metadata ||| data_in_opID: [None, None]
2026-06-19 16:00:30.285 - [DEBUG] ||| print_pe_metadata ||| data_out_opID: ['1', None]
2026-06-19 16:00:30.286 - [DEBUG] ||| print_pe_metadata ||| pred_in_opID: [None]
2026-06-19 16:00:30.286 - [DEBUG] ||| print_pe_metadata ||| pred_out_opID: [None]
2026-06-19 16:00:30.286 - [DEBUG] ||| print_pe_metadata ||| pe_meta[227]:
2026-06-19 16:00:30.286 - [DEBUG] ||| print_pe_metadata ||| opcode: [(['20'], 'add', '4')]
2026-06-19 16:00:30.286 - [DEBUG] ||| print_pe_metadata ||| data_in_opID: ['20', None, None, None]
2026-06-19 16:00:30.287 - [DEBUG] ||| print_pe_metadata ||| data_out_opID: ['4', None, None, None]
2026-06-19 16:00:30.287 - [DEBUG] ||| print_pe_metadata ||| pred_in_opID: [None, None]
2026-06-19 16:00:30.287 - [DEBUG] ||| print_pe_metadata ||| pred_out_opID: [None, None]
2026-06-19 16:00:30.287 - [DEBUG] ||| print_pe_metadata ||| pe_meta[229]:
2026-06-19 16:00:30.288 - [DEBUG] ||| print_pe_metadata ||| opcode: [(['9'], 'add', '7')]
2026-06-19 16:00:30.288 - [DEBUG] ||| print_pe_metadata ||| data_in_opID: ['9', None, None, None]
2026-06-19 16:00:30.288 - [DEBUG] ||| print_pe_metadata ||| data_out_opID: ['7', None, None, None]
2026-06-19 16:00:30.288 - [DEBUG] ||| print_pe_metadata ||| pred_in_opID: [None, None]
2026-06-19 16:00:30.288 - [DEBUG] ||| print_pe_metadata ||| pred_out_opID: [None, None]
2026-06-19 16:00:30.288 - [DEBUG] ||| print_pe_metadata ||| pe_meta[356]:
2026-06-19 16:00:30.289 - [DEBUG] ||| print_pe_metadata ||| opcode: [(['7', '10'], 'add', '8')]
2026-06-19 16:00:30.289 - [DEBUG] ||| print_pe_metadata ||| data_in_opID: ['7', '10', None, None]
2026-06-19 16:00:30.289 - [DEBUG] ||| print_pe_metadata ||| data_out_opID: [None, None, '8', None]
2026-06-19 16:00:30.289 - [DEBUG] ||| print_pe_metadata ||| pred_in_opID: [None, None]
2026-06-19 16:00:30.289 - [DEBUG] ||| print_pe_metadata ||| pred_out_opID: [None, None]
2026-06-19 16:00:30.289 - [DEBUG] ||| print_pe_metadata ||| pe_meta[35]:
2026-06-19 16:00:30.290 - [DEBUG] ||| print_pe_metadata ||| opcode: [([], 'mul', '9')]
2026-06-19 16:00:30.290 - [DEBUG] ||| print_pe_metadata ||| data_in_opID: [None, None]
2026-06-19 16:00:30.290 - [DEBUG] ||| print_pe_metadata ||| data_out_opID: ['9', None]
2026-06-19 16:00:30.290 - [DEBUG] ||| print_pe_metadata ||| pred_in_opID: [None]
2026-06-19 16:00:30.290 - [DEBUG] ||| print_pe_metadata ||| pred_out_opID: [None]
2026-06-19 16:00:30.291 - [DEBUG] ||| print_pe_metadata ||| pe_meta[230]:
2026-06-19 16:00:30.291 - [DEBUG] ||| print_pe_metadata ||| opcode: [(['19'], 'mul', '10')]
2026-06-19 16:00:30.291 - [DEBUG] ||| print_pe_metadata ||| data_in_opID: ['19', None, None, None]
2026-06-19 16:00:30.291 - [DEBUG] ||| print_pe_metadata ||| data_out_opID: [None, '10', None, None]
2026-06-19 16:00:30.291 - [DEBUG] ||| print_pe_metadata ||| pred_in_opID: [None, None]
2026-06-19 16:00:30.292 - [DEBUG] ||| print_pe_metadata ||| pred_out_opID: [None, None]
2026-06-19 16:00:30.292 - [DEBUG] ||| print_pe_metadata ||| pe_meta[358]:
2026-06-19 16:00:30.292 - [DEBUG] ||| print_pe_metadata ||| opcode: [(['14'], 'add', '12')]
2026-06-19 16:00:30.292 - [DEBUG] ||| print_pe_metadata ||| data_in_opID: ['14', None, None, None]
2026-06-19 16:00:30.292 - [DEBUG] ||| print_pe_metadata ||| data_out_opID: ['12', None, None, None]
2026-06-19 16:00:30.292 - [DEBUG] ||| print_pe_metadata ||| pred_in_opID: [None, None]
2026-06-19 16:00:30.293 - [DEBUG] ||| print_pe_metadata ||| pred_out_opID: [None, None]
2026-06-19 16:00:30.293 - [DEBUG] ||| print_pe_metadata ||| pe_meta[421]:
2026-06-19 16:00:30.293 - [DEBUG] ||| print_pe_metadata ||| opcode: [(['12', '15'], 'add', '13')]
2026-06-19 16:00:30.293 - [DEBUG] ||| print_pe_metadata ||| data_in_opID: ['12', '15']
2026-06-19 16:00:30.293 - [DEBUG] ||| print_pe_metadata ||| data_out_opID: ['13', None]
2026-06-19 16:00:30.293 - [DEBUG] ||| print_pe_metadata ||| pred_in_opID: [None]
2026-06-19 16:00:30.294 - [DEBUG] ||| print_pe_metadata ||| pred_out_opID: [None]
2026-06-19 16:00:30.294 - [DEBUG] ||| print_pe_metadata ||| pe_meta[231]:
2026-06-19 16:00:30.294 - [DEBUG] ||| print_pe_metadata ||| opcode: [(['19'], 'mul', '14')]
2026-06-19 16:00:30.294 - [DEBUG] ||| print_pe_metadata ||| data_in_opID: [None, '19', None, None]
2026-06-19 16:00:30.294 - [DEBUG] ||| print_pe_metadata ||| data_out_opID: ['14', None, None, None]
2026-06-19 16:00:30.294 - [DEBUG] ||| print_pe_metadata ||| pred_in_opID: [None, None]
2026-06-19 16:00:30.295 - [DEBUG] ||| print_pe_metadata ||| pred_out_opID: [None, None]
2026-06-19 16:00:30.295 - [DEBUG] ||| print_pe_metadata ||| pe_meta[359]:
2026-06-19 16:00:30.295 - [DEBUG] ||| print_pe_metadata ||| opcode: [([], 'mul', '15')]
2026-06-19 16:00:30.295 - [DEBUG] ||| print_pe_metadata ||| data_in_opID: [None, None, None, None]
2026-06-19 16:00:30.295 - [DEBUG] ||| print_pe_metadata ||| data_out_opID: [None, '15', None, None]
2026-06-19 16:00:30.296 - [DEBUG] ||| print_pe_metadata ||| pred_in_opID: [None, None]
2026-06-19 16:00:30.296 - [DEBUG] ||| print_pe_metadata ||| pred_out_opID: [None, None]
2026-06-19 16:00:30.296 - [DEBUG] ||| print_pe_metadata ||| pe_meta[36]:
2026-06-19 16:00:30.296 - [DEBUG] ||| print_pe_metadata ||| opcode: [(['17'], 'add', '18'), (['6'], 'split', '19')]
2026-06-19 16:00:30.296 - [DEBUG] ||| print_pe_metadata ||| data_in_opID: ['6', '17']
2026-06-19 16:00:30.296 - [DEBUG] ||| print_pe_metadata ||| data_out_opID: ['19', '19']
2026-06-19 16:00:30.296 - [DEBUG] ||| print_pe_metadata ||| pred_in_opID: [None]
2026-06-19 16:00:30.297 - [DEBUG] ||| print_pe_metadata ||| pred_out_opID: [None]
2026-06-19 16:00:30.297 - [DEBUG] ||| print_pe_metadata ||| pe_meta[37]:
2026-06-19 16:00:30.297 - [DEBUG] ||| print_pe_metadata ||| opcode: [(['6'], 'split', '20'), (['20'], 'icmp', '0')]
2026-06-19 16:00:30.297 - [DEBUG] ||| print_pe_metadata ||| data_in_opID: ['20', '6']
2026-06-19 16:00:30.297 - [DEBUG] ||| print_pe_metadata ||| data_out_opID: ['20', '20']
2026-06-19 16:00:30.298 - [DEBUG] ||| print_pe_metadata ||| pred_in_opID: [None]
2026-06-19 16:00:30.298 - [DEBUG] ||| print_pe_metadata ||| pred_out_opID: ['0']
2026-06-19 16:00:30.298 - [DEBUG] ||| print_pe_metadata ||| pe_meta[38]:
2026-06-19 16:00:30.298 - [DEBUG] ||| print_pe_metadata ||| opcode: [([], 'load', '1')]
2026-06-19 16:00:30.298 - [DEBUG] ||| print_pe_metadata ||| data_in_opID: [None, None]
2026-06-19 16:00:30.298 - [DEBUG] ||| print_pe_metadata ||| data_out_opID: ['1', None]
2026-06-19 16:00:30.299 - [DEBUG] ||| print_pe_metadata ||| pred_in_opID: [None]
2026-06-19 16:00:30.299 - [DEBUG] ||| print_pe_metadata ||| pred_out_opID: [None]
2026-06-19 16:00:30.299 - [DEBUG] ||| print_pe_metadata ||| pe_meta[233]:
2026-06-19 16:00:30.299 - [DEBUG] ||| print_pe_metadata ||| opcode: [(['1'], 'add', '2')]
2026-06-19 16:00:30.299 - [DEBUG] ||| print_pe_metadata ||| data_in_opID: ['1', None, None, None]
2026-06-19 16:00:30.300 - [DEBUG] ||| print_pe_metadata ||| data_out_opID: ['2', '2', None, None]
2026-06-19 16:00:30.300 - [DEBUG] ||| print_pe_metadata ||| pred_in_opID: [None, None]
2026-06-19 16:00:30.300 - [DEBUG] ||| print_pe_metadata ||| pred_out_opID: [None, None]
2026-06-19 16:00:30.300 - [DEBUG] ||| print_pe_metadata ||| pe_meta[361]:
2026-06-19 16:00:30.300 - [DEBUG] ||| print_pe_metadata ||| opcode: [(['2'], 'store', '3')]
2026-06-19 16:00:30.300 - [DEBUG] ||| print_pe_metadata ||| data_in_opID: ['2', None, None, None]
2026-06-19 16:00:30.301 - [DEBUG] ||| print_pe_metadata ||| data_out_opID: [None, None, None, None]
2026-06-19 16:00:30.301 - [DEBUG] ||| print_pe_metadata ||| pred_in_opID: [None, None]
2026-06-19 16:00:30.301 - [DEBUG] ||| print_pe_metadata ||| pred_out_opID: [None, None]
2026-06-19 16:00:30.301 - [DEBUG] ||| print_pe_metadata ||| pe_meta[234]:
2026-06-19 16:00:30.301 - [DEBUG] ||| print_pe_metadata ||| opcode: [(['0', '4'], 'add', '5')]
2026-06-19 16:00:30.301 - [DEBUG] ||| print_pe_metadata ||| data_in_opID: ['4', None, None, None]
2026-06-19 16:00:30.302 - [DEBUG] ||| print_pe_metadata ||| data_out_opID: ['5', None, None, None]
2026-06-19 16:00:30.302 - [DEBUG] ||| print_pe_metadata ||| pred_in_opID: ['0', None]
2026-06-19 16:00:30.302 - [DEBUG] ||| print_pe_metadata ||| pred_out_opID: [None, None]
2026-06-19 16:00:30.302 - [DEBUG] ||| print_pe_metadata ||| pe_meta[363]:
2026-06-19 16:00:30.303 - [DEBUG] ||| print_pe_metadata ||| opcode: [(['2', '5'], 'add', '6')]
2026-06-19 16:00:30.303 - [DEBUG] ||| print_pe_metadata ||| data_in_opID: ['5', '2', None, None]
2026-06-19 16:00:30.303 - [DEBUG] ||| print_pe_metadata ||| data_out_opID: ['6', '6', None, None]
2026-06-19 16:00:30.303 - [DEBUG] ||| print_pe_metadata ||| pred_in_opID: [None, None]
2026-06-19 16:00:30.303 - [DEBUG] ||| print_pe_metadata ||| pred_out_opID: [None, None]
2026-06-19 16:00:30.303 - [DEBUG] ||| print_pe_metadata ||| pe_meta[422]:
2026-06-19 16:00:30.304 - [DEBUG] ||| print_pe_metadata ||| opcode: [([], 'mul', '9')]
2026-06-19 16:00:30.304 - [DEBUG] ||| print_pe_metadata ||| data_in_opID: [None, None]
2026-06-19 16:00:30.304 - [DEBUG] ||| print_pe_metadata ||| data_out_opID: ['9', None]
2026-06-19 16:00:30.304 - [DEBUG] ||| print_pe_metadata ||| pred_in_opID: [None]
2026-06-19 16:00:30.304 - [DEBUG] ||| print_pe_metadata ||| pred_out_opID: [None]
2026-06-19 16:00:30.305 - [DEBUG] ||| print_pe_metadata ||| pe_meta[236]:
2026-06-19 16:00:30.305 - [DEBUG] ||| print_pe_metadata ||| opcode: [(['8'], 'load', '11')]
2026-06-19 16:00:30.305 - [DEBUG] ||| print_pe_metadata ||| data_in_opID: ['8', None, None, None]
2026-06-19 16:00:30.305 - [DEBUG] ||| print_pe_metadata ||| data_out_opID: ['11', None, None, None]
2026-06-19 16:00:30.305 - [DEBUG] ||| print_pe_metadata ||| pred_in_opID: [None, None]
2026-06-19 16:00:30.305 - [DEBUG] ||| print_pe_metadata ||| pred_out_opID: [None, None]
2026-06-19 16:00:30.305 - [DEBUG] ||| print_pe_metadata ||| pe_meta[39]:
2026-06-19 16:00:30.306 - [DEBUG] ||| print_pe_metadata ||| opcode: [(['12', '15'], 'add', '13')]
2026-06-19 16:00:30.306 - [DEBUG] ||| print_pe_metadata ||| data_in_opID: ['12', '15']
2026-06-19 16:00:30.306 - [DEBUG] ||| print_pe_metadata ||| data_out_opID: ['13', None]
2026-06-19 16:00:30.306 - [DEBUG] ||| print_pe_metadata ||| pred_in_opID: [None]
2026-06-19 16:00:30.306 - [DEBUG] ||| print_pe_metadata ||| pred_out_opID: [None]
2026-06-19 16:00:30.307 - [DEBUG] ||| print_pe_metadata ||| pe_meta[239]:
2026-06-19 16:00:30.307 - [DEBUG] ||| print_pe_metadata ||| opcode: [(['13'], 'load', '16')]
2026-06-19 16:00:30.307 - [DEBUG] ||| print_pe_metadata ||| data_in_opID: ['13', None, None, None]
2026-06-19 16:00:30.307 - [DEBUG] ||| print_pe_metadata ||| data_out_opID: [None, '16', None, None]
2026-06-19 16:00:30.307 - [DEBUG] ||| print_pe_metadata ||| pred_in_opID: [None, None]
2026-06-19 16:00:30.307 - [DEBUG] ||| print_pe_metadata ||| pred_out_opID: [None, None]
2026-06-19 16:00:30.308 - [DEBUG] ||| print_pe_metadata ||| pe_meta[367]:
2026-06-19 16:00:30.308 - [DEBUG] ||| print_pe_metadata ||| opcode: [(['11', '16'], 'mul', '17')]
2026-06-19 16:00:30.308 - [DEBUG] ||| print_pe_metadata ||| data_in_opID: ['11', '16', None, None]
2026-06-19 16:00:30.308 - [DEBUG] ||| print_pe_metadata ||| data_out_opID: [None, '17', None, None]
2026-06-19 16:00:30.308 - [DEBUG] ||| print_pe_metadata ||| pred_in_opID: [None, None]
2026-06-19 16:00:30.308 - [DEBUG] ||| print_pe_metadata ||| pred_out_opID: [None, None]
2026-06-19 16:00:30.309 - [DEBUG] ||| print_pe_metadata ||| pe_meta[423]:
2026-06-19 16:00:30.309 - [DEBUG] ||| print_pe_metadata ||| opcode: [(['17'], 'add', '18'), (['6'], 'split', '20')]
2026-06-19 16:00:30.309 - [DEBUG] ||| print_pe_metadata ||| data_in_opID: ['6', '17']
2026-06-19 16:00:30.309 - [DEBUG] ||| print_pe_metadata ||| data_out_opID: ['20', '20']
2026-06-19 16:00:30.309 - [DEBUG] ||| print_pe_metadata ||| pred_in_opID: [None]
2026-06-19 16:00:30.309 - [DEBUG] ||| print_pe_metadata ||| pred_out_opID: [None]
2026-06-19 16:00:30.310 - [DEBUG] ||| print_pe_metadata ||| pe_meta[151]:
2026-06-19 16:00:30.310 - [DEBUG] ||| print_pe_metadata ||| opcode: [(['7', '10'], 'add', '8')]
2026-06-19 16:00:30.310 - [DEBUG] ||| print_pe_metadata ||| data_in_opID: [None, None, '7', '10']
2026-06-19 16:00:30.310 - [DEBUG] ||| print_pe_metadata ||| data_out_opID: ['8', None, None, None]
2026-06-19 16:00:30.310 - [DEBUG] ||| print_pe_metadata ||| pred_in_opID: [None, None]
2026-06-19 16:00:30.310 - [DEBUG] ||| print_pe_metadata ||| pred_out_opID: [None, None]
2026-06-19 16:00:30.311 - [DEBUG] ||| print_pe_metadata ||| pe_meta[158]:
2026-06-19 16:00:30.311 - [DEBUG] ||| print_pe_metadata ||| opcode: [(['7', '10'], 'add', '8')]
2026-06-19 16:00:30.311 - [DEBUG] ||| print_pe_metadata ||| data_in_opID: [None, None, '7', '10']
2026-06-19 16:00:30.311 - [DEBUG] ||| print_pe_metadata ||| data_out_opID: ['8', None, None, None]
2026-06-19 16:00:30.312 - [DEBUG] ||| print_pe_metadata ||| pred_in_opID: [None, None]
2026-06-19 16:00:30.312 - [DEBUG] ||| print_pe_metadata ||| pred_out_opID: [None, None]
2026-06-19 16:00:30.312 - [DEBUG] ||| print_pe_metadata ||| pe_meta[133]:
2026-06-19 16:00:30.312 - [DEBUG] ||| print_pe_metadata ||| opcode: [([], 'mul', '15'), (['8'], 'bridge', '8'), (['8'], 'bridge', '8')]
2026-06-19 16:00:30.312 - [DEBUG] ||| print_pe_metadata ||| data_in_opID: [None, None, '8', '8']
2026-06-19 16:00:30.312 - [DEBUG] ||| print_pe_metadata ||| data_out_opID: ['8', '8', None, '15']
2026-06-19 16:00:30.313 - [DEBUG] ||| print_pe_metadata ||| pred_in_opID: [None, None]
2026-06-19 16:00:30.313 - [DEBUG] ||| print_pe_metadata ||| pred_out_opID: [None, None]
2026-06-19 16:00:30.313 - [DEBUG] ||| print_pe_metadata ||| pe_meta[179]:
2026-06-19 16:00:30.313 - [DEBUG] ||| print_pe_metadata ||| opcode: [(['7', '10'], 'add', '8')]
2026-06-19 16:00:30.313 - [DEBUG] ||| print_pe_metadata ||| data_in_opID: [None, None, '7', '10']
2026-06-19 16:00:30.313 - [DEBUG] ||| print_pe_metadata ||| data_out_opID: ['8', None, None, None]
2026-06-19 16:00:30.314 - [DEBUG] ||| print_pe_metadata ||| pred_in_opID: [None, None]
2026-06-19 16:00:30.314 - [DEBUG] ||| print_pe_metadata ||| pred_out_opID: [None, None]
2026-06-19 16:00:30.314 - [DEBUG] ||| print_pe_metadata ||| pe_meta[186]:
2026-06-19 16:00:30.314 - [DEBUG] ||| print_pe_metadata ||| opcode: [(['7', '10'], 'add', '8')]
2026-06-19 16:00:30.314 - [DEBUG] ||| print_pe_metadata ||| data_in_opID: [None, None, '7', '10']
2026-06-19 16:00:30.314 - [DEBUG] ||| print_pe_metadata ||| data_out_opID: [None, '8', None, None]
2026-06-19 16:00:30.315 - [DEBUG] ||| print_pe_metadata ||| pred_in_opID: [None, None]
2026-06-19 16:00:30.315 - [DEBUG] ||| print_pe_metadata ||| pred_out_opID: [None, None]
2026-06-19 16:00:30.315 - [DEBUG] ||| print_pe_metadata ||| pe_meta[207]:
2026-06-19 16:00:30.315 - [DEBUG] ||| print_pe_metadata ||| opcode: [(['7', '10'], 'add', '8')]
2026-06-19 16:00:30.315 - [DEBUG] ||| print_pe_metadata ||| data_in_opID: [None, None, '7', '10']
2026-06-19 16:00:30.315 - [DEBUG] ||| print_pe_metadata ||| data_out_opID: [None, '8', None, None]
2026-06-19 16:00:30.316 - [DEBUG] ||| print_pe_metadata ||| pred_in_opID: [None, None]
2026-06-19 16:00:30.316 - [DEBUG] ||| print_pe_metadata ||| pred_out_opID: [None, None]
2026-06-19 16:00:30.316 - [DEBUG] ||| print_pe_metadata ||| pe_meta[214]:
2026-06-19 16:00:30.316 - [DEBUG] ||| print_pe_metadata ||| opcode: [(['7', '10'], 'add', '8')]
2026-06-19 16:00:30.317 - [DEBUG] ||| print_pe_metadata ||| data_in_opID: [None, None, '7', '10']
2026-06-19 16:00:30.317 - [DEBUG] ||| print_pe_metadata ||| data_out_opID: [None, '8', None, None]
2026-06-19 16:00:30.317 - [DEBUG] ||| print_pe_metadata ||| pred_in_opID: [None, None]
2026-06-19 16:00:30.317 - [DEBUG] ||| print_pe_metadata ||| pred_out_opID: [None, None]
2026-06-19 16:00:30.317 - [DEBUG] ||| print_pe_metadata ||| pe_meta[235]:
2026-06-19 16:00:30.318 - [DEBUG] ||| print_pe_metadata ||| opcode: [(['7', '10'], 'add', '8')]
2026-06-19 16:00:30.318 - [DEBUG] ||| print_pe_metadata ||| data_in_opID: [None, None, '7', '10']
2026-06-19 16:00:30.318 - [DEBUG] ||| print_pe_metadata ||| data_out_opID: ['8', None, None, None]
2026-06-19 16:00:30.318 - [DEBUG] ||| print_pe_metadata ||| pred_in_opID: [None, None]
2026-06-19 16:00:30.318 - [DEBUG] ||| print_pe_metadata ||| pred_out_opID: [None, None]
2026-06-19 16:00:30.318 - [DEBUG] ||| print_pe_metadata ||| pe_meta[269]:
2026-06-19 16:00:30.319 - [DEBUG] ||| print_pe_metadata ||| opcode: [(['13'], 'load', '16')]
2026-06-19 16:00:30.319 - [DEBUG] ||| print_pe_metadata ||| data_in_opID: [None, None, '13', None]
2026-06-19 16:00:30.319 - [DEBUG] ||| print_pe_metadata ||| data_out_opID: [None, None, None, '16']
2026-06-19 16:00:30.319 - [DEBUG] ||| print_pe_metadata ||| pred_in_opID: [None, None]
2026-06-19 16:00:30.319 - [DEBUG] ||| print_pe_metadata ||| pred_out_opID: [None, None]
2026-06-19 16:00:30.319 - [DEBUG] ||| print_pe_metadata ||| pe_meta[141]:
2026-06-19 16:00:30.320 - [DEBUG] ||| print_pe_metadata ||| opcode: [(['11', '16'], 'mul', '17')]
2026-06-19 16:00:30.320 - [DEBUG] ||| print_pe_metadata ||| data_in_opID: [None, None, '11', '16']
2026-06-19 16:00:30.320 - [DEBUG] ||| print_pe_metadata ||| data_out_opID: [None, None, '17', None]
2026-06-19 16:00:30.320 - [DEBUG] ||| print_pe_metadata ||| pred_in_opID: [None, None]
2026-06-19 16:00:30.320 - [DEBUG] ||| print_pe_metadata ||| pred_out_opID: [None, None]
2026-06-19 16:00:30.320 - [DEBUG] ||| print_pe_metadata ||| pe_meta[270]:
2026-06-19 16:00:30.321 - [DEBUG] ||| print_pe_metadata ||| opcode: [(['1'], 'add', '2')]
2026-06-19 16:00:30.321 - [DEBUG] ||| print_pe_metadata ||| data_in_opID: [None, None, '1', None]
2026-06-19 16:00:30.321 - [DEBUG] ||| print_pe_metadata ||| data_out_opID: [None, None, '2', '2']
2026-06-19 16:00:30.321 - [DEBUG] ||| print_pe_metadata ||| pred_in_opID: [None, None]
2026-06-19 16:00:30.321 - [DEBUG] ||| print_pe_metadata ||| pred_out_opID: [None, None]
2026-06-19 16:00:30.322 - [DEBUG] ||| print_pe_metadata ||| pe_meta[142]:
2026-06-19 16:00:30.322 - [DEBUG] ||| print_pe_metadata ||| opcode: [(['2'], 'store', '3')]
2026-06-19 16:00:30.322 - [DEBUG] ||| print_pe_metadata ||| data_in_opID: [None, None, '2', None]
2026-06-19 16:00:30.322 - [DEBUG] ||| print_pe_metadata ||| data_out_opID: [None, None, None, None]
2026-06-19 16:00:30.322 - [DEBUG] ||| print_pe_metadata ||| pred_in_opID: [None, None]
2026-06-19 16:00:30.322 - [DEBUG] ||| print_pe_metadata ||| pred_out_opID: [None, None]
2026-06-19 16:00:30.322 - [DEBUG] ||| print_pe_metadata ||| pe_meta[271]:
2026-06-19 16:00:30.323 - [DEBUG] ||| print_pe_metadata ||| opcode: [(['0', '4'], 'add', '5')]
2026-06-19 16:00:30.323 - [DEBUG] ||| print_pe_metadata ||| data_in_opID: [None, None, '4', None]
2026-06-19 16:00:30.323 - [DEBUG] ||| print_pe_metadata ||| data_out_opID: [None, None, '5', None]
2026-06-19 16:00:30.323 - [DEBUG] ||| print_pe_metadata ||| pred_in_opID: [None, '0']
2026-06-19 16:00:30.323 - [DEBUG] ||| print_pe_metadata ||| pred_out_opID: [None, None]
2026-06-19 16:00:30.324 - [DEBUG] ||| print_pe_metadata ||| pe_meta[144]:
2026-06-19 16:00:30.324 - [DEBUG] ||| print_pe_metadata ||| opcode: [(['2', '5'], 'add', '6')]
2026-06-19 16:00:30.324 - [DEBUG] ||| print_pe_metadata ||| data_in_opID: [None, None, '5', '2']
2026-06-19 16:00:30.324 - [DEBUG] ||| print_pe_metadata ||| data_out_opID: [None, None, '6', '6']
2026-06-19 16:00:30.324 - [DEBUG] ||| print_pe_metadata ||| pred_in_opID: [None, None]
2026-06-19 16:00:30.325 - [DEBUG] ||| print_pe_metadata ||| pred_out_opID: [None, None]
2026-06-19 16:00:30.325 - [DEBUG] ||| print_pe_metadata ||| pe_meta[273]:
2026-06-19 16:00:30.325 - [DEBUG] ||| print_pe_metadata ||| opcode: [(['8'], 'load', '11')]
2026-06-19 16:00:30.325 - [DEBUG] ||| print_pe_metadata ||| data_in_opID: [None, None, None, '8']
2026-06-19 16:00:30.325 - [DEBUG] ||| print_pe_metadata ||| data_out_opID: [None, None, '11', None]
2026-06-19 16:00:30.326 - [DEBUG] ||| print_pe_metadata ||| pred_in_opID: [None, None]
2026-06-19 16:00:30.326 - [DEBUG] ||| print_pe_metadata ||| pred_out_opID: [None, None]
2026-06-19 16:00:30.326 - [DEBUG] ||| print_pe_metadata ||| pe_meta[276]:
2026-06-19 16:00:30.326 - [DEBUG] ||| print_pe_metadata ||| opcode: [(['13'], 'load', '16')]
2026-06-19 16:00:30.326 - [DEBUG] ||| print_pe_metadata ||| data_in_opID: [None, None, '13', None]
2026-06-19 16:00:30.326 - [DEBUG] ||| print_pe_metadata ||| data_out_opID: [None, None, None, '16']
2026-06-19 16:00:30.327 - [DEBUG] ||| print_pe_metadata ||| pred_in_opID: [None, None]
2026-06-19 16:00:30.327 - [DEBUG] ||| print_pe_metadata ||| pred_out_opID: [None, None]
2026-06-19 16:00:30.327 - [DEBUG] ||| print_pe_metadata ||| pe_meta[148]:
2026-06-19 16:00:30.327 - [DEBUG] ||| print_pe_metadata ||| opcode: [(['11', '16'], 'mul', '17')]
2026-06-19 16:00:30.327 - [DEBUG] ||| print_pe_metadata ||| data_in_opID: [None, None, '11', '16']
2026-06-19 16:00:30.328 - [DEBUG] ||| print_pe_metadata ||| data_out_opID: [None, None, None, '17']
2026-06-19 16:00:30.328 - [DEBUG] ||| print_pe_metadata ||| pred_in_opID: [None, None]
2026-06-19 16:00:30.328 - [DEBUG] ||| print_pe_metadata ||| pred_out_opID: [None, None]
2026-06-19 16:00:30.328 - [DEBUG] ||| print_pe_metadata ||| pe_meta[278]:
2026-06-19 16:00:30.328 - [DEBUG] ||| print_pe_metadata ||| opcode: [(['20'], 'add', '4')]
2026-06-19 16:00:30.328 - [DEBUG] ||| print_pe_metadata ||| data_in_opID: [None, None, '20', None]
2026-06-19 16:00:30.328 - [DEBUG] ||| print_pe_metadata ||| data_out_opID: [None, None, '4', None]
2026-06-19 16:00:30.329 - [DEBUG] ||| print_pe_metadata ||| pred_in_opID: [None, None]
2026-06-19 16:00:30.329 - [DEBUG] ||| print_pe_metadata ||| pred_out_opID: [None, None]
2026-06-19 16:00:30.329 - [DEBUG] ||| print_pe_metadata ||| pe_meta[280]:
2026-06-19 16:00:30.329 - [DEBUG] ||| print_pe_metadata ||| opcode: [(['9'], 'add', '7')]
2026-06-19 16:00:30.329 - [DEBUG] ||| print_pe_metadata ||| data_in_opID: [None, None, '9', None]
2026-06-19 16:00:30.329 - [DEBUG] ||| print_pe_metadata ||| data_out_opID: [None, None, '7', None]
2026-06-19 16:00:30.330 - [DEBUG] ||| print_pe_metadata ||| pred_in_opID: [None, None]
2026-06-19 16:00:30.330 - [DEBUG] ||| print_pe_metadata ||| pred_out_opID: [None, None]
2026-06-19 16:00:30.330 - [DEBUG] ||| print_pe_metadata ||| pe_meta[281]:
2026-06-19 16:00:30.330 - [DEBUG] ||| print_pe_metadata ||| opcode: [(['19'], 'mul', '10')]
2026-06-19 16:00:30.330 - [DEBUG] ||| print_pe_metadata ||| data_in_opID: [None, None, '19', None]
2026-06-19 16:00:30.330 - [DEBUG] ||| print_pe_metadata ||| data_out_opID: [None, None, None, '10']
2026-06-19 16:00:30.331 - [DEBUG] ||| print_pe_metadata ||| pred_in_opID: [None, None]
2026-06-19 16:00:30.331 - [DEBUG] ||| print_pe_metadata ||| pred_out_opID: [None, None]
2026-06-19 16:00:30.331 - [DEBUG] ||| print_pe_metadata ||| pe_meta[153]:
2026-06-19 16:00:30.331 - [DEBUG] ||| print_pe_metadata ||| opcode: [(['14'], 'add', '12')]
2026-06-19 16:00:30.332 - [DEBUG] ||| print_pe_metadata ||| data_in_opID: [None, None, '14', None]
2026-06-19 16:00:30.332 - [DEBUG] ||| print_pe_metadata ||| data_out_opID: [None, None, '12', None]
2026-06-19 16:00:30.332 - [DEBUG] ||| print_pe_metadata ||| pred_in_opID: [None, None]
2026-06-19 16:00:30.332 - [DEBUG] ||| print_pe_metadata ||| pred_out_opID: [None, None]
2026-06-19 16:00:30.332 - [DEBUG] ||| print_pe_metadata ||| pe_meta[282]:
2026-06-19 16:00:30.332 - [DEBUG] ||| print_pe_metadata ||| opcode: [(['19'], 'mul', '14')]
2026-06-19 16:00:30.332 - [DEBUG] ||| print_pe_metadata ||| data_in_opID: [None, None, None, '19']
2026-06-19 16:00:30.333 - [DEBUG] ||| print_pe_metadata ||| data_out_opID: [None, None, '14', None]
2026-06-19 16:00:30.333 - [DEBUG] ||| print_pe_metadata ||| pred_in_opID: [None, None]
2026-06-19 16:00:30.333 - [DEBUG] ||| print_pe_metadata ||| pred_out_opID: [None, None]
2026-06-19 16:00:30.333 - [DEBUG] ||| print_pe_metadata ||| pe_meta[154]:
2026-06-19 16:00:30.333 - [DEBUG] ||| print_pe_metadata ||| opcode: [([], 'mul', '15')]
2026-06-19 16:00:30.334 - [DEBUG] ||| print_pe_metadata ||| data_in_opID: [None, None, None, None]
2026-06-19 16:00:30.334 - [DEBUG] ||| print_pe_metadata ||| data_out_opID: [None, None, None, '15']
2026-06-19 16:00:30.334 - [DEBUG] ||| print_pe_metadata ||| pred_in_opID: [None, None]
2026-06-19 16:00:30.334 - [DEBUG] ||| print_pe_metadata ||| pred_out_opID: [None, None]
2026-06-19 16:00:30.334 - [DEBUG] ||| print_pe_metadata ||| pe_meta[285]:
2026-06-19 16:00:30.334 - [DEBUG] ||| print_pe_metadata ||| opcode: [(['20'], 'add', '4')]
2026-06-19 16:00:30.335 - [DEBUG] ||| print_pe_metadata ||| data_in_opID: [None, None, '20', None]
2026-06-19 16:00:30.335 - [DEBUG] ||| print_pe_metadata ||| data_out_opID: [None, None, '4', None]
2026-06-19 16:00:30.335 - [DEBUG] ||| print_pe_metadata ||| pred_in_opID: [None, None]
2026-06-19 16:00:30.335 - [DEBUG] ||| print_pe_metadata ||| pred_out_opID: [None, None]
2026-06-19 16:00:30.335 - [DEBUG] ||| print_pe_metadata ||| pe_meta[287]:
2026-06-19 16:00:30.335 - [DEBUG] ||| print_pe_metadata ||| opcode: [(['9'], 'add', '7')]
2026-06-19 16:00:30.336 - [DEBUG] ||| print_pe_metadata ||| data_in_opID: [None, None, '9', None]
2026-06-19 16:00:30.336 - [DEBUG] ||| print_pe_metadata ||| data_out_opID: [None, None, '7', None]
2026-06-19 16:00:30.336 - [DEBUG] ||| print_pe_metadata ||| pred_in_opID: [None, None]
2026-06-19 16:00:30.336 - [DEBUG] ||| print_pe_metadata ||| pred_out_opID: [None, None]
2026-06-19 16:00:30.336 - [DEBUG] ||| print_pe_metadata ||| pe_meta[288]:
2026-06-19 16:00:30.336 - [DEBUG] ||| print_pe_metadata ||| opcode: [(['19'], 'mul', '10')]
2026-06-19 16:00:30.337 - [DEBUG] ||| print_pe_metadata ||| data_in_opID: [None, None, '19', None]
2026-06-19 16:00:30.337 - [DEBUG] ||| print_pe_metadata ||| data_out_opID: [None, None, None, '10']
2026-06-19 16:00:30.337 - [DEBUG] ||| print_pe_metadata ||| pred_in_opID: [None, None]
2026-06-19 16:00:30.337 - [DEBUG] ||| print_pe_metadata ||| pred_out_opID: [None, None]
2026-06-19 16:00:30.337 - [DEBUG] ||| print_pe_metadata ||| pe_meta[160]:
2026-06-19 16:00:30.337 - [DEBUG] ||| print_pe_metadata ||| opcode: [(['14'], 'add', '12')]
2026-06-19 16:00:30.338 - [DEBUG] ||| print_pe_metadata ||| data_in_opID: [None, None, '14', None]
2026-06-19 16:00:30.338 - [DEBUG] ||| print_pe_metadata ||| data_out_opID: [None, None, '12', None]
2026-06-19 16:00:30.338 - [DEBUG] ||| print_pe_metadata ||| pred_in_opID: [None, None]
2026-06-19 16:00:30.338 - [DEBUG] ||| print_pe_metadata ||| pred_out_opID: [None, None]
2026-06-19 16:00:30.338 - [DEBUG] ||| print_pe_metadata ||| pe_meta[289]:
2026-06-19 16:00:30.338 - [DEBUG] ||| print_pe_metadata ||| opcode: [(['19'], 'mul', '14')]
2026-06-19 16:00:30.339 - [DEBUG] ||| print_pe_metadata ||| data_in_opID: [None, None, None, '19']
2026-06-19 16:00:30.339 - [DEBUG] ||| print_pe_metadata ||| data_out_opID: [None, None, '14', None]
2026-06-19 16:00:30.339 - [DEBUG] ||| print_pe_metadata ||| pred_in_opID: [None, None]
2026-06-19 16:00:30.339 - [DEBUG] ||| print_pe_metadata ||| pred_out_opID: [None, None]
2026-06-19 16:00:30.339 - [DEBUG] ||| print_pe_metadata ||| pe_meta[161]:
2026-06-19 16:00:30.339 - [DEBUG] ||| print_pe_metadata ||| opcode: [([], 'mul', '15')]
2026-06-19 16:00:30.340 - [DEBUG] ||| print_pe_metadata ||| data_in_opID: [None, None, None, None]
2026-06-19 16:00:30.340 - [DEBUG] ||| print_pe_metadata ||| data_out_opID: [None, None, None, '15']
2026-06-19 16:00:30.340 - [DEBUG] ||| print_pe_metadata ||| pred_in_opID: [None, None]
2026-06-19 16:00:30.340 - [DEBUG] ||| print_pe_metadata ||| pred_out_opID: [None, None]
2026-06-19 16:00:30.340 - [DEBUG] ||| print_pe_metadata ||| pe_meta[291]:
2026-06-19 16:00:30.340 - [DEBUG] ||| print_pe_metadata ||| opcode: [(['1'], 'add', '2')]
2026-06-19 16:00:30.341 - [DEBUG] ||| print_pe_metadata ||| data_in_opID: [None, None, '1', None]
2026-06-19 16:00:30.341 - [DEBUG] ||| print_pe_metadata ||| data_out_opID: [None, None, '2', '2']
2026-06-19 16:00:30.341 - [DEBUG] ||| print_pe_metadata ||| pred_in_opID: [None, None]
2026-06-19 16:00:30.341 - [DEBUG] ||| print_pe_metadata ||| pred_out_opID: [None, None]
2026-06-19 16:00:30.341 - [DEBUG] ||| print_pe_metadata ||| pe_meta[163]:
2026-06-19 16:00:30.341 - [DEBUG] ||| print_pe_metadata ||| opcode: [(['2'], 'store', '3')]
2026-06-19 16:00:30.342 - [DEBUG] ||| print_pe_metadata ||| data_in_opID: [None, None, '2', None]
2026-06-19 16:00:30.342 - [DEBUG] ||| print_pe_metadata ||| data_out_opID: [None, None, None, None]
2026-06-19 16:00:30.342 - [DEBUG] ||| print_pe_metadata ||| pred_in_opID: [None, None]
2026-06-19 16:00:30.342 - [DEBUG] ||| print_pe_metadata ||| pred_out_opID: [None, None]
2026-06-19 16:00:30.342 - [DEBUG] ||| print_pe_metadata ||| pe_meta[292]:
2026-06-19 16:00:30.342 - [DEBUG] ||| print_pe_metadata ||| opcode: [(['0', '4'], 'add', '5')]
2026-06-19 16:00:30.343 - [DEBUG] ||| print_pe_metadata ||| data_in_opID: [None, None, '4', None]
2026-06-19 16:00:30.343 - [DEBUG] ||| print_pe_metadata ||| data_out_opID: [None, None, '5', None]
2026-06-19 16:00:30.343 - [DEBUG] ||| print_pe_metadata ||| pred_in_opID: [None, '0']
2026-06-19 16:00:30.343 - [DEBUG] ||| print_pe_metadata ||| pred_out_opID: [None, None]
2026-06-19 16:00:30.343 - [DEBUG] ||| print_pe_metadata ||| pe_meta[165]:
2026-06-19 16:00:30.343 - [DEBUG] ||| print_pe_metadata ||| opcode: [(['2', '5'], 'add', '6')]
2026-06-19 16:00:30.344 - [DEBUG] ||| print_pe_metadata ||| data_in_opID: [None, None, '5', '2']
2026-06-19 16:00:30.344 - [DEBUG] ||| print_pe_metadata ||| data_out_opID: [None, None, '6', '6']
2026-06-19 16:00:30.344 - [DEBUG] ||| print_pe_metadata ||| pred_in_opID: [None, None]
2026-06-19 16:00:30.344 - [DEBUG] ||| print_pe_metadata ||| pred_out_opID: [None, None]
2026-06-19 16:00:30.344 - [DEBUG] ||| print_pe_metadata ||| pe_meta[294]:
2026-06-19 16:00:30.345 - [DEBUG] ||| print_pe_metadata ||| opcode: [(['8'], 'load', '11')]
2026-06-19 16:00:30.345 - [DEBUG] ||| print_pe_metadata ||| data_in_opID: [None, None, '8', None]
2026-06-19 16:00:30.345 - [DEBUG] ||| print_pe_metadata ||| data_out_opID: [None, None, '11', None]
2026-06-19 16:00:30.345 - [DEBUG] ||| print_pe_metadata ||| pred_in_opID: [None, None]
2026-06-19 16:00:30.345 - [DEBUG] ||| print_pe_metadata ||| pred_out_opID: [None, None]
2026-06-19 16:00:30.345 - [DEBUG] ||| print_pe_metadata ||| pe_meta[297]:
2026-06-19 16:00:30.346 - [DEBUG] ||| print_pe_metadata ||| opcode: [(['13'], 'load', '16')]
2026-06-19 16:00:30.346 - [DEBUG] ||| print_pe_metadata ||| data_in_opID: [None, None, '13', None]
2026-06-19 16:00:30.346 - [DEBUG] ||| print_pe_metadata ||| data_out_opID: [None, None, None, '16']
2026-06-19 16:00:30.346 - [DEBUG] ||| print_pe_metadata ||| pred_in_opID: [None, None]
2026-06-19 16:00:30.346 - [DEBUG] ||| print_pe_metadata ||| pred_out_opID: [None, None]
2026-06-19 16:00:30.346 - [DEBUG] ||| print_pe_metadata ||| pe_meta[169]:
2026-06-19 16:00:30.347 - [DEBUG] ||| print_pe_metadata ||| opcode: [(['11', '16'], 'mul', '17')]
2026-06-19 16:00:30.347 - [DEBUG] ||| print_pe_metadata ||| data_in_opID: [None, None, '11', '16']
2026-06-19 16:00:30.347 - [DEBUG] ||| print_pe_metadata ||| data_out_opID: [None, None, '17', None]
2026-06-19 16:00:30.347 - [DEBUG] ||| print_pe_metadata ||| pred_in_opID: [None, None]
2026-06-19 16:00:30.347 - [DEBUG] ||| print_pe_metadata ||| pred_out_opID: [None, None]
2026-06-19 16:00:30.348 - [DEBUG] ||| print_pe_metadata ||| pe_meta[298]:
2026-06-19 16:00:30.348 - [DEBUG] ||| print_pe_metadata ||| opcode: [(['1'], 'add', '2')]
2026-06-19 16:00:30.348 - [DEBUG] ||| print_pe_metadata ||| data_in_opID: [None, None, '1', None]
2026-06-19 16:00:30.348 - [DEBUG] ||| print_pe_metadata ||| data_out_opID: [None, None, '2', '2']
2026-06-19 16:00:30.348 - [DEBUG] ||| print_pe_metadata ||| pred_in_opID: [None, None]
2026-06-19 16:00:30.348 - [DEBUG] ||| print_pe_metadata ||| pred_out_opID: [None, None]
2026-06-19 16:00:30.348 - [DEBUG] ||| print_pe_metadata ||| pe_meta[170]:
2026-06-19 16:00:30.349 - [DEBUG] ||| print_pe_metadata ||| opcode: [(['2'], 'store', '3')]
2026-06-19 16:00:30.349 - [DEBUG] ||| print_pe_metadata ||| data_in_opID: [None, None, '2', None]
2026-06-19 16:00:30.349 - [DEBUG] ||| print_pe_metadata ||| data_out_opID: [None, None, None, None]
2026-06-19 16:00:30.349 - [DEBUG] ||| print_pe_metadata ||| pred_in_opID: [None, None]
2026-06-19 16:00:30.349 - [DEBUG] ||| print_pe_metadata ||| pred_out_opID: [None, None]
2026-06-19 16:00:30.349 - [DEBUG] ||| print_pe_metadata ||| pe_meta[299]:
2026-06-19 16:00:30.350 - [DEBUG] ||| print_pe_metadata ||| opcode: [(['0', '4'], 'add', '5')]
2026-06-19 16:00:30.350 - [DEBUG] ||| print_pe_metadata ||| data_in_opID: [None, None, '4', None]
2026-06-19 16:00:30.350 - [DEBUG] ||| print_pe_metadata ||| data_out_opID: [None, None, '5', None]
2026-06-19 16:00:30.350 - [DEBUG] ||| print_pe_metadata ||| pred_in_opID: [None, '0']
2026-06-19 16:00:30.350 - [DEBUG] ||| print_pe_metadata ||| pred_out_opID: [None, None]
2026-06-19 16:00:30.351 - [DEBUG] ||| print_pe_metadata ||| pe_meta[172]:
2026-06-19 16:00:30.351 - [DEBUG] ||| print_pe_metadata ||| opcode: [(['2', '5'], 'add', '6')]
2026-06-19 16:00:30.351 - [DEBUG] ||| print_pe_metadata ||| data_in_opID: [None, None, '5', '2']
2026-06-19 16:00:30.351 - [DEBUG] ||| print_pe_metadata ||| data_out_opID: [None, None, '6', '6']
2026-06-19 16:00:30.352 - [DEBUG] ||| print_pe_metadata ||| pred_in_opID: [None, None]
2026-06-19 16:00:30.352 - [DEBUG] ||| print_pe_metadata ||| pred_out_opID: [None, None]
2026-06-19 16:00:30.352 - [DEBUG] ||| print_pe_metadata ||| pe_meta[301]:
2026-06-19 16:00:30.352 - [DEBUG] ||| print_pe_metadata ||| opcode: [(['8'], 'load', '11')]
2026-06-19 16:00:30.352 - [DEBUG] ||| print_pe_metadata ||| data_in_opID: [None, None, None, '8']
2026-06-19 16:00:30.352 - [DEBUG] ||| print_pe_metadata ||| data_out_opID: [None, None, '11', None]
2026-06-19 16:00:30.353 - [DEBUG] ||| print_pe_metadata ||| pred_in_opID: [None, None]
2026-06-19 16:00:30.353 - [DEBUG] ||| print_pe_metadata ||| pred_out_opID: [None, None]
2026-06-19 16:00:30.353 - [DEBUG] ||| print_pe_metadata ||| pe_meta[304]:
2026-06-19 16:00:30.353 - [DEBUG] ||| print_pe_metadata ||| opcode: [(['13'], 'load', '16')]
2026-06-19 16:00:30.353 - [DEBUG] ||| print_pe_metadata ||| data_in_opID: [None, None, '13', None]
2026-06-19 16:00:30.353 - [DEBUG] ||| print_pe_metadata ||| data_out_opID: [None, None, None, '16']
2026-06-19 16:00:30.354 - [DEBUG] ||| print_pe_metadata ||| pred_in_opID: [None, None]
2026-06-19 16:00:30.354 - [DEBUG] ||| print_pe_metadata ||| pred_out_opID: [None, None]
2026-06-19 16:00:30.354 - [DEBUG] ||| print_pe_metadata ||| pe_meta[176]:
2026-06-19 16:00:30.354 - [DEBUG] ||| print_pe_metadata ||| opcode: [(['11', '16'], 'mul', '17')]
2026-06-19 16:00:30.354 - [DEBUG] ||| print_pe_metadata ||| data_in_opID: [None, None, '11', '16']
2026-06-19 16:00:30.354 - [DEBUG] ||| print_pe_metadata ||| data_out_opID: [None, None, None, '17']
2026-06-19 16:00:30.355 - [DEBUG] ||| print_pe_metadata ||| pred_in_opID: [None, None]
2026-06-19 16:00:30.355 - [DEBUG] ||| print_pe_metadata ||| pred_out_opID: [None, None]
2026-06-19 16:00:30.355 - [DEBUG] ||| print_pe_metadata ||| pe_meta[306]:
2026-06-19 16:00:30.355 - [DEBUG] ||| print_pe_metadata ||| opcode: [(['20'], 'add', '4')]
2026-06-19 16:00:30.355 - [DEBUG] ||| print_pe_metadata ||| data_in_opID: [None, None, '20', None]
2026-06-19 16:00:30.355 - [DEBUG] ||| print_pe_metadata ||| data_out_opID: [None, None, '4', None]
2026-06-19 16:00:30.356 - [DEBUG] ||| print_pe_metadata ||| pred_in_opID: [None, None]
2026-06-19 16:00:30.356 - [DEBUG] ||| print_pe_metadata ||| pred_out_opID: [None, None]
2026-06-19 16:00:30.356 - [DEBUG] ||| print_pe_metadata ||| pe_meta[308]:
2026-06-19 16:00:30.356 - [DEBUG] ||| print_pe_metadata ||| opcode: [(['9'], 'add', '7')]
2026-06-19 16:00:30.356 - [DEBUG] ||| print_pe_metadata ||| data_in_opID: [None, None, '9', None]
2026-06-19 16:00:30.356 - [DEBUG] ||| print_pe_metadata ||| data_out_opID: [None, None, '7', None]
2026-06-19 16:00:30.356 - [DEBUG] ||| print_pe_metadata ||| pred_in_opID: [None, None]
2026-06-19 16:00:30.357 - [DEBUG] ||| print_pe_metadata ||| pred_out_opID: [None, None]
2026-06-19 16:00:30.357 - [DEBUG] ||| print_pe_metadata ||| pe_meta[309]:
2026-06-19 16:00:30.357 - [DEBUG] ||| print_pe_metadata ||| opcode: [(['19'], 'mul', '10')]
2026-06-19 16:00:30.357 - [DEBUG] ||| print_pe_metadata ||| data_in_opID: [None, None, '19', None]
2026-06-19 16:00:30.357 - [DEBUG] ||| print_pe_metadata ||| data_out_opID: [None, None, None, '10']
2026-06-19 16:00:30.358 - [DEBUG] ||| print_pe_metadata ||| pred_in_opID: [None, None]
2026-06-19 16:00:30.358 - [DEBUG] ||| print_pe_metadata ||| pred_out_opID: [None, None]
2026-06-19 16:00:30.358 - [DEBUG] ||| print_pe_metadata ||| pe_meta[181]:
2026-06-19 16:00:30.358 - [DEBUG] ||| print_pe_metadata ||| opcode: [(['14'], 'add', '12')]
2026-06-19 16:00:30.358 - [DEBUG] ||| print_pe_metadata ||| data_in_opID: [None, None, '14', None]
2026-06-19 16:00:30.358 - [DEBUG] ||| print_pe_metadata ||| data_out_opID: [None, None, '12', None]
2026-06-19 16:00:30.358 - [DEBUG] ||| print_pe_metadata ||| pred_in_opID: [None, None]
2026-06-19 16:00:30.359 - [DEBUG] ||| print_pe_metadata ||| pred_out_opID: [None, None]
2026-06-19 16:00:30.359 - [DEBUG] ||| print_pe_metadata ||| pe_meta[310]:
2026-06-19 16:00:30.359 - [DEBUG] ||| print_pe_metadata ||| opcode: [(['19'], 'mul', '14')]
2026-06-19 16:00:30.359 - [DEBUG] ||| print_pe_metadata ||| data_in_opID: [None, None, None, '19']
2026-06-19 16:00:30.359 - [DEBUG] ||| print_pe_metadata ||| data_out_opID: [None, None, '14', None]
2026-06-19 16:00:30.359 - [DEBUG] ||| print_pe_metadata ||| pred_in_opID: [None, None]
2026-06-19 16:00:30.360 - [DEBUG] ||| print_pe_metadata ||| pred_out_opID: [None, None]
2026-06-19 16:00:30.360 - [DEBUG] ||| print_pe_metadata ||| pe_meta[182]:
2026-06-19 16:00:30.360 - [DEBUG] ||| print_pe_metadata ||| opcode: [([], 'mul', '15')]
2026-06-19 16:00:30.360 - [DEBUG] ||| print_pe_metadata ||| data_in_opID: [None, None, None, None]
2026-06-19 16:00:30.360 - [DEBUG] ||| print_pe_metadata ||| data_out_opID: [None, None, None, '15']
2026-06-19 16:00:30.360 - [DEBUG] ||| print_pe_metadata ||| pred_in_opID: [None, None]
2026-06-19 16:00:30.361 - [DEBUG] ||| print_pe_metadata ||| pred_out_opID: [None, None]
2026-06-19 16:00:30.361 - [DEBUG] ||| print_pe_metadata ||| pe_meta[313]:
2026-06-19 16:00:30.361 - [DEBUG] ||| print_pe_metadata ||| opcode: [(['20'], 'add', '4')]
2026-06-19 16:00:30.361 - [DEBUG] ||| print_pe_metadata ||| data_in_opID: [None, None, '20', None]
2026-06-19 16:00:30.361 - [DEBUG] ||| print_pe_metadata ||| data_out_opID: [None, None, '4', None]
2026-06-19 16:00:30.361 - [DEBUG] ||| print_pe_metadata ||| pred_in_opID: [None, None]
2026-06-19 16:00:30.362 - [DEBUG] ||| print_pe_metadata ||| pred_out_opID: [None, None]
2026-06-19 16:00:30.362 - [DEBUG] ||| print_pe_metadata ||| pe_meta[315]:
2026-06-19 16:00:30.362 - [DEBUG] ||| print_pe_metadata ||| opcode: [(['9'], 'add', '7')]
2026-06-19 16:00:30.362 - [DEBUG] ||| print_pe_metadata ||| data_in_opID: [None, None, '9', None]
2026-06-19 16:00:30.362 - [DEBUG] ||| print_pe_metadata ||| data_out_opID: [None, None, '7', None]
2026-06-19 16:00:30.363 - [DEBUG] ||| print_pe_metadata ||| pred_in_opID: [None, None]
2026-06-19 16:00:30.363 - [DEBUG] ||| print_pe_metadata ||| pred_out_opID: [None, None]
2026-06-19 16:00:30.363 - [DEBUG] ||| print_pe_metadata ||| pe_meta[316]:
2026-06-19 16:00:30.363 - [DEBUG] ||| print_pe_metadata ||| opcode: [(['19'], 'mul', '10')]
2026-06-19 16:00:30.363 - [DEBUG] ||| print_pe_metadata ||| data_in_opID: [None, None, '19', None]
2026-06-19 16:00:30.364 - [DEBUG] ||| print_pe_metadata ||| data_out_opID: [None, None, None, '10']
2026-06-19 16:00:30.364 - [DEBUG] ||| print_pe_metadata ||| pred_in_opID: [None, None]
2026-06-19 16:00:30.364 - [DEBUG] ||| print_pe_metadata ||| pred_out_opID: [None, None]
2026-06-19 16:00:30.364 - [DEBUG] ||| print_pe_metadata ||| pe_meta[188]:
2026-06-19 16:00:30.364 - [DEBUG] ||| print_pe_metadata ||| opcode: [(['14'], 'add', '12')]
2026-06-19 16:00:30.364 - [DEBUG] ||| print_pe_metadata ||| data_in_opID: [None, None, '14', None]
2026-06-19 16:00:30.365 - [DEBUG] ||| print_pe_metadata ||| data_out_opID: [None, None, '12', None]
2026-06-19 16:00:30.365 - [DEBUG] ||| print_pe_metadata ||| pred_in_opID: [None, None]
2026-06-19 16:00:30.365 - [DEBUG] ||| print_pe_metadata ||| pred_out_opID: [None, None]
2026-06-19 16:00:30.365 - [DEBUG] ||| print_pe_metadata ||| pe_meta[317]:
2026-06-19 16:00:30.365 - [DEBUG] ||| print_pe_metadata ||| opcode: [(['19'], 'mul', '14')]
2026-06-19 16:00:30.365 - [DEBUG] ||| print_pe_metadata ||| data_in_opID: [None, None, None, '19']
2026-06-19 16:00:30.366 - [DEBUG] ||| print_pe_metadata ||| data_out_opID: [None, None, '14', None]
2026-06-19 16:00:30.366 - [DEBUG] ||| print_pe_metadata ||| pred_in_opID: [None, None]
2026-06-19 16:00:30.366 - [DEBUG] ||| print_pe_metadata ||| pred_out_opID: [None, None]
2026-06-19 16:00:30.366 - [DEBUG] ||| print_pe_metadata ||| pe_meta[189]:
2026-06-19 16:00:30.366 - [DEBUG] ||| print_pe_metadata ||| opcode: [([], 'mul', '15')]
2026-06-19 16:00:30.366 - [DEBUG] ||| print_pe_metadata ||| data_in_opID: [None, None, None, None]
2026-06-19 16:00:30.367 - [DEBUG] ||| print_pe_metadata ||| data_out_opID: [None, None, None, '15']
2026-06-19 16:00:30.367 - [DEBUG] ||| print_pe_metadata ||| pred_in_opID: [None, None]
2026-06-19 16:00:30.367 - [DEBUG] ||| print_pe_metadata ||| pred_out_opID: [None, None]
2026-06-19 16:00:30.367 - [DEBUG] ||| print_pe_metadata ||| pe_meta[319]:
2026-06-19 16:00:30.367 - [DEBUG] ||| print_pe_metadata ||| opcode: [(['1'], 'add', '2')]
2026-06-19 16:00:30.367 - [DEBUG] ||| print_pe_metadata ||| data_in_opID: [None, None, '1', None]
2026-06-19 16:00:30.368 - [DEBUG] ||| print_pe_metadata ||| data_out_opID: [None, None, '2', '2']
2026-06-19 16:00:30.368 - [DEBUG] ||| print_pe_metadata ||| pred_in_opID: [None, None]
2026-06-19 16:00:30.368 - [DEBUG] ||| print_pe_metadata ||| pred_out_opID: [None, None]
2026-06-19 16:00:30.368 - [DEBUG] ||| print_pe_metadata ||| pe_meta[191]:
2026-06-19 16:00:30.368 - [DEBUG] ||| print_pe_metadata ||| opcode: [(['2'], 'store', '3')]
2026-06-19 16:00:30.368 - [DEBUG] ||| print_pe_metadata ||| data_in_opID: [None, None, '2', None]
2026-06-19 16:00:30.369 - [DEBUG] ||| print_pe_metadata ||| data_out_opID: [None, None, None, None]
2026-06-19 16:00:30.369 - [DEBUG] ||| print_pe_metadata ||| pred_in_opID: [None, None]
2026-06-19 16:00:30.369 - [DEBUG] ||| print_pe_metadata ||| pred_out_opID: [None, None]
2026-06-19 16:00:30.369 - [DEBUG] ||| print_pe_metadata ||| pe_meta[320]:
2026-06-19 16:00:30.369 - [DEBUG] ||| print_pe_metadata ||| opcode: [(['0', '4'], 'add', '5')]
2026-06-19 16:00:30.369 - [DEBUG] ||| print_pe_metadata ||| data_in_opID: [None, None, '4', None]
2026-06-19 16:00:30.370 - [DEBUG] ||| print_pe_metadata ||| data_out_opID: [None, None, '5', None]
2026-06-19 16:00:30.370 - [DEBUG] ||| print_pe_metadata ||| pred_in_opID: [None, '0']
2026-06-19 16:00:30.370 - [DEBUG] ||| print_pe_metadata ||| pred_out_opID: [None, None]
2026-06-19 16:00:30.370 - [DEBUG] ||| print_pe_metadata ||| pe_meta[193]:
2026-06-19 16:00:30.370 - [DEBUG] ||| print_pe_metadata ||| opcode: [(['2', '5'], 'add', '6')]
2026-06-19 16:00:30.370 - [DEBUG] ||| print_pe_metadata ||| data_in_opID: [None, None, '5', '2']
2026-06-19 16:00:30.371 - [DEBUG] ||| print_pe_metadata ||| data_out_opID: [None, None, '6', '6']
2026-06-19 16:00:30.371 - [DEBUG] ||| print_pe_metadata ||| pred_in_opID: [None, None]
2026-06-19 16:00:30.371 - [DEBUG] ||| print_pe_metadata ||| pred_out_opID: [None, None]
2026-06-19 16:00:30.371 - [DEBUG] ||| print_pe_metadata ||| pe_meta[322]:
2026-06-19 16:00:30.371 - [DEBUG] ||| print_pe_metadata ||| opcode: [(['8'], 'load', '11')]
2026-06-19 16:00:30.372 - [DEBUG] ||| print_pe_metadata ||| data_in_opID: [None, None, '8', None]
2026-06-19 16:00:30.372 - [DEBUG] ||| print_pe_metadata ||| data_out_opID: [None, None, '11', None]
2026-06-19 16:00:30.372 - [DEBUG] ||| print_pe_metadata ||| pred_in_opID: [None, None]
2026-06-19 16:00:30.372 - [DEBUG] ||| print_pe_metadata ||| pred_out_opID: [None, None]
2026-06-19 16:00:30.372 - [DEBUG] ||| print_pe_metadata ||| pe_meta[325]:
2026-06-19 16:00:30.372 - [DEBUG] ||| print_pe_metadata ||| opcode: [(['13'], 'load', '16')]
2026-06-19 16:00:30.373 - [DEBUG] ||| print_pe_metadata ||| data_in_opID: [None, None, '13', None]
2026-06-19 16:00:30.373 - [DEBUG] ||| print_pe_metadata ||| data_out_opID: [None, None, None, '16']
2026-06-19 16:00:30.373 - [DEBUG] ||| print_pe_metadata ||| pred_in_opID: [None, None]
2026-06-19 16:00:30.373 - [DEBUG] ||| print_pe_metadata ||| pred_out_opID: [None, None]
2026-06-19 16:00:30.373 - [DEBUG] ||| print_pe_metadata ||| pe_meta[197]:
2026-06-19 16:00:30.373 - [DEBUG] ||| print_pe_metadata ||| opcode: [(['11', '16'], 'mul', '17')]
2026-06-19 16:00:30.374 - [DEBUG] ||| print_pe_metadata ||| data_in_opID: [None, None, '11', '16']
2026-06-19 16:00:30.374 - [DEBUG] ||| print_pe_metadata ||| data_out_opID: [None, None, '17', None]
2026-06-19 16:00:30.374 - [DEBUG] ||| print_pe_metadata ||| pred_in_opID: [None, None]
2026-06-19 16:00:30.374 - [DEBUG] ||| print_pe_metadata ||| pred_out_opID: [None, None]
2026-06-19 16:00:30.374 - [DEBUG] ||| print_pe_metadata ||| pe_meta[326]:
2026-06-19 16:00:30.374 - [DEBUG] ||| print_pe_metadata ||| opcode: [(['1'], 'add', '2')]
2026-06-19 16:00:30.375 - [DEBUG] ||| print_pe_metadata ||| data_in_opID: [None, None, '1', None]
2026-06-19 16:00:30.375 - [DEBUG] ||| print_pe_metadata ||| data_out_opID: [None, None, '2', '2']
2026-06-19 16:00:30.375 - [DEBUG] ||| print_pe_metadata ||| pred_in_opID: [None, None]
2026-06-19 16:00:30.375 - [DEBUG] ||| print_pe_metadata ||| pred_out_opID: [None, None]
2026-06-19 16:00:30.375 - [DEBUG] ||| print_pe_metadata ||| pe_meta[198]:
2026-06-19 16:00:30.376 - [DEBUG] ||| print_pe_metadata ||| opcode: [(['2'], 'store', '3')]
2026-06-19 16:00:30.376 - [DEBUG] ||| print_pe_metadata ||| data_in_opID: [None, None, '2', None]
2026-06-19 16:00:30.376 - [DEBUG] ||| print_pe_metadata ||| data_out_opID: [None, None, None, None]
2026-06-19 16:00:30.376 - [DEBUG] ||| print_pe_metadata ||| pred_in_opID: [None, None]
2026-06-19 16:00:30.376 - [DEBUG] ||| print_pe_metadata ||| pred_out_opID: [None, None]
2026-06-19 16:00:30.377 - [DEBUG] ||| print_pe_metadata ||| pe_meta[327]:
2026-06-19 16:00:30.377 - [DEBUG] ||| print_pe_metadata ||| opcode: [(['0', '4'], 'add', '5')]
2026-06-19 16:00:30.377 - [DEBUG] ||| print_pe_metadata ||| data_in_opID: [None, None, '4', None]
2026-06-19 16:00:30.377 - [DEBUG] ||| print_pe_metadata ||| data_out_opID: [None, None, '5', None]
2026-06-19 16:00:30.378 - [DEBUG] ||| print_pe_metadata ||| pred_in_opID: [None, '0']
2026-06-19 16:00:30.378 - [DEBUG] ||| print_pe_metadata ||| pred_out_opID: [None, None]
2026-06-19 16:00:30.378 - [DEBUG] ||| print_pe_metadata ||| pe_meta[200]:
2026-06-19 16:00:30.378 - [DEBUG] ||| print_pe_metadata ||| opcode: [(['2', '5'], 'add', '6')]
2026-06-19 16:00:30.378 - [DEBUG] ||| print_pe_metadata ||| data_in_opID: [None, None, '5', '2']
2026-06-19 16:00:30.379 - [DEBUG] ||| print_pe_metadata ||| data_out_opID: [None, None, '6', '6']
2026-06-19 16:00:30.379 - [DEBUG] ||| print_pe_metadata ||| pred_in_opID: [None, None]
2026-06-19 16:00:30.379 - [DEBUG] ||| print_pe_metadata ||| pred_out_opID: [None, None]
2026-06-19 16:00:30.379 - [DEBUG] ||| print_pe_metadata ||| pe_meta[329]:
2026-06-19 16:00:30.379 - [DEBUG] ||| print_pe_metadata ||| opcode: [(['8'], 'load', '11')]
2026-06-19 16:00:30.379 - [DEBUG] ||| print_pe_metadata ||| data_in_opID: [None, None, None, '8']
2026-06-19 16:00:30.380 - [DEBUG] ||| print_pe_metadata ||| data_out_opID: [None, None, '11', None]
2026-06-19 16:00:30.380 - [DEBUG] ||| print_pe_metadata ||| pred_in_opID: [None, None]
2026-06-19 16:00:30.380 - [DEBUG] ||| print_pe_metadata ||| pred_out_opID: [None, None]
2026-06-19 16:00:30.380 - [DEBUG] ||| print_pe_metadata ||| pe_meta[332]:
2026-06-19 16:00:30.380 - [DEBUG] ||| print_pe_metadata ||| opcode: [(['13'], 'load', '16')]
2026-06-19 16:00:30.380 - [DEBUG] ||| print_pe_metadata ||| data_in_opID: [None, None, '13', None]
2026-06-19 16:00:30.381 - [DEBUG] ||| print_pe_metadata ||| data_out_opID: [None, None, None, '16']
2026-06-19 16:00:30.381 - [DEBUG] ||| print_pe_metadata ||| pred_in_opID: [None, None]
2026-06-19 16:00:30.381 - [DEBUG] ||| print_pe_metadata ||| pred_out_opID: [None, None]
2026-06-19 16:00:30.381 - [DEBUG] ||| print_pe_metadata ||| pe_meta[204]:
2026-06-19 16:00:30.381 - [DEBUG] ||| print_pe_metadata ||| opcode: [(['11', '16'], 'mul', '17')]
2026-06-19 16:00:30.381 - [DEBUG] ||| print_pe_metadata ||| data_in_opID: [None, None, '11', '16']
2026-06-19 16:00:30.382 - [DEBUG] ||| print_pe_metadata ||| data_out_opID: [None, None, None, '17']
2026-06-19 16:00:30.382 - [DEBUG] ||| print_pe_metadata ||| pred_in_opID: [None, None]
2026-06-19 16:00:30.382 - [DEBUG] ||| print_pe_metadata ||| pred_out_opID: [None, None]
2026-06-19 16:00:30.382 - [DEBUG] ||| print_pe_metadata ||| pe_meta[334]:
2026-06-19 16:00:30.382 - [DEBUG] ||| print_pe_metadata ||| opcode: [(['20'], 'add', '4')]
2026-06-19 16:00:30.382 - [DEBUG] ||| print_pe_metadata ||| data_in_opID: [None, None, '20', None]
2026-06-19 16:00:30.383 - [DEBUG] ||| print_pe_metadata ||| data_out_opID: [None, None, '4', None]
2026-06-19 16:00:30.383 - [DEBUG] ||| print_pe_metadata ||| pred_in_opID: [None, None]
2026-06-19 16:00:30.383 - [DEBUG] ||| print_pe_metadata ||| pred_out_opID: [None, None]
2026-06-19 16:00:30.383 - [DEBUG] ||| print_pe_metadata ||| pe_meta[336]:
2026-06-19 16:00:30.384 - [DEBUG] ||| print_pe_metadata ||| opcode: [(['9'], 'add', '7')]
2026-06-19 16:00:30.384 - [DEBUG] ||| print_pe_metadata ||| data_in_opID: [None, None, '9', None]
2026-06-19 16:00:30.384 - [DEBUG] ||| print_pe_metadata ||| data_out_opID: [None, None, '7', None]
2026-06-19 16:00:30.384 - [DEBUG] ||| print_pe_metadata ||| pred_in_opID: [None, None]
2026-06-19 16:00:30.384 - [DEBUG] ||| print_pe_metadata ||| pred_out_opID: [None, None]
2026-06-19 16:00:30.385 - [DEBUG] ||| print_pe_metadata ||| pe_meta[337]:
2026-06-19 16:00:30.385 - [DEBUG] ||| print_pe_metadata ||| opcode: [(['19'], 'mul', '10')]
2026-06-19 16:00:30.385 - [DEBUG] ||| print_pe_metadata ||| data_in_opID: [None, None, '19', None]
2026-06-19 16:00:30.385 - [DEBUG] ||| print_pe_metadata ||| data_out_opID: [None, None, None, '10']
2026-06-19 16:00:30.385 - [DEBUG] ||| print_pe_metadata ||| pred_in_opID: [None, None]
2026-06-19 16:00:30.385 - [DEBUG] ||| print_pe_metadata ||| pred_out_opID: [None, None]
2026-06-19 16:00:30.386 - [DEBUG] ||| print_pe_metadata ||| pe_meta[209]:
2026-06-19 16:00:30.386 - [DEBUG] ||| print_pe_metadata ||| opcode: [(['14'], 'add', '12')]
2026-06-19 16:00:30.386 - [DEBUG] ||| print_pe_metadata ||| data_in_opID: [None, None, '14', None]
2026-06-19 16:00:30.386 - [DEBUG] ||| print_pe_metadata ||| data_out_opID: [None, None, '12', None]
2026-06-19 16:00:30.386 - [DEBUG] ||| print_pe_metadata ||| pred_in_opID: [None, None]
2026-06-19 16:00:30.386 - [DEBUG] ||| print_pe_metadata ||| pred_out_opID: [None, None]
2026-06-19 16:00:30.387 - [DEBUG] ||| print_pe_metadata ||| pe_meta[338]:
2026-06-19 16:00:30.387 - [DEBUG] ||| print_pe_metadata ||| opcode: [(['19'], 'mul', '14')]
2026-06-19 16:00:30.387 - [DEBUG] ||| print_pe_metadata ||| data_in_opID: [None, None, None, '19']
2026-06-19 16:00:30.387 - [DEBUG] ||| print_pe_metadata ||| data_out_opID: [None, None, '14', None]
2026-06-19 16:00:30.387 - [DEBUG] ||| print_pe_metadata ||| pred_in_opID: [None, None]
2026-06-19 16:00:30.388 - [DEBUG] ||| print_pe_metadata ||| pred_out_opID: [None, None]
2026-06-19 16:00:30.388 - [DEBUG] ||| print_pe_metadata ||| pe_meta[210]:
2026-06-19 16:00:30.388 - [DEBUG] ||| print_pe_metadata ||| opcode: [([], 'mul', '15')]
2026-06-19 16:00:30.388 - [DEBUG] ||| print_pe_metadata ||| data_in_opID: [None, None, None, None]
2026-06-19 16:00:30.388 - [DEBUG] ||| print_pe_metadata ||| data_out_opID: [None, None, None, '15']
2026-06-19 16:00:30.388 - [DEBUG] ||| print_pe_metadata ||| pred_in_opID: [None, None]
2026-06-19 16:00:30.389 - [DEBUG] ||| print_pe_metadata ||| pred_out_opID: [None, None]
2026-06-19 16:00:30.389 - [DEBUG] ||| print_pe_metadata ||| pe_meta[341]:
2026-06-19 16:00:30.389 - [DEBUG] ||| print_pe_metadata ||| opcode: [(['20'], 'add', '4')]
2026-06-19 16:00:30.389 - [DEBUG] ||| print_pe_metadata ||| data_in_opID: [None, None, '20', None]
2026-06-19 16:00:30.389 - [DEBUG] ||| print_pe_metadata ||| data_out_opID: [None, None, '4', None]
2026-06-19 16:00:30.389 - [DEBUG] ||| print_pe_metadata ||| pred_in_opID: [None, None]
2026-06-19 16:00:30.390 - [DEBUG] ||| print_pe_metadata ||| pred_out_opID: [None, None]
2026-06-19 16:00:30.390 - [DEBUG] ||| print_pe_metadata ||| pe_meta[343]:
2026-06-19 16:00:30.390 - [DEBUG] ||| print_pe_metadata ||| opcode: [(['9'], 'add', '7')]
2026-06-19 16:00:30.390 - [DEBUG] ||| print_pe_metadata ||| data_in_opID: [None, None, '9', None]
2026-06-19 16:00:30.390 - [DEBUG] ||| print_pe_metadata ||| data_out_opID: [None, None, '7', None]
2026-06-19 16:00:30.390 - [DEBUG] ||| print_pe_metadata ||| pred_in_opID: [None, None]
2026-06-19 16:00:30.391 - [DEBUG] ||| print_pe_metadata ||| pred_out_opID: [None, None]
2026-06-19 16:00:30.391 - [DEBUG] ||| print_pe_metadata ||| pe_meta[344]:
2026-06-19 16:00:30.391 - [DEBUG] ||| print_pe_metadata ||| opcode: [(['19'], 'mul', '10')]
2026-06-19 16:00:30.391 - [DEBUG] ||| print_pe_metadata ||| data_in_opID: [None, None, '19', None]
2026-06-19 16:00:30.392 - [DEBUG] ||| print_pe_metadata ||| data_out_opID: [None, None, None, '10']
2026-06-19 16:00:30.392 - [DEBUG] ||| print_pe_metadata ||| pred_in_opID: [None, None]
2026-06-19 16:00:30.392 - [DEBUG] ||| print_pe_metadata ||| pred_out_opID: [None, None]
2026-06-19 16:00:30.392 - [DEBUG] ||| print_pe_metadata ||| pe_meta[216]:
2026-06-19 16:00:30.392 - [DEBUG] ||| print_pe_metadata ||| opcode: [(['14'], 'add', '12')]
2026-06-19 16:00:30.393 - [DEBUG] ||| print_pe_metadata ||| data_in_opID: [None, None, '14', None]
2026-06-19 16:00:30.393 - [DEBUG] ||| print_pe_metadata ||| data_out_opID: [None, None, '12', None]
2026-06-19 16:00:30.393 - [DEBUG] ||| print_pe_metadata ||| pred_in_opID: [None, None]
2026-06-19 16:00:30.393 - [DEBUG] ||| print_pe_metadata ||| pred_out_opID: [None, None]
2026-06-19 16:00:30.393 - [DEBUG] ||| print_pe_metadata ||| pe_meta[345]:
2026-06-19 16:00:30.393 - [DEBUG] ||| print_pe_metadata ||| opcode: [(['19'], 'mul', '14')]
2026-06-19 16:00:30.394 - [DEBUG] ||| print_pe_metadata ||| data_in_opID: [None, None, None, '19']
2026-06-19 16:00:30.394 - [DEBUG] ||| print_pe_metadata ||| data_out_opID: [None, None, '14', None]
2026-06-19 16:00:30.394 - [DEBUG] ||| print_pe_metadata ||| pred_in_opID: [None, None]
2026-06-19 16:00:30.394 - [DEBUG] ||| print_pe_metadata ||| pred_out_opID: [None, None]
2026-06-19 16:00:30.394 - [DEBUG] ||| print_pe_metadata ||| pe_meta[217]:
2026-06-19 16:00:30.395 - [DEBUG] ||| print_pe_metadata ||| opcode: [([], 'mul', '15')]
2026-06-19 16:00:30.395 - [DEBUG] ||| print_pe_metadata ||| data_in_opID: [None, None, None, None]
2026-06-19 16:00:30.395 - [DEBUG] ||| print_pe_metadata ||| data_out_opID: [None, None, None, '15']
2026-06-19 16:00:30.395 - [DEBUG] ||| print_pe_metadata ||| pred_in_opID: [None, None]
2026-06-19 16:00:30.395 - [DEBUG] ||| print_pe_metadata ||| pred_out_opID: [None, None]
2026-06-19 16:00:30.395 - [DEBUG] ||| print_pe_metadata ||| pe_meta[347]:
2026-06-19 16:00:30.396 - [DEBUG] ||| print_pe_metadata ||| opcode: [(['1'], 'add', '2')]
2026-06-19 16:00:30.396 - [DEBUG] ||| print_pe_metadata ||| data_in_opID: [None, None, '1', None]
2026-06-19 16:00:30.396 - [DEBUG] ||| print_pe_metadata ||| data_out_opID: [None, None, '2', '2']
2026-06-19 16:00:30.396 - [DEBUG] ||| print_pe_metadata ||| pred_in_opID: [None, None]
2026-06-19 16:00:30.396 - [DEBUG] ||| print_pe_metadata ||| pred_out_opID: [None, None]
2026-06-19 16:00:30.396 - [DEBUG] ||| print_pe_metadata ||| pe_meta[219]:
2026-06-19 16:00:30.397 - [DEBUG] ||| print_pe_metadata ||| opcode: [(['2'], 'store', '3')]
2026-06-19 16:00:30.397 - [DEBUG] ||| print_pe_metadata ||| data_in_opID: [None, None, '2', None]
2026-06-19 16:00:30.397 - [DEBUG] ||| print_pe_metadata ||| data_out_opID: [None, None, None, None]
2026-06-19 16:00:30.397 - [DEBUG] ||| print_pe_metadata ||| pred_in_opID: [None, None]
2026-06-19 16:00:30.397 - [DEBUG] ||| print_pe_metadata ||| pred_out_opID: [None, None]
2026-06-19 16:00:30.398 - [DEBUG] ||| print_pe_metadata ||| pe_meta[348]:
2026-06-19 16:00:30.398 - [DEBUG] ||| print_pe_metadata ||| opcode: [(['0', '4'], 'add', '5')]
2026-06-19 16:00:30.398 - [DEBUG] ||| print_pe_metadata ||| data_in_opID: [None, None, '4', None]
2026-06-19 16:00:30.398 - [DEBUG] ||| print_pe_metadata ||| data_out_opID: [None, None, '5', None]
2026-06-19 16:00:30.399 - [DEBUG] ||| print_pe_metadata ||| pred_in_opID: [None, '0']
2026-06-19 16:00:30.399 - [DEBUG] ||| print_pe_metadata ||| pred_out_opID: [None, None]
2026-06-19 16:00:30.399 - [DEBUG] ||| print_pe_metadata ||| pe_meta[221]:
2026-06-19 16:00:30.399 - [DEBUG] ||| print_pe_metadata ||| opcode: [(['2', '5'], 'add', '6')]
2026-06-19 16:00:30.399 - [DEBUG] ||| print_pe_metadata ||| data_in_opID: [None, None, '5', '2']
2026-06-19 16:00:30.399 - [DEBUG] ||| print_pe_metadata ||| data_out_opID: [None, None, '6', '6']
2026-06-19 16:00:30.400 - [DEBUG] ||| print_pe_metadata ||| pred_in_opID: [None, None]
2026-06-19 16:00:30.400 - [DEBUG] ||| print_pe_metadata ||| pred_out_opID: [None, None]
2026-06-19 16:00:30.400 - [DEBUG] ||| print_pe_metadata ||| pe_meta[350]:
2026-06-19 16:00:30.400 - [DEBUG] ||| print_pe_metadata ||| opcode: [(['8'], 'load', '11')]
2026-06-19 16:00:30.400 - [DEBUG] ||| print_pe_metadata ||| data_in_opID: [None, None, None, '8']
2026-06-19 16:00:30.400 - [DEBUG] ||| print_pe_metadata ||| data_out_opID: [None, None, '11', None]
2026-06-19 16:00:30.401 - [DEBUG] ||| print_pe_metadata ||| pred_in_opID: [None, None]
2026-06-19 16:00:30.401 - [DEBUG] ||| print_pe_metadata ||| pred_out_opID: [None, None]
2026-06-19 16:00:30.401 - [DEBUG] ||| print_pe_metadata ||| pe_meta[353]:
2026-06-19 16:00:30.401 - [DEBUG] ||| print_pe_metadata ||| opcode: [(['13'], 'load', '16')]
2026-06-19 16:00:30.401 - [DEBUG] ||| print_pe_metadata ||| data_in_opID: [None, None, '13', None]
2026-06-19 16:00:30.401 - [DEBUG] ||| print_pe_metadata ||| data_out_opID: [None, None, None, '16']
2026-06-19 16:00:30.402 - [DEBUG] ||| print_pe_metadata ||| pred_in_opID: [None, None]
2026-06-19 16:00:30.402 - [DEBUG] ||| print_pe_metadata ||| pred_out_opID: [None, None]
2026-06-19 16:00:30.402 - [DEBUG] ||| print_pe_metadata ||| pe_meta[225]:
2026-06-19 16:00:30.402 - [DEBUG] ||| print_pe_metadata ||| opcode: [(['11', '16'], 'mul', '17')]
2026-06-19 16:00:30.402 - [DEBUG] ||| print_pe_metadata ||| data_in_opID: [None, None, '11', '16']
2026-06-19 16:00:30.402 - [DEBUG] ||| print_pe_metadata ||| data_out_opID: [None, None, None, '17']
2026-06-19 16:00:30.403 - [DEBUG] ||| print_pe_metadata ||| pred_in_opID: [None, None]
2026-06-19 16:00:30.403 - [DEBUG] ||| print_pe_metadata ||| pred_out_opID: [None, None]
2026-06-19 16:00:30.403 - [DEBUG] ||| print_pe_metadata ||| pe_meta[354]:
2026-06-19 16:00:30.403 - [DEBUG] ||| print_pe_metadata ||| opcode: [(['1'], 'add', '2')]
2026-06-19 16:00:30.403 - [DEBUG] ||| print_pe_metadata ||| data_in_opID: [None, None, '1', None]
2026-06-19 16:00:30.404 - [DEBUG] ||| print_pe_metadata ||| data_out_opID: [None, None, '2', '2']
2026-06-19 16:00:30.404 - [DEBUG] ||| print_pe_metadata ||| pred_in_opID: [None, None]
2026-06-19 16:00:30.404 - [DEBUG] ||| print_pe_metadata ||| pred_out_opID: [None, None]
2026-06-19 16:00:30.404 - [DEBUG] ||| print_pe_metadata ||| pe_meta[226]:
2026-06-19 16:00:30.404 - [DEBUG] ||| print_pe_metadata ||| opcode: [(['2'], 'store', '3')]
2026-06-19 16:00:30.404 - [DEBUG] ||| print_pe_metadata ||| data_in_opID: [None, None, '2', None]
2026-06-19 16:00:30.405 - [DEBUG] ||| print_pe_metadata ||| data_out_opID: [None, None, None, None]
2026-06-19 16:00:30.405 - [DEBUG] ||| print_pe_metadata ||| pred_in_opID: [None, None]
2026-06-19 16:00:30.405 - [DEBUG] ||| print_pe_metadata ||| pred_out_opID: [None, None]
2026-06-19 16:00:30.405 - [DEBUG] ||| print_pe_metadata ||| pe_meta[355]:
2026-06-19 16:00:30.405 - [DEBUG] ||| print_pe_metadata ||| opcode: [(['0', '4'], 'add', '5')]
2026-06-19 16:00:30.405 - [DEBUG] ||| print_pe_metadata ||| data_in_opID: [None, None, '4', None]
2026-06-19 16:00:30.406 - [DEBUG] ||| print_pe_metadata ||| data_out_opID: [None, None, '5', None]
2026-06-19 16:00:30.406 - [DEBUG] ||| print_pe_metadata ||| pred_in_opID: [None, '0']
2026-06-19 16:00:30.406 - [DEBUG] ||| print_pe_metadata ||| pred_out_opID: [None, None]
2026-06-19 16:00:30.406 - [DEBUG] ||| print_pe_metadata ||| pe_meta[228]:
2026-06-19 16:00:30.406 - [DEBUG] ||| print_pe_metadata ||| opcode: [(['2', '5'], 'add', '6')]
2026-06-19 16:00:30.406 - [DEBUG] ||| print_pe_metadata ||| data_in_opID: [None, None, '5', '2']
2026-06-19 16:00:30.407 - [DEBUG] ||| print_pe_metadata ||| data_out_opID: [None, None, '6', '6']
2026-06-19 16:00:30.407 - [DEBUG] ||| print_pe_metadata ||| pred_in_opID: [None, None]
2026-06-19 16:00:30.407 - [DEBUG] ||| print_pe_metadata ||| pred_out_opID: [None, None]
2026-06-19 16:00:30.407 - [DEBUG] ||| print_pe_metadata ||| pe_meta[357]:
2026-06-19 16:00:30.407 - [DEBUG] ||| print_pe_metadata ||| opcode: [(['8'], 'load', '11')]
2026-06-19 16:00:30.408 - [DEBUG] ||| print_pe_metadata ||| data_in_opID: [None, None, '8', None]
2026-06-19 16:00:30.408 - [DEBUG] ||| print_pe_metadata ||| data_out_opID: [None, None, '11', None]
2026-06-19 16:00:30.408 - [DEBUG] ||| print_pe_metadata ||| pred_in_opID: [None, None]
2026-06-19 16:00:30.408 - [DEBUG] ||| print_pe_metadata ||| pred_out_opID: [None, None]
2026-06-19 16:00:30.408 - [DEBUG] ||| print_pe_metadata ||| pe_meta[360]:
2026-06-19 16:00:30.408 - [DEBUG] ||| print_pe_metadata ||| opcode: [(['13'], 'load', '16')]
2026-06-19 16:00:30.409 - [DEBUG] ||| print_pe_metadata ||| data_in_opID: [None, None, '13', None]
2026-06-19 16:00:30.409 - [DEBUG] ||| print_pe_metadata ||| data_out_opID: [None, None, None, '16']
2026-06-19 16:00:30.409 - [DEBUG] ||| print_pe_metadata ||| pred_in_opID: [None, None]
2026-06-19 16:00:30.409 - [DEBUG] ||| print_pe_metadata ||| pred_out_opID: [None, None]
2026-06-19 16:00:30.409 - [DEBUG] ||| print_pe_metadata ||| pe_meta[232]:
2026-06-19 16:00:30.409 - [DEBUG] ||| print_pe_metadata ||| opcode: [(['11', '16'], 'mul', '17')]
2026-06-19 16:00:30.410 - [DEBUG] ||| print_pe_metadata ||| data_in_opID: [None, None, '11', '16']
2026-06-19 16:00:30.410 - [DEBUG] ||| print_pe_metadata ||| data_out_opID: [None, None, None, '17']
2026-06-19 16:00:30.410 - [DEBUG] ||| print_pe_metadata ||| pred_in_opID: [None, None]
2026-06-19 16:00:30.410 - [DEBUG] ||| print_pe_metadata ||| pred_out_opID: [None, None]
2026-06-19 16:00:30.410 - [DEBUG] ||| print_pe_metadata ||| pe_meta[362]:
2026-06-19 16:00:30.411 - [DEBUG] ||| print_pe_metadata ||| opcode: [(['20'], 'add', '4')]
2026-06-19 16:00:30.411 - [DEBUG] ||| print_pe_metadata ||| data_in_opID: [None, None, '20', None]
2026-06-19 16:00:30.411 - [DEBUG] ||| print_pe_metadata ||| data_out_opID: [None, None, '4', None]
2026-06-19 16:00:30.411 - [DEBUG] ||| print_pe_metadata ||| pred_in_opID: [None, None]
2026-06-19 16:00:30.411 - [DEBUG] ||| print_pe_metadata ||| pred_out_opID: [None, None]
2026-06-19 16:00:30.412 - [DEBUG] ||| print_pe_metadata ||| pe_meta[364]:
2026-06-19 16:00:30.412 - [DEBUG] ||| print_pe_metadata ||| opcode: [(['9'], 'add', '7')]
2026-06-19 16:00:30.412 - [DEBUG] ||| print_pe_metadata ||| data_in_opID: [None, None, '9', None]
2026-06-19 16:00:30.412 - [DEBUG] ||| print_pe_metadata ||| data_out_opID: [None, None, '7', None]
2026-06-19 16:00:30.413 - [DEBUG] ||| print_pe_metadata ||| pred_in_opID: [None, None]
2026-06-19 16:00:30.413 - [DEBUG] ||| print_pe_metadata ||| pred_out_opID: [None, None]
2026-06-19 16:00:30.413 - [DEBUG] ||| print_pe_metadata ||| pe_meta[365]:
2026-06-19 16:00:30.413 - [DEBUG] ||| print_pe_metadata ||| opcode: [(['19'], 'mul', '10')]
2026-06-19 16:00:30.413 - [DEBUG] ||| print_pe_metadata ||| data_in_opID: [None, None, '19', None]
2026-06-19 16:00:30.413 - [DEBUG] ||| print_pe_metadata ||| data_out_opID: [None, None, None, '10']
2026-06-19 16:00:30.414 - [DEBUG] ||| print_pe_metadata ||| pred_in_opID: [None, None]
2026-06-19 16:00:30.414 - [DEBUG] ||| print_pe_metadata ||| pred_out_opID: [None, None]
2026-06-19 16:00:30.414 - [DEBUG] ||| print_pe_metadata ||| pe_meta[237]:
2026-06-19 16:00:30.414 - [DEBUG] ||| print_pe_metadata ||| opcode: [(['14'], 'add', '12')]
2026-06-19 16:00:30.414 - [DEBUG] ||| print_pe_metadata ||| data_in_opID: [None, None, '14', None]
2026-06-19 16:00:30.414 - [DEBUG] ||| print_pe_metadata ||| data_out_opID: [None, None, '12', None]
2026-06-19 16:00:30.415 - [DEBUG] ||| print_pe_metadata ||| pred_in_opID: [None, None]
2026-06-19 16:00:30.415 - [DEBUG] ||| print_pe_metadata ||| pred_out_opID: [None, None]
2026-06-19 16:00:30.415 - [DEBUG] ||| print_pe_metadata ||| pe_meta[366]:
2026-06-19 16:00:30.415 - [DEBUG] ||| print_pe_metadata ||| opcode: [(['19'], 'mul', '14')]
2026-06-19 16:00:30.415 - [DEBUG] ||| print_pe_metadata ||| data_in_opID: [None, None, None, '19']
2026-06-19 16:00:30.416 - [DEBUG] ||| print_pe_metadata ||| data_out_opID: [None, None, '14', None]
2026-06-19 16:00:30.416 - [DEBUG] ||| print_pe_metadata ||| pred_in_opID: [None, None]
2026-06-19 16:00:30.416 - [DEBUG] ||| print_pe_metadata ||| pred_out_opID: [None, None]
2026-06-19 16:00:30.416 - [DEBUG] ||| print_pe_metadata ||| pe_meta[238]:
2026-06-19 16:00:30.416 - [DEBUG] ||| print_pe_metadata ||| opcode: [([], 'mul', '15')]
2026-06-19 16:00:30.416 - [DEBUG] ||| print_pe_metadata ||| data_in_opID: [None, None, None, None]
2026-06-19 16:00:30.417 - [DEBUG] ||| print_pe_metadata ||| data_out_opID: [None, None, None, '15']
2026-06-19 16:00:30.417 - [DEBUG] ||| print_pe_metadata ||| pred_in_opID: [None, None]
2026-06-19 16:00:30.417 - [DEBUG] ||| print_pe_metadata ||| pred_out_opID: [None, None]
2026-06-19 16:00:30.417 - [DEBUG] ||| print_data ||| data_route_pairs: 
 [[[(1, 0), (2, 6), (3, 10), (0, 11), (4, 8), (5, 17), (6, 18), (7, 15), (8, 21), (9, 27), (11, 28), (12, 34), (13, 38), (10, 39), (14, 4), (15, 45), (16, 46), (17, 43), (18, 49), (19, 55), (21, 56), (22, 62), (23, 66), (20, 67), (24, 64), (25, 73), (26, 74), (27, 71), (28, 77), (29, 83), (31, 84), (32, 90), (33, 94), (30, 95), (34, 9), (35, 101), (36, 102), (37, 12), (38, 105), (39, 111)], [(0, 12), (4, 2), (6, 19), (7, 4), (10, 40), (14, 36), (16, 47), (17, 6), (20, 68), (24, 7), (26, 75), (27, 9), (30, 96), (34, 92), (36, 103), (37, 99)]], [[(8, 8), (10, 9), (12, 11), (15, 15), (17, 16), (19, 18), (21, 21), (22, 23), (23, 3), (24, 27), (28, 28), (29, 30), (30, 4), (31, 34), (36, 36), (38, 37), (40, 39), (5, 38), (4, 1), (2, 0), (0, 2), (1, 10), (43, 43), (45, 44), (47, 46), (6, 6), (3, 17), (49, 49), (50, 51), (51, 5), (52, 55), (56, 56), (57, 58), (59, 62), (64, 64), (66, 65), (68, 67), (7, 66), (71, 71), (73, 72), (75, 74), (9, 7), (77, 77), (78, 79), (80, 83), (84, 84), (85, 86), (87, 90), (92, 92), (94, 93), (96, 95), (99, 99), (101, 100), (103, 102), (11, 101), (105, 105), (106, 107), (107, 12), (108, 111)], [(11, 9), (18, 16), (21, 23), (27, 27), (28, 30), (34, 34), (39, 37), (4, 3), (2, 1), (0, 0), (1, 2), (46, 44), (5, 45), (6, 4), (3, 6), (49, 51), (55, 55), (56, 58), (58, 8), (62, 62), (67, 65), (7, 5), (74, 72), (8, 73), (77, 79), (79, 10), (83, 83), (84, 86), (86, 11), (90, 90), (95, 93), (10, 94), (9, 7), (102, 100), (12, 12), (105, 107), (111, 111)]], [[(2, 1), (11, 4), (1, 2), (18, 7), (23, 5), (27, 9), (30, 11), (39, 14), (3, 12), (46, 17), (4, 15), (51, 19), (58, 21), (67, 24), (5, 22), (74, 27), (86, 31), (95, 34), (7, 32), (79, 25), (83, 29), (102, 37), (12, 35), (107, 39)], [(2, 2), (6, 1), (12, 4), (19, 7), (1, 5), (23, 9), (30, 12), (34, 11), (40, 14), (47, 17), (51, 15), (55, 19), (58, 22), (62, 21), (68, 24), (75, 27), (86, 32), (90, 31), (96, 34), (7, 25), (79, 29), (103, 37), (107, 35), (111, 39)]], [[(0, 3), (1, 4), (2, 1), (3, 7), (4, 13), (6, 14), (7, 20), (8, 24), (5, 25), (9, 22), (10, 31), (11, 32), (12, 29), (13, 35), (14, 41), (16, 42), (17, 48), (18, 52), (15, 53), (19, 2), (20, 59), (21, 60), (22, 57), (23, 63), (24, 69), (26, 70), (27, 76), (28, 80), (25, 81), (29, 6), (30, 87), (31, 88), (32, 85), (33, 91), (34, 97), (36, 98), (37, 104), (38, 108), (35, 109), (39, 106)], [(1, 5), (2, 0), (5, 26), (9, 1), (11, 33), (12, 2), (15, 54), (19, 50), (21, 61), (22, 6), (25, 82), (29, 78), (31, 89), (32, 9), (35, 110), (39, 11)]], [[(3, 2), (0, 3), (7, 7), (8, 9), (10, 13), (14, 14), (15, 16), (17, 20), (22, 22), (24, 23), (26, 25), (1, 0), (9, 1), (29, 29), (31, 30), (33, 32), (4, 31), (35, 35), (36, 37), (37, 5), (38, 41), (42, 42), (43, 44), (45, 48), (50, 50), (52, 51), (54, 53), (57, 57), (59, 58), (61, 60), (63, 63), (64, 65), (66, 69), (70, 70), (71, 72), (72, 8), (73, 76), (78, 78), (80, 79), (82, 81), (6, 6), (2, 4), (5, 52), (85, 85), (87, 86), (89, 88), (11, 87), (91, 91), (92, 93), (93, 10), (94, 97), (98, 98), (99, 100), (100, 11), (101, 104), (106, 106), (108, 107), (110, 109), (12, 108)], [(4, 2), (0, 0), (7, 9), (13, 13), (14, 16), (16, 3), (20, 20), (25, 23), (3, 24), (1, 1), (32, 30), (35, 37), (41, 41), (42, 44), (44, 5), (48, 48), (53, 51), (60, 58), (8, 59), (63, 65), (65, 7), (69, 69), (70, 72), (76, 76), (81, 79), (10, 80), (6, 8), (2, 6), (5, 4), (88, 86), (9, 10), (91, 93), (97, 97), (98, 100), (104, 104), (109, 107), (11, 11)]], [[(4, 2), (16, 6), (25, 9), (0, 7), (9, 0), (13, 4), (32, 12), (37, 10), (41, 14), (44, 16), (53, 19), (6, 17), (60, 22), (65, 20), (69, 24), (72, 26), (81, 29), (8, 27), (88, 32), (10, 30), (93, 34), (100, 36), (109, 39), (11, 37)], [(5, 2), (16, 7), (20, 6), (26, 9), (0, 0), (9, 4), (33, 12), (4, 10), (37, 14), (44, 17), (48, 16), (54, 19), (61, 22), (6, 20), (65, 24), (72, 27), (76, 26), (82, 29), (89, 32), (93, 30), (97, 34), (100, 37), (104, 36), (110, 39)]]]
2026-06-19 16:00:30.418 - [DEBUG] ||| print_data ||| pred_route_pairs: 
 [[[(0, 1), (7, 22), (10, 29), (17, 50), (20, 57), (27, 78), (30, 85), (37, 106)]], [[]], [[]], [[(2, 8), (5, 15), (12, 36), (15, 43), (22, 64), (25, 71), (32, 92), (35, 99)]], [[]], [[]]]
2026-06-19 16:00:30.418 - [DEBUG] ||| print_data ||| data_path_scbs: 
 [[None, None], [None, None], [None, None], [None, None], [None, None], [None, None]]
2026-06-19 16:00:30.418 - [DEBUG] ||| print_data ||| pred_path_scbs: 
 [[None], [None], [None], [None], [None], [None]]
2026-06-19 16:00:34.459 - [DEBUG] ||| 

2026-06-19 16:00:34.459 - [DEBUG] ||| print_node2pe ||| --------------- node2pe_deets --------------- 
2026-06-19 16:00:34.459 - [DEBUG] ||| print_node2pe ||| node[i10_icmp_0]: PE[0]
2026-06-19 16:00:34.460 - [DEBUG] ||| print_node2pe ||| node[i12_load_0]: PE[1]
2026-06-19 16:00:34.460 - [DEBUG] ||| print_node2pe ||| node[i13_add_0]: PE[128]
2026-06-19 16:00:34.460 - [DEBUG] ||| print_node2pe ||| node[i14_store_0]: PE[256]
2026-06-19 16:00:34.460 - [DEBUG] ||| print_node2pe ||| node[i15_add_0]: PE[513]
2026-06-19 16:00:34.460 - [DEBUG] ||| print_node2pe ||| node[i16_add_0]: PE[129]
2026-06-19 16:00:34.461 - [DEBUG] ||| print_node2pe ||| node[i17_add_0]: PE[258]
2026-06-19 16:00:34.461 - [DEBUG] ||| print_node2pe ||| node[i4_add1_0]: PE[515]
2026-06-19 16:00:34.461 - [DEBUG] ||| print_node2pe ||| node[i4_add2_0]: PE[642]
2026-06-19 16:00:34.461 - [DEBUG] ||| print_node2pe ||| node[i4_mul1_0]: PE[384]
2026-06-19 16:00:34.461 - [DEBUG] ||| print_node2pe ||| node[i4_mul2_0]: PE[516]
2026-06-19 16:00:34.461 - [DEBUG] ||| print_node2pe ||| node[i5_load_0]: PE[131]
2026-06-19 16:00:34.462 - [DEBUG] ||| print_node2pe ||| node[i6_add1_0]: PE[644]
2026-06-19 16:00:34.462 - [DEBUG] ||| print_node2pe ||| node[i6_add2_0]: PE[2]
2026-06-19 16:00:34.462 - [DEBUG] ||| print_node2pe ||| node[i6_mul1_0]: PE[517]
2026-06-19 16:00:34.462 - [DEBUG] ||| print_node2pe ||| node[i6_mul2_0]: PE[645]
2026-06-19 16:00:34.462 - [DEBUG] ||| print_node2pe ||| node[i7_load_0]: PE[134]
2026-06-19 16:00:34.463 - [DEBUG] ||| print_node2pe ||| node[i8_mul_0]: PE[262]
2026-06-19 16:00:34.463 - [DEBUG] ||| print_node2pe ||| node[i9_add_0]: PE[385]
2026-06-19 16:00:34.463 - [DEBUG] ||| print_node2pe ||| node[i17_add_fout_0_0]: PE[385]
2026-06-19 16:00:34.463 - [DEBUG] ||| print_node2pe ||| node[i17_add_fout_1_0]: PE[386]
2026-06-19 16:00:34.463 - [DEBUG] ||| print_node2pe ||| node[extd_i4_add2_0_0_0]: PE[256]
2026-06-19 16:00:34.464 - [DEBUG] ||| print_node2pe ||| node[extd_i17_add_fout_1_0_0_0]: PE[512]
2026-06-19 16:00:34.464 - [DEBUG] ||| print_node2pe ||| node[extd_i17_add_fout_1_0_1_0]: PE[640]
2026-06-19 16:00:34.464 - [DEBUG] ||| print_node2pe ||| node[i10_icmp_1]: PE[386]
2026-06-19 16:00:34.464 - [DEBUG] ||| print_node2pe ||| node[i12_load_1]: PE[387]
2026-06-19 16:00:34.465 - [DEBUG] ||| print_node2pe ||| node[i13_add_1]: PE[519]
2026-06-19 16:00:34.465 - [DEBUG] ||| print_node2pe ||| node[i14_store_1]: PE[647]
2026-06-19 16:00:34.465 - [DEBUG] ||| print_node2pe ||| node[i15_add_1]: PE[136]
2026-06-19 16:00:34.466 - [DEBUG] ||| print_node2pe ||| node[i16_add_1]: PE[520]
2026-06-19 16:00:34.466 - [DEBUG] ||| print_node2pe ||| node[i17_add_1]: PE[649]
2026-06-19 16:00:34.467 - [DEBUG] ||| print_node2pe ||| node[i4_add1_1]: PE[138]
2026-06-19 16:00:34.467 - [DEBUG] ||| print_node2pe ||| node[i4_add2_1]: PE[265]
2026-06-19 16:00:34.467 - [DEBUG] ||| print_node2pe ||| node[i4_mul1_1]: PE[3]
2026-06-19 16:00:34.468 - [DEBUG] ||| print_node2pe ||| node[i4_mul2_1]: PE[139]
2026-06-19 16:00:34.468 - [DEBUG] ||| print_node2pe ||| node[i5_load_1]: PE[522]
2026-06-19 16:00:34.468 - [DEBUG] ||| print_node2pe ||| node[i6_add1_1]: PE[267]
2026-06-19 16:00:34.468 - [DEBUG] ||| print_node2pe ||| node[i6_add2_1]: PE[388]
2026-06-19 16:00:34.469 - [DEBUG] ||| print_node2pe ||| node[i6_mul1_1]: PE[140]
2026-06-19 16:00:34.469 - [DEBUG] ||| print_node2pe ||| node[i6_mul2_1]: PE[268]
2026-06-19 16:00:34.469 - [DEBUG] ||| print_node2pe ||| node[i7_load_1]: PE[525]
2026-06-19 16:00:34.469 - [DEBUG] ||| print_node2pe ||| node[i8_mul_1]: PE[653]
2026-06-19 16:00:34.469 - [DEBUG] ||| print_node2pe ||| node[i9_add_1]: PE[4]
2026-06-19 16:00:34.469 - [DEBUG] ||| print_node2pe ||| node[i17_add_fout_0_1]: PE[0]
2026-06-19 16:00:34.470 - [DEBUG] ||| print_node2pe ||| node[i17_add_fout_1_1]: PE[4]
2026-06-19 16:00:34.470 - [DEBUG] ||| print_node2pe ||| node[extd_i4_add2_0_0_1]: PE[641]
2026-06-19 16:00:34.470 - [DEBUG] ||| print_node2pe ||| node[extd_i17_add_fout_1_0_0_1]: PE[130]
2026-06-19 16:00:34.470 - [DEBUG] ||| print_node2pe ||| node[extd_i17_add_fout_1_0_1_1]: PE[257]
2026-06-19 16:00:34.470 - [DEBUG] ||| print_node2pe ||| node[i10_icmp_2]: PE[389]
2026-06-19 16:00:34.470 - [DEBUG] ||| print_node2pe ||| node[i12_load_2]: PE[390]
2026-06-19 16:00:34.471 - [DEBUG] ||| print_node2pe ||| node[i13_add_2]: PE[526]
2026-06-19 16:00:34.471 - [DEBUG] ||| print_node2pe ||| node[i14_store_2]: PE[654]
2026-06-19 16:00:34.471 - [DEBUG] ||| print_node2pe ||| node[i15_add_2]: PE[143]
2026-06-19 16:00:34.471 - [DEBUG] ||| print_node2pe ||| node[i16_add_2]: PE[527]
2026-06-19 16:00:34.472 - [DEBUG] ||| print_node2pe ||| node[i17_add_2]: PE[656]
2026-06-19 16:00:34.472 - [DEBUG] ||| print_node2pe ||| node[i4_add1_2]: PE[145]
2026-06-19 16:00:34.472 - [DEBUG] ||| print_node2pe ||| node[i4_add2_2]: PE[272]
2026-06-19 16:00:34.472 - [DEBUG] ||| print_node2pe ||| node[i4_mul1_2]: PE[5]
2026-06-19 16:00:34.472 - [DEBUG] ||| print_node2pe ||| node[i4_mul2_2]: PE[146]
2026-06-19 16:00:34.473 - [DEBUG] ||| print_node2pe ||| node[i5_load_2]: PE[529]
2026-06-19 16:00:34.473 - [DEBUG] ||| print_node2pe ||| node[i6_add1_2]: PE[274]
2026-06-19 16:00:34.473 - [DEBUG] ||| print_node2pe ||| node[i6_add2_2]: PE[391]
2026-06-19 16:00:34.473 - [DEBUG] ||| print_node2pe ||| node[i6_mul1_2]: PE[147]
2026-06-19 16:00:34.473 - [DEBUG] ||| print_node2pe ||| node[i6_mul2_2]: PE[275]
2026-06-19 16:00:34.473 - [DEBUG] ||| print_node2pe ||| node[i7_load_2]: PE[532]
2026-06-19 16:00:34.474 - [DEBUG] ||| print_node2pe ||| node[i8_mul_2]: PE[660]
2026-06-19 16:00:34.474 - [DEBUG] ||| print_node2pe ||| node[i9_add_2]: PE[6]
2026-06-19 16:00:34.474 - [DEBUG] ||| print_node2pe ||| node[i17_add_fout_0_2]: PE[6]
2026-06-19 16:00:34.474 - [DEBUG] ||| print_node2pe ||| node[i17_add_fout_1_2]: PE[7]
2026-06-19 16:00:34.474 - [DEBUG] ||| print_node2pe ||| node[extd_i4_add2_0_0_2]: PE[643]
2026-06-19 16:00:34.475 - [DEBUG] ||| print_node2pe ||| node[extd_i17_add_fout_1_0_0_2]: PE[132]
2026-06-19 16:00:34.475 - [DEBUG] ||| print_node2pe ||| node[extd_i17_add_fout_1_0_1_2]: PE[257]
2026-06-19 16:00:34.475 - [DEBUG] ||| print_node2pe ||| node[i10_icmp_3]: PE[7]
2026-06-19 16:00:34.475 - [DEBUG] ||| print_node2pe ||| node[i12_load_3]: PE[8]
2026-06-19 16:00:34.475 - [DEBUG] ||| print_node2pe ||| node[i13_add_3]: PE[149]
2026-06-19 16:00:34.475 - [DEBUG] ||| print_node2pe ||| node[i14_store_3]: PE[277]
2026-06-19 16:00:34.476 - [DEBUG] ||| print_node2pe ||| node[i15_add_3]: PE[534]
2026-06-19 16:00:34.476 - [DEBUG] ||| print_node2pe ||| node[i16_add_3]: PE[150]
2026-06-19 16:00:34.476 - [DEBUG] ||| print_node2pe ||| node[i17_add_3]: PE[279]
2026-06-19 16:00:34.476 - [DEBUG] ||| print_node2pe ||| node[i4_add1_3]: PE[536]
2026-06-19 16:00:34.476 - [DEBUG] ||| print_node2pe ||| node[i4_add2_3]: PE[663]
2026-06-19 16:00:34.477 - [DEBUG] ||| print_node2pe ||| node[i4_mul1_3]: PE[392]
2026-06-19 16:00:34.477 - [DEBUG] ||| print_node2pe ||| node[i4_mul2_3]: PE[537]
2026-06-19 16:00:34.477 - [DEBUG] ||| print_node2pe ||| node[i5_load_3]: PE[152]
2026-06-19 16:00:34.477 - [DEBUG] ||| print_node2pe ||| node[i6_add1_3]: PE[665]
2026-06-19 16:00:34.477 - [DEBUG] ||| print_node2pe ||| node[i6_add2_3]: PE[9]
2026-06-19 16:00:34.477 - [DEBUG] ||| print_node2pe ||| node[i6_mul1_3]: PE[538]
2026-06-19 16:00:34.478 - [DEBUG] ||| print_node2pe ||| node[i6_mul2_3]: PE[666]
2026-06-19 16:00:34.478 - [DEBUG] ||| print_node2pe ||| node[i7_load_3]: PE[155]
2026-06-19 16:00:34.478 - [DEBUG] ||| print_node2pe ||| node[i8_mul_3]: PE[283]
2026-06-19 16:00:34.478 - [DEBUG] ||| print_node2pe ||| node[i9_add_3]: PE[393]
2026-06-19 16:00:34.478 - [DEBUG] ||| print_node2pe ||| node[i17_add_fout_0_3]: PE[389]
2026-06-19 16:00:34.478 - [DEBUG] ||| print_node2pe ||| node[i17_add_fout_1_3]: PE[393]
2026-06-19 16:00:34.479 - [DEBUG] ||| print_node2pe ||| node[extd_i4_add2_0_0_3]: PE[259]
2026-06-19 16:00:34.479 - [DEBUG] ||| print_node2pe ||| node[extd_i17_add_fout_1_0_0_3]: PE[513]
2026-06-19 16:00:34.479 - [DEBUG] ||| print_node2pe ||| node[extd_i17_add_fout_1_0_1_3]: PE[640]
2026-06-19 16:00:34.479 - [DEBUG] ||| print_node2pe ||| node[i10_icmp_4]: PE[10]
2026-06-19 16:00:34.480 - [DEBUG] ||| print_node2pe ||| node[i12_load_4]: PE[11]
2026-06-19 16:00:34.480 - [DEBUG] ||| print_node2pe ||| node[i13_add_4]: PE[156]
2026-06-19 16:00:34.480 - [DEBUG] ||| print_node2pe ||| node[i14_store_4]: PE[284]
2026-06-19 16:00:34.481 - [DEBUG] ||| print_node2pe ||| node[i15_add_4]: PE[541]
2026-06-19 16:00:34.481 - [DEBUG] ||| print_node2pe ||| node[i16_add_4]: PE[157]
2026-06-19 16:00:34.481 - [DEBUG] ||| print_node2pe ||| node[i17_add_4]: PE[286]
2026-06-19 16:00:34.482 - [DEBUG] ||| print_node2pe ||| node[i4_add1_4]: PE[543]
2026-06-19 16:00:34.482 - [DEBUG] ||| print_node2pe ||| node[i4_add2_4]: PE[670]
2026-06-19 16:00:34.483 - [DEBUG] ||| print_node2pe ||| node[i4_mul1_4]: PE[394]
2026-06-19 16:00:34.483 - [DEBUG] ||| print_node2pe ||| node[i4_mul2_4]: PE[544]
2026-06-19 16:00:34.483 - [DEBUG] ||| print_node2pe ||| node[i5_load_4]: PE[159]
2026-06-19 16:00:34.483 - [DEBUG] ||| print_node2pe ||| node[i6_add1_4]: PE[672]
2026-06-19 16:00:34.483 - [DEBUG] ||| print_node2pe ||| node[i6_add2_4]: PE[12]
2026-06-19 16:00:34.484 - [DEBUG] ||| print_node2pe ||| node[i6_mul1_4]: PE[545]
2026-06-19 16:00:34.484 - [DEBUG] ||| print_node2pe ||| node[i6_mul2_4]: PE[673]
2026-06-19 16:00:34.484 - [DEBUG] ||| print_node2pe ||| node[i7_load_4]: PE[162]
2026-06-19 16:00:34.484 - [DEBUG] ||| print_node2pe ||| node[i8_mul_4]: PE[290]
2026-06-19 16:00:34.484 - [DEBUG] ||| print_node2pe ||| node[i9_add_4]: PE[395]
2026-06-19 16:00:34.484 - [DEBUG] ||| print_node2pe ||| node[i17_add_fout_0_4]: PE[395]
2026-06-19 16:00:34.485 - [DEBUG] ||| print_node2pe ||| node[i17_add_fout_1_4]: PE[396]
2026-06-19 16:00:34.485 - [DEBUG] ||| print_node2pe ||| node[extd_i4_add2_0_0_4]: PE[260]
2026-06-19 16:00:34.485 - [DEBUG] ||| print_node2pe ||| node[extd_i17_add_fout_1_0_0_4]: PE[514]
2026-06-19 16:00:34.485 - [DEBUG] ||| print_node2pe ||| node[extd_i17_add_fout_1_0_1_4]: PE[644]
2026-06-19 16:00:34.485 - [DEBUG] ||| print_node2pe ||| node[i10_icmp_5]: PE[396]
2026-06-19 16:00:34.485 - [DEBUG] ||| print_node2pe ||| node[i12_load_5]: PE[397]
2026-06-19 16:00:34.486 - [DEBUG] ||| print_node2pe ||| node[i13_add_5]: PE[547]
2026-06-19 16:00:34.486 - [DEBUG] ||| print_node2pe ||| node[i14_store_5]: PE[675]
2026-06-19 16:00:34.486 - [DEBUG] ||| print_node2pe ||| node[i15_add_5]: PE[164]
2026-06-19 16:00:34.486 - [DEBUG] ||| print_node2pe ||| node[i16_add_5]: PE[548]
2026-06-19 16:00:34.486 - [DEBUG] ||| print_node2pe ||| node[i17_add_5]: PE[677]
2026-06-19 16:00:34.486 - [DEBUG] ||| print_node2pe ||| node[i4_add1_5]: PE[166]
2026-06-19 16:00:34.487 - [DEBUG] ||| print_node2pe ||| node[i4_add2_5]: PE[293]
2026-06-19 16:00:34.487 - [DEBUG] ||| print_node2pe ||| node[i4_mul1_5]: PE[13]
2026-06-19 16:00:34.487 - [DEBUG] ||| print_node2pe ||| node[i4_mul2_5]: PE[167]
2026-06-19 16:00:34.487 - [DEBUG] ||| print_node2pe ||| node[i5_load_5]: PE[550]
2026-06-19 16:00:34.487 - [DEBUG] ||| print_node2pe ||| node[i6_add1_5]: PE[295]
2026-06-19 16:00:34.488 - [DEBUG] ||| print_node2pe ||| node[i6_add2_5]: PE[398]
2026-06-19 16:00:34.488 - [DEBUG] ||| print_node2pe ||| node[i6_mul1_5]: PE[168]
2026-06-19 16:00:34.488 - [DEBUG] ||| print_node2pe ||| node[i6_mul2_5]: PE[296]
2026-06-19 16:00:34.489 - [DEBUG] ||| print_node2pe ||| node[i7_load_5]: PE[553]
2026-06-19 16:00:34.489 - [DEBUG] ||| print_node2pe ||| node[i8_mul_5]: PE[681]
2026-06-19 16:00:34.489 - [DEBUG] ||| print_node2pe ||| node[i9_add_5]: PE[14]
2026-06-19 16:00:34.489 - [DEBUG] ||| print_node2pe ||| node[i17_add_fout_0_5]: PE[10]
2026-06-19 16:00:34.490 - [DEBUG] ||| print_node2pe ||| node[i17_add_fout_1_5]: PE[14]
2026-06-19 16:00:34.490 - [DEBUG] ||| print_node2pe ||| node[extd_i4_add2_0_0_5]: PE[645]
2026-06-19 16:00:34.490 - [DEBUG] ||| print_node2pe ||| node[extd_i17_add_fout_1_0_0_5]: PE[132]
2026-06-19 16:00:34.490 - [DEBUG] ||| print_node2pe ||| node[extd_i17_add_fout_1_0_1_5]: PE[259]
2026-06-19 16:00:34.490 - [DEBUG] ||| print_node2pe ||| node[i10_icmp_6]: PE[399]
2026-06-19 16:00:34.490 - [DEBUG] ||| print_node2pe ||| node[i12_load_6]: PE[400]
2026-06-19 16:00:34.491 - [DEBUG] ||| print_node2pe ||| node[i13_add_6]: PE[554]
2026-06-19 16:00:34.491 - [DEBUG] ||| print_node2pe ||| node[i14_store_6]: PE[682]
2026-06-19 16:00:34.491 - [DEBUG] ||| print_node2pe ||| node[i15_add_6]: PE[171]
2026-06-19 16:00:34.491 - [DEBUG] ||| print_node2pe ||| node[i16_add_6]: PE[555]
2026-06-19 16:00:34.491 - [DEBUG] ||| print_node2pe ||| node[i17_add_6]: PE[684]
2026-06-19 16:00:34.491 - [DEBUG] ||| print_node2pe ||| node[i4_add1_6]: PE[173]
2026-06-19 16:00:34.492 - [DEBUG] ||| print_node2pe ||| node[i4_add2_6]: PE[300]
2026-06-19 16:00:34.492 - [DEBUG] ||| print_node2pe ||| node[i4_mul1_6]: PE[15]
2026-06-19 16:00:34.492 - [DEBUG] ||| print_node2pe ||| node[i4_mul2_6]: PE[174]
2026-06-19 16:00:34.492 - [DEBUG] ||| print_node2pe ||| node[i5_load_6]: PE[557]
2026-06-19 16:00:34.492 - [DEBUG] ||| print_node2pe ||| node[i6_add1_6]: PE[302]
2026-06-19 16:00:34.492 - [DEBUG] ||| print_node2pe ||| node[i6_add2_6]: PE[401]
2026-06-19 16:00:34.493 - [DEBUG] ||| print_node2pe ||| node[i6_mul1_6]: PE[175]
2026-06-19 16:00:34.493 - [DEBUG] ||| print_node2pe ||| node[i6_mul2_6]: PE[303]
2026-06-19 16:00:34.493 - [DEBUG] ||| print_node2pe ||| node[i7_load_6]: PE[560]
2026-06-19 16:00:34.493 - [DEBUG] ||| print_node2pe ||| node[i8_mul_6]: PE[688]
2026-06-19 16:00:34.493 - [DEBUG] ||| print_node2pe ||| node[i9_add_6]: PE[16]
2026-06-19 16:00:34.494 - [DEBUG] ||| print_node2pe ||| node[i17_add_fout_0_6]: PE[16]
2026-06-19 16:00:34.494 - [DEBUG] ||| print_node2pe ||| node[i17_add_fout_1_6]: PE[17]
2026-06-19 16:00:34.494 - [DEBUG] ||| print_node2pe ||| node[extd_i4_add2_0_0_6]: PE[645]
2026-06-19 16:00:34.494 - [DEBUG] ||| print_node2pe ||| node[extd_i17_add_fout_1_0_0_6]: PE[134]
2026-06-19 16:00:34.494 - [DEBUG] ||| print_node2pe ||| node[extd_i17_add_fout_1_0_1_6]: PE[260]
2026-06-19 16:00:34.494 - [DEBUG] ||| print_node2pe ||| node[i10_icmp_7]: PE[17]
2026-06-19 16:00:34.495 - [DEBUG] ||| print_node2pe ||| node[i12_load_7]: PE[18]
2026-06-19 16:00:34.495 - [DEBUG] ||| print_node2pe ||| node[i13_add_7]: PE[177]
2026-06-19 16:00:34.495 - [DEBUG] ||| print_node2pe ||| node[i14_store_7]: PE[305]
2026-06-19 16:00:34.495 - [DEBUG] ||| print_node2pe ||| node[i15_add_7]: PE[562]
2026-06-19 16:00:34.495 - [DEBUG] ||| print_node2pe ||| node[i16_add_7]: PE[178]
2026-06-19 16:00:34.496 - [DEBUG] ||| print_node2pe ||| node[i17_add_7]: PE[307]
2026-06-19 16:00:34.496 - [DEBUG] ||| print_node2pe ||| node[i4_add1_7]: PE[564]
2026-06-19 16:00:34.496 - [DEBUG] ||| print_node2pe ||| node[i4_add2_7]: PE[691]
2026-06-19 16:00:34.496 - [DEBUG] ||| print_node2pe ||| node[i4_mul1_7]: PE[402]
2026-06-19 16:00:34.497 - [DEBUG] ||| print_node2pe ||| node[i4_mul2_7]: PE[565]
2026-06-19 16:00:34.497 - [DEBUG] ||| print_node2pe ||| node[i5_load_7]: PE[180]
2026-06-19 16:00:34.497 - [DEBUG] ||| print_node2pe ||| node[i6_add1_7]: PE[693]
2026-06-19 16:00:34.497 - [DEBUG] ||| print_node2pe ||| node[i6_add2_7]: PE[19]
2026-06-19 16:00:34.497 - [DEBUG] ||| print_node2pe ||| node[i6_mul1_7]: PE[566]
2026-06-19 16:00:34.497 - [DEBUG] ||| print_node2pe ||| node[i6_mul2_7]: PE[694]
2026-06-19 16:00:34.498 - [DEBUG] ||| print_node2pe ||| node[i7_load_7]: PE[183]
2026-06-19 16:00:34.498 - [DEBUG] ||| print_node2pe ||| node[i8_mul_7]: PE[311]
2026-06-19 16:00:34.498 - [DEBUG] ||| print_node2pe ||| node[i9_add_7]: PE[403]
2026-06-19 16:00:34.498 - [DEBUG] ||| print_node2pe ||| node[i17_add_fout_0_7]: PE[399]
2026-06-19 16:00:34.498 - [DEBUG] ||| print_node2pe ||| node[i17_add_fout_1_7]: PE[403]
2026-06-19 16:00:34.498 - [DEBUG] ||| print_node2pe ||| node[extd_i4_add2_0_0_7]: PE[261]
2026-06-19 16:00:34.499 - [DEBUG] ||| print_node2pe ||| node[extd_i17_add_fout_1_0_0_7]: PE[514]
2026-06-19 16:00:34.499 - [DEBUG] ||| print_node2pe ||| node[extd_i17_add_fout_1_0_1_7]: PE[646]
2026-06-19 16:00:34.499 - [DEBUG] ||| print_node2pe ||| node[i10_icmp_8]: PE[20]
2026-06-19 16:00:34.499 - [DEBUG] ||| print_node2pe ||| node[i12_load_8]: PE[21]
2026-06-19 16:00:34.499 - [DEBUG] ||| print_node2pe ||| node[i13_add_8]: PE[184]
2026-06-19 16:00:34.500 - [DEBUG] ||| print_node2pe ||| node[i14_store_8]: PE[312]
2026-06-19 16:00:34.500 - [DEBUG] ||| print_node2pe ||| node[i15_add_8]: PE[569]
2026-06-19 16:00:34.500 - [DEBUG] ||| print_node2pe ||| node[i16_add_8]: PE[185]
2026-06-19 16:00:34.500 - [DEBUG] ||| print_node2pe ||| node[i17_add_8]: PE[314]
2026-06-19 16:00:34.500 - [DEBUG] ||| print_node2pe ||| node[i4_add1_8]: PE[571]
2026-06-19 16:00:34.500 - [DEBUG] ||| print_node2pe ||| node[i4_add2_8]: PE[698]
2026-06-19 16:00:34.501 - [DEBUG] ||| print_node2pe ||| node[i4_mul1_8]: PE[404]
2026-06-19 16:00:34.501 - [DEBUG] ||| print_node2pe ||| node[i4_mul2_8]: PE[572]
2026-06-19 16:00:34.501 - [DEBUG] ||| print_node2pe ||| node[i5_load_8]: PE[187]
2026-06-19 16:00:34.501 - [DEBUG] ||| print_node2pe ||| node[i6_add1_8]: PE[700]
2026-06-19 16:00:34.501 - [DEBUG] ||| print_node2pe ||| node[i6_add2_8]: PE[22]
2026-06-19 16:00:34.501 - [DEBUG] ||| print_node2pe ||| node[i6_mul1_8]: PE[573]
2026-06-19 16:00:34.502 - [DEBUG] ||| print_node2pe ||| node[i6_mul2_8]: PE[701]
2026-06-19 16:00:34.502 - [DEBUG] ||| print_node2pe ||| node[i7_load_8]: PE[190]
2026-06-19 16:00:34.502 - [DEBUG] ||| print_node2pe ||| node[i8_mul_8]: PE[318]
2026-06-19 16:00:34.502 - [DEBUG] ||| print_node2pe ||| node[i9_add_8]: PE[405]
2026-06-19 16:00:34.502 - [DEBUG] ||| print_node2pe ||| node[i17_add_fout_0_8]: PE[405]
2026-06-19 16:00:34.502 - [DEBUG] ||| print_node2pe ||| node[i17_add_fout_1_8]: PE[406]
2026-06-19 16:00:34.503 - [DEBUG] ||| print_node2pe ||| node[extd_i4_add2_0_0_8]: PE[264]
2026-06-19 16:00:34.503 - [DEBUG] ||| print_node2pe ||| node[extd_i17_add_fout_1_0_0_8]: PE[518]
2026-06-19 16:00:34.503 - [DEBUG] ||| print_node2pe ||| node[extd_i17_add_fout_1_0_1_8]: PE[646]
2026-06-19 16:00:34.503 - [DEBUG] ||| print_node2pe ||| node[i10_icmp_9]: PE[406]
2026-06-19 16:00:34.503 - [DEBUG] ||| print_node2pe ||| node[i12_load_9]: PE[407]
2026-06-19 16:00:34.503 - [DEBUG] ||| print_node2pe ||| node[i13_add_9]: PE[575]
2026-06-19 16:00:34.504 - [DEBUG] ||| print_node2pe ||| node[i14_store_9]: PE[703]
2026-06-19 16:00:34.504 - [DEBUG] ||| print_node2pe ||| node[i15_add_9]: PE[192]
2026-06-19 16:00:34.504 - [DEBUG] ||| print_node2pe ||| node[i16_add_9]: PE[576]
2026-06-19 16:00:34.504 - [DEBUG] ||| print_node2pe ||| node[i17_add_9]: PE[705]
2026-06-19 16:00:34.504 - [DEBUG] ||| print_node2pe ||| node[i4_add1_9]: PE[194]
2026-06-19 16:00:34.504 - [DEBUG] ||| print_node2pe ||| node[i4_add2_9]: PE[321]
2026-06-19 16:00:34.505 - [DEBUG] ||| print_node2pe ||| node[i4_mul1_9]: PE[23]
2026-06-19 16:00:34.505 - [DEBUG] ||| print_node2pe ||| node[i4_mul2_9]: PE[195]
2026-06-19 16:00:34.505 - [DEBUG] ||| print_node2pe ||| node[i5_load_9]: PE[578]
2026-06-19 16:00:34.505 - [DEBUG] ||| print_node2pe ||| node[i6_add1_9]: PE[323]
2026-06-19 16:00:34.505 - [DEBUG] ||| print_node2pe ||| node[i6_add2_9]: PE[408]
2026-06-19 16:00:34.506 - [DEBUG] ||| print_node2pe ||| node[i6_mul1_9]: PE[196]
2026-06-19 16:00:34.506 - [DEBUG] ||| print_node2pe ||| node[i6_mul2_9]: PE[324]
2026-06-19 16:00:34.506 - [DEBUG] ||| print_node2pe ||| node[i7_load_9]: PE[581]
2026-06-19 16:00:34.506 - [DEBUG] ||| print_node2pe ||| node[i8_mul_9]: PE[709]
2026-06-19 16:00:34.506 - [DEBUG] ||| print_node2pe ||| node[i9_add_9]: PE[24]
2026-06-19 16:00:34.506 - [DEBUG] ||| print_node2pe ||| node[i17_add_fout_0_9]: PE[20]
2026-06-19 16:00:34.507 - [DEBUG] ||| print_node2pe ||| node[i17_add_fout_1_9]: PE[24]
2026-06-19 16:00:34.507 - [DEBUG] ||| print_node2pe ||| node[extd_i4_add2_0_0_9]: PE[647]
2026-06-19 16:00:34.507 - [DEBUG] ||| print_node2pe ||| node[extd_i17_add_fout_1_0_0_9]: PE[135]
2026-06-19 16:00:34.507 - [DEBUG] ||| print_node2pe ||| node[extd_i17_add_fout_1_0_1_9]: PE[261]
2026-06-19 16:00:34.507 - [DEBUG] ||| print_node2pe ||| node[i10_icmp_10]: PE[409]
2026-06-19 16:00:34.507 - [DEBUG] ||| print_node2pe ||| node[i12_load_10]: PE[410]
2026-06-19 16:00:34.508 - [DEBUG] ||| print_node2pe ||| node[i13_add_10]: PE[582]
2026-06-19 16:00:34.508 - [DEBUG] ||| print_node2pe ||| node[i14_store_10]: PE[710]
2026-06-19 16:00:34.508 - [DEBUG] ||| print_node2pe ||| node[i15_add_10]: PE[199]
2026-06-19 16:00:34.508 - [DEBUG] ||| print_node2pe ||| node[i16_add_10]: PE[583]
2026-06-19 16:00:34.508 - [DEBUG] ||| print_node2pe ||| node[i17_add_10]: PE[712]
2026-06-19 16:00:34.509 - [DEBUG] ||| print_node2pe ||| node[i4_add1_10]: PE[201]
2026-06-19 16:00:34.509 - [DEBUG] ||| print_node2pe ||| node[i4_add2_10]: PE[328]
2026-06-19 16:00:34.509 - [DEBUG] ||| print_node2pe ||| node[i4_mul1_10]: PE[25]
2026-06-19 16:00:34.509 - [DEBUG] ||| print_node2pe ||| node[i4_mul2_10]: PE[202]
2026-06-19 16:00:34.509 - [DEBUG] ||| print_node2pe ||| node[i5_load_10]: PE[585]
2026-06-19 16:00:34.510 - [DEBUG] ||| print_node2pe ||| node[i6_add1_10]: PE[330]
2026-06-19 16:00:34.510 - [DEBUG] ||| print_node2pe ||| node[i6_add2_10]: PE[411]
2026-06-19 16:00:34.510 - [DEBUG] ||| print_node2pe ||| node[i6_mul1_10]: PE[203]
2026-06-19 16:00:34.510 - [DEBUG] ||| print_node2pe ||| node[i6_mul2_10]: PE[331]
2026-06-19 16:00:34.510 - [DEBUG] ||| print_node2pe ||| node[i7_load_10]: PE[588]
2026-06-19 16:00:34.510 - [DEBUG] ||| print_node2pe ||| node[i8_mul_10]: PE[716]
2026-06-19 16:00:34.511 - [DEBUG] ||| print_node2pe ||| node[i9_add_10]: PE[26]
2026-06-19 16:00:34.511 - [DEBUG] ||| print_node2pe ||| node[i17_add_fout_0_10]: PE[26]
2026-06-19 16:00:34.511 - [DEBUG] ||| print_node2pe ||| node[i17_add_fout_1_10]: PE[27]
2026-06-19 16:00:34.511 - [DEBUG] ||| print_node2pe ||| node[extd_i4_add2_0_0_10]: PE[648]
2026-06-19 16:00:34.512 - [DEBUG] ||| print_node2pe ||| node[extd_i17_add_fout_1_0_0_10]: PE[137]
2026-06-19 16:00:34.512 - [DEBUG] ||| print_node2pe ||| node[extd_i17_add_fout_1_0_1_10]: PE[263]
2026-06-19 16:00:34.512 - [DEBUG] ||| print_node2pe ||| node[i10_icmp_11]: PE[27]
2026-06-19 16:00:34.512 - [DEBUG] ||| print_node2pe ||| node[i12_load_11]: PE[28]
2026-06-19 16:00:34.512 - [DEBUG] ||| print_node2pe ||| node[i13_add_11]: PE[205]
2026-06-19 16:00:34.512 - [DEBUG] ||| print_node2pe ||| node[i14_store_11]: PE[333]
2026-06-19 16:00:34.513 - [DEBUG] ||| print_node2pe ||| node[i15_add_11]: PE[590]
2026-06-19 16:00:34.513 - [DEBUG] ||| print_node2pe ||| node[i16_add_11]: PE[206]
2026-06-19 16:00:34.513 - [DEBUG] ||| print_node2pe ||| node[i17_add_11]: PE[335]
2026-06-19 16:00:34.513 - [DEBUG] ||| print_node2pe ||| node[i4_add1_11]: PE[592]
2026-06-19 16:00:34.513 - [DEBUG] ||| print_node2pe ||| node[i4_add2_11]: PE[719]
2026-06-19 16:00:34.513 - [DEBUG] ||| print_node2pe ||| node[i4_mul1_11]: PE[412]
2026-06-19 16:00:34.514 - [DEBUG] ||| print_node2pe ||| node[i4_mul2_11]: PE[593]
2026-06-19 16:00:34.514 - [DEBUG] ||| print_node2pe ||| node[i5_load_11]: PE[208]
2026-06-19 16:00:34.514 - [DEBUG] ||| print_node2pe ||| node[i6_add1_11]: PE[721]
2026-06-19 16:00:34.514 - [DEBUG] ||| print_node2pe ||| node[i6_add2_11]: PE[29]
2026-06-19 16:00:34.514 - [DEBUG] ||| print_node2pe ||| node[i6_mul1_11]: PE[594]
2026-06-19 16:00:34.514 - [DEBUG] ||| print_node2pe ||| node[i6_mul2_11]: PE[722]
2026-06-19 16:00:34.515 - [DEBUG] ||| print_node2pe ||| node[i7_load_11]: PE[211]
2026-06-19 16:00:34.515 - [DEBUG] ||| print_node2pe ||| node[i8_mul_11]: PE[339]
2026-06-19 16:00:34.515 - [DEBUG] ||| print_node2pe ||| node[i9_add_11]: PE[413]
2026-06-19 16:00:34.515 - [DEBUG] ||| print_node2pe ||| node[i17_add_fout_0_11]: PE[409]
2026-06-19 16:00:34.515 - [DEBUG] ||| print_node2pe ||| node[i17_add_fout_1_11]: PE[413]
2026-06-19 16:00:34.516 - [DEBUG] ||| print_node2pe ||| node[extd_i4_add2_0_0_11]: PE[266]
2026-06-19 16:00:34.516 - [DEBUG] ||| print_node2pe ||| node[extd_i17_add_fout_1_0_0_11]: PE[518]
2026-06-19 16:00:34.516 - [DEBUG] ||| print_node2pe ||| node[extd_i17_add_fout_1_0_1_11]: PE[648]
2026-06-19 16:00:34.516 - [DEBUG] ||| print_node2pe ||| node[i10_icmp_12]: PE[30]
2026-06-19 16:00:34.516 - [DEBUG] ||| print_node2pe ||| node[i12_load_12]: PE[31]
2026-06-19 16:00:34.516 - [DEBUG] ||| print_node2pe ||| node[i13_add_12]: PE[212]
2026-06-19 16:00:34.517 - [DEBUG] ||| print_node2pe ||| node[i14_store_12]: PE[340]
2026-06-19 16:00:34.517 - [DEBUG] ||| print_node2pe ||| node[i15_add_12]: PE[597]
2026-06-19 16:00:34.517 - [DEBUG] ||| print_node2pe ||| node[i16_add_12]: PE[213]
2026-06-19 16:00:34.517 - [DEBUG] ||| print_node2pe ||| node[i17_add_12]: PE[342]
2026-06-19 16:00:34.517 - [DEBUG] ||| print_node2pe ||| node[i4_add1_12]: PE[599]
2026-06-19 16:00:34.517 - [DEBUG] ||| print_node2pe ||| node[i4_add2_12]: PE[726]
2026-06-19 16:00:34.518 - [DEBUG] ||| print_node2pe ||| node[i4_mul1_12]: PE[414]
2026-06-19 16:00:34.518 - [DEBUG] ||| print_node2pe ||| node[i4_mul2_12]: PE[600]
2026-06-19 16:00:34.518 - [DEBUG] ||| print_node2pe ||| node[i5_load_12]: PE[215]
2026-06-19 16:00:34.518 - [DEBUG] ||| print_node2pe ||| node[i6_add1_12]: PE[728]
2026-06-19 16:00:34.518 - [DEBUG] ||| print_node2pe ||| node[i6_add2_12]: PE[32]
2026-06-19 16:00:34.518 - [DEBUG] ||| print_node2pe ||| node[i6_mul1_12]: PE[601]
2026-06-19 16:00:34.519 - [DEBUG] ||| print_node2pe ||| node[i6_mul2_12]: PE[729]
2026-06-19 16:00:34.519 - [DEBUG] ||| print_node2pe ||| node[i7_load_12]: PE[218]
2026-06-19 16:00:34.519 - [DEBUG] ||| print_node2pe ||| node[i8_mul_12]: PE[346]
2026-06-19 16:00:34.520 - [DEBUG] ||| print_node2pe ||| node[i9_add_12]: PE[415]
2026-06-19 16:00:34.520 - [DEBUG] ||| print_node2pe ||| node[i17_add_fout_0_12]: PE[415]
2026-06-19 16:00:34.520 - [DEBUG] ||| print_node2pe ||| node[i17_add_fout_1_12]: PE[416]
2026-06-19 16:00:34.520 - [DEBUG] ||| print_node2pe ||| node[extd_i4_add2_0_0_12]: PE[267]
2026-06-19 16:00:34.520 - [DEBUG] ||| print_node2pe ||| node[extd_i17_add_fout_1_0_0_12]: PE[521]
2026-06-19 16:00:34.521 - [DEBUG] ||| print_node2pe ||| node[extd_i17_add_fout_1_0_1_12]: PE[650]
2026-06-19 16:00:34.521 - [DEBUG] ||| print_node2pe ||| node[i10_icmp_13]: PE[416]
2026-06-19 16:00:34.521 - [DEBUG] ||| print_node2pe ||| node[i12_load_13]: PE[417]
2026-06-19 16:00:34.521 - [DEBUG] ||| print_node2pe ||| node[i13_add_13]: PE[603]
2026-06-19 16:00:34.521 - [DEBUG] ||| print_node2pe ||| node[i14_store_13]: PE[731]
2026-06-19 16:00:34.521 - [DEBUG] ||| print_node2pe ||| node[i15_add_13]: PE[220]
2026-06-19 16:00:34.522 - [DEBUG] ||| print_node2pe ||| node[i16_add_13]: PE[604]
2026-06-19 16:00:34.522 - [DEBUG] ||| print_node2pe ||| node[i17_add_13]: PE[733]
2026-06-19 16:00:34.522 - [DEBUG] ||| print_node2pe ||| node[i4_add1_13]: PE[222]
2026-06-19 16:00:34.522 - [DEBUG] ||| print_node2pe ||| node[i4_add2_13]: PE[349]
2026-06-19 16:00:34.522 - [DEBUG] ||| print_node2pe ||| node[i4_mul1_13]: PE[33]
2026-06-19 16:00:34.522 - [DEBUG] ||| print_node2pe ||| node[i4_mul2_13]: PE[223]
2026-06-19 16:00:34.523 - [DEBUG] ||| print_node2pe ||| node[i5_load_13]: PE[606]
2026-06-19 16:00:34.523 - [DEBUG] ||| print_node2pe ||| node[i6_add1_13]: PE[351]
2026-06-19 16:00:34.523 - [DEBUG] ||| print_node2pe ||| node[i6_add2_13]: PE[418]
2026-06-19 16:00:34.523 - [DEBUG] ||| print_node2pe ||| node[i6_mul1_13]: PE[224]
2026-06-19 16:00:34.523 - [DEBUG] ||| print_node2pe ||| node[i6_mul2_13]: PE[352]
2026-06-19 16:00:34.523 - [DEBUG] ||| print_node2pe ||| node[i7_load_13]: PE[609]
2026-06-19 16:00:34.524 - [DEBUG] ||| print_node2pe ||| node[i8_mul_13]: PE[737]
2026-06-19 16:00:34.524 - [DEBUG] ||| print_node2pe ||| node[i9_add_13]: PE[34]
2026-06-19 16:00:34.524 - [DEBUG] ||| print_node2pe ||| node[i17_add_fout_0_13]: PE[30]
2026-06-19 16:00:34.524 - [DEBUG] ||| print_node2pe ||| node[i17_add_fout_1_13]: PE[34]
2026-06-19 16:00:34.524 - [DEBUG] ||| print_node2pe ||| node[extd_i4_add2_0_0_13]: PE[650]
2026-06-19 16:00:34.524 - [DEBUG] ||| print_node2pe ||| node[extd_i17_add_fout_1_0_0_13]: PE[137]
2026-06-19 16:00:34.525 - [DEBUG] ||| print_node2pe ||| node[extd_i17_add_fout_1_0_1_13]: PE[263]
2026-06-19 16:00:34.525 - [DEBUG] ||| print_node2pe ||| node[i10_icmp_14]: PE[419]
2026-06-19 16:00:34.525 - [DEBUG] ||| print_node2pe ||| node[i12_load_14]: PE[420]
2026-06-19 16:00:34.525 - [DEBUG] ||| print_node2pe ||| node[i13_add_14]: PE[610]
2026-06-19 16:00:34.525 - [DEBUG] ||| print_node2pe ||| node[i14_store_14]: PE[738]
2026-06-19 16:00:34.525 - [DEBUG] ||| print_node2pe ||| node[i15_add_14]: PE[227]
2026-06-19 16:00:34.526 - [DEBUG] ||| print_node2pe ||| node[i16_add_14]: PE[611]
2026-06-19 16:00:34.526 - [DEBUG] ||| print_node2pe ||| node[i17_add_14]: PE[740]
2026-06-19 16:00:34.526 - [DEBUG] ||| print_node2pe ||| node[i4_add1_14]: PE[229]
2026-06-19 16:00:34.526 - [DEBUG] ||| print_node2pe ||| node[i4_add2_14]: PE[356]
2026-06-19 16:00:34.526 - [DEBUG] ||| print_node2pe ||| node[i4_mul1_14]: PE[35]
2026-06-19 16:00:34.526 - [DEBUG] ||| print_node2pe ||| node[i4_mul2_14]: PE[230]
2026-06-19 16:00:34.527 - [DEBUG] ||| print_node2pe ||| node[i5_load_14]: PE[613]
2026-06-19 16:00:34.527 - [DEBUG] ||| print_node2pe ||| node[i6_add1_14]: PE[358]
2026-06-19 16:00:34.527 - [DEBUG] ||| print_node2pe ||| node[i6_add2_14]: PE[421]
2026-06-19 16:00:34.527 - [DEBUG] ||| print_node2pe ||| node[i6_mul1_14]: PE[231]
2026-06-19 16:00:34.527 - [DEBUG] ||| print_node2pe ||| node[i6_mul2_14]: PE[359]
2026-06-19 16:00:34.528 - [DEBUG] ||| print_node2pe ||| node[i7_load_14]: PE[616]
2026-06-19 16:00:34.528 - [DEBUG] ||| print_node2pe ||| node[i8_mul_14]: PE[744]
2026-06-19 16:00:34.528 - [DEBUG] ||| print_node2pe ||| node[i9_add_14]: PE[36]
2026-06-19 16:00:34.528 - [DEBUG] ||| print_node2pe ||| node[i17_add_fout_0_14]: PE[36]
2026-06-19 16:00:34.528 - [DEBUG] ||| print_node2pe ||| node[i17_add_fout_1_14]: PE[37]
2026-06-19 16:00:34.528 - [DEBUG] ||| print_node2pe ||| node[extd_i4_add2_0_0_14]: PE[651]
2026-06-19 16:00:34.529 - [DEBUG] ||| print_node2pe ||| node[extd_i17_add_fout_1_0_0_14]: PE[140]
2026-06-19 16:00:34.529 - [DEBUG] ||| print_node2pe ||| node[extd_i17_add_fout_1_0_1_14]: PE[268]
2026-06-19 16:00:34.529 - [DEBUG] ||| print_node2pe ||| node[i10_icmp_15]: PE[37]
2026-06-19 16:00:34.529 - [DEBUG] ||| print_node2pe ||| node[i12_load_15]: PE[38]
2026-06-19 16:00:34.529 - [DEBUG] ||| print_node2pe ||| node[i13_add_15]: PE[233]
2026-06-19 16:00:34.529 - [DEBUG] ||| print_node2pe ||| node[i14_store_15]: PE[361]
2026-06-19 16:00:34.530 - [DEBUG] ||| print_node2pe ||| node[i15_add_15]: PE[618]
2026-06-19 16:00:34.530 - [DEBUG] ||| print_node2pe ||| node[i16_add_15]: PE[234]
2026-06-19 16:00:34.530 - [DEBUG] ||| print_node2pe ||| node[i17_add_15]: PE[363]
2026-06-19 16:00:34.530 - [DEBUG] ||| print_node2pe ||| node[i4_add1_15]: PE[620]
2026-06-19 16:00:34.530 - [DEBUG] ||| print_node2pe ||| node[i4_add2_15]: PE[747]
2026-06-19 16:00:34.530 - [DEBUG] ||| print_node2pe ||| node[i4_mul1_15]: PE[422]
2026-06-19 16:00:34.531 - [DEBUG] ||| print_node2pe ||| node[i4_mul2_15]: PE[621]
2026-06-19 16:00:34.531 - [DEBUG] ||| print_node2pe ||| node[i5_load_15]: PE[236]
2026-06-19 16:00:34.531 - [DEBUG] ||| print_node2pe ||| node[i6_add1_15]: PE[749]
2026-06-19 16:00:34.531 - [DEBUG] ||| print_node2pe ||| node[i6_add2_15]: PE[39]
2026-06-19 16:00:34.531 - [DEBUG] ||| print_node2pe ||| node[i6_mul1_15]: PE[622]
2026-06-19 16:00:34.531 - [DEBUG] ||| print_node2pe ||| node[i6_mul2_15]: PE[750]
2026-06-19 16:00:34.532 - [DEBUG] ||| print_node2pe ||| node[i7_load_15]: PE[239]
2026-06-19 16:00:34.532 - [DEBUG] ||| print_node2pe ||| node[i8_mul_15]: PE[367]
2026-06-19 16:00:34.532 - [DEBUG] ||| print_node2pe ||| node[i9_add_15]: PE[423]
2026-06-19 16:00:34.532 - [DEBUG] ||| print_node2pe ||| node[i17_add_fout_0_15]: PE[419]
2026-06-19 16:00:34.532 - [DEBUG] ||| print_node2pe ||| node[i17_add_fout_1_15]: PE[423]
2026-06-19 16:00:34.532 - [DEBUG] ||| print_node2pe ||| node[extd_i4_add2_0_0_15]: PE[268]
2026-06-19 16:00:34.533 - [DEBUG] ||| print_node2pe ||| node[extd_i17_add_fout_1_0_0_15]: PE[523]
2026-06-19 16:00:34.533 - [DEBUG] ||| print_node2pe ||| node[extd_i17_add_fout_1_0_1_15]: PE[651]
2026-06-19 16:00:34.533 - [DEBUG] ||| 

2026-06-19 16:00:34.533 - [DEBUG] ||| print_pe_metadata ||| --------------- pe_meta_deets --------------- 
2026-06-19 16:00:34.533 - [DEBUG] ||| print_pe_metadata ||| pe_meta[0]:
2026-06-19 16:00:34.534 - [DEBUG] ||| print_pe_metadata ||| opcode: [(['20'], 'icmp', '0'), (['6'], 'split', '19')]
2026-06-19 16:00:34.534 - [DEBUG] ||| print_pe_metadata ||| data_in_opID: ['20', '6']
2026-06-19 16:00:34.534 - [DEBUG] ||| print_pe_metadata ||| data_out_opID: ['19', '19']
2026-06-19 16:00:34.534 - [DEBUG] ||| print_pe_metadata ||| pred_in_opID: [None]
2026-06-19 16:00:34.534 - [DEBUG] ||| print_pe_metadata ||| pred_out_opID: ['0']
2026-06-19 16:00:34.535 - [DEBUG] ||| print_pe_metadata ||| pe_meta[1]:
2026-06-19 16:00:34.535 - [DEBUG] ||| print_pe_metadata ||| opcode: [([], 'load', '1')]
2026-06-19 16:00:34.535 - [DEBUG] ||| print_pe_metadata ||| data_in_opID: [None, None]
2026-06-19 16:00:34.535 - [DEBUG] ||| print_pe_metadata ||| data_out_opID: ['1', None]
2026-06-19 16:00:34.535 - [DEBUG] ||| print_pe_metadata ||| pred_in_opID: [None]
2026-06-19 16:00:34.535 - [DEBUG] ||| print_pe_metadata ||| pred_out_opID: [None]
2026-06-19 16:00:34.536 - [DEBUG] ||| print_pe_metadata ||| pe_meta[128]:
2026-06-19 16:00:34.536 - [DEBUG] ||| print_pe_metadata ||| opcode: [(['1'], 'add', '2'), (['20'], 'bridge', '20'), (['20'], 'bridge', '20')]
2026-06-19 16:00:34.536 - [DEBUG] ||| print_pe_metadata ||| data_in_opID: ['1', None, '20', '4']
2026-06-19 16:00:34.536 - [DEBUG] ||| print_pe_metadata ||| data_out_opID: ['2', '2', '20', '20']
2026-06-19 16:00:34.536 - [DEBUG] ||| print_pe_metadata ||| pred_in_opID: [None, None]
2026-06-19 16:00:34.537 - [DEBUG] ||| print_pe_metadata ||| pred_out_opID: [None, None]
2026-06-19 16:00:34.537 - [DEBUG] ||| print_pe_metadata ||| pe_meta[256]:
2026-06-19 16:00:34.537 - [DEBUG] ||| print_pe_metadata ||| opcode: [(['2'], 'store', '3'), (['8'], 'bridge', '8'), (['20'], 'bridge', '20')]
2026-06-19 16:00:34.537 - [DEBUG] ||| print_pe_metadata ||| data_in_opID: ['2', '8', None, '20']
2026-06-19 16:00:34.537 - [DEBUG] ||| print_pe_metadata ||| data_out_opID: [None, None, '8', '20']
2026-06-19 16:00:34.537 - [DEBUG] ||| print_pe_metadata ||| pred_in_opID: [None, None]
2026-06-19 16:00:34.538 - [DEBUG] ||| print_pe_metadata ||| pred_out_opID: [None, None]
2026-06-19 16:00:34.538 - [DEBUG] ||| print_pe_metadata ||| pe_meta[129]:
2026-06-19 16:00:34.538 - [DEBUG] ||| print_pe_metadata ||| opcode: [(['0', '4'], 'add', '5'), (['8'], 'bridge', '8')]
2026-06-19 16:00:34.538 - [DEBUG] ||| print_pe_metadata ||| data_in_opID: ['4', None, None, '8']
2026-06-19 16:00:34.538 - [DEBUG] ||| print_pe_metadata ||| data_out_opID: ['8', '5', None, None]
2026-06-19 16:00:34.538 - [DEBUG] ||| print_pe_metadata ||| pred_in_opID: ['0', None]
2026-06-19 16:00:34.539 - [DEBUG] ||| print_pe_metadata ||| pred_out_opID: [None, None]
2026-06-19 16:00:34.539 - [DEBUG] ||| print_pe_metadata ||| pe_meta[258]:
2026-06-19 16:00:34.539 - [DEBUG] ||| print_pe_metadata ||| opcode: [(['2', '5'], 'add', '6'), (['20'], 'bridge', '20'), (['20'], 'bridge', '20')]
2026-06-19 16:00:34.539 - [DEBUG] ||| print_pe_metadata ||| data_in_opID: ['5', '2', '20', '20']
2026-06-19 16:00:34.539 - [DEBUG] ||| print_pe_metadata ||| data_out_opID: ['6', '6', '20', '20']
2026-06-19 16:00:34.539 - [DEBUG] ||| print_pe_metadata ||| pred_in_opID: [None, None]
2026-06-19 16:00:34.540 - [DEBUG] ||| print_pe_metadata ||| pred_out_opID: [None, None]
2026-06-19 16:00:34.540 - [DEBUG] ||| print_pe_metadata ||| pe_meta[384]:
2026-06-19 16:00:34.540 - [DEBUG] ||| print_pe_metadata ||| opcode: [([], 'mul', '9')]
2026-06-19 16:00:34.540 - [DEBUG] ||| print_pe_metadata ||| data_in_opID: [None, None]
2026-06-19 16:00:34.540 - [DEBUG] ||| print_pe_metadata ||| data_out_opID: ['9', None]
2026-06-19 16:00:34.540 - [DEBUG] ||| print_pe_metadata ||| pred_in_opID: [None]
2026-06-19 16:00:34.541 - [DEBUG] ||| print_pe_metadata ||| pred_out_opID: [None]
2026-06-19 16:00:34.541 - [DEBUG] ||| print_pe_metadata ||| pe_meta[131]:
2026-06-19 16:00:34.541 - [DEBUG] ||| print_pe_metadata ||| opcode: [(['8'], 'load', '11'), (['8'], 'bridge', '8')]
2026-06-19 16:00:34.541 - [DEBUG] ||| print_pe_metadata ||| data_in_opID: ['8', None, None, '8']
2026-06-19 16:00:34.541 - [DEBUG] ||| print_pe_metadata ||| data_out_opID: ['8', '11', None, None]
2026-06-19 16:00:34.541 - [DEBUG] ||| print_pe_metadata ||| pred_in_opID: [None, None]
2026-06-19 16:00:34.542 - [DEBUG] ||| print_pe_metadata ||| pred_out_opID: [None, None]
2026-06-19 16:00:34.542 - [DEBUG] ||| print_pe_metadata ||| pe_meta[2]:
2026-06-19 16:00:34.542 - [DEBUG] ||| print_pe_metadata ||| opcode: [(['12', '15'], 'add', '13')]
2026-06-19 16:00:34.542 - [DEBUG] ||| print_pe_metadata ||| data_in_opID: ['12', '15']
2026-06-19 16:00:34.542 - [DEBUG] ||| print_pe_metadata ||| data_out_opID: ['13', None]
2026-06-19 16:00:34.542 - [DEBUG] ||| print_pe_metadata ||| pred_in_opID: [None]
2026-06-19 16:00:34.543 - [DEBUG] ||| print_pe_metadata ||| pred_out_opID: [None]
2026-06-19 16:00:34.543 - [DEBUG] ||| print_pe_metadata ||| pe_meta[134]:
2026-06-19 16:00:34.543 - [DEBUG] ||| print_pe_metadata ||| opcode: [(['13'], 'load', '16'), (['20'], 'bridge', '20'), (['20'], 'bridge', '20'), (['20'], 'bridge', '20')]
2026-06-19 16:00:34.543 - [DEBUG] ||| print_pe_metadata ||| data_in_opID: ['13', '20', '20', '20']
2026-06-19 16:00:34.544 - [DEBUG] ||| print_pe_metadata ||| data_out_opID: ['16', '20', '20', '20']
2026-06-19 16:00:34.544 - [DEBUG] ||| print_pe_metadata ||| pred_in_opID: [None, None]
2026-06-19 16:00:34.544 - [DEBUG] ||| print_pe_metadata ||| pred_out_opID: [None, None]
2026-06-19 16:00:34.544 - [DEBUG] ||| print_pe_metadata ||| pe_meta[262]:
2026-06-19 16:00:34.544 - [DEBUG] ||| print_pe_metadata ||| opcode: [(['11', '16'], 'mul', '17'), (['20'], 'bridge', '20'), (['20'], 'bridge', '20')]
2026-06-19 16:00:34.545 - [DEBUG] ||| print_pe_metadata ||| data_in_opID: ['11', '16', '20', '20']
2026-06-19 16:00:34.545 - [DEBUG] ||| print_pe_metadata ||| data_out_opID: [None, '17', '20', '20']
2026-06-19 16:00:34.545 - [DEBUG] ||| print_pe_metadata ||| pred_in_opID: [None, None]
2026-06-19 16:00:34.545 - [DEBUG] ||| print_pe_metadata ||| pred_out_opID: [None, None]
2026-06-19 16:00:34.545 - [DEBUG] ||| print_pe_metadata ||| pe_meta[385]:
2026-06-19 16:00:34.545 - [DEBUG] ||| print_pe_metadata ||| opcode: [(['17'], 'add', '18'), (['6'], 'split', '19')]
2026-06-19 16:00:34.546 - [DEBUG] ||| print_pe_metadata ||| data_in_opID: ['6', '17']
2026-06-19 16:00:34.546 - [DEBUG] ||| print_pe_metadata ||| data_out_opID: ['19', '19']
2026-06-19 16:00:34.546 - [DEBUG] ||| print_pe_metadata ||| pred_in_opID: [None]
2026-06-19 16:00:34.546 - [DEBUG] ||| print_pe_metadata ||| pred_out_opID: [None]
2026-06-19 16:00:34.546 - [DEBUG] ||| print_pe_metadata ||| pe_meta[386]:
2026-06-19 16:00:34.546 - [DEBUG] ||| print_pe_metadata ||| opcode: [(['6'], 'split', '20'), (['20'], 'icmp', '0')]
2026-06-19 16:00:34.547 - [DEBUG] ||| print_pe_metadata ||| data_in_opID: ['20', '6']
2026-06-19 16:00:34.547 - [DEBUG] ||| print_pe_metadata ||| data_out_opID: ['20', '20']
2026-06-19 16:00:34.547 - [DEBUG] ||| print_pe_metadata ||| pred_in_opID: [None]
2026-06-19 16:00:34.547 - [DEBUG] ||| print_pe_metadata ||| pred_out_opID: ['0']
2026-06-19 16:00:34.547 - [DEBUG] ||| print_pe_metadata ||| pe_meta[387]:
2026-06-19 16:00:34.548 - [DEBUG] ||| print_pe_metadata ||| opcode: [([], 'load', '1')]
2026-06-19 16:00:34.548 - [DEBUG] ||| print_pe_metadata ||| data_in_opID: [None, None]
2026-06-19 16:00:34.548 - [DEBUG] ||| print_pe_metadata ||| data_out_opID: ['1', None]
2026-06-19 16:00:34.548 - [DEBUG] ||| print_pe_metadata ||| pred_in_opID: [None]
2026-06-19 16:00:34.548 - [DEBUG] ||| print_pe_metadata ||| pred_out_opID: [None]
2026-06-19 16:00:34.548 - [DEBUG] ||| print_pe_metadata ||| pe_meta[136]:
2026-06-19 16:00:34.549 - [DEBUG] ||| print_pe_metadata ||| opcode: [(['20'], 'add', '4'), (['8'], 'bridge', '8'), (['20'], 'bridge', '20')]
2026-06-19 16:00:34.549 - [DEBUG] ||| print_pe_metadata ||| data_in_opID: ['20', None, '20', '20']
2026-06-19 16:00:34.549 - [DEBUG] ||| print_pe_metadata ||| data_out_opID: ['4', '8', '20', None]
2026-06-19 16:00:34.549 - [DEBUG] ||| print_pe_metadata ||| pred_in_opID: [None, None]
2026-06-19 16:00:34.550 - [DEBUG] ||| print_pe_metadata ||| pred_out_opID: [None, None]
2026-06-19 16:00:34.550 - [DEBUG] ||| print_pe_metadata ||| pe_meta[138]:
2026-06-19 16:00:34.550 - [DEBUG] ||| print_pe_metadata ||| opcode: [(['9'], 'add', '7'), (['20'], 'bridge', '20'), (['8'], 'bridge', '8')]
2026-06-19 16:00:34.550 - [DEBUG] ||| print_pe_metadata ||| data_in_opID: ['9', None, '8', '20']
2026-06-19 16:00:34.550 - [DEBUG] ||| print_pe_metadata ||| data_out_opID: ['7', '8', '20', None]
2026-06-19 16:00:34.550 - [DEBUG] ||| print_pe_metadata ||| pred_in_opID: [None, None]
2026-06-19 16:00:34.551 - [DEBUG] ||| print_pe_metadata ||| pred_out_opID: [None, None]
2026-06-19 16:00:34.551 - [DEBUG] ||| print_pe_metadata ||| pe_meta[265]:
2026-06-19 16:00:34.551 - [DEBUG] ||| print_pe_metadata ||| opcode: [(['7', '10'], 'add', '8'), (['20'], 'bridge', '20')]
2026-06-19 16:00:34.551 - [DEBUG] ||| print_pe_metadata ||| data_in_opID: ['7', '10', None, '20']
2026-06-19 16:00:34.551 - [DEBUG] ||| print_pe_metadata ||| data_out_opID: [None, None, '8', '20']
2026-06-19 16:00:34.552 - [DEBUG] ||| print_pe_metadata ||| pred_in_opID: [None, None]
2026-06-19 16:00:34.552 - [DEBUG] ||| print_pe_metadata ||| pred_out_opID: [None, None]
2026-06-19 16:00:34.552 - [DEBUG] ||| print_pe_metadata ||| pe_meta[3]:
2026-06-19 16:00:34.552 - [DEBUG] ||| print_pe_metadata ||| opcode: [([], 'mul', '9')]
2026-06-19 16:00:34.552 - [DEBUG] ||| print_pe_metadata ||| data_in_opID: [None, None]
2026-06-19 16:00:34.553 - [DEBUG] ||| print_pe_metadata ||| data_out_opID: ['9', None]
2026-06-19 16:00:34.553 - [DEBUG] ||| print_pe_metadata ||| pred_in_opID: [None]
2026-06-19 16:00:34.553 - [DEBUG] ||| print_pe_metadata ||| pred_out_opID: [None]
2026-06-19 16:00:34.553 - [DEBUG] ||| print_pe_metadata ||| pe_meta[139]:
2026-06-19 16:00:34.553 - [DEBUG] ||| print_pe_metadata ||| opcode: [(['19'], 'mul', '10'), (['8'], 'bridge', '8'), (['20'], 'bridge', '20')]
2026-06-19 16:00:34.553 - [DEBUG] ||| print_pe_metadata ||| data_in_opID: ['19', None, '8', '20']
2026-06-19 16:00:34.554 - [DEBUG] ||| print_pe_metadata ||| data_out_opID: ['8', '10', '20', None]
2026-06-19 16:00:34.554 - [DEBUG] ||| print_pe_metadata ||| pred_in_opID: [None, None]
2026-06-19 16:00:34.554 - [DEBUG] ||| print_pe_metadata ||| pred_out_opID: [None, None]
2026-06-19 16:00:34.554 - [DEBUG] ||| print_pe_metadata ||| pe_meta[267]:
2026-06-19 16:00:34.554 - [DEBUG] ||| print_pe_metadata ||| opcode: [(['14'], 'add', '12'), (['8'], 'bridge', '8'), (['20'], 'bridge', '20')]
2026-06-19 16:00:34.554 - [DEBUG] ||| print_pe_metadata ||| data_in_opID: ['14', '8', None, '20']
2026-06-19 16:00:34.555 - [DEBUG] ||| print_pe_metadata ||| data_out_opID: ['12', None, '8', '20']
2026-06-19 16:00:34.555 - [DEBUG] ||| print_pe_metadata ||| pred_in_opID: [None, None]
2026-06-19 16:00:34.555 - [DEBUG] ||| print_pe_metadata ||| pred_out_opID: [None, None]
2026-06-19 16:00:34.555 - [DEBUG] ||| print_pe_metadata ||| pe_meta[388]:
2026-06-19 16:00:34.555 - [DEBUG] ||| print_pe_metadata ||| opcode: [(['12', '15'], 'add', '13')]
2026-06-19 16:00:34.555 - [DEBUG] ||| print_pe_metadata ||| data_in_opID: ['12', '15']
2026-06-19 16:00:34.556 - [DEBUG] ||| print_pe_metadata ||| data_out_opID: ['13', None]
2026-06-19 16:00:34.556 - [DEBUG] ||| print_pe_metadata ||| pred_in_opID: [None]
2026-06-19 16:00:34.556 - [DEBUG] ||| print_pe_metadata ||| pred_out_opID: [None]
2026-06-19 16:00:34.556 - [DEBUG] ||| print_pe_metadata ||| pe_meta[140]:
2026-06-19 16:00:34.556 - [DEBUG] ||| print_pe_metadata ||| opcode: [(['19'], 'mul', '14'), (['20'], 'bridge', '20')]
2026-06-19 16:00:34.557 - [DEBUG] ||| print_pe_metadata ||| data_in_opID: ['20', '20', None, None]
2026-06-19 16:00:34.557 - [DEBUG] ||| print_pe_metadata ||| data_out_opID: ['14', '20', None, None]
2026-06-19 16:00:34.557 - [DEBUG] ||| print_pe_metadata ||| pred_in_opID: [None, None]
2026-06-19 16:00:34.557 - [DEBUG] ||| print_pe_metadata ||| pred_out_opID: [None, None]
2026-06-19 16:00:34.557 - [DEBUG] ||| print_pe_metadata ||| pe_meta[268]:
2026-06-19 16:00:34.557 - [DEBUG] ||| print_pe_metadata ||| opcode: [([], 'mul', '15'), (['20'], 'bridge', '20'), (['8'], 'bridge', '8')]
2026-06-19 16:00:34.558 - [DEBUG] ||| print_pe_metadata ||| data_in_opID: ['8', '20', None, None]
2026-06-19 16:00:34.558 - [DEBUG] ||| print_pe_metadata ||| data_out_opID: ['20', '15', '8', None]
2026-06-19 16:00:34.558 - [DEBUG] ||| print_pe_metadata ||| pred_in_opID: [None, None]
2026-06-19 16:00:34.558 - [DEBUG] ||| print_pe_metadata ||| pred_out_opID: [None, None]
2026-06-19 16:00:34.558 - [DEBUG] ||| print_pe_metadata ||| pe_meta[4]:
2026-06-19 16:00:34.558 - [DEBUG] ||| print_pe_metadata ||| opcode: [(['17'], 'add', '18'), (['6'], 'split', '20')]
2026-06-19 16:00:34.559 - [DEBUG] ||| print_pe_metadata ||| data_in_opID: ['6', '17']
2026-06-19 16:00:34.559 - [DEBUG] ||| print_pe_metadata ||| data_out_opID: ['20', '20']
2026-06-19 16:00:34.559 - [DEBUG] ||| print_pe_metadata ||| pred_in_opID: [None]
2026-06-19 16:00:34.559 - [DEBUG] ||| print_pe_metadata ||| pred_out_opID: [None]
2026-06-19 16:00:34.559 - [DEBUG] ||| print_pe_metadata ||| pe_meta[130]:
2026-06-19 16:00:34.560 - [DEBUG] ||| print_pe_metadata ||| opcode: [(['20'], 'bridge', '20'), (['7', '10'], 'add', '8')]
2026-06-19 16:00:34.560 - [DEBUG] ||| print_pe_metadata ||| data_in_opID: [None, '20', '7', '10']
2026-06-19 16:00:34.560 - [DEBUG] ||| print_pe_metadata ||| data_out_opID: ['8', '20', None, None]
2026-06-19 16:00:34.560 - [DEBUG] ||| print_pe_metadata ||| pred_in_opID: [None, None]
2026-06-19 16:00:34.560 - [DEBUG] ||| print_pe_metadata ||| pred_out_opID: [None, None]
2026-06-19 16:00:34.560 - [DEBUG] ||| print_pe_metadata ||| pe_meta[257]:
2026-06-19 16:00:34.561 - [DEBUG] ||| print_pe_metadata ||| opcode: [(['20'], 'bridge', '20'), (['20'], 'bridge', '20'), (['20'], 'add', '4'), (['20'], 'bridge', '20')]
2026-06-19 16:00:34.561 - [DEBUG] ||| print_pe_metadata ||| data_in_opID: ['20', '20', '20', '20']
2026-06-19 16:00:34.561 - [DEBUG] ||| print_pe_metadata ||| data_out_opID: ['20', '20', '20', '4']
2026-06-19 16:00:34.561 - [DEBUG] ||| print_pe_metadata ||| pred_in_opID: [None, None]
2026-06-19 16:00:34.561 - [DEBUG] ||| print_pe_metadata ||| pred_out_opID: [None, None]
2026-06-19 16:00:34.561 - [DEBUG] ||| print_pe_metadata ||| pe_meta[389]:
2026-06-19 16:00:34.562 - [DEBUG] ||| print_pe_metadata ||| opcode: [(['20'], 'icmp', '0'), (['6'], 'split', '19')]
2026-06-19 16:00:34.562 - [DEBUG] ||| print_pe_metadata ||| data_in_opID: ['6', '20']
2026-06-19 16:00:34.562 - [DEBUG] ||| print_pe_metadata ||| data_out_opID: ['19', '19']
2026-06-19 16:00:34.562 - [DEBUG] ||| print_pe_metadata ||| pred_in_opID: [None]
2026-06-19 16:00:34.562 - [DEBUG] ||| print_pe_metadata ||| pred_out_opID: ['0']
2026-06-19 16:00:34.562 - [DEBUG] ||| print_pe_metadata ||| pe_meta[390]:
2026-06-19 16:00:34.563 - [DEBUG] ||| print_pe_metadata ||| opcode: [([], 'load', '1')]
2026-06-19 16:00:34.563 - [DEBUG] ||| print_pe_metadata ||| data_in_opID: [None, None]
2026-06-19 16:00:34.563 - [DEBUG] ||| print_pe_metadata ||| data_out_opID: ['1', None]
2026-06-19 16:00:34.563 - [DEBUG] ||| print_pe_metadata ||| pred_in_opID: [None]
2026-06-19 16:00:34.563 - [DEBUG] ||| print_pe_metadata ||| pred_out_opID: [None]
2026-06-19 16:00:34.564 - [DEBUG] ||| print_pe_metadata ||| pe_meta[143]:
2026-06-19 16:00:34.564 - [DEBUG] ||| print_pe_metadata ||| opcode: [(['20'], 'add', '4')]
2026-06-19 16:00:34.564 - [DEBUG] ||| print_pe_metadata ||| data_in_opID: ['20', None, None, None]
2026-06-19 16:00:34.564 - [DEBUG] ||| print_pe_metadata ||| data_out_opID: ['4', None, None, None]
2026-06-19 16:00:34.564 - [DEBUG] ||| print_pe_metadata ||| pred_in_opID: [None, None]
2026-06-19 16:00:34.564 - [DEBUG] ||| print_pe_metadata ||| pred_out_opID: [None, None]
2026-06-19 16:00:34.565 - [DEBUG] ||| print_pe_metadata ||| pe_meta[145]:
2026-06-19 16:00:34.565 - [DEBUG] ||| print_pe_metadata ||| opcode: [(['9'], 'add', '7')]
2026-06-19 16:00:34.565 - [DEBUG] ||| print_pe_metadata ||| data_in_opID: ['9', None, None, None]
2026-06-19 16:00:34.565 - [DEBUG] ||| print_pe_metadata ||| data_out_opID: ['7', None, None, None]
2026-06-19 16:00:34.565 - [DEBUG] ||| print_pe_metadata ||| pred_in_opID: [None, None]
2026-06-19 16:00:34.565 - [DEBUG] ||| print_pe_metadata ||| pred_out_opID: [None, None]
2026-06-19 16:00:34.566 - [DEBUG] ||| print_pe_metadata ||| pe_meta[272]:
2026-06-19 16:00:34.566 - [DEBUG] ||| print_pe_metadata ||| opcode: [(['7', '10'], 'add', '8')]
2026-06-19 16:00:34.566 - [DEBUG] ||| print_pe_metadata ||| data_in_opID: ['7', '10', None, None]
2026-06-19 16:00:34.566 - [DEBUG] ||| print_pe_metadata ||| data_out_opID: [None, None, None, '8']
2026-06-19 16:00:34.566 - [DEBUG] ||| print_pe_metadata ||| pred_in_opID: [None, None]
2026-06-19 16:00:34.566 - [DEBUG] ||| print_pe_metadata ||| pred_out_opID: [None, None]
2026-06-19 16:00:34.567 - [DEBUG] ||| print_pe_metadata ||| pe_meta[5]:
2026-06-19 16:00:34.567 - [DEBUG] ||| print_pe_metadata ||| opcode: [([], 'mul', '9')]
2026-06-19 16:00:34.567 - [DEBUG] ||| print_pe_metadata ||| data_in_opID: [None, None]
2026-06-19 16:00:34.567 - [DEBUG] ||| print_pe_metadata ||| data_out_opID: ['9', None]
2026-06-19 16:00:34.567 - [DEBUG] ||| print_pe_metadata ||| pred_in_opID: [None]
2026-06-19 16:00:34.568 - [DEBUG] ||| print_pe_metadata ||| pred_out_opID: [None]
2026-06-19 16:00:34.568 - [DEBUG] ||| print_pe_metadata ||| pe_meta[146]:
2026-06-19 16:00:34.568 - [DEBUG] ||| print_pe_metadata ||| opcode: [(['19'], 'mul', '10')]
2026-06-19 16:00:34.568 - [DEBUG] ||| print_pe_metadata ||| data_in_opID: ['19', None, None, None]
2026-06-19 16:00:34.568 - [DEBUG] ||| print_pe_metadata ||| data_out_opID: [None, '10', None, None]
2026-06-19 16:00:34.569 - [DEBUG] ||| print_pe_metadata ||| pred_in_opID: [None, None]
2026-06-19 16:00:34.569 - [DEBUG] ||| print_pe_metadata ||| pred_out_opID: [None, None]
2026-06-19 16:00:34.569 - [DEBUG] ||| print_pe_metadata ||| pe_meta[274]:
2026-06-19 16:00:34.569 - [DEBUG] ||| print_pe_metadata ||| opcode: [(['14'], 'add', '12')]
2026-06-19 16:00:34.569 - [DEBUG] ||| print_pe_metadata ||| data_in_opID: ['14', None, None, None]
2026-06-19 16:00:34.569 - [DEBUG] ||| print_pe_metadata ||| data_out_opID: ['12', None, None, None]
2026-06-19 16:00:34.570 - [DEBUG] ||| print_pe_metadata ||| pred_in_opID: [None, None]
2026-06-19 16:00:34.570 - [DEBUG] ||| print_pe_metadata ||| pred_out_opID: [None, None]
2026-06-19 16:00:34.570 - [DEBUG] ||| print_pe_metadata ||| pe_meta[391]:
2026-06-19 16:00:34.570 - [DEBUG] ||| print_pe_metadata ||| opcode: [(['12', '15'], 'add', '13')]
2026-06-19 16:00:34.570 - [DEBUG] ||| print_pe_metadata ||| data_in_opID: ['12', '15']
2026-06-19 16:00:34.570 - [DEBUG] ||| print_pe_metadata ||| data_out_opID: ['13', None]
2026-06-19 16:00:34.571 - [DEBUG] ||| print_pe_metadata ||| pred_in_opID: [None]
2026-06-19 16:00:34.571 - [DEBUG] ||| print_pe_metadata ||| pred_out_opID: [None]
2026-06-19 16:00:34.571 - [DEBUG] ||| print_pe_metadata ||| pe_meta[147]:
2026-06-19 16:00:34.571 - [DEBUG] ||| print_pe_metadata ||| opcode: [(['19'], 'mul', '14')]
2026-06-19 16:00:34.571 - [DEBUG] ||| print_pe_metadata ||| data_in_opID: [None, '19', None, None]
2026-06-19 16:00:34.571 - [DEBUG] ||| print_pe_metadata ||| data_out_opID: ['14', None, None, None]
2026-06-19 16:00:34.572 - [DEBUG] ||| print_pe_metadata ||| pred_in_opID: [None, None]
2026-06-19 16:00:34.572 - [DEBUG] ||| print_pe_metadata ||| pred_out_opID: [None, None]
2026-06-19 16:00:34.572 - [DEBUG] ||| print_pe_metadata ||| pe_meta[275]:
2026-06-19 16:00:34.572 - [DEBUG] ||| print_pe_metadata ||| opcode: [([], 'mul', '15')]
2026-06-19 16:00:34.572 - [DEBUG] ||| print_pe_metadata ||| data_in_opID: [None, None, None, None]
2026-06-19 16:00:34.573 - [DEBUG] ||| print_pe_metadata ||| data_out_opID: [None, '15', None, None]
2026-06-19 16:00:34.573 - [DEBUG] ||| print_pe_metadata ||| pred_in_opID: [None, None]
2026-06-19 16:00:34.573 - [DEBUG] ||| print_pe_metadata ||| pred_out_opID: [None, None]
2026-06-19 16:00:34.573 - [DEBUG] ||| print_pe_metadata ||| pe_meta[6]:
2026-06-19 16:00:34.573 - [DEBUG] ||| print_pe_metadata ||| opcode: [(['17'], 'add', '18'), (['6'], 'split', '19')]
2026-06-19 16:00:34.573 - [DEBUG] ||| print_pe_metadata ||| data_in_opID: ['6', '17']
2026-06-19 16:00:34.574 - [DEBUG] ||| print_pe_metadata ||| data_out_opID: ['19', '19']
2026-06-19 16:00:34.574 - [DEBUG] ||| print_pe_metadata ||| pred_in_opID: [None]
2026-06-19 16:00:34.574 - [DEBUG] ||| print_pe_metadata ||| pred_out_opID: [None]
2026-06-19 16:00:34.574 - [DEBUG] ||| print_pe_metadata ||| pe_meta[7]:
2026-06-19 16:00:34.574 - [DEBUG] ||| print_pe_metadata ||| opcode: [(['6'], 'split', '20'), (['20'], 'icmp', '0')]
2026-06-19 16:00:34.574 - [DEBUG] ||| print_pe_metadata ||| data_in_opID: ['20', '20']
2026-06-19 16:00:34.575 - [DEBUG] ||| print_pe_metadata ||| data_out_opID: ['20', '20']
2026-06-19 16:00:34.575 - [DEBUG] ||| print_pe_metadata ||| pred_in_opID: [None]
2026-06-19 16:00:34.575 - [DEBUG] ||| print_pe_metadata ||| pred_out_opID: ['0']
2026-06-19 16:00:34.575 - [DEBUG] ||| print_pe_metadata ||| pe_meta[132]:
2026-06-19 16:00:34.575 - [DEBUG] ||| print_pe_metadata ||| opcode: [(['20'], 'bridge', '20'), (['20'], 'bridge', '20'), (['14'], 'add', '12'), (['20'], 'bridge', '20')]
2026-06-19 16:00:34.576 - [DEBUG] ||| print_pe_metadata ||| data_in_opID: ['20', '20', '14', '20']
2026-06-19 16:00:34.576 - [DEBUG] ||| print_pe_metadata ||| data_out_opID: ['20', '20', '12', '20']
2026-06-19 16:00:34.576 - [DEBUG] ||| print_pe_metadata ||| pred_in_opID: [None, None]
2026-06-19 16:00:34.576 - [DEBUG] ||| print_pe_metadata ||| pred_out_opID: [None, None]
2026-06-19 16:00:34.576 - [DEBUG] ||| print_pe_metadata ||| pe_meta[8]:
2026-06-19 16:00:34.577 - [DEBUG] ||| print_pe_metadata ||| opcode: [([], 'load', '1')]
2026-06-19 16:00:34.577 - [DEBUG] ||| print_pe_metadata ||| data_in_opID: [None, None]
2026-06-19 16:00:34.577 - [DEBUG] ||| print_pe_metadata ||| data_out_opID: ['1', None]
2026-06-19 16:00:34.577 - [DEBUG] ||| print_pe_metadata ||| pred_in_opID: [None]
2026-06-19 16:00:34.577 - [DEBUG] ||| print_pe_metadata ||| pred_out_opID: [None]
2026-06-19 16:00:34.577 - [DEBUG] ||| print_pe_metadata ||| pe_meta[149]:
2026-06-19 16:00:34.578 - [DEBUG] ||| print_pe_metadata ||| opcode: [(['1'], 'add', '2')]
2026-06-19 16:00:34.578 - [DEBUG] ||| print_pe_metadata ||| data_in_opID: ['1', None, None, None]
2026-06-19 16:00:34.578 - [DEBUG] ||| print_pe_metadata ||| data_out_opID: ['2', '2', None, None]
2026-06-19 16:00:34.578 - [DEBUG] ||| print_pe_metadata ||| pred_in_opID: [None, None]
2026-06-19 16:00:34.578 - [DEBUG] ||| print_pe_metadata ||| pred_out_opID: [None, None]
2026-06-19 16:00:34.578 - [DEBUG] ||| print_pe_metadata ||| pe_meta[277]:
2026-06-19 16:00:34.579 - [DEBUG] ||| print_pe_metadata ||| opcode: [(['2'], 'store', '3')]
2026-06-19 16:00:34.579 - [DEBUG] ||| print_pe_metadata ||| data_in_opID: ['2', None, None, None]
2026-06-19 16:00:34.579 - [DEBUG] ||| print_pe_metadata ||| data_out_opID: [None, None, None, None]
2026-06-19 16:00:34.579 - [DEBUG] ||| print_pe_metadata ||| pred_in_opID: [None, None]
2026-06-19 16:00:34.579 - [DEBUG] ||| print_pe_metadata ||| pred_out_opID: [None, None]
2026-06-19 16:00:34.580 - [DEBUG] ||| print_pe_metadata ||| pe_meta[150]:
2026-06-19 16:00:34.580 - [DEBUG] ||| print_pe_metadata ||| opcode: [(['0', '4'], 'add', '5')]
2026-06-19 16:00:34.580 - [DEBUG] ||| print_pe_metadata ||| data_in_opID: ['4', None, None, None]
2026-06-19 16:00:34.580 - [DEBUG] ||| print_pe_metadata ||| data_out_opID: ['5', None, None, None]
2026-06-19 16:00:34.580 - [DEBUG] ||| print_pe_metadata ||| pred_in_opID: ['0', None]
2026-06-19 16:00:34.581 - [DEBUG] ||| print_pe_metadata ||| pred_out_opID: [None, None]
2026-06-19 16:00:34.581 - [DEBUG] ||| print_pe_metadata ||| pe_meta[279]:
2026-06-19 16:00:34.581 - [DEBUG] ||| print_pe_metadata ||| opcode: [(['2', '5'], 'add', '6')]
2026-06-19 16:00:34.581 - [DEBUG] ||| print_pe_metadata ||| data_in_opID: ['5', '2', None, None]
2026-06-19 16:00:34.581 - [DEBUG] ||| print_pe_metadata ||| data_out_opID: ['6', '6', None, None]
2026-06-19 16:00:34.581 - [DEBUG] ||| print_pe_metadata ||| pred_in_opID: [None, None]
2026-06-19 16:00:34.582 - [DEBUG] ||| print_pe_metadata ||| pred_out_opID: [None, None]
2026-06-19 16:00:34.582 - [DEBUG] ||| print_pe_metadata ||| pe_meta[392]:
2026-06-19 16:00:34.582 - [DEBUG] ||| print_pe_metadata ||| opcode: [([], 'mul', '9')]
2026-06-19 16:00:34.582 - [DEBUG] ||| print_pe_metadata ||| data_in_opID: [None, None]
2026-06-19 16:00:34.582 - [DEBUG] ||| print_pe_metadata ||| data_out_opID: ['9', None]
2026-06-19 16:00:34.582 - [DEBUG] ||| print_pe_metadata ||| pred_in_opID: [None]
2026-06-19 16:00:34.583 - [DEBUG] ||| print_pe_metadata ||| pred_out_opID: [None]
2026-06-19 16:00:34.583 - [DEBUG] ||| print_pe_metadata ||| pe_meta[152]:
2026-06-19 16:00:34.583 - [DEBUG] ||| print_pe_metadata ||| opcode: [(['8'], 'load', '11')]
2026-06-19 16:00:34.583 - [DEBUG] ||| print_pe_metadata ||| data_in_opID: [None, '8', None, None]
2026-06-19 16:00:34.583 - [DEBUG] ||| print_pe_metadata ||| data_out_opID: ['11', None, None, None]
2026-06-19 16:00:34.584 - [DEBUG] ||| print_pe_metadata ||| pred_in_opID: [None, None]
2026-06-19 16:00:34.584 - [DEBUG] ||| print_pe_metadata ||| pred_out_opID: [None, None]
2026-06-19 16:00:34.584 - [DEBUG] ||| print_pe_metadata ||| pe_meta[9]:
2026-06-19 16:00:34.584 - [DEBUG] ||| print_pe_metadata ||| opcode: [(['12', '15'], 'add', '13')]
2026-06-19 16:00:34.585 - [DEBUG] ||| print_pe_metadata ||| data_in_opID: ['12', '15']
2026-06-19 16:00:34.585 - [DEBUG] ||| print_pe_metadata ||| data_out_opID: ['13', None]
2026-06-19 16:00:34.585 - [DEBUG] ||| print_pe_metadata ||| pred_in_opID: [None]
2026-06-19 16:00:34.585 - [DEBUG] ||| print_pe_metadata ||| pred_out_opID: [None]
2026-06-19 16:00:34.585 - [DEBUG] ||| print_pe_metadata ||| pe_meta[155]:
2026-06-19 16:00:34.585 - [DEBUG] ||| print_pe_metadata ||| opcode: [(['13'], 'load', '16')]
2026-06-19 16:00:34.586 - [DEBUG] ||| print_pe_metadata ||| data_in_opID: ['13', None, None, None]
2026-06-19 16:00:34.586 - [DEBUG] ||| print_pe_metadata ||| data_out_opID: [None, '16', None, None]
2026-06-19 16:00:34.586 - [DEBUG] ||| print_pe_metadata ||| pred_in_opID: [None, None]
2026-06-19 16:00:34.586 - [DEBUG] ||| print_pe_metadata ||| pred_out_opID: [None, None]
2026-06-19 16:00:34.586 - [DEBUG] ||| print_pe_metadata ||| pe_meta[283]:
2026-06-19 16:00:34.586 - [DEBUG] ||| print_pe_metadata ||| opcode: [(['11', '16'], 'mul', '17')]
2026-06-19 16:00:34.587 - [DEBUG] ||| print_pe_metadata ||| data_in_opID: ['11', '16', None, None]
2026-06-19 16:00:34.587 - [DEBUG] ||| print_pe_metadata ||| data_out_opID: ['17', None, None, None]
2026-06-19 16:00:34.587 - [DEBUG] ||| print_pe_metadata ||| pred_in_opID: [None, None]
2026-06-19 16:00:34.587 - [DEBUG] ||| print_pe_metadata ||| pred_out_opID: [None, None]
2026-06-19 16:00:34.587 - [DEBUG] ||| print_pe_metadata ||| pe_meta[393]:
2026-06-19 16:00:34.587 - [DEBUG] ||| print_pe_metadata ||| opcode: [(['17'], 'add', '18'), (['6'], 'split', '20')]
2026-06-19 16:00:34.588 - [DEBUG] ||| print_pe_metadata ||| data_in_opID: ['17', '6']
2026-06-19 16:00:34.588 - [DEBUG] ||| print_pe_metadata ||| data_out_opID: ['20', '20']
2026-06-19 16:00:34.588 - [DEBUG] ||| print_pe_metadata ||| pred_in_opID: [None]
2026-06-19 16:00:34.588 - [DEBUG] ||| print_pe_metadata ||| pred_out_opID: [None]
2026-06-19 16:00:34.588 - [DEBUG] ||| print_pe_metadata ||| pe_meta[259]:
2026-06-19 16:00:34.588 - [DEBUG] ||| print_pe_metadata ||| opcode: [(['8'], 'bridge', '8'), (['20'], 'bridge', '20'), (['9'], 'add', '7')]
2026-06-19 16:00:34.589 - [DEBUG] ||| print_pe_metadata ||| data_in_opID: ['20', '20', '9', None]
2026-06-19 16:00:34.589 - [DEBUG] ||| print_pe_metadata ||| data_out_opID: ['20', None, '7', '8']
2026-06-19 16:00:34.589 - [DEBUG] ||| print_pe_metadata ||| pred_in_opID: [None, None]
2026-06-19 16:00:34.589 - [DEBUG] ||| print_pe_metadata ||| pred_out_opID: [None, None]
2026-06-19 16:00:34.589 - [DEBUG] ||| print_pe_metadata ||| pe_meta[10]:
2026-06-19 16:00:34.589 - [DEBUG] ||| print_pe_metadata ||| opcode: [(['20'], 'icmp', '0'), (['6'], 'split', '19')]
2026-06-19 16:00:34.590 - [DEBUG] ||| print_pe_metadata ||| data_in_opID: ['6', '20']
2026-06-19 16:00:34.590 - [DEBUG] ||| print_pe_metadata ||| data_out_opID: ['19', '19']
2026-06-19 16:00:34.590 - [DEBUG] ||| print_pe_metadata ||| pred_in_opID: [None]
2026-06-19 16:00:34.590 - [DEBUG] ||| print_pe_metadata ||| pred_out_opID: ['0']
2026-06-19 16:00:34.590 - [DEBUG] ||| print_pe_metadata ||| pe_meta[11]:
2026-06-19 16:00:34.590 - [DEBUG] ||| print_pe_metadata ||| opcode: [([], 'load', '1')]
2026-06-19 16:00:34.591 - [DEBUG] ||| print_pe_metadata ||| data_in_opID: [None, None]
2026-06-19 16:00:34.591 - [DEBUG] ||| print_pe_metadata ||| data_out_opID: ['1', None]
2026-06-19 16:00:34.591 - [DEBUG] ||| print_pe_metadata ||| pred_in_opID: [None]
2026-06-19 16:00:34.591 - [DEBUG] ||| print_pe_metadata ||| pred_out_opID: [None]
2026-06-19 16:00:34.591 - [DEBUG] ||| print_pe_metadata ||| pe_meta[156]:
2026-06-19 16:00:34.592 - [DEBUG] ||| print_pe_metadata ||| opcode: [(['1'], 'add', '2')]
2026-06-19 16:00:34.592 - [DEBUG] ||| print_pe_metadata ||| data_in_opID: ['1', None, None, None]
2026-06-19 16:00:34.592 - [DEBUG] ||| print_pe_metadata ||| data_out_opID: ['2', '2', None, None]
2026-06-19 16:00:34.592 - [DEBUG] ||| print_pe_metadata ||| pred_in_opID: [None, None]
2026-06-19 16:00:34.592 - [DEBUG] ||| print_pe_metadata ||| pred_out_opID: [None, None]
2026-06-19 16:00:34.592 - [DEBUG] ||| print_pe_metadata ||| pe_meta[284]:
2026-06-19 16:00:34.593 - [DEBUG] ||| print_pe_metadata ||| opcode: [(['2'], 'store', '3')]
2026-06-19 16:00:34.593 - [DEBUG] ||| print_pe_metadata ||| data_in_opID: ['2', None, None, None]
2026-06-19 16:00:34.593 - [DEBUG] ||| print_pe_metadata ||| data_out_opID: [None, None, None, None]
2026-06-19 16:00:34.593 - [DEBUG] ||| print_pe_metadata ||| pred_in_opID: [None, None]
2026-06-19 16:00:34.593 - [DEBUG] ||| print_pe_metadata ||| pred_out_opID: [None, None]
2026-06-19 16:00:34.593 - [DEBUG] ||| print_pe_metadata ||| pe_meta[157]:
2026-06-19 16:00:34.594 - [DEBUG] ||| print_pe_metadata ||| opcode: [(['0', '4'], 'add', '5')]
2026-06-19 16:00:34.594 - [DEBUG] ||| print_pe_metadata ||| data_in_opID: ['4', None, None, None]
2026-06-19 16:00:34.594 - [DEBUG] ||| print_pe_metadata ||| data_out_opID: ['5', None, None, None]
2026-06-19 16:00:34.594 - [DEBUG] ||| print_pe_metadata ||| pred_in_opID: ['0', None]
2026-06-19 16:00:34.594 - [DEBUG] ||| print_pe_metadata ||| pred_out_opID: [None, None]
2026-06-19 16:00:34.594 - [DEBUG] ||| print_pe_metadata ||| pe_meta[286]:
2026-06-19 16:00:34.595 - [DEBUG] ||| print_pe_metadata ||| opcode: [(['2', '5'], 'add', '6')]
2026-06-19 16:00:34.595 - [DEBUG] ||| print_pe_metadata ||| data_in_opID: ['5', '2', None, None]
2026-06-19 16:00:34.595 - [DEBUG] ||| print_pe_metadata ||| data_out_opID: ['6', '6', None, None]
2026-06-19 16:00:34.595 - [DEBUG] ||| print_pe_metadata ||| pred_in_opID: [None, None]
2026-06-19 16:00:34.595 - [DEBUG] ||| print_pe_metadata ||| pred_out_opID: [None, None]
2026-06-19 16:00:34.596 - [DEBUG] ||| print_pe_metadata ||| pe_meta[394]:
2026-06-19 16:00:34.596 - [DEBUG] ||| print_pe_metadata ||| opcode: [([], 'mul', '9')]
2026-06-19 16:00:34.596 - [DEBUG] ||| print_pe_metadata ||| data_in_opID: [None, None]
2026-06-19 16:00:34.596 - [DEBUG] ||| print_pe_metadata ||| data_out_opID: ['9', None]
2026-06-19 16:00:34.596 - [DEBUG] ||| print_pe_metadata ||| pred_in_opID: [None]
2026-06-19 16:00:34.596 - [DEBUG] ||| print_pe_metadata ||| pred_out_opID: [None]
2026-06-19 16:00:34.597 - [DEBUG] ||| print_pe_metadata ||| pe_meta[159]:
2026-06-19 16:00:34.597 - [DEBUG] ||| print_pe_metadata ||| opcode: [(['8'], 'load', '11')]
2026-06-19 16:00:34.597 - [DEBUG] ||| print_pe_metadata ||| data_in_opID: ['8', None, None, None]
2026-06-19 16:00:34.597 - [DEBUG] ||| print_pe_metadata ||| data_out_opID: ['11', None, None, None]
2026-06-19 16:00:34.597 - [DEBUG] ||| print_pe_metadata ||| pred_in_opID: [None, None]
2026-06-19 16:00:34.598 - [DEBUG] ||| print_pe_metadata ||| pred_out_opID: [None, None]
2026-06-19 16:00:34.598 - [DEBUG] ||| print_pe_metadata ||| pe_meta[12]:
2026-06-19 16:00:34.598 - [DEBUG] ||| print_pe_metadata ||| opcode: [(['12', '15'], 'add', '13')]
2026-06-19 16:00:34.598 - [DEBUG] ||| print_pe_metadata ||| data_in_opID: ['12', '15']
2026-06-19 16:00:34.598 - [DEBUG] ||| print_pe_metadata ||| data_out_opID: ['13', None]
2026-06-19 16:00:34.598 - [DEBUG] ||| print_pe_metadata ||| pred_in_opID: [None]
2026-06-19 16:00:34.599 - [DEBUG] ||| print_pe_metadata ||| pred_out_opID: [None]
2026-06-19 16:00:34.599 - [DEBUG] ||| print_pe_metadata ||| pe_meta[162]:
2026-06-19 16:00:34.599 - [DEBUG] ||| print_pe_metadata ||| opcode: [(['13'], 'load', '16')]
2026-06-19 16:00:34.599 - [DEBUG] ||| print_pe_metadata ||| data_in_opID: ['13', None, None, None]
2026-06-19 16:00:34.599 - [DEBUG] ||| print_pe_metadata ||| data_out_opID: [None, '16', None, None]
2026-06-19 16:00:34.599 - [DEBUG] ||| print_pe_metadata ||| pred_in_opID: [None, None]
2026-06-19 16:00:34.600 - [DEBUG] ||| print_pe_metadata ||| pred_out_opID: [None, None]
2026-06-19 16:00:34.600 - [DEBUG] ||| print_pe_metadata ||| pe_meta[290]:
2026-06-19 16:00:34.600 - [DEBUG] ||| print_pe_metadata ||| opcode: [(['11', '16'], 'mul', '17')]
2026-06-19 16:00:34.600 - [DEBUG] ||| print_pe_metadata ||| data_in_opID: ['11', '16', None, None]
2026-06-19 16:00:34.600 - [DEBUG] ||| print_pe_metadata ||| data_out_opID: [None, '17', None, None]
2026-06-19 16:00:34.600 - [DEBUG] ||| print_pe_metadata ||| pred_in_opID: [None, None]
2026-06-19 16:00:34.601 - [DEBUG] ||| print_pe_metadata ||| pred_out_opID: [None, None]
2026-06-19 16:00:34.601 - [DEBUG] ||| print_pe_metadata ||| pe_meta[395]:
2026-06-19 16:00:34.601 - [DEBUG] ||| print_pe_metadata ||| opcode: [(['17'], 'add', '18'), (['6'], 'split', '19')]
2026-06-19 16:00:34.601 - [DEBUG] ||| print_pe_metadata ||| data_in_opID: ['6', '17']
2026-06-19 16:00:34.601 - [DEBUG] ||| print_pe_metadata ||| data_out_opID: ['19', '19']
2026-06-19 16:00:34.601 - [DEBUG] ||| print_pe_metadata ||| pred_in_opID: [None]
2026-06-19 16:00:34.602 - [DEBUG] ||| print_pe_metadata ||| pred_out_opID: [None]
2026-06-19 16:00:34.602 - [DEBUG] ||| print_pe_metadata ||| pe_meta[396]:
2026-06-19 16:00:34.602 - [DEBUG] ||| print_pe_metadata ||| opcode: [(['6'], 'split', '20'), (['20'], 'icmp', '0')]
2026-06-19 16:00:34.602 - [DEBUG] ||| print_pe_metadata ||| data_in_opID: ['20', '6']
2026-06-19 16:00:34.602 - [DEBUG] ||| print_pe_metadata ||| data_out_opID: ['20', '20']
2026-06-19 16:00:34.602 - [DEBUG] ||| print_pe_metadata ||| pred_in_opID: [None]
2026-06-19 16:00:34.603 - [DEBUG] ||| print_pe_metadata ||| pred_out_opID: ['0']
2026-06-19 16:00:34.603 - [DEBUG] ||| print_pe_metadata ||| pe_meta[260]:
2026-06-19 16:00:34.603 - [DEBUG] ||| print_pe_metadata ||| opcode: [(['8'], 'bridge', '8'), (['20'], 'bridge', '20'), (['19'], 'mul', '10')]
2026-06-19 16:00:34.603 - [DEBUG] ||| print_pe_metadata ||| data_in_opID: ['16', '20', '19', None]
2026-06-19 16:00:34.603 - [DEBUG] ||| print_pe_metadata ||| data_out_opID: ['20', None, '8', '10']
2026-06-19 16:00:34.603 - [DEBUG] ||| print_pe_metadata ||| pred_in_opID: [None, None]
2026-06-19 16:00:34.604 - [DEBUG] ||| print_pe_metadata ||| pred_out_opID: [None, None]
2026-06-19 16:00:34.604 - [DEBUG] ||| print_pe_metadata ||| pe_meta[397]:
2026-06-19 16:00:34.604 - [DEBUG] ||| print_pe_metadata ||| opcode: [([], 'load', '1')]
2026-06-19 16:00:34.604 - [DEBUG] ||| print_pe_metadata ||| data_in_opID: [None, None]
2026-06-19 16:00:34.604 - [DEBUG] ||| print_pe_metadata ||| data_out_opID: ['1', None]
2026-06-19 16:00:34.604 - [DEBUG] ||| print_pe_metadata ||| pred_in_opID: [None]
2026-06-19 16:00:34.605 - [DEBUG] ||| print_pe_metadata ||| pred_out_opID: [None]
2026-06-19 16:00:34.605 - [DEBUG] ||| print_pe_metadata ||| pe_meta[164]:
2026-06-19 16:00:34.605 - [DEBUG] ||| print_pe_metadata ||| opcode: [(['20'], 'add', '4')]
2026-06-19 16:00:34.605 - [DEBUG] ||| print_pe_metadata ||| data_in_opID: ['20', None, None, None]
2026-06-19 16:00:34.605 - [DEBUG] ||| print_pe_metadata ||| data_out_opID: ['4', None, None, None]
2026-06-19 16:00:34.605 - [DEBUG] ||| print_pe_metadata ||| pred_in_opID: [None, None]
2026-06-19 16:00:34.606 - [DEBUG] ||| print_pe_metadata ||| pred_out_opID: [None, None]
2026-06-19 16:00:34.606 - [DEBUG] ||| print_pe_metadata ||| pe_meta[166]:
2026-06-19 16:00:34.606 - [DEBUG] ||| print_pe_metadata ||| opcode: [(['9'], 'add', '7')]
2026-06-19 16:00:34.606 - [DEBUG] ||| print_pe_metadata ||| data_in_opID: ['9', None, None, None]
2026-06-19 16:00:34.606 - [DEBUG] ||| print_pe_metadata ||| data_out_opID: ['7', None, None, None]
2026-06-19 16:00:34.607 - [DEBUG] ||| print_pe_metadata ||| pred_in_opID: [None, None]
2026-06-19 16:00:34.607 - [DEBUG] ||| print_pe_metadata ||| pred_out_opID: [None, None]
2026-06-19 16:00:34.607 - [DEBUG] ||| print_pe_metadata ||| pe_meta[293]:
2026-06-19 16:00:34.607 - [DEBUG] ||| print_pe_metadata ||| opcode: [(['7', '10'], 'add', '8')]
2026-06-19 16:00:34.607 - [DEBUG] ||| print_pe_metadata ||| data_in_opID: ['7', '10', None, None]
2026-06-19 16:00:34.607 - [DEBUG] ||| print_pe_metadata ||| data_out_opID: [None, None, '8', None]
2026-06-19 16:00:34.608 - [DEBUG] ||| print_pe_metadata ||| pred_in_opID: [None, None]
2026-06-19 16:00:34.608 - [DEBUG] ||| print_pe_metadata ||| pred_out_opID: [None, None]
2026-06-19 16:00:34.608 - [DEBUG] ||| print_pe_metadata ||| pe_meta[13]:
2026-06-19 16:00:34.608 - [DEBUG] ||| print_pe_metadata ||| opcode: [([], 'mul', '9')]
2026-06-19 16:00:34.608 - [DEBUG] ||| print_pe_metadata ||| data_in_opID: [None, None]
2026-06-19 16:00:34.608 - [DEBUG] ||| print_pe_metadata ||| data_out_opID: ['9', None]
2026-06-19 16:00:34.609 - [DEBUG] ||| print_pe_metadata ||| pred_in_opID: [None]
2026-06-19 16:00:34.609 - [DEBUG] ||| print_pe_metadata ||| pred_out_opID: [None]
2026-06-19 16:00:34.609 - [DEBUG] ||| print_pe_metadata ||| pe_meta[167]:
2026-06-19 16:00:34.609 - [DEBUG] ||| print_pe_metadata ||| opcode: [(['19'], 'mul', '10')]
2026-06-19 16:00:34.609 - [DEBUG] ||| print_pe_metadata ||| data_in_opID: ['19', None, None, None]
2026-06-19 16:00:34.609 - [DEBUG] ||| print_pe_metadata ||| data_out_opID: [None, '10', None, None]
2026-06-19 16:00:34.610 - [DEBUG] ||| print_pe_metadata ||| pred_in_opID: [None, None]
2026-06-19 16:00:34.610 - [DEBUG] ||| print_pe_metadata ||| pred_out_opID: [None, None]
2026-06-19 16:00:34.610 - [DEBUG] ||| print_pe_metadata ||| pe_meta[295]:
2026-06-19 16:00:34.611 - [DEBUG] ||| print_pe_metadata ||| opcode: [(['14'], 'add', '12')]
2026-06-19 16:00:34.611 - [DEBUG] ||| print_pe_metadata ||| data_in_opID: ['14', None, None, None]
2026-06-19 16:00:34.611 - [DEBUG] ||| print_pe_metadata ||| data_out_opID: ['12', None, None, None]
2026-06-19 16:00:34.611 - [DEBUG] ||| print_pe_metadata ||| pred_in_opID: [None, None]
2026-06-19 16:00:34.611 - [DEBUG] ||| print_pe_metadata ||| pred_out_opID: [None, None]
2026-06-19 16:00:34.612 - [DEBUG] ||| print_pe_metadata ||| pe_meta[398]:
2026-06-19 16:00:34.612 - [DEBUG] ||| print_pe_metadata ||| opcode: [(['12', '15'], 'add', '13')]
2026-06-19 16:00:34.612 - [DEBUG] ||| print_pe_metadata ||| data_in_opID: ['12', '15']
2026-06-19 16:00:34.612 - [DEBUG] ||| print_pe_metadata ||| data_out_opID: ['13', None]
2026-06-19 16:00:34.612 - [DEBUG] ||| print_pe_metadata ||| pred_in_opID: [None]
2026-06-19 16:00:34.613 - [DEBUG] ||| print_pe_metadata ||| pred_out_opID: [None]
2026-06-19 16:00:34.613 - [DEBUG] ||| print_pe_metadata ||| pe_meta[168]:
2026-06-19 16:00:34.613 - [DEBUG] ||| print_pe_metadata ||| opcode: [(['19'], 'mul', '14')]
2026-06-19 16:00:34.613 - [DEBUG] ||| print_pe_metadata ||| data_in_opID: [None, '19', None, None]
2026-06-19 16:00:34.613 - [DEBUG] ||| print_pe_metadata ||| data_out_opID: ['14', None, None, None]
2026-06-19 16:00:34.613 - [DEBUG] ||| print_pe_metadata ||| pred_in_opID: [None, None]
2026-06-19 16:00:34.614 - [DEBUG] ||| print_pe_metadata ||| pred_out_opID: [None, None]
2026-06-19 16:00:34.614 - [DEBUG] ||| print_pe_metadata ||| pe_meta[296]:
2026-06-19 16:00:34.614 - [DEBUG] ||| print_pe_metadata ||| opcode: [([], 'mul', '15')]
2026-06-19 16:00:34.614 - [DEBUG] ||| print_pe_metadata ||| data_in_opID: [None, None, None, None]
2026-06-19 16:00:34.614 - [DEBUG] ||| print_pe_metadata ||| data_out_opID: [None, '15', None, None]
2026-06-19 16:00:34.614 - [DEBUG] ||| print_pe_metadata ||| pred_in_opID: [None, None]
2026-06-19 16:00:34.615 - [DEBUG] ||| print_pe_metadata ||| pred_out_opID: [None, None]
2026-06-19 16:00:34.615 - [DEBUG] ||| print_pe_metadata ||| pe_meta[14]:
2026-06-19 16:00:34.615 - [DEBUG] ||| print_pe_metadata ||| opcode: [(['17'], 'add', '18'), (['6'], 'split', '20')]
2026-06-19 16:00:34.615 - [DEBUG] ||| print_pe_metadata ||| data_in_opID: ['17', '6']
2026-06-19 16:00:34.615 - [DEBUG] ||| print_pe_metadata ||| data_out_opID: ['20', '20']
2026-06-19 16:00:34.616 - [DEBUG] ||| print_pe_metadata ||| pred_in_opID: [None]
2026-06-19 16:00:34.616 - [DEBUG] ||| print_pe_metadata ||| pred_out_opID: [None]
2026-06-19 16:00:34.616 - [DEBUG] ||| print_pe_metadata ||| pe_meta[399]:
2026-06-19 16:00:34.616 - [DEBUG] ||| print_pe_metadata ||| opcode: [(['20'], 'icmp', '0'), (['6'], 'split', '19')]
2026-06-19 16:00:34.616 - [DEBUG] ||| print_pe_metadata ||| data_in_opID: ['20', '6']
2026-06-19 16:00:34.616 - [DEBUG] ||| print_pe_metadata ||| data_out_opID: ['19', '19']
2026-06-19 16:00:34.617 - [DEBUG] ||| print_pe_metadata ||| pred_in_opID: [None]
2026-06-19 16:00:34.617 - [DEBUG] ||| print_pe_metadata ||| pred_out_opID: ['0']
2026-06-19 16:00:34.617 - [DEBUG] ||| print_pe_metadata ||| pe_meta[400]:
2026-06-19 16:00:34.617 - [DEBUG] ||| print_pe_metadata ||| opcode: [([], 'load', '1')]
2026-06-19 16:00:34.617 - [DEBUG] ||| print_pe_metadata ||| data_in_opID: [None, None]
2026-06-19 16:00:34.617 - [DEBUG] ||| print_pe_metadata ||| data_out_opID: ['1', None]
2026-06-19 16:00:34.618 - [DEBUG] ||| print_pe_metadata ||| pred_in_opID: [None]
2026-06-19 16:00:34.618 - [DEBUG] ||| print_pe_metadata ||| pred_out_opID: [None]
2026-06-19 16:00:34.618 - [DEBUG] ||| print_pe_metadata ||| pe_meta[171]:
2026-06-19 16:00:34.618 - [DEBUG] ||| print_pe_metadata ||| opcode: [(['20'], 'add', '4')]
2026-06-19 16:00:34.618 - [DEBUG] ||| print_pe_metadata ||| data_in_opID: ['20', None, None, None]
2026-06-19 16:00:34.618 - [DEBUG] ||| print_pe_metadata ||| data_out_opID: ['4', None, None, None]
2026-06-19 16:00:34.619 - [DEBUG] ||| print_pe_metadata ||| pred_in_opID: [None, None]
2026-06-19 16:00:34.619 - [DEBUG] ||| print_pe_metadata ||| pred_out_opID: [None, None]
2026-06-19 16:00:34.619 - [DEBUG] ||| print_pe_metadata ||| pe_meta[173]:
2026-06-19 16:00:34.619 - [DEBUG] ||| print_pe_metadata ||| opcode: [(['9'], 'add', '7')]
2026-06-19 16:00:34.619 - [DEBUG] ||| print_pe_metadata ||| data_in_opID: ['9', None, None, None]
2026-06-19 16:00:34.619 - [DEBUG] ||| print_pe_metadata ||| data_out_opID: ['7', None, None, None]
2026-06-19 16:00:34.620 - [DEBUG] ||| print_pe_metadata ||| pred_in_opID: [None, None]
2026-06-19 16:00:34.620 - [DEBUG] ||| print_pe_metadata ||| pred_out_opID: [None, None]
2026-06-19 16:00:34.620 - [DEBUG] ||| print_pe_metadata ||| pe_meta[300]:
2026-06-19 16:00:34.620 - [DEBUG] ||| print_pe_metadata ||| opcode: [(['7', '10'], 'add', '8')]
2026-06-19 16:00:34.620 - [DEBUG] ||| print_pe_metadata ||| data_in_opID: ['7', '10', None, None]
2026-06-19 16:00:34.620 - [DEBUG] ||| print_pe_metadata ||| data_out_opID: [None, None, None, '8']
2026-06-19 16:00:34.621 - [DEBUG] ||| print_pe_metadata ||| pred_in_opID: [None, None]
2026-06-19 16:00:34.621 - [DEBUG] ||| print_pe_metadata ||| pred_out_opID: [None, None]
2026-06-19 16:00:34.621 - [DEBUG] ||| print_pe_metadata ||| pe_meta[15]:
2026-06-19 16:00:34.621 - [DEBUG] ||| print_pe_metadata ||| opcode: [([], 'mul', '9')]
2026-06-19 16:00:34.621 - [DEBUG] ||| print_pe_metadata ||| data_in_opID: [None, None]
2026-06-19 16:00:34.621 - [DEBUG] ||| print_pe_metadata ||| data_out_opID: ['9', None]
2026-06-19 16:00:34.622 - [DEBUG] ||| print_pe_metadata ||| pred_in_opID: [None]
2026-06-19 16:00:34.622 - [DEBUG] ||| print_pe_metadata ||| pred_out_opID: [None]
2026-06-19 16:00:34.622 - [DEBUG] ||| print_pe_metadata ||| pe_meta[174]:
2026-06-19 16:00:34.622 - [DEBUG] ||| print_pe_metadata ||| opcode: [(['19'], 'mul', '10')]
2026-06-19 16:00:34.622 - [DEBUG] ||| print_pe_metadata ||| data_in_opID: ['19', None, None, None]
2026-06-19 16:00:34.622 - [DEBUG] ||| print_pe_metadata ||| data_out_opID: [None, '10', None, None]
2026-06-19 16:00:34.623 - [DEBUG] ||| print_pe_metadata ||| pred_in_opID: [None, None]
2026-06-19 16:00:34.623 - [DEBUG] ||| print_pe_metadata ||| pred_out_opID: [None, None]
2026-06-19 16:00:34.623 - [DEBUG] ||| print_pe_metadata ||| pe_meta[302]:
2026-06-19 16:00:34.623 - [DEBUG] ||| print_pe_metadata ||| opcode: [(['14'], 'add', '12')]
2026-06-19 16:00:34.623 - [DEBUG] ||| print_pe_metadata ||| data_in_opID: ['14', None, None, None]
2026-06-19 16:00:34.624 - [DEBUG] ||| print_pe_metadata ||| data_out_opID: ['12', None, None, None]
2026-06-19 16:00:34.624 - [DEBUG] ||| print_pe_metadata ||| pred_in_opID: [None, None]
2026-06-19 16:00:34.624 - [DEBUG] ||| print_pe_metadata ||| pred_out_opID: [None, None]
2026-06-19 16:00:34.624 - [DEBUG] ||| print_pe_metadata ||| pe_meta[401]:
2026-06-19 16:00:34.624 - [DEBUG] ||| print_pe_metadata ||| opcode: [(['12', '15'], 'add', '13')]
2026-06-19 16:00:34.624 - [DEBUG] ||| print_pe_metadata ||| data_in_opID: ['12', '15']
2026-06-19 16:00:34.625 - [DEBUG] ||| print_pe_metadata ||| data_out_opID: ['13', None]
2026-06-19 16:00:34.625 - [DEBUG] ||| print_pe_metadata ||| pred_in_opID: [None]
2026-06-19 16:00:34.625 - [DEBUG] ||| print_pe_metadata ||| pred_out_opID: [None]
2026-06-19 16:00:34.625 - [DEBUG] ||| print_pe_metadata ||| pe_meta[175]:
2026-06-19 16:00:34.626 - [DEBUG] ||| print_pe_metadata ||| opcode: [(['19'], 'mul', '14')]
2026-06-19 16:00:34.626 - [DEBUG] ||| print_pe_metadata ||| data_in_opID: [None, '19', None, None]
2026-06-19 16:00:34.626 - [DEBUG] ||| print_pe_metadata ||| data_out_opID: ['14', None, None, None]
2026-06-19 16:00:34.626 - [DEBUG] ||| print_pe_metadata ||| pred_in_opID: [None, None]
2026-06-19 16:00:34.626 - [DEBUG] ||| print_pe_metadata ||| pred_out_opID: [None, None]
2026-06-19 16:00:34.626 - [DEBUG] ||| print_pe_metadata ||| pe_meta[303]:
2026-06-19 16:00:34.627 - [DEBUG] ||| print_pe_metadata ||| opcode: [([], 'mul', '15')]
2026-06-19 16:00:34.627 - [DEBUG] ||| print_pe_metadata ||| data_in_opID: [None, None, None, None]
2026-06-19 16:00:34.627 - [DEBUG] ||| print_pe_metadata ||| data_out_opID: [None, '15', None, None]
2026-06-19 16:00:34.627 - [DEBUG] ||| print_pe_metadata ||| pred_in_opID: [None, None]
2026-06-19 16:00:34.627 - [DEBUG] ||| print_pe_metadata ||| pred_out_opID: [None, None]
2026-06-19 16:00:34.627 - [DEBUG] ||| print_pe_metadata ||| pe_meta[16]:
2026-06-19 16:00:34.628 - [DEBUG] ||| print_pe_metadata ||| opcode: [(['17'], 'add', '18'), (['6'], 'split', '19')]
2026-06-19 16:00:34.628 - [DEBUG] ||| print_pe_metadata ||| data_in_opID: ['6', '17']
2026-06-19 16:00:34.628 - [DEBUG] ||| print_pe_metadata ||| data_out_opID: ['19', '19']
2026-06-19 16:00:34.628 - [DEBUG] ||| print_pe_metadata ||| pred_in_opID: [None]
2026-06-19 16:00:34.628 - [DEBUG] ||| print_pe_metadata ||| pred_out_opID: [None]
2026-06-19 16:00:34.628 - [DEBUG] ||| print_pe_metadata ||| pe_meta[17]:
2026-06-19 16:00:34.629 - [DEBUG] ||| print_pe_metadata ||| opcode: [(['6'], 'split', '20'), (['20'], 'icmp', '0')]
2026-06-19 16:00:34.629 - [DEBUG] ||| print_pe_metadata ||| data_in_opID: ['20', '6']
2026-06-19 16:00:34.629 - [DEBUG] ||| print_pe_metadata ||| data_out_opID: ['20', '20']
2026-06-19 16:00:34.629 - [DEBUG] ||| print_pe_metadata ||| pred_in_opID: [None]
2026-06-19 16:00:34.629 - [DEBUG] ||| print_pe_metadata ||| pred_out_opID: ['0']
2026-06-19 16:00:34.629 - [DEBUG] ||| print_pe_metadata ||| pe_meta[18]:
2026-06-19 16:00:34.630 - [DEBUG] ||| print_pe_metadata ||| opcode: [([], 'load', '1')]
2026-06-19 16:00:34.630 - [DEBUG] ||| print_pe_metadata ||| data_in_opID: [None, None]
2026-06-19 16:00:34.630 - [DEBUG] ||| print_pe_metadata ||| data_out_opID: ['1', None]
2026-06-19 16:00:34.630 - [DEBUG] ||| print_pe_metadata ||| pred_in_opID: [None]
2026-06-19 16:00:34.630 - [DEBUG] ||| print_pe_metadata ||| pred_out_opID: [None]
2026-06-19 16:00:34.630 - [DEBUG] ||| print_pe_metadata ||| pe_meta[177]:
2026-06-19 16:00:34.631 - [DEBUG] ||| print_pe_metadata ||| opcode: [(['1'], 'add', '2')]
2026-06-19 16:00:34.631 - [DEBUG] ||| print_pe_metadata ||| data_in_opID: ['1', None, None, None]
2026-06-19 16:00:34.631 - [DEBUG] ||| print_pe_metadata ||| data_out_opID: ['2', '2', None, None]
2026-06-19 16:00:34.631 - [DEBUG] ||| print_pe_metadata ||| pred_in_opID: [None, None]
2026-06-19 16:00:34.631 - [DEBUG] ||| print_pe_metadata ||| pred_out_opID: [None, None]
2026-06-19 16:00:34.632 - [DEBUG] ||| print_pe_metadata ||| pe_meta[305]:
2026-06-19 16:00:34.632 - [DEBUG] ||| print_pe_metadata ||| opcode: [(['2'], 'store', '3')]
2026-06-19 16:00:34.632 - [DEBUG] ||| print_pe_metadata ||| data_in_opID: ['2', None, None, None]
2026-06-19 16:00:34.632 - [DEBUG] ||| print_pe_metadata ||| data_out_opID: [None, None, None, None]
2026-06-19 16:00:34.632 - [DEBUG] ||| print_pe_metadata ||| pred_in_opID: [None, None]
2026-06-19 16:00:34.632 - [DEBUG] ||| print_pe_metadata ||| pred_out_opID: [None, None]
2026-06-19 16:00:34.633 - [DEBUG] ||| print_pe_metadata ||| pe_meta[178]:
2026-06-19 16:00:34.633 - [DEBUG] ||| print_pe_metadata ||| opcode: [(['0', '4'], 'add', '5')]
2026-06-19 16:00:34.633 - [DEBUG] ||| print_pe_metadata ||| data_in_opID: ['4', None, None, None]
2026-06-19 16:00:34.633 - [DEBUG] ||| print_pe_metadata ||| data_out_opID: ['5', None, None, None]
2026-06-19 16:00:34.633 - [DEBUG] ||| print_pe_metadata ||| pred_in_opID: ['0', None]
2026-06-19 16:00:34.633 - [DEBUG] ||| print_pe_metadata ||| pred_out_opID: [None, None]
2026-06-19 16:00:34.634 - [DEBUG] ||| print_pe_metadata ||| pe_meta[307]:
2026-06-19 16:00:34.634 - [DEBUG] ||| print_pe_metadata ||| opcode: [(['2', '5'], 'add', '6')]
2026-06-19 16:00:34.634 - [DEBUG] ||| print_pe_metadata ||| data_in_opID: ['5', '2', None, None]
2026-06-19 16:00:34.634 - [DEBUG] ||| print_pe_metadata ||| data_out_opID: ['6', '6', None, None]
2026-06-19 16:00:34.634 - [DEBUG] ||| print_pe_metadata ||| pred_in_opID: [None, None]
2026-06-19 16:00:34.634 - [DEBUG] ||| print_pe_metadata ||| pred_out_opID: [None, None]
2026-06-19 16:00:34.635 - [DEBUG] ||| print_pe_metadata ||| pe_meta[402]:
2026-06-19 16:00:34.635 - [DEBUG] ||| print_pe_metadata ||| opcode: [([], 'mul', '9')]
2026-06-19 16:00:34.635 - [DEBUG] ||| print_pe_metadata ||| data_in_opID: [None, None]
2026-06-19 16:00:34.635 - [DEBUG] ||| print_pe_metadata ||| data_out_opID: ['9', None]
2026-06-19 16:00:34.635 - [DEBUG] ||| print_pe_metadata ||| pred_in_opID: [None]
2026-06-19 16:00:34.636 - [DEBUG] ||| print_pe_metadata ||| pred_out_opID: [None]
2026-06-19 16:00:34.636 - [DEBUG] ||| print_pe_metadata ||| pe_meta[180]:
2026-06-19 16:00:34.636 - [DEBUG] ||| print_pe_metadata ||| opcode: [(['8'], 'load', '11')]
2026-06-19 16:00:34.636 - [DEBUG] ||| print_pe_metadata ||| data_in_opID: [None, '8', None, None]
2026-06-19 16:00:34.636 - [DEBUG] ||| print_pe_metadata ||| data_out_opID: ['11', None, None, None]
2026-06-19 16:00:34.636 - [DEBUG] ||| print_pe_metadata ||| pred_in_opID: [None, None]
2026-06-19 16:00:34.637 - [DEBUG] ||| print_pe_metadata ||| pred_out_opID: [None, None]
2026-06-19 16:00:34.637 - [DEBUG] ||| print_pe_metadata ||| pe_meta[19]:
2026-06-19 16:00:34.637 - [DEBUG] ||| print_pe_metadata ||| opcode: [(['12', '15'], 'add', '13')]
2026-06-19 16:00:34.637 - [DEBUG] ||| print_pe_metadata ||| data_in_opID: ['12', '15']
2026-06-19 16:00:34.637 - [DEBUG] ||| print_pe_metadata ||| data_out_opID: ['13', None]
2026-06-19 16:00:34.637 - [DEBUG] ||| print_pe_metadata ||| pred_in_opID: [None]
2026-06-19 16:00:34.638 - [DEBUG] ||| print_pe_metadata ||| pred_out_opID: [None]
2026-06-19 16:00:34.638 - [DEBUG] ||| print_pe_metadata ||| pe_meta[183]:
2026-06-19 16:00:34.638 - [DEBUG] ||| print_pe_metadata ||| opcode: [(['13'], 'load', '16')]
2026-06-19 16:00:34.638 - [DEBUG] ||| print_pe_metadata ||| data_in_opID: ['13', None, None, None]
2026-06-19 16:00:34.638 - [DEBUG] ||| print_pe_metadata ||| data_out_opID: [None, '16', None, None]
2026-06-19 16:00:34.639 - [DEBUG] ||| print_pe_metadata ||| pred_in_opID: [None, None]
2026-06-19 16:00:34.639 - [DEBUG] ||| print_pe_metadata ||| pred_out_opID: [None, None]
2026-06-19 16:00:34.639 - [DEBUG] ||| print_pe_metadata ||| pe_meta[311]:
2026-06-19 16:00:34.639 - [DEBUG] ||| print_pe_metadata ||| opcode: [(['11', '16'], 'mul', '17')]
2026-06-19 16:00:34.639 - [DEBUG] ||| print_pe_metadata ||| data_in_opID: ['11', '16', None, None]
2026-06-19 16:00:34.639 - [DEBUG] ||| print_pe_metadata ||| data_out_opID: [None, '17', None, None]
2026-06-19 16:00:34.640 - [DEBUG] ||| print_pe_metadata ||| pred_in_opID: [None, None]
2026-06-19 16:00:34.640 - [DEBUG] ||| print_pe_metadata ||| pred_out_opID: [None, None]
2026-06-19 16:00:34.640 - [DEBUG] ||| print_pe_metadata ||| pe_meta[403]:
2026-06-19 16:00:34.640 - [DEBUG] ||| print_pe_metadata ||| opcode: [(['17'], 'add', '18'), (['6'], 'split', '20')]
2026-06-19 16:00:34.640 - [DEBUG] ||| print_pe_metadata ||| data_in_opID: ['6', '17']
2026-06-19 16:00:34.641 - [DEBUG] ||| print_pe_metadata ||| data_out_opID: ['20', '20']
2026-06-19 16:00:34.641 - [DEBUG] ||| print_pe_metadata ||| pred_in_opID: [None]
2026-06-19 16:00:34.641 - [DEBUG] ||| print_pe_metadata ||| pred_out_opID: [None]
2026-06-19 16:00:34.641 - [DEBUG] ||| print_pe_metadata ||| pe_meta[261]:
2026-06-19 16:00:34.641 - [DEBUG] ||| print_pe_metadata ||| opcode: [(['8'], 'bridge', '8'), (['20'], 'bridge', '20'), (['19'], 'mul', '14')]
2026-06-19 16:00:34.641 - [DEBUG] ||| print_pe_metadata ||| data_in_opID: ['8', '20', None, '19']
2026-06-19 16:00:34.642 - [DEBUG] ||| print_pe_metadata ||| data_out_opID: ['20', None, '8', '14']
2026-06-19 16:00:34.642 - [DEBUG] ||| print_pe_metadata ||| pred_in_opID: [None, None]
2026-06-19 16:00:34.642 - [DEBUG] ||| print_pe_metadata ||| pred_out_opID: [None, None]
2026-06-19 16:00:34.642 - [DEBUG] ||| print_pe_metadata ||| pe_meta[20]:
2026-06-19 16:00:34.642 - [DEBUG] ||| print_pe_metadata ||| opcode: [(['20'], 'icmp', '0'), (['6'], 'split', '19')]
2026-06-19 16:00:34.642 - [DEBUG] ||| print_pe_metadata ||| data_in_opID: ['6', '20']
2026-06-19 16:00:34.643 - [DEBUG] ||| print_pe_metadata ||| data_out_opID: ['19', '19']
2026-06-19 16:00:34.643 - [DEBUG] ||| print_pe_metadata ||| pred_in_opID: [None]
2026-06-19 16:00:34.643 - [DEBUG] ||| print_pe_metadata ||| pred_out_opID: ['0']
2026-06-19 16:00:34.643 - [DEBUG] ||| print_pe_metadata ||| pe_meta[21]:
2026-06-19 16:00:34.643 - [DEBUG] ||| print_pe_metadata ||| opcode: [([], 'load', '1')]
2026-06-19 16:00:34.644 - [DEBUG] ||| print_pe_metadata ||| data_in_opID: [None, None]
2026-06-19 16:00:34.644 - [DEBUG] ||| print_pe_metadata ||| data_out_opID: ['1', None]
2026-06-19 16:00:34.644 - [DEBUG] ||| print_pe_metadata ||| pred_in_opID: [None]
2026-06-19 16:00:34.644 - [DEBUG] ||| print_pe_metadata ||| pred_out_opID: [None]
2026-06-19 16:00:34.644 - [DEBUG] ||| print_pe_metadata ||| pe_meta[184]:
2026-06-19 16:00:34.644 - [DEBUG] ||| print_pe_metadata ||| opcode: [(['1'], 'add', '2')]
2026-06-19 16:00:34.645 - [DEBUG] ||| print_pe_metadata ||| data_in_opID: ['1', None, None, None]
2026-06-19 16:00:34.645 - [DEBUG] ||| print_pe_metadata ||| data_out_opID: ['2', '2', None, None]
2026-06-19 16:00:34.645 - [DEBUG] ||| print_pe_metadata ||| pred_in_opID: [None, None]
2026-06-19 16:00:34.645 - [DEBUG] ||| print_pe_metadata ||| pred_out_opID: [None, None]
2026-06-19 16:00:34.645 - [DEBUG] ||| print_pe_metadata ||| pe_meta[312]:
2026-06-19 16:00:34.645 - [DEBUG] ||| print_pe_metadata ||| opcode: [(['2'], 'store', '3')]
2026-06-19 16:00:34.646 - [DEBUG] ||| print_pe_metadata ||| data_in_opID: ['2', None, None, None]
2026-06-19 16:00:34.646 - [DEBUG] ||| print_pe_metadata ||| data_out_opID: [None, None, None, None]
2026-06-19 16:00:34.646 - [DEBUG] ||| print_pe_metadata ||| pred_in_opID: [None, None]
2026-06-19 16:00:34.646 - [DEBUG] ||| print_pe_metadata ||| pred_out_opID: [None, None]
2026-06-19 16:00:34.646 - [DEBUG] ||| print_pe_metadata ||| pe_meta[185]:
2026-06-19 16:00:34.646 - [DEBUG] ||| print_pe_metadata ||| opcode: [(['0', '4'], 'add', '5')]
2026-06-19 16:00:34.647 - [DEBUG] ||| print_pe_metadata ||| data_in_opID: ['4', None, None, None]
2026-06-19 16:00:34.647 - [DEBUG] ||| print_pe_metadata ||| data_out_opID: ['5', None, None, None]
2026-06-19 16:00:34.647 - [DEBUG] ||| print_pe_metadata ||| pred_in_opID: ['0', None]
2026-06-19 16:00:34.647 - [DEBUG] ||| print_pe_metadata ||| pred_out_opID: [None, None]
2026-06-19 16:00:34.647 - [DEBUG] ||| print_pe_metadata ||| pe_meta[314]:
2026-06-19 16:00:34.648 - [DEBUG] ||| print_pe_metadata ||| opcode: [(['2', '5'], 'add', '6')]
2026-06-19 16:00:34.648 - [DEBUG] ||| print_pe_metadata ||| data_in_opID: ['5', '2', None, None]
2026-06-19 16:00:34.648 - [DEBUG] ||| print_pe_metadata ||| data_out_opID: ['6', '6', None, None]
2026-06-19 16:00:34.648 - [DEBUG] ||| print_pe_metadata ||| pred_in_opID: [None, None]
2026-06-19 16:00:34.648 - [DEBUG] ||| print_pe_metadata ||| pred_out_opID: [None, None]
2026-06-19 16:00:34.648 - [DEBUG] ||| print_pe_metadata ||| pe_meta[404]:
2026-06-19 16:00:34.649 - [DEBUG] ||| print_pe_metadata ||| opcode: [([], 'mul', '9')]
2026-06-19 16:00:34.649 - [DEBUG] ||| print_pe_metadata ||| data_in_opID: [None, None]
2026-06-19 16:00:34.649 - [DEBUG] ||| print_pe_metadata ||| data_out_opID: ['9', None]
2026-06-19 16:00:34.649 - [DEBUG] ||| print_pe_metadata ||| pred_in_opID: [None]
2026-06-19 16:00:34.649 - [DEBUG] ||| print_pe_metadata ||| pred_out_opID: [None]
2026-06-19 16:00:34.649 - [DEBUG] ||| print_pe_metadata ||| pe_meta[187]:
2026-06-19 16:00:34.650 - [DEBUG] ||| print_pe_metadata ||| opcode: [(['8'], 'load', '11')]
2026-06-19 16:00:34.650 - [DEBUG] ||| print_pe_metadata ||| data_in_opID: [None, '8', None, None]
2026-06-19 16:00:34.650 - [DEBUG] ||| print_pe_metadata ||| data_out_opID: ['11', None, None, None]
2026-06-19 16:00:34.650 - [DEBUG] ||| print_pe_metadata ||| pred_in_opID: [None, None]
2026-06-19 16:00:34.650 - [DEBUG] ||| print_pe_metadata ||| pred_out_opID: [None, None]
2026-06-19 16:00:34.650 - [DEBUG] ||| print_pe_metadata ||| pe_meta[22]:
2026-06-19 16:00:34.651 - [DEBUG] ||| print_pe_metadata ||| opcode: [(['12', '15'], 'add', '13')]
2026-06-19 16:00:34.651 - [DEBUG] ||| print_pe_metadata ||| data_in_opID: ['12', '15']
2026-06-19 16:00:34.651 - [DEBUG] ||| print_pe_metadata ||| data_out_opID: ['13', None]
2026-06-19 16:00:34.651 - [DEBUG] ||| print_pe_metadata ||| pred_in_opID: [None]
2026-06-19 16:00:34.651 - [DEBUG] ||| print_pe_metadata ||| pred_out_opID: [None]
2026-06-19 16:00:34.651 - [DEBUG] ||| print_pe_metadata ||| pe_meta[190]:
2026-06-19 16:00:34.652 - [DEBUG] ||| print_pe_metadata ||| opcode: [(['13'], 'load', '16')]
2026-06-19 16:00:34.652 - [DEBUG] ||| print_pe_metadata ||| data_in_opID: ['13', None, None, None]
2026-06-19 16:00:34.652 - [DEBUG] ||| print_pe_metadata ||| data_out_opID: [None, '16', None, None]
2026-06-19 16:00:34.652 - [DEBUG] ||| print_pe_metadata ||| pred_in_opID: [None, None]
2026-06-19 16:00:34.652 - [DEBUG] ||| print_pe_metadata ||| pred_out_opID: [None, None]
2026-06-19 16:00:34.652 - [DEBUG] ||| print_pe_metadata ||| pe_meta[318]:
2026-06-19 16:00:34.653 - [DEBUG] ||| print_pe_metadata ||| opcode: [(['11', '16'], 'mul', '17')]
2026-06-19 16:00:34.653 - [DEBUG] ||| print_pe_metadata ||| data_in_opID: ['11', '16', None, None]
2026-06-19 16:00:34.653 - [DEBUG] ||| print_pe_metadata ||| data_out_opID: [None, '17', None, None]
2026-06-19 16:00:34.653 - [DEBUG] ||| print_pe_metadata ||| pred_in_opID: [None, None]
2026-06-19 16:00:34.653 - [DEBUG] ||| print_pe_metadata ||| pred_out_opID: [None, None]
2026-06-19 16:00:34.653 - [DEBUG] ||| print_pe_metadata ||| pe_meta[405]:
2026-06-19 16:00:34.654 - [DEBUG] ||| print_pe_metadata ||| opcode: [(['17'], 'add', '18'), (['6'], 'split', '19')]
2026-06-19 16:00:34.654 - [DEBUG] ||| print_pe_metadata ||| data_in_opID: ['6', '17']
2026-06-19 16:00:34.654 - [DEBUG] ||| print_pe_metadata ||| data_out_opID: ['19', '19']
2026-06-19 16:00:34.654 - [DEBUG] ||| print_pe_metadata ||| pred_in_opID: [None]
2026-06-19 16:00:34.654 - [DEBUG] ||| print_pe_metadata ||| pred_out_opID: [None]
2026-06-19 16:00:34.654 - [DEBUG] ||| print_pe_metadata ||| pe_meta[406]:
2026-06-19 16:00:34.655 - [DEBUG] ||| print_pe_metadata ||| opcode: [(['6'], 'split', '20'), (['20'], 'icmp', '0')]
2026-06-19 16:00:34.655 - [DEBUG] ||| print_pe_metadata ||| data_in_opID: ['20', '6']
2026-06-19 16:00:34.655 - [DEBUG] ||| print_pe_metadata ||| data_out_opID: ['20', '20']
2026-06-19 16:00:34.655 - [DEBUG] ||| print_pe_metadata ||| pred_in_opID: [None]
2026-06-19 16:00:34.655 - [DEBUG] ||| print_pe_metadata ||| pred_out_opID: ['0']
2026-06-19 16:00:34.656 - [DEBUG] ||| print_pe_metadata ||| pe_meta[264]:
2026-06-19 16:00:34.656 - [DEBUG] ||| print_pe_metadata ||| opcode: [(['8'], 'bridge', '8'), (['0', '4'], 'add', '5')]
2026-06-19 16:00:34.656 - [DEBUG] ||| print_pe_metadata ||| data_in_opID: [None, '8', '4', None]
2026-06-19 16:00:34.656 - [DEBUG] ||| print_pe_metadata ||| data_out_opID: [None, None, '5', '8']
2026-06-19 16:00:34.656 - [DEBUG] ||| print_pe_metadata ||| pred_in_opID: [None, '0']
2026-06-19 16:00:34.657 - [DEBUG] ||| print_pe_metadata ||| pred_out_opID: [None, None]
2026-06-19 16:00:34.657 - [DEBUG] ||| print_pe_metadata ||| pe_meta[407]:
2026-06-19 16:00:34.657 - [DEBUG] ||| print_pe_metadata ||| opcode: [([], 'load', '1')]
2026-06-19 16:00:34.657 - [DEBUG] ||| print_pe_metadata ||| data_in_opID: [None, None]
2026-06-19 16:00:34.657 - [DEBUG] ||| print_pe_metadata ||| data_out_opID: ['1', None]
2026-06-19 16:00:34.657 - [DEBUG] ||| print_pe_metadata ||| pred_in_opID: [None]
2026-06-19 16:00:34.658 - [DEBUG] ||| print_pe_metadata ||| pred_out_opID: [None]
2026-06-19 16:00:34.658 - [DEBUG] ||| print_pe_metadata ||| pe_meta[192]:
2026-06-19 16:00:34.658 - [DEBUG] ||| print_pe_metadata ||| opcode: [(['20'], 'add', '4')]
2026-06-19 16:00:34.658 - [DEBUG] ||| print_pe_metadata ||| data_in_opID: ['20', None, None, None]
2026-06-19 16:00:34.658 - [DEBUG] ||| print_pe_metadata ||| data_out_opID: ['4', None, None, None]
2026-06-19 16:00:34.659 - [DEBUG] ||| print_pe_metadata ||| pred_in_opID: [None, None]
2026-06-19 16:00:34.659 - [DEBUG] ||| print_pe_metadata ||| pred_out_opID: [None, None]
2026-06-19 16:00:34.659 - [DEBUG] ||| print_pe_metadata ||| pe_meta[194]:
2026-06-19 16:00:34.659 - [DEBUG] ||| print_pe_metadata ||| opcode: [(['9'], 'add', '7')]
2026-06-19 16:00:34.659 - [DEBUG] ||| print_pe_metadata ||| data_in_opID: ['9', None, None, None]
2026-06-19 16:00:34.659 - [DEBUG] ||| print_pe_metadata ||| data_out_opID: ['7', None, None, None]
2026-06-19 16:00:34.660 - [DEBUG] ||| print_pe_metadata ||| pred_in_opID: [None, None]
2026-06-19 16:00:34.660 - [DEBUG] ||| print_pe_metadata ||| pred_out_opID: [None, None]
2026-06-19 16:00:34.660 - [DEBUG] ||| print_pe_metadata ||| pe_meta[321]:
2026-06-19 16:00:34.660 - [DEBUG] ||| print_pe_metadata ||| opcode: [(['7', '10'], 'add', '8')]
2026-06-19 16:00:34.660 - [DEBUG] ||| print_pe_metadata ||| data_in_opID: ['7', '10', None, None]
2026-06-19 16:00:34.660 - [DEBUG] ||| print_pe_metadata ||| data_out_opID: [None, None, None, '8']
2026-06-19 16:00:34.661 - [DEBUG] ||| print_pe_metadata ||| pred_in_opID: [None, None]
2026-06-19 16:00:34.661 - [DEBUG] ||| print_pe_metadata ||| pred_out_opID: [None, None]
2026-06-19 16:00:34.661 - [DEBUG] ||| print_pe_metadata ||| pe_meta[23]:
2026-06-19 16:00:34.661 - [DEBUG] ||| print_pe_metadata ||| opcode: [([], 'mul', '9')]
2026-06-19 16:00:34.661 - [DEBUG] ||| print_pe_metadata ||| data_in_opID: [None, None]
2026-06-19 16:00:34.661 - [DEBUG] ||| print_pe_metadata ||| data_out_opID: ['9', None]
2026-06-19 16:00:34.662 - [DEBUG] ||| print_pe_metadata ||| pred_in_opID: [None]
2026-06-19 16:00:34.662 - [DEBUG] ||| print_pe_metadata ||| pred_out_opID: [None]
2026-06-19 16:00:34.662 - [DEBUG] ||| print_pe_metadata ||| pe_meta[195]:
2026-06-19 16:00:34.662 - [DEBUG] ||| print_pe_metadata ||| opcode: [(['19'], 'mul', '10')]
2026-06-19 16:00:34.662 - [DEBUG] ||| print_pe_metadata ||| data_in_opID: ['19', None, None, None]
2026-06-19 16:00:34.662 - [DEBUG] ||| print_pe_metadata ||| data_out_opID: [None, '10', None, None]
2026-06-19 16:00:34.663 - [DEBUG] ||| print_pe_metadata ||| pred_in_opID: [None, None]
2026-06-19 16:00:34.663 - [DEBUG] ||| print_pe_metadata ||| pred_out_opID: [None, None]
2026-06-19 16:00:34.663 - [DEBUG] ||| print_pe_metadata ||| pe_meta[323]:
2026-06-19 16:00:34.663 - [DEBUG] ||| print_pe_metadata ||| opcode: [(['14'], 'add', '12')]
2026-06-19 16:00:34.663 - [DEBUG] ||| print_pe_metadata ||| data_in_opID: ['14', None, None, None]
2026-06-19 16:00:34.663 - [DEBUG] ||| print_pe_metadata ||| data_out_opID: ['12', None, None, None]
2026-06-19 16:00:34.664 - [DEBUG] ||| print_pe_metadata ||| pred_in_opID: [None, None]
2026-06-19 16:00:34.664 - [DEBUG] ||| print_pe_metadata ||| pred_out_opID: [None, None]
2026-06-19 16:00:34.664 - [DEBUG] ||| print_pe_metadata ||| pe_meta[408]:
2026-06-19 16:00:34.664 - [DEBUG] ||| print_pe_metadata ||| opcode: [(['12', '15'], 'add', '13')]
2026-06-19 16:00:34.664 - [DEBUG] ||| print_pe_metadata ||| data_in_opID: ['12', '15']
2026-06-19 16:00:34.664 - [DEBUG] ||| print_pe_metadata ||| data_out_opID: ['13', None]
2026-06-19 16:00:34.665 - [DEBUG] ||| print_pe_metadata ||| pred_in_opID: [None]
2026-06-19 16:00:34.665 - [DEBUG] ||| print_pe_metadata ||| pred_out_opID: [None]
2026-06-19 16:00:34.665 - [DEBUG] ||| print_pe_metadata ||| pe_meta[196]:
2026-06-19 16:00:34.665 - [DEBUG] ||| print_pe_metadata ||| opcode: [(['19'], 'mul', '14')]
2026-06-19 16:00:34.665 - [DEBUG] ||| print_pe_metadata ||| data_in_opID: [None, '19', None, None]
2026-06-19 16:00:34.665 - [DEBUG] ||| print_pe_metadata ||| data_out_opID: ['14', None, None, None]
2026-06-19 16:00:34.666 - [DEBUG] ||| print_pe_metadata ||| pred_in_opID: [None, None]
2026-06-19 16:00:34.666 - [DEBUG] ||| print_pe_metadata ||| pred_out_opID: [None, None]
2026-06-19 16:00:34.666 - [DEBUG] ||| print_pe_metadata ||| pe_meta[324]:
2026-06-19 16:00:34.666 - [DEBUG] ||| print_pe_metadata ||| opcode: [([], 'mul', '15')]
2026-06-19 16:00:34.666 - [DEBUG] ||| print_pe_metadata ||| data_in_opID: [None, None, None, None]
2026-06-19 16:00:34.666 - [DEBUG] ||| print_pe_metadata ||| data_out_opID: [None, '15', None, None]
2026-06-19 16:00:34.667 - [DEBUG] ||| print_pe_metadata ||| pred_in_opID: [None, None]
2026-06-19 16:00:34.667 - [DEBUG] ||| print_pe_metadata ||| pred_out_opID: [None, None]
2026-06-19 16:00:34.667 - [DEBUG] ||| print_pe_metadata ||| pe_meta[24]:
2026-06-19 16:00:34.667 - [DEBUG] ||| print_pe_metadata ||| opcode: [(['17'], 'add', '18'), (['6'], 'split', '20')]
2026-06-19 16:00:34.667 - [DEBUG] ||| print_pe_metadata ||| data_in_opID: ['17', '6']
2026-06-19 16:00:34.668 - [DEBUG] ||| print_pe_metadata ||| data_out_opID: ['20', '20']
2026-06-19 16:00:34.668 - [DEBUG] ||| print_pe_metadata ||| pred_in_opID: [None]
2026-06-19 16:00:34.668 - [DEBUG] ||| print_pe_metadata ||| pred_out_opID: [None]
2026-06-19 16:00:34.668 - [DEBUG] ||| print_pe_metadata ||| pe_meta[135]:
2026-06-19 16:00:34.668 - [DEBUG] ||| print_pe_metadata ||| opcode: [(['20'], 'bridge', '20'), (['2'], 'store', '3'), (['8'], 'bridge', '8')]
2026-06-19 16:00:34.668 - [DEBUG] ||| print_pe_metadata ||| data_in_opID: [None, '20', '2', '8']
2026-06-19 16:00:34.669 - [DEBUG] ||| print_pe_metadata ||| data_out_opID: ['8', '20', None, None]
2026-06-19 16:00:34.669 - [DEBUG] ||| print_pe_metadata ||| pred_in_opID: [None, None]
2026-06-19 16:00:34.669 - [DEBUG] ||| print_pe_metadata ||| pred_out_opID: [None, None]
2026-06-19 16:00:34.669 - [DEBUG] ||| print_pe_metadata ||| pe_meta[409]:
2026-06-19 16:00:34.669 - [DEBUG] ||| print_pe_metadata ||| opcode: [(['20'], 'icmp', '0'), (['6'], 'split', '19')]
2026-06-19 16:00:34.669 - [DEBUG] ||| print_pe_metadata ||| data_in_opID: ['20', '6']
2026-06-19 16:00:34.670 - [DEBUG] ||| print_pe_metadata ||| data_out_opID: ['19', '19']
2026-06-19 16:00:34.670 - [DEBUG] ||| print_pe_metadata ||| pred_in_opID: [None]
2026-06-19 16:00:34.670 - [DEBUG] ||| print_pe_metadata ||| pred_out_opID: ['0']
2026-06-19 16:00:34.670 - [DEBUG] ||| print_pe_metadata ||| pe_meta[410]:
2026-06-19 16:00:34.670 - [DEBUG] ||| print_pe_metadata ||| opcode: [([], 'load', '1')]
2026-06-19 16:00:34.670 - [DEBUG] ||| print_pe_metadata ||| data_in_opID: [None, None]
2026-06-19 16:00:34.671 - [DEBUG] ||| print_pe_metadata ||| data_out_opID: ['1', None]
2026-06-19 16:00:34.671 - [DEBUG] ||| print_pe_metadata ||| pred_in_opID: [None]
2026-06-19 16:00:34.671 - [DEBUG] ||| print_pe_metadata ||| pred_out_opID: [None]
2026-06-19 16:00:34.671 - [DEBUG] ||| print_pe_metadata ||| pe_meta[199]:
2026-06-19 16:00:34.672 - [DEBUG] ||| print_pe_metadata ||| opcode: [(['20'], 'add', '4')]
2026-06-19 16:00:34.672 - [DEBUG] ||| print_pe_metadata ||| data_in_opID: ['20', None, None, None]
2026-06-19 16:00:34.672 - [DEBUG] ||| print_pe_metadata ||| data_out_opID: ['4', None, None, None]
2026-06-19 16:00:34.672 - [DEBUG] ||| print_pe_metadata ||| pred_in_opID: [None, None]
2026-06-19 16:00:34.672 - [DEBUG] ||| print_pe_metadata ||| pred_out_opID: [None, None]
2026-06-19 16:00:34.672 - [DEBUG] ||| print_pe_metadata ||| pe_meta[201]:
2026-06-19 16:00:34.673 - [DEBUG] ||| print_pe_metadata ||| opcode: [(['9'], 'add', '7')]
2026-06-19 16:00:34.673 - [DEBUG] ||| print_pe_metadata ||| data_in_opID: ['9', None, None, None]
2026-06-19 16:00:34.673 - [DEBUG] ||| print_pe_metadata ||| data_out_opID: ['7', None, None, None]
2026-06-19 16:00:34.673 - [DEBUG] ||| print_pe_metadata ||| pred_in_opID: [None, None]
2026-06-19 16:00:34.673 - [DEBUG] ||| print_pe_metadata ||| pred_out_opID: [None, None]
2026-06-19 16:00:34.673 - [DEBUG] ||| print_pe_metadata ||| pe_meta[328]:
2026-06-19 16:00:34.674 - [DEBUG] ||| print_pe_metadata ||| opcode: [(['7', '10'], 'add', '8')]
2026-06-19 16:00:34.674 - [DEBUG] ||| print_pe_metadata ||| data_in_opID: ['7', '10', None, None]
2026-06-19 16:00:34.674 - [DEBUG] ||| print_pe_metadata ||| data_out_opID: [None, None, '8', None]
2026-06-19 16:00:34.674 - [DEBUG] ||| print_pe_metadata ||| pred_in_opID: [None, None]
2026-06-19 16:00:34.674 - [DEBUG] ||| print_pe_metadata ||| pred_out_opID: [None, None]
2026-06-19 16:00:34.674 - [DEBUG] ||| print_pe_metadata ||| pe_meta[25]:
2026-06-19 16:00:34.675 - [DEBUG] ||| print_pe_metadata ||| opcode: [([], 'mul', '9')]
2026-06-19 16:00:34.675 - [DEBUG] ||| print_pe_metadata ||| data_in_opID: [None, None]
2026-06-19 16:00:34.675 - [DEBUG] ||| print_pe_metadata ||| data_out_opID: ['9', None]
2026-06-19 16:00:34.675 - [DEBUG] ||| print_pe_metadata ||| pred_in_opID: [None]
2026-06-19 16:00:34.675 - [DEBUG] ||| print_pe_metadata ||| pred_out_opID: [None]
2026-06-19 16:00:34.675 - [DEBUG] ||| print_pe_metadata ||| pe_meta[202]:
2026-06-19 16:00:34.676 - [DEBUG] ||| print_pe_metadata ||| opcode: [(['19'], 'mul', '10')]
2026-06-19 16:00:34.676 - [DEBUG] ||| print_pe_metadata ||| data_in_opID: ['19', None, None, None]
2026-06-19 16:00:34.676 - [DEBUG] ||| print_pe_metadata ||| data_out_opID: [None, '10', None, None]
2026-06-19 16:00:34.676 - [DEBUG] ||| print_pe_metadata ||| pred_in_opID: [None, None]
2026-06-19 16:00:34.676 - [DEBUG] ||| print_pe_metadata ||| pred_out_opID: [None, None]
2026-06-19 16:00:34.676 - [DEBUG] ||| print_pe_metadata ||| pe_meta[330]:
2026-06-19 16:00:34.677 - [DEBUG] ||| print_pe_metadata ||| opcode: [(['14'], 'add', '12')]
2026-06-19 16:00:34.677 - [DEBUG] ||| print_pe_metadata ||| data_in_opID: ['14', None, None, None]
2026-06-19 16:00:34.677 - [DEBUG] ||| print_pe_metadata ||| data_out_opID: ['12', None, None, None]
2026-06-19 16:00:34.677 - [DEBUG] ||| print_pe_metadata ||| pred_in_opID: [None, None]
2026-06-19 16:00:34.677 - [DEBUG] ||| print_pe_metadata ||| pred_out_opID: [None, None]
2026-06-19 16:00:34.678 - [DEBUG] ||| print_pe_metadata ||| pe_meta[411]:
2026-06-19 16:00:34.678 - [DEBUG] ||| print_pe_metadata ||| opcode: [(['12', '15'], 'add', '13')]
2026-06-19 16:00:34.678 - [DEBUG] ||| print_pe_metadata ||| data_in_opID: ['12', '15']
2026-06-19 16:00:34.678 - [DEBUG] ||| print_pe_metadata ||| data_out_opID: ['13', None]
2026-06-19 16:00:34.678 - [DEBUG] ||| print_pe_metadata ||| pred_in_opID: [None]
2026-06-19 16:00:34.678 - [DEBUG] ||| print_pe_metadata ||| pred_out_opID: [None]
2026-06-19 16:00:34.679 - [DEBUG] ||| print_pe_metadata ||| pe_meta[203]:
2026-06-19 16:00:34.679 - [DEBUG] ||| print_pe_metadata ||| opcode: [(['19'], 'mul', '14')]
2026-06-19 16:00:34.679 - [DEBUG] ||| print_pe_metadata ||| data_in_opID: [None, '19', None, None]
2026-06-19 16:00:34.679 - [DEBUG] ||| print_pe_metadata ||| data_out_opID: ['14', None, None, None]
2026-06-19 16:00:34.679 - [DEBUG] ||| print_pe_metadata ||| pred_in_opID: [None, None]
2026-06-19 16:00:34.679 - [DEBUG] ||| print_pe_metadata ||| pred_out_opID: [None, None]
2026-06-19 16:00:34.680 - [DEBUG] ||| print_pe_metadata ||| pe_meta[331]:
2026-06-19 16:00:34.680 - [DEBUG] ||| print_pe_metadata ||| opcode: [([], 'mul', '15')]
2026-06-19 16:00:34.680 - [DEBUG] ||| print_pe_metadata ||| data_in_opID: [None, None, None, None]
2026-06-19 16:00:34.680 - [DEBUG] ||| print_pe_metadata ||| data_out_opID: [None, '15', None, None]
2026-06-19 16:00:34.680 - [DEBUG] ||| print_pe_metadata ||| pred_in_opID: [None, None]
2026-06-19 16:00:34.680 - [DEBUG] ||| print_pe_metadata ||| pred_out_opID: [None, None]
2026-06-19 16:00:34.681 - [DEBUG] ||| print_pe_metadata ||| pe_meta[26]:
2026-06-19 16:00:34.681 - [DEBUG] ||| print_pe_metadata ||| opcode: [(['17'], 'add', '18'), (['6'], 'split', '19')]
2026-06-19 16:00:34.681 - [DEBUG] ||| print_pe_metadata ||| data_in_opID: ['6', '17']
2026-06-19 16:00:34.681 - [DEBUG] ||| print_pe_metadata ||| data_out_opID: ['19', '19']
2026-06-19 16:00:34.681 - [DEBUG] ||| print_pe_metadata ||| pred_in_opID: [None]
2026-06-19 16:00:34.681 - [DEBUG] ||| print_pe_metadata ||| pred_out_opID: [None]
2026-06-19 16:00:34.682 - [DEBUG] ||| print_pe_metadata ||| pe_meta[27]:
2026-06-19 16:00:34.682 - [DEBUG] ||| print_pe_metadata ||| opcode: [(['6'], 'split', '20'), (['20'], 'icmp', '0')]
2026-06-19 16:00:34.682 - [DEBUG] ||| print_pe_metadata ||| data_in_opID: ['20', '6']
2026-06-19 16:00:34.682 - [DEBUG] ||| print_pe_metadata ||| data_out_opID: ['20', '20']
2026-06-19 16:00:34.682 - [DEBUG] ||| print_pe_metadata ||| pred_in_opID: [None]
2026-06-19 16:00:34.682 - [DEBUG] ||| print_pe_metadata ||| pred_out_opID: ['0']
2026-06-19 16:00:34.683 - [DEBUG] ||| print_pe_metadata ||| pe_meta[137]:
2026-06-19 16:00:34.683 - [DEBUG] ||| print_pe_metadata ||| opcode: [(['20'], 'bridge', '20'), (['20'], 'bridge', '20'), (['2', '5'], 'add', '6')]
2026-06-19 16:00:34.683 - [DEBUG] ||| print_pe_metadata ||| data_in_opID: ['20', '20', '5', '2']
2026-06-19 16:00:34.683 - [DEBUG] ||| print_pe_metadata ||| data_out_opID: ['20', '20', '6', '6']
2026-06-19 16:00:34.683 - [DEBUG] ||| print_pe_metadata ||| pred_in_opID: [None, None]
2026-06-19 16:00:34.684 - [DEBUG] ||| print_pe_metadata ||| pred_out_opID: [None, None]
2026-06-19 16:00:34.684 - [DEBUG] ||| print_pe_metadata ||| pe_meta[263]:
2026-06-19 16:00:34.684 - [DEBUG] ||| print_pe_metadata ||| opcode: [(['20'], 'bridge', '20'), (['20'], 'bridge', '20'), (['1'], 'add', '2')]
2026-06-19 16:00:34.684 - [DEBUG] ||| print_pe_metadata ||| data_in_opID: ['20', '20', '1', None]
2026-06-19 16:00:34.684 - [DEBUG] ||| print_pe_metadata ||| data_out_opID: ['20', '20', '2', '2']
2026-06-19 16:00:34.684 - [DEBUG] ||| print_pe_metadata ||| pred_in_opID: [None, None]
2026-06-19 16:00:34.685 - [DEBUG] ||| print_pe_metadata ||| pred_out_opID: [None, None]
2026-06-19 16:00:34.685 - [DEBUG] ||| print_pe_metadata ||| pe_meta[28]:
2026-06-19 16:00:34.685 - [DEBUG] ||| print_pe_metadata ||| opcode: [([], 'load', '1')]
2026-06-19 16:00:34.685 - [DEBUG] ||| print_pe_metadata ||| data_in_opID: [None, None]
2026-06-19 16:00:34.685 - [DEBUG] ||| print_pe_metadata ||| data_out_opID: ['1', None]
2026-06-19 16:00:34.686 - [DEBUG] ||| print_pe_metadata ||| pred_in_opID: [None]
2026-06-19 16:00:34.686 - [DEBUG] ||| print_pe_metadata ||| pred_out_opID: [None]
2026-06-19 16:00:34.686 - [DEBUG] ||| print_pe_metadata ||| pe_meta[205]:
2026-06-19 16:00:34.686 - [DEBUG] ||| print_pe_metadata ||| opcode: [(['1'], 'add', '2')]
2026-06-19 16:00:34.686 - [DEBUG] ||| print_pe_metadata ||| data_in_opID: ['1', None, None, None]
2026-06-19 16:00:34.687 - [DEBUG] ||| print_pe_metadata ||| data_out_opID: ['2', '2', None, None]
2026-06-19 16:00:34.687 - [DEBUG] ||| print_pe_metadata ||| pred_in_opID: [None, None]
2026-06-19 16:00:34.687 - [DEBUG] ||| print_pe_metadata ||| pred_out_opID: [None, None]
2026-06-19 16:00:34.687 - [DEBUG] ||| print_pe_metadata ||| pe_meta[333]:
2026-06-19 16:00:34.687 - [DEBUG] ||| print_pe_metadata ||| opcode: [(['2'], 'store', '3')]
2026-06-19 16:00:34.688 - [DEBUG] ||| print_pe_metadata ||| data_in_opID: ['2', None, None, None]
2026-06-19 16:00:34.688 - [DEBUG] ||| print_pe_metadata ||| data_out_opID: [None, None, None, None]
2026-06-19 16:00:34.688 - [DEBUG] ||| print_pe_metadata ||| pred_in_opID: [None, None]
2026-06-19 16:00:34.688 - [DEBUG] ||| print_pe_metadata ||| pred_out_opID: [None, None]
2026-06-19 16:00:34.688 - [DEBUG] ||| print_pe_metadata ||| pe_meta[206]:
2026-06-19 16:00:34.688 - [DEBUG] ||| print_pe_metadata ||| opcode: [(['0', '4'], 'add', '5')]
2026-06-19 16:00:34.689 - [DEBUG] ||| print_pe_metadata ||| data_in_opID: ['4', None, None, None]
2026-06-19 16:00:34.689 - [DEBUG] ||| print_pe_metadata ||| data_out_opID: ['5', None, None, None]
2026-06-19 16:00:34.689 - [DEBUG] ||| print_pe_metadata ||| pred_in_opID: ['0', None]
2026-06-19 16:00:34.689 - [DEBUG] ||| print_pe_metadata ||| pred_out_opID: [None, None]
2026-06-19 16:00:34.689 - [DEBUG] ||| print_pe_metadata ||| pe_meta[335]:
2026-06-19 16:00:34.689 - [DEBUG] ||| print_pe_metadata ||| opcode: [(['2', '5'], 'add', '6')]
2026-06-19 16:00:34.690 - [DEBUG] ||| print_pe_metadata ||| data_in_opID: ['5', '2', None, None]
2026-06-19 16:00:34.690 - [DEBUG] ||| print_pe_metadata ||| data_out_opID: ['6', '6', None, None]
2026-06-19 16:00:34.690 - [DEBUG] ||| print_pe_metadata ||| pred_in_opID: [None, None]
2026-06-19 16:00:34.690 - [DEBUG] ||| print_pe_metadata ||| pred_out_opID: [None, None]
2026-06-19 16:00:34.690 - [DEBUG] ||| print_pe_metadata ||| pe_meta[412]:
2026-06-19 16:00:34.690 - [DEBUG] ||| print_pe_metadata ||| opcode: [([], 'mul', '9')]
2026-06-19 16:00:34.691 - [DEBUG] ||| print_pe_metadata ||| data_in_opID: [None, None]
2026-06-19 16:00:34.691 - [DEBUG] ||| print_pe_metadata ||| data_out_opID: ['9', None]
2026-06-19 16:00:34.691 - [DEBUG] ||| print_pe_metadata ||| pred_in_opID: [None]
2026-06-19 16:00:34.691 - [DEBUG] ||| print_pe_metadata ||| pred_out_opID: [None]
2026-06-19 16:00:34.691 - [DEBUG] ||| print_pe_metadata ||| pe_meta[208]:
2026-06-19 16:00:34.691 - [DEBUG] ||| print_pe_metadata ||| opcode: [(['8'], 'load', '11')]
2026-06-19 16:00:34.692 - [DEBUG] ||| print_pe_metadata ||| data_in_opID: [None, '8', None, None]
2026-06-19 16:00:34.692 - [DEBUG] ||| print_pe_metadata ||| data_out_opID: ['11', None, None, None]
2026-06-19 16:00:34.692 - [DEBUG] ||| print_pe_metadata ||| pred_in_opID: [None, None]
2026-06-19 16:00:34.692 - [DEBUG] ||| print_pe_metadata ||| pred_out_opID: [None, None]
2026-06-19 16:00:34.692 - [DEBUG] ||| print_pe_metadata ||| pe_meta[29]:
2026-06-19 16:00:34.692 - [DEBUG] ||| print_pe_metadata ||| opcode: [(['12', '15'], 'add', '13')]
2026-06-19 16:00:34.693 - [DEBUG] ||| print_pe_metadata ||| data_in_opID: ['12', '15']
2026-06-19 16:00:34.693 - [DEBUG] ||| print_pe_metadata ||| data_out_opID: ['13', None]
2026-06-19 16:00:34.693 - [DEBUG] ||| print_pe_metadata ||| pred_in_opID: [None]
2026-06-19 16:00:34.693 - [DEBUG] ||| print_pe_metadata ||| pred_out_opID: [None]
2026-06-19 16:00:34.693 - [DEBUG] ||| print_pe_metadata ||| pe_meta[211]:
2026-06-19 16:00:34.694 - [DEBUG] ||| print_pe_metadata ||| opcode: [(['13'], 'load', '16')]
2026-06-19 16:00:34.694 - [DEBUG] ||| print_pe_metadata ||| data_in_opID: ['13', None, None, None]
2026-06-19 16:00:34.694 - [DEBUG] ||| print_pe_metadata ||| data_out_opID: [None, '16', None, None]
2026-06-19 16:00:34.694 - [DEBUG] ||| print_pe_metadata ||| pred_in_opID: [None, None]
2026-06-19 16:00:34.694 - [DEBUG] ||| print_pe_metadata ||| pred_out_opID: [None, None]
2026-06-19 16:00:34.694 - [DEBUG] ||| print_pe_metadata ||| pe_meta[339]:
2026-06-19 16:00:34.695 - [DEBUG] ||| print_pe_metadata ||| opcode: [(['11', '16'], 'mul', '17')]
2026-06-19 16:00:34.695 - [DEBUG] ||| print_pe_metadata ||| data_in_opID: ['11', '16', None, None]
2026-06-19 16:00:34.695 - [DEBUG] ||| print_pe_metadata ||| data_out_opID: ['17', None, None, None]
2026-06-19 16:00:34.695 - [DEBUG] ||| print_pe_metadata ||| pred_in_opID: [None, None]
2026-06-19 16:00:34.695 - [DEBUG] ||| print_pe_metadata ||| pred_out_opID: [None, None]
2026-06-19 16:00:34.696 - [DEBUG] ||| print_pe_metadata ||| pe_meta[413]:
2026-06-19 16:00:34.696 - [DEBUG] ||| print_pe_metadata ||| opcode: [(['17'], 'add', '18'), (['6'], 'split', '20')]
2026-06-19 16:00:34.696 - [DEBUG] ||| print_pe_metadata ||| data_in_opID: ['6', '17']
2026-06-19 16:00:34.696 - [DEBUG] ||| print_pe_metadata ||| data_out_opID: ['20', '20']
2026-06-19 16:00:34.696 - [DEBUG] ||| print_pe_metadata ||| pred_in_opID: [None]
2026-06-19 16:00:34.697 - [DEBUG] ||| print_pe_metadata ||| pred_out_opID: [None]
2026-06-19 16:00:34.697 - [DEBUG] ||| print_pe_metadata ||| pe_meta[266]:
2026-06-19 16:00:34.697 - [DEBUG] ||| print_pe_metadata ||| opcode: [(['8'], 'bridge', '8'), (['8'], 'load', '11')]
2026-06-19 16:00:34.697 - [DEBUG] ||| print_pe_metadata ||| data_in_opID: [None, '8', None, '8']
2026-06-19 16:00:34.697 - [DEBUG] ||| print_pe_metadata ||| data_out_opID: [None, None, '11', '8']
2026-06-19 16:00:34.697 - [DEBUG] ||| print_pe_metadata ||| pred_in_opID: [None, None]
2026-06-19 16:00:34.698 - [DEBUG] ||| print_pe_metadata ||| pred_out_opID: [None, None]
2026-06-19 16:00:34.698 - [DEBUG] ||| print_pe_metadata ||| pe_meta[30]:
2026-06-19 16:00:34.698 - [DEBUG] ||| print_pe_metadata ||| opcode: [(['20'], 'icmp', '0'), (['6'], 'split', '19')]
2026-06-19 16:00:34.698 - [DEBUG] ||| print_pe_metadata ||| data_in_opID: ['20', '6']
2026-06-19 16:00:34.698 - [DEBUG] ||| print_pe_metadata ||| data_out_opID: ['19', '19']
2026-06-19 16:00:34.698 - [DEBUG] ||| print_pe_metadata ||| pred_in_opID: [None]
2026-06-19 16:00:34.699 - [DEBUG] ||| print_pe_metadata ||| pred_out_opID: ['0']
2026-06-19 16:00:34.699 - [DEBUG] ||| print_pe_metadata ||| pe_meta[31]:
2026-06-19 16:00:34.699 - [DEBUG] ||| print_pe_metadata ||| opcode: [([], 'load', '1')]
2026-06-19 16:00:34.699 - [DEBUG] ||| print_pe_metadata ||| data_in_opID: [None, None]
2026-06-19 16:00:34.699 - [DEBUG] ||| print_pe_metadata ||| data_out_opID: ['1', None]
2026-06-19 16:00:34.700 - [DEBUG] ||| print_pe_metadata ||| pred_in_opID: [None]
2026-06-19 16:00:34.700 - [DEBUG] ||| print_pe_metadata ||| pred_out_opID: [None]
2026-06-19 16:00:34.700 - [DEBUG] ||| print_pe_metadata ||| pe_meta[212]:
2026-06-19 16:00:34.700 - [DEBUG] ||| print_pe_metadata ||| opcode: [(['1'], 'add', '2')]
2026-06-19 16:00:34.700 - [DEBUG] ||| print_pe_metadata ||| data_in_opID: ['1', None, None, None]
2026-06-19 16:00:34.700 - [DEBUG] ||| print_pe_metadata ||| data_out_opID: ['2', '2', None, None]
2026-06-19 16:00:34.701 - [DEBUG] ||| print_pe_metadata ||| pred_in_opID: [None, None]
2026-06-19 16:00:34.701 - [DEBUG] ||| print_pe_metadata ||| pred_out_opID: [None, None]
2026-06-19 16:00:34.701 - [DEBUG] ||| print_pe_metadata ||| pe_meta[340]:
2026-06-19 16:00:34.701 - [DEBUG] ||| print_pe_metadata ||| opcode: [(['2'], 'store', '3')]
2026-06-19 16:00:34.701 - [DEBUG] ||| print_pe_metadata ||| data_in_opID: ['2', None, None, None]
2026-06-19 16:00:34.702 - [DEBUG] ||| print_pe_metadata ||| data_out_opID: [None, None, None, None]
2026-06-19 16:00:34.702 - [DEBUG] ||| print_pe_metadata ||| pred_in_opID: [None, None]
2026-06-19 16:00:34.702 - [DEBUG] ||| print_pe_metadata ||| pred_out_opID: [None, None]
2026-06-19 16:00:34.702 - [DEBUG] ||| print_pe_metadata ||| pe_meta[213]:
2026-06-19 16:00:34.702 - [DEBUG] ||| print_pe_metadata ||| opcode: [(['0', '4'], 'add', '5')]
2026-06-19 16:00:34.702 - [DEBUG] ||| print_pe_metadata ||| data_in_opID: ['4', None, None, None]
2026-06-19 16:00:34.703 - [DEBUG] ||| print_pe_metadata ||| data_out_opID: ['5', None, None, None]
2026-06-19 16:00:34.703 - [DEBUG] ||| print_pe_metadata ||| pred_in_opID: ['0', None]
2026-06-19 16:00:34.703 - [DEBUG] ||| print_pe_metadata ||| pred_out_opID: [None, None]
2026-06-19 16:00:34.703 - [DEBUG] ||| print_pe_metadata ||| pe_meta[342]:
2026-06-19 16:00:34.703 - [DEBUG] ||| print_pe_metadata ||| opcode: [(['2', '5'], 'add', '6')]
2026-06-19 16:00:34.704 - [DEBUG] ||| print_pe_metadata ||| data_in_opID: ['5', '2', None, None]
2026-06-19 16:00:34.704 - [DEBUG] ||| print_pe_metadata ||| data_out_opID: ['6', '6', None, None]
2026-06-19 16:00:34.704 - [DEBUG] ||| print_pe_metadata ||| pred_in_opID: [None, None]
2026-06-19 16:00:34.704 - [DEBUG] ||| print_pe_metadata ||| pred_out_opID: [None, None]
2026-06-19 16:00:34.704 - [DEBUG] ||| print_pe_metadata ||| pe_meta[414]:
2026-06-19 16:00:34.704 - [DEBUG] ||| print_pe_metadata ||| opcode: [([], 'mul', '9')]
2026-06-19 16:00:34.705 - [DEBUG] ||| print_pe_metadata ||| data_in_opID: [None, None]
2026-06-19 16:00:34.705 - [DEBUG] ||| print_pe_metadata ||| data_out_opID: ['9', None]
2026-06-19 16:00:34.705 - [DEBUG] ||| print_pe_metadata ||| pred_in_opID: [None]
2026-06-19 16:00:34.705 - [DEBUG] ||| print_pe_metadata ||| pred_out_opID: [None]
2026-06-19 16:00:34.705 - [DEBUG] ||| print_pe_metadata ||| pe_meta[215]:
2026-06-19 16:00:34.705 - [DEBUG] ||| print_pe_metadata ||| opcode: [(['8'], 'load', '11')]
2026-06-19 16:00:34.706 - [DEBUG] ||| print_pe_metadata ||| data_in_opID: ['8', None, None, None]
2026-06-19 16:00:34.706 - [DEBUG] ||| print_pe_metadata ||| data_out_opID: ['11', None, None, None]
2026-06-19 16:00:34.706 - [DEBUG] ||| print_pe_metadata ||| pred_in_opID: [None, None]
2026-06-19 16:00:34.706 - [DEBUG] ||| print_pe_metadata ||| pred_out_opID: [None, None]
2026-06-19 16:00:34.706 - [DEBUG] ||| print_pe_metadata ||| pe_meta[32]:
2026-06-19 16:00:34.706 - [DEBUG] ||| print_pe_metadata ||| opcode: [(['12', '15'], 'add', '13')]
2026-06-19 16:00:34.707 - [DEBUG] ||| print_pe_metadata ||| data_in_opID: ['12', '15']
2026-06-19 16:00:34.707 - [DEBUG] ||| print_pe_metadata ||| data_out_opID: ['13', None]
2026-06-19 16:00:34.707 - [DEBUG] ||| print_pe_metadata ||| pred_in_opID: [None]
2026-06-19 16:00:34.707 - [DEBUG] ||| print_pe_metadata ||| pred_out_opID: [None]
2026-06-19 16:00:34.707 - [DEBUG] ||| print_pe_metadata ||| pe_meta[218]:
2026-06-19 16:00:34.708 - [DEBUG] ||| print_pe_metadata ||| opcode: [(['13'], 'load', '16')]
2026-06-19 16:00:34.708 - [DEBUG] ||| print_pe_metadata ||| data_in_opID: ['13', None, None, None]
2026-06-19 16:00:34.708 - [DEBUG] ||| print_pe_metadata ||| data_out_opID: [None, '16', None, None]
2026-06-19 16:00:34.708 - [DEBUG] ||| print_pe_metadata ||| pred_in_opID: [None, None]
2026-06-19 16:00:34.708 - [DEBUG] ||| print_pe_metadata ||| pred_out_opID: [None, None]
2026-06-19 16:00:34.708 - [DEBUG] ||| print_pe_metadata ||| pe_meta[346]:
2026-06-19 16:00:34.709 - [DEBUG] ||| print_pe_metadata ||| opcode: [(['11', '16'], 'mul', '17')]
2026-06-19 16:00:34.709 - [DEBUG] ||| print_pe_metadata ||| data_in_opID: ['11', '16', None, None]
2026-06-19 16:00:34.709 - [DEBUG] ||| print_pe_metadata ||| data_out_opID: [None, '17', None, None]
2026-06-19 16:00:34.709 - [DEBUG] ||| print_pe_metadata ||| pred_in_opID: [None, None]
2026-06-19 16:00:34.709 - [DEBUG] ||| print_pe_metadata ||| pred_out_opID: [None, None]
2026-06-19 16:00:34.709 - [DEBUG] ||| print_pe_metadata ||| pe_meta[415]:
2026-06-19 16:00:34.710 - [DEBUG] ||| print_pe_metadata ||| opcode: [(['17'], 'add', '18'), (['6'], 'split', '19')]
2026-06-19 16:00:34.710 - [DEBUG] ||| print_pe_metadata ||| data_in_opID: ['6', '17']
2026-06-19 16:00:34.710 - [DEBUG] ||| print_pe_metadata ||| data_out_opID: ['19', '19']
2026-06-19 16:00:34.710 - [DEBUG] ||| print_pe_metadata ||| pred_in_opID: [None]
2026-06-19 16:00:34.710 - [DEBUG] ||| print_pe_metadata ||| pred_out_opID: [None]
2026-06-19 16:00:34.710 - [DEBUG] ||| print_pe_metadata ||| pe_meta[416]:
2026-06-19 16:00:34.711 - [DEBUG] ||| print_pe_metadata ||| opcode: [(['6'], 'split', '20'), (['20'], 'icmp', '0')]
2026-06-19 16:00:34.711 - [DEBUG] ||| print_pe_metadata ||| data_in_opID: ['20', '20']
2026-06-19 16:00:34.711 - [DEBUG] ||| print_pe_metadata ||| data_out_opID: ['20', '20']
2026-06-19 16:00:34.711 - [DEBUG] ||| print_pe_metadata ||| pred_in_opID: [None]
2026-06-19 16:00:34.711 - [DEBUG] ||| print_pe_metadata ||| pred_out_opID: ['0']
2026-06-19 16:00:34.711 - [DEBUG] ||| print_pe_metadata ||| pe_meta[417]:
2026-06-19 16:00:34.712 - [DEBUG] ||| print_pe_metadata ||| opcode: [([], 'load', '1')]
2026-06-19 16:00:34.712 - [DEBUG] ||| print_pe_metadata ||| data_in_opID: [None, None]
2026-06-19 16:00:34.712 - [DEBUG] ||| print_pe_metadata ||| data_out_opID: ['1', None]
2026-06-19 16:00:34.712 - [DEBUG] ||| print_pe_metadata ||| pred_in_opID: [None]
2026-06-19 16:00:34.712 - [DEBUG] ||| print_pe_metadata ||| pred_out_opID: [None]
2026-06-19 16:00:34.712 - [DEBUG] ||| print_pe_metadata ||| pe_meta[220]:
2026-06-19 16:00:34.713 - [DEBUG] ||| print_pe_metadata ||| opcode: [(['20'], 'add', '4')]
2026-06-19 16:00:34.713 - [DEBUG] ||| print_pe_metadata ||| data_in_opID: ['20', None, None, None]
2026-06-19 16:00:34.713 - [DEBUG] ||| print_pe_metadata ||| data_out_opID: ['4', None, None, None]
2026-06-19 16:00:34.713 - [DEBUG] ||| print_pe_metadata ||| pred_in_opID: [None, None]
2026-06-19 16:00:34.713 - [DEBUG] ||| print_pe_metadata ||| pred_out_opID: [None, None]
2026-06-19 16:00:34.713 - [DEBUG] ||| print_pe_metadata ||| pe_meta[222]:
2026-06-19 16:00:34.714 - [DEBUG] ||| print_pe_metadata ||| opcode: [(['9'], 'add', '7')]
2026-06-19 16:00:34.714 - [DEBUG] ||| print_pe_metadata ||| data_in_opID: ['9', None, None, None]
2026-06-19 16:00:34.714 - [DEBUG] ||| print_pe_metadata ||| data_out_opID: ['7', None, None, None]
2026-06-19 16:00:34.714 - [DEBUG] ||| print_pe_metadata ||| pred_in_opID: [None, None]
2026-06-19 16:00:34.714 - [DEBUG] ||| print_pe_metadata ||| pred_out_opID: [None, None]
2026-06-19 16:00:34.715 - [DEBUG] ||| print_pe_metadata ||| pe_meta[349]:
2026-06-19 16:00:34.715 - [DEBUG] ||| print_pe_metadata ||| opcode: [(['7', '10'], 'add', '8')]
2026-06-19 16:00:34.715 - [DEBUG] ||| print_pe_metadata ||| data_in_opID: ['7', '10', None, None]
2026-06-19 16:00:34.715 - [DEBUG] ||| print_pe_metadata ||| data_out_opID: [None, None, '8', None]
2026-06-19 16:00:34.715 - [DEBUG] ||| print_pe_metadata ||| pred_in_opID: [None, None]
2026-06-19 16:00:34.715 - [DEBUG] ||| print_pe_metadata ||| pred_out_opID: [None, None]
2026-06-19 16:00:34.716 - [DEBUG] ||| print_pe_metadata ||| pe_meta[33]:
2026-06-19 16:00:34.716 - [DEBUG] ||| print_pe_metadata ||| opcode: [([], 'mul', '9')]
2026-06-19 16:00:34.716 - [DEBUG] ||| print_pe_metadata ||| data_in_opID: [None, None]
2026-06-19 16:00:34.716 - [DEBUG] ||| print_pe_metadata ||| data_out_opID: ['9', None]
2026-06-19 16:00:34.716 - [DEBUG] ||| print_pe_metadata ||| pred_in_opID: [None]
2026-06-19 16:00:34.717 - [DEBUG] ||| print_pe_metadata ||| pred_out_opID: [None]
2026-06-19 16:00:34.717 - [DEBUG] ||| print_pe_metadata ||| pe_meta[223]:
2026-06-19 16:00:34.717 - [DEBUG] ||| print_pe_metadata ||| opcode: [(['19'], 'mul', '10')]
2026-06-19 16:00:34.717 - [DEBUG] ||| print_pe_metadata ||| data_in_opID: ['19', None, None, None]
2026-06-19 16:00:34.717 - [DEBUG] ||| print_pe_metadata ||| data_out_opID: [None, '10', None, None]
2026-06-19 16:00:34.717 - [DEBUG] ||| print_pe_metadata ||| pred_in_opID: [None, None]
2026-06-19 16:00:34.718 - [DEBUG] ||| print_pe_metadata ||| pred_out_opID: [None, None]
2026-06-19 16:00:34.718 - [DEBUG] ||| print_pe_metadata ||| pe_meta[351]:
2026-06-19 16:00:34.718 - [DEBUG] ||| print_pe_metadata ||| opcode: [(['14'], 'add', '12')]
2026-06-19 16:00:34.718 - [DEBUG] ||| print_pe_metadata ||| data_in_opID: ['14', None, None, None]
2026-06-19 16:00:34.718 - [DEBUG] ||| print_pe_metadata ||| data_out_opID: ['12', None, None, None]
2026-06-19 16:00:34.718 - [DEBUG] ||| print_pe_metadata ||| pred_in_opID: [None, None]
2026-06-19 16:00:34.719 - [DEBUG] ||| print_pe_metadata ||| pred_out_opID: [None, None]
2026-06-19 16:00:34.719 - [DEBUG] ||| print_pe_metadata ||| pe_meta[418]:
2026-06-19 16:00:34.719 - [DEBUG] ||| print_pe_metadata ||| opcode: [(['12', '15'], 'add', '13')]
2026-06-19 16:00:34.719 - [DEBUG] ||| print_pe_metadata ||| data_in_opID: ['12', '15']
2026-06-19 16:00:34.719 - [DEBUG] ||| print_pe_metadata ||| data_out_opID: ['13', None]
2026-06-19 16:00:34.720 - [DEBUG] ||| print_pe_metadata ||| pred_in_opID: [None]
2026-06-19 16:00:34.720 - [DEBUG] ||| print_pe_metadata ||| pred_out_opID: [None]
2026-06-19 16:00:34.720 - [DEBUG] ||| print_pe_metadata ||| pe_meta[224]:
2026-06-19 16:00:34.720 - [DEBUG] ||| print_pe_metadata ||| opcode: [(['19'], 'mul', '14')]
2026-06-19 16:00:34.720 - [DEBUG] ||| print_pe_metadata ||| data_in_opID: [None, '19', None, None]
2026-06-19 16:00:34.720 - [DEBUG] ||| print_pe_metadata ||| data_out_opID: ['14', None, None, None]
2026-06-19 16:00:34.721 - [DEBUG] ||| print_pe_metadata ||| pred_in_opID: [None, None]
2026-06-19 16:00:34.721 - [DEBUG] ||| print_pe_metadata ||| pred_out_opID: [None, None]
2026-06-19 16:00:34.721 - [DEBUG] ||| print_pe_metadata ||| pe_meta[352]:
2026-06-19 16:00:34.721 - [DEBUG] ||| print_pe_metadata ||| opcode: [([], 'mul', '15')]
2026-06-19 16:00:34.721 - [DEBUG] ||| print_pe_metadata ||| data_in_opID: [None, None, None, None]
2026-06-19 16:00:34.721 - [DEBUG] ||| print_pe_metadata ||| data_out_opID: [None, '15', None, None]
2026-06-19 16:00:34.722 - [DEBUG] ||| print_pe_metadata ||| pred_in_opID: [None, None]
2026-06-19 16:00:34.722 - [DEBUG] ||| print_pe_metadata ||| pred_out_opID: [None, None]
2026-06-19 16:00:34.722 - [DEBUG] ||| print_pe_metadata ||| pe_meta[34]:
2026-06-19 16:00:34.722 - [DEBUG] ||| print_pe_metadata ||| opcode: [(['17'], 'add', '18'), (['6'], 'split', '20')]
2026-06-19 16:00:34.722 - [DEBUG] ||| print_pe_metadata ||| data_in_opID: ['6', '17']
2026-06-19 16:00:34.723 - [DEBUG] ||| print_pe_metadata ||| data_out_opID: ['20', '20']
2026-06-19 16:00:34.723 - [DEBUG] ||| print_pe_metadata ||| pred_in_opID: [None]
2026-06-19 16:00:34.723 - [DEBUG] ||| print_pe_metadata ||| pred_out_opID: [None]
2026-06-19 16:00:34.723 - [DEBUG] ||| print_pe_metadata ||| pe_meta[419]:
2026-06-19 16:00:34.723 - [DEBUG] ||| print_pe_metadata ||| opcode: [(['20'], 'icmp', '0'), (['6'], 'split', '19')]
2026-06-19 16:00:34.723 - [DEBUG] ||| print_pe_metadata ||| data_in_opID: ['20', '6']
2026-06-19 16:00:34.724 - [DEBUG] ||| print_pe_metadata ||| data_out_opID: ['19', '19']
2026-06-19 16:00:34.724 - [DEBUG] ||| print_pe_metadata ||| pred_in_opID: [None]
2026-06-19 16:00:34.724 - [DEBUG] ||| print_pe_metadata ||| pred_out_opID: ['0']
2026-06-19 16:00:34.724 - [DEBUG] ||| print_pe_metadata ||| pe_meta[420]:
2026-06-19 16:00:34.724 - [DEBUG] ||| print_pe_metadata ||| opcode: [([], 'load', '1')]
2026-06-19 16:00:34.724 - [DEBUG] ||| print_pe_metadata ||| data_in_opID: [None, None]
2026-06-19 16:00:34.725 - [DEBUG] ||| print_pe_metadata ||| data_out_opID: ['1', None]
2026-06-19 16:00:34.725 - [DEBUG] ||| print_pe_metadata ||| pred_in_opID: [None]
2026-06-19 16:00:34.725 - [DEBUG] ||| print_pe_metadata ||| pred_out_opID: [None]
2026-06-19 16:00:34.725 - [DEBUG] ||| print_pe_metadata ||| pe_meta[227]:
2026-06-19 16:00:34.725 - [DEBUG] ||| print_pe_metadata ||| opcode: [(['20'], 'add', '4')]
2026-06-19 16:00:34.725 - [DEBUG] ||| print_pe_metadata ||| data_in_opID: ['20', None, None, None]
2026-06-19 16:00:34.726 - [DEBUG] ||| print_pe_metadata ||| data_out_opID: ['4', None, None, None]
2026-06-19 16:00:34.726 - [DEBUG] ||| print_pe_metadata ||| pred_in_opID: [None, None]
2026-06-19 16:00:34.726 - [DEBUG] ||| print_pe_metadata ||| pred_out_opID: [None, None]
2026-06-19 16:00:34.726 - [DEBUG] ||| print_pe_metadata ||| pe_meta[229]:
2026-06-19 16:00:34.726 - [DEBUG] ||| print_pe_metadata ||| opcode: [(['9'], 'add', '7')]
2026-06-19 16:00:34.726 - [DEBUG] ||| print_pe_metadata ||| data_in_opID: ['9', None, None, None]
2026-06-19 16:00:34.727 - [DEBUG] ||| print_pe_metadata ||| data_out_opID: ['7', None, None, None]
2026-06-19 16:00:34.727 - [DEBUG] ||| print_pe_metadata ||| pred_in_opID: [None, None]
2026-06-19 16:00:34.727 - [DEBUG] ||| print_pe_metadata ||| pred_out_opID: [None, None]
2026-06-19 16:00:34.727 - [DEBUG] ||| print_pe_metadata ||| pe_meta[356]:
2026-06-19 16:00:34.727 - [DEBUG] ||| print_pe_metadata ||| opcode: [(['7', '10'], 'add', '8')]
2026-06-19 16:00:34.728 - [DEBUG] ||| print_pe_metadata ||| data_in_opID: ['7', '10', None, None]
2026-06-19 16:00:34.728 - [DEBUG] ||| print_pe_metadata ||| data_out_opID: [None, None, '8', None]
2026-06-19 16:00:34.728 - [DEBUG] ||| print_pe_metadata ||| pred_in_opID: [None, None]
2026-06-19 16:00:34.728 - [DEBUG] ||| print_pe_metadata ||| pred_out_opID: [None, None]
2026-06-19 16:00:34.728 - [DEBUG] ||| print_pe_metadata ||| pe_meta[35]:
2026-06-19 16:00:34.728 - [DEBUG] ||| print_pe_metadata ||| opcode: [([], 'mul', '9')]
2026-06-19 16:00:34.729 - [DEBUG] ||| print_pe_metadata ||| data_in_opID: [None, None]
2026-06-19 16:00:34.729 - [DEBUG] ||| print_pe_metadata ||| data_out_opID: ['9', None]
2026-06-19 16:00:34.729 - [DEBUG] ||| print_pe_metadata ||| pred_in_opID: [None]
2026-06-19 16:00:34.729 - [DEBUG] ||| print_pe_metadata ||| pred_out_opID: [None]
2026-06-19 16:00:34.729 - [DEBUG] ||| print_pe_metadata ||| pe_meta[230]:
2026-06-19 16:00:34.729 - [DEBUG] ||| print_pe_metadata ||| opcode: [(['19'], 'mul', '10')]
2026-06-19 16:00:34.730 - [DEBUG] ||| print_pe_metadata ||| data_in_opID: ['19', None, None, None]
2026-06-19 16:00:34.730 - [DEBUG] ||| print_pe_metadata ||| data_out_opID: [None, '10', None, None]
2026-06-19 16:00:34.730 - [DEBUG] ||| print_pe_metadata ||| pred_in_opID: [None, None]
2026-06-19 16:00:34.730 - [DEBUG] ||| print_pe_metadata ||| pred_out_opID: [None, None]
2026-06-19 16:00:34.730 - [DEBUG] ||| print_pe_metadata ||| pe_meta[358]:
2026-06-19 16:00:34.731 - [DEBUG] ||| print_pe_metadata ||| opcode: [(['14'], 'add', '12')]
2026-06-19 16:00:34.731 - [DEBUG] ||| print_pe_metadata ||| data_in_opID: ['14', None, None, None]
2026-06-19 16:00:34.731 - [DEBUG] ||| print_pe_metadata ||| data_out_opID: ['12', None, None, None]
2026-06-19 16:00:34.731 - [DEBUG] ||| print_pe_metadata ||| pred_in_opID: [None, None]
2026-06-19 16:00:34.732 - [DEBUG] ||| print_pe_metadata ||| pred_out_opID: [None, None]
2026-06-19 16:00:34.732 - [DEBUG] ||| print_pe_metadata ||| pe_meta[421]:
2026-06-19 16:00:34.732 - [DEBUG] ||| print_pe_metadata ||| opcode: [(['12', '15'], 'add', '13')]
2026-06-19 16:00:34.732 - [DEBUG] ||| print_pe_metadata ||| data_in_opID: ['12', '15']
2026-06-19 16:00:34.732 - [DEBUG] ||| print_pe_metadata ||| data_out_opID: ['13', None]
2026-06-19 16:00:34.732 - [DEBUG] ||| print_pe_metadata ||| pred_in_opID: [None]
2026-06-19 16:00:34.733 - [DEBUG] ||| print_pe_metadata ||| pred_out_opID: [None]
2026-06-19 16:00:34.733 - [DEBUG] ||| print_pe_metadata ||| pe_meta[231]:
2026-06-19 16:00:34.733 - [DEBUG] ||| print_pe_metadata ||| opcode: [(['19'], 'mul', '14')]
2026-06-19 16:00:34.733 - [DEBUG] ||| print_pe_metadata ||| data_in_opID: [None, '19', None, None]
2026-06-19 16:00:34.733 - [DEBUG] ||| print_pe_metadata ||| data_out_opID: ['14', None, None, None]
2026-06-19 16:00:34.733 - [DEBUG] ||| print_pe_metadata ||| pred_in_opID: [None, None]
2026-06-19 16:00:34.734 - [DEBUG] ||| print_pe_metadata ||| pred_out_opID: [None, None]
2026-06-19 16:00:34.734 - [DEBUG] ||| print_pe_metadata ||| pe_meta[359]:
2026-06-19 16:00:34.734 - [DEBUG] ||| print_pe_metadata ||| opcode: [([], 'mul', '15')]
2026-06-19 16:00:34.734 - [DEBUG] ||| print_pe_metadata ||| data_in_opID: [None, None, None, None]
2026-06-19 16:00:34.734 - [DEBUG] ||| print_pe_metadata ||| data_out_opID: [None, '15', None, None]
2026-06-19 16:00:34.734 - [DEBUG] ||| print_pe_metadata ||| pred_in_opID: [None, None]
2026-06-19 16:00:34.735 - [DEBUG] ||| print_pe_metadata ||| pred_out_opID: [None, None]
2026-06-19 16:00:34.735 - [DEBUG] ||| print_pe_metadata ||| pe_meta[36]:
2026-06-19 16:00:34.735 - [DEBUG] ||| print_pe_metadata ||| opcode: [(['17'], 'add', '18'), (['6'], 'split', '19')]
2026-06-19 16:00:34.735 - [DEBUG] ||| print_pe_metadata ||| data_in_opID: ['6', '17']
2026-06-19 16:00:34.735 - [DEBUG] ||| print_pe_metadata ||| data_out_opID: ['19', '19']
2026-06-19 16:00:34.736 - [DEBUG] ||| print_pe_metadata ||| pred_in_opID: [None]
2026-06-19 16:00:34.736 - [DEBUG] ||| print_pe_metadata ||| pred_out_opID: [None]
2026-06-19 16:00:34.736 - [DEBUG] ||| print_pe_metadata ||| pe_meta[37]:
2026-06-19 16:00:34.736 - [DEBUG] ||| print_pe_metadata ||| opcode: [(['6'], 'split', '20'), (['20'], 'icmp', '0')]
2026-06-19 16:00:34.736 - [DEBUG] ||| print_pe_metadata ||| data_in_opID: ['20', '6']
2026-06-19 16:00:34.736 - [DEBUG] ||| print_pe_metadata ||| data_out_opID: ['20', '20']
2026-06-19 16:00:34.737 - [DEBUG] ||| print_pe_metadata ||| pred_in_opID: [None]
2026-06-19 16:00:34.737 - [DEBUG] ||| print_pe_metadata ||| pred_out_opID: ['0']
2026-06-19 16:00:34.737 - [DEBUG] ||| print_pe_metadata ||| pe_meta[38]:
2026-06-19 16:00:34.737 - [DEBUG] ||| print_pe_metadata ||| opcode: [([], 'load', '1')]
2026-06-19 16:00:34.737 - [DEBUG] ||| print_pe_metadata ||| data_in_opID: [None, None]
2026-06-19 16:00:34.737 - [DEBUG] ||| print_pe_metadata ||| data_out_opID: ['1', None]
2026-06-19 16:00:34.738 - [DEBUG] ||| print_pe_metadata ||| pred_in_opID: [None]
2026-06-19 16:00:34.738 - [DEBUG] ||| print_pe_metadata ||| pred_out_opID: [None]
2026-06-19 16:00:34.738 - [DEBUG] ||| print_pe_metadata ||| pe_meta[233]:
2026-06-19 16:00:34.738 - [DEBUG] ||| print_pe_metadata ||| opcode: [(['1'], 'add', '2')]
2026-06-19 16:00:34.738 - [DEBUG] ||| print_pe_metadata ||| data_in_opID: ['1', None, None, None]
2026-06-19 16:00:34.738 - [DEBUG] ||| print_pe_metadata ||| data_out_opID: ['2', '2', None, None]
2026-06-19 16:00:34.739 - [DEBUG] ||| print_pe_metadata ||| pred_in_opID: [None, None]
2026-06-19 16:00:34.739 - [DEBUG] ||| print_pe_metadata ||| pred_out_opID: [None, None]
2026-06-19 16:00:34.739 - [DEBUG] ||| print_pe_metadata ||| pe_meta[361]:
2026-06-19 16:00:34.739 - [DEBUG] ||| print_pe_metadata ||| opcode: [(['2'], 'store', '3')]
2026-06-19 16:00:34.739 - [DEBUG] ||| print_pe_metadata ||| data_in_opID: ['2', None, None, None]
2026-06-19 16:00:34.740 - [DEBUG] ||| print_pe_metadata ||| data_out_opID: [None, None, None, None]
2026-06-19 16:00:34.740 - [DEBUG] ||| print_pe_metadata ||| pred_in_opID: [None, None]
2026-06-19 16:00:34.740 - [DEBUG] ||| print_pe_metadata ||| pred_out_opID: [None, None]
2026-06-19 16:00:34.740 - [DEBUG] ||| print_pe_metadata ||| pe_meta[234]:
2026-06-19 16:00:34.740 - [DEBUG] ||| print_pe_metadata ||| opcode: [(['0', '4'], 'add', '5')]
2026-06-19 16:00:34.740 - [DEBUG] ||| print_pe_metadata ||| data_in_opID: ['4', None, None, None]
2026-06-19 16:00:34.741 - [DEBUG] ||| print_pe_metadata ||| data_out_opID: ['5', None, None, None]
2026-06-19 16:00:34.741 - [DEBUG] ||| print_pe_metadata ||| pred_in_opID: ['0', None]
2026-06-19 16:00:34.741 - [DEBUG] ||| print_pe_metadata ||| pred_out_opID: [None, None]
2026-06-19 16:00:34.741 - [DEBUG] ||| print_pe_metadata ||| pe_meta[363]:
2026-06-19 16:00:34.741 - [DEBUG] ||| print_pe_metadata ||| opcode: [(['2', '5'], 'add', '6')]
2026-06-19 16:00:34.741 - [DEBUG] ||| print_pe_metadata ||| data_in_opID: ['5', '2', None, None]
2026-06-19 16:00:34.742 - [DEBUG] ||| print_pe_metadata ||| data_out_opID: ['6', '6', None, None]
2026-06-19 16:00:34.742 - [DEBUG] ||| print_pe_metadata ||| pred_in_opID: [None, None]
2026-06-19 16:00:34.742 - [DEBUG] ||| print_pe_metadata ||| pred_out_opID: [None, None]
2026-06-19 16:00:34.742 - [DEBUG] ||| print_pe_metadata ||| pe_meta[422]:
2026-06-19 16:00:34.742 - [DEBUG] ||| print_pe_metadata ||| opcode: [([], 'mul', '9')]
2026-06-19 16:00:34.742 - [DEBUG] ||| print_pe_metadata ||| data_in_opID: [None, None]
2026-06-19 16:00:34.743 - [DEBUG] ||| print_pe_metadata ||| data_out_opID: ['9', None]
2026-06-19 16:00:34.743 - [DEBUG] ||| print_pe_metadata ||| pred_in_opID: [None]
2026-06-19 16:00:34.743 - [DEBUG] ||| print_pe_metadata ||| pred_out_opID: [None]
2026-06-19 16:00:34.743 - [DEBUG] ||| print_pe_metadata ||| pe_meta[236]:
2026-06-19 16:00:34.743 - [DEBUG] ||| print_pe_metadata ||| opcode: [(['8'], 'load', '11')]
2026-06-19 16:00:34.743 - [DEBUG] ||| print_pe_metadata ||| data_in_opID: ['8', None, None, None]
2026-06-19 16:00:34.744 - [DEBUG] ||| print_pe_metadata ||| data_out_opID: ['11', None, None, None]
2026-06-19 16:00:34.744 - [DEBUG] ||| print_pe_metadata ||| pred_in_opID: [None, None]
2026-06-19 16:00:34.744 - [DEBUG] ||| print_pe_metadata ||| pred_out_opID: [None, None]
2026-06-19 16:00:34.744 - [DEBUG] ||| print_pe_metadata ||| pe_meta[39]:
2026-06-19 16:00:34.744 - [DEBUG] ||| print_pe_metadata ||| opcode: [(['12', '15'], 'add', '13')]
2026-06-19 16:00:34.744 - [DEBUG] ||| print_pe_metadata ||| data_in_opID: ['12', '15']
2026-06-19 16:00:34.745 - [DEBUG] ||| print_pe_metadata ||| data_out_opID: ['13', None]
2026-06-19 16:00:34.745 - [DEBUG] ||| print_pe_metadata ||| pred_in_opID: [None]
2026-06-19 16:00:34.745 - [DEBUG] ||| print_pe_metadata ||| pred_out_opID: [None]
2026-06-19 16:00:34.745 - [DEBUG] ||| print_pe_metadata ||| pe_meta[239]:
2026-06-19 16:00:34.745 - [DEBUG] ||| print_pe_metadata ||| opcode: [(['13'], 'load', '16')]
2026-06-19 16:00:34.745 - [DEBUG] ||| print_pe_metadata ||| data_in_opID: ['13', None, None, None]
2026-06-19 16:00:34.746 - [DEBUG] ||| print_pe_metadata ||| data_out_opID: [None, '16', None, None]
2026-06-19 16:00:34.746 - [DEBUG] ||| print_pe_metadata ||| pred_in_opID: [None, None]
2026-06-19 16:00:34.746 - [DEBUG] ||| print_pe_metadata ||| pred_out_opID: [None, None]
2026-06-19 16:00:34.746 - [DEBUG] ||| print_pe_metadata ||| pe_meta[367]:
2026-06-19 16:00:34.746 - [DEBUG] ||| print_pe_metadata ||| opcode: [(['11', '16'], 'mul', '17')]
2026-06-19 16:00:34.747 - [DEBUG] ||| print_pe_metadata ||| data_in_opID: ['11', '16', None, None]
2026-06-19 16:00:34.747 - [DEBUG] ||| print_pe_metadata ||| data_out_opID: [None, '17', None, None]
2026-06-19 16:00:34.747 - [DEBUG] ||| print_pe_metadata ||| pred_in_opID: [None, None]
2026-06-19 16:00:34.747 - [DEBUG] ||| print_pe_metadata ||| pred_out_opID: [None, None]
2026-06-19 16:00:34.747 - [DEBUG] ||| print_pe_metadata ||| pe_meta[423]:
2026-06-19 16:00:34.747 - [DEBUG] ||| print_pe_metadata ||| opcode: [(['17'], 'add', '18'), (['6'], 'split', '20')]
2026-06-19 16:00:34.748 - [DEBUG] ||| print_pe_metadata ||| data_in_opID: ['6', '17']
2026-06-19 16:00:34.748 - [DEBUG] ||| print_pe_metadata ||| data_out_opID: ['20', '20']
2026-06-19 16:00:34.748 - [DEBUG] ||| print_pe_metadata ||| pred_in_opID: [None]
2026-06-19 16:00:34.748 - [DEBUG] ||| print_pe_metadata ||| pred_out_opID: [None]
2026-06-19 16:00:34.748 - [DEBUG] ||| print_pe_metadata ||| pe_meta[151]:
2026-06-19 16:00:34.749 - [DEBUG] ||| print_pe_metadata ||| opcode: [(['7', '10'], 'add', '8')]
2026-06-19 16:00:34.749 - [DEBUG] ||| print_pe_metadata ||| data_in_opID: [None, None, '7', '10']
2026-06-19 16:00:34.749 - [DEBUG] ||| print_pe_metadata ||| data_out_opID: ['8', None, None, None]
2026-06-19 16:00:34.749 - [DEBUG] ||| print_pe_metadata ||| pred_in_opID: [None, None]
2026-06-19 16:00:34.749 - [DEBUG] ||| print_pe_metadata ||| pred_out_opID: [None, None]
2026-06-19 16:00:34.749 - [DEBUG] ||| print_pe_metadata ||| pe_meta[158]:
2026-06-19 16:00:34.750 - [DEBUG] ||| print_pe_metadata ||| opcode: [(['7', '10'], 'add', '8')]
2026-06-19 16:00:34.750 - [DEBUG] ||| print_pe_metadata ||| data_in_opID: [None, None, '7', '10']
2026-06-19 16:00:34.750 - [DEBUG] ||| print_pe_metadata ||| data_out_opID: ['8', None, None, None]
2026-06-19 16:00:34.750 - [DEBUG] ||| print_pe_metadata ||| pred_in_opID: [None, None]
2026-06-19 16:00:34.750 - [DEBUG] ||| print_pe_metadata ||| pred_out_opID: [None, None]
2026-06-19 16:00:34.750 - [DEBUG] ||| print_pe_metadata ||| pe_meta[133]:
2026-06-19 16:00:34.751 - [DEBUG] ||| print_pe_metadata ||| opcode: [([], 'mul', '15'), (['8'], 'bridge', '8'), (['8'], 'bridge', '8')]
2026-06-19 16:00:34.751 - [DEBUG] ||| print_pe_metadata ||| data_in_opID: [None, None, '8', '8']
2026-06-19 16:00:34.751 - [DEBUG] ||| print_pe_metadata ||| data_out_opID: ['8', '8', None, '15']
2026-06-19 16:00:34.751 - [DEBUG] ||| print_pe_metadata ||| pred_in_opID: [None, None]
2026-06-19 16:00:34.751 - [DEBUG] ||| print_pe_metadata ||| pred_out_opID: [None, None]
2026-06-19 16:00:34.751 - [DEBUG] ||| print_pe_metadata ||| pe_meta[179]:
2026-06-19 16:00:34.752 - [DEBUG] ||| print_pe_metadata ||| opcode: [(['7', '10'], 'add', '8')]
2026-06-19 16:00:34.752 - [DEBUG] ||| print_pe_metadata ||| data_in_opID: [None, None, '7', '10']
2026-06-19 16:00:34.752 - [DEBUG] ||| print_pe_metadata ||| data_out_opID: ['8', None, None, None]
2026-06-19 16:00:34.752 - [DEBUG] ||| print_pe_metadata ||| pred_in_opID: [None, None]
2026-06-19 16:00:34.752 - [DEBUG] ||| print_pe_metadata ||| pred_out_opID: [None, None]
2026-06-19 16:00:34.752 - [DEBUG] ||| print_pe_metadata ||| pe_meta[186]:
2026-06-19 16:00:34.753 - [DEBUG] ||| print_pe_metadata ||| opcode: [(['7', '10'], 'add', '8')]
2026-06-19 16:00:34.753 - [DEBUG] ||| print_pe_metadata ||| data_in_opID: [None, None, '7', '10']
2026-06-19 16:00:34.753 - [DEBUG] ||| print_pe_metadata ||| data_out_opID: [None, '8', None, None]
2026-06-19 16:00:34.753 - [DEBUG] ||| print_pe_metadata ||| pred_in_opID: [None, None]
2026-06-19 16:00:34.753 - [DEBUG] ||| print_pe_metadata ||| pred_out_opID: [None, None]
2026-06-19 16:00:34.753 - [DEBUG] ||| print_pe_metadata ||| pe_meta[207]:
2026-06-19 16:00:34.754 - [DEBUG] ||| print_pe_metadata ||| opcode: [(['7', '10'], 'add', '8')]
2026-06-19 16:00:34.754 - [DEBUG] ||| print_pe_metadata ||| data_in_opID: [None, None, '7', '10']
2026-06-19 16:00:34.754 - [DEBUG] ||| print_pe_metadata ||| data_out_opID: [None, '8', None, None]
2026-06-19 16:00:34.754 - [DEBUG] ||| print_pe_metadata ||| pred_in_opID: [None, None]
2026-06-19 16:00:34.754 - [DEBUG] ||| print_pe_metadata ||| pred_out_opID: [None, None]
2026-06-19 16:00:34.754 - [DEBUG] ||| print_pe_metadata ||| pe_meta[214]:
2026-06-19 16:00:34.755 - [DEBUG] ||| print_pe_metadata ||| opcode: [(['7', '10'], 'add', '8')]
2026-06-19 16:00:34.755 - [DEBUG] ||| print_pe_metadata ||| data_in_opID: [None, None, '7', '10']
2026-06-19 16:00:34.755 - [DEBUG] ||| print_pe_metadata ||| data_out_opID: [None, '8', None, None]
2026-06-19 16:00:34.755 - [DEBUG] ||| print_pe_metadata ||| pred_in_opID: [None, None]
2026-06-19 16:00:34.755 - [DEBUG] ||| print_pe_metadata ||| pred_out_opID: [None, None]
2026-06-19 16:00:34.755 - [DEBUG] ||| print_pe_metadata ||| pe_meta[235]:
2026-06-19 16:00:34.756 - [DEBUG] ||| print_pe_metadata ||| opcode: [(['7', '10'], 'add', '8')]
2026-06-19 16:00:34.756 - [DEBUG] ||| print_pe_metadata ||| data_in_opID: [None, None, '7', '10']
2026-06-19 16:00:34.756 - [DEBUG] ||| print_pe_metadata ||| data_out_opID: ['8', None, None, None]
2026-06-19 16:00:34.756 - [DEBUG] ||| print_pe_metadata ||| pred_in_opID: [None, None]
2026-06-19 16:00:34.756 - [DEBUG] ||| print_pe_metadata ||| pred_out_opID: [None, None]
2026-06-19 16:00:34.756 - [DEBUG] ||| print_pe_metadata ||| pe_meta[269]:
2026-06-19 16:00:34.757 - [DEBUG] ||| print_pe_metadata ||| opcode: [(['13'], 'load', '16')]
2026-06-19 16:00:34.757 - [DEBUG] ||| print_pe_metadata ||| data_in_opID: [None, None, '13', None]
2026-06-19 16:00:34.757 - [DEBUG] ||| print_pe_metadata ||| data_out_opID: [None, None, None, '16']
2026-06-19 16:00:34.757 - [DEBUG] ||| print_pe_metadata ||| pred_in_opID: [None, None]
2026-06-19 16:00:34.757 - [DEBUG] ||| print_pe_metadata ||| pred_out_opID: [None, None]
2026-06-19 16:00:34.758 - [DEBUG] ||| print_pe_metadata ||| pe_meta[141]:
2026-06-19 16:00:34.758 - [DEBUG] ||| print_pe_metadata ||| opcode: [(['11', '16'], 'mul', '17')]
2026-06-19 16:00:34.758 - [DEBUG] ||| print_pe_metadata ||| data_in_opID: [None, None, '11', '16']
2026-06-19 16:00:34.758 - [DEBUG] ||| print_pe_metadata ||| data_out_opID: [None, None, '17', None]
2026-06-19 16:00:34.758 - [DEBUG] ||| print_pe_metadata ||| pred_in_opID: [None, None]
2026-06-19 16:00:34.758 - [DEBUG] ||| print_pe_metadata ||| pred_out_opID: [None, None]
2026-06-19 16:00:34.759 - [DEBUG] ||| print_pe_metadata ||| pe_meta[270]:
2026-06-19 16:00:34.759 - [DEBUG] ||| print_pe_metadata ||| opcode: [(['1'], 'add', '2')]
2026-06-19 16:00:34.759 - [DEBUG] ||| print_pe_metadata ||| data_in_opID: [None, None, '1', None]
2026-06-19 16:00:34.759 - [DEBUG] ||| print_pe_metadata ||| data_out_opID: [None, None, '2', '2']
2026-06-19 16:00:34.759 - [DEBUG] ||| print_pe_metadata ||| pred_in_opID: [None, None]
2026-06-19 16:00:34.759 - [DEBUG] ||| print_pe_metadata ||| pred_out_opID: [None, None]
2026-06-19 16:00:34.760 - [DEBUG] ||| print_pe_metadata ||| pe_meta[142]:
2026-06-19 16:00:34.760 - [DEBUG] ||| print_pe_metadata ||| opcode: [(['2'], 'store', '3')]
2026-06-19 16:00:34.760 - [DEBUG] ||| print_pe_metadata ||| data_in_opID: [None, None, '2', None]
2026-06-19 16:00:34.760 - [DEBUG] ||| print_pe_metadata ||| data_out_opID: [None, None, None, None]
2026-06-19 16:00:34.760 - [DEBUG] ||| print_pe_metadata ||| pred_in_opID: [None, None]
2026-06-19 16:00:34.760 - [DEBUG] ||| print_pe_metadata ||| pred_out_opID: [None, None]
2026-06-19 16:00:34.761 - [DEBUG] ||| print_pe_metadata ||| pe_meta[271]:
2026-06-19 16:00:34.761 - [DEBUG] ||| print_pe_metadata ||| opcode: [(['0', '4'], 'add', '5')]
2026-06-19 16:00:34.761 - [DEBUG] ||| print_pe_metadata ||| data_in_opID: [None, None, '4', None]
2026-06-19 16:00:34.761 - [DEBUG] ||| print_pe_metadata ||| data_out_opID: [None, None, '5', None]
2026-06-19 16:00:34.761 - [DEBUG] ||| print_pe_metadata ||| pred_in_opID: [None, '0']
2026-06-19 16:00:34.761 - [DEBUG] ||| print_pe_metadata ||| pred_out_opID: [None, None]
2026-06-19 16:00:34.762 - [DEBUG] ||| print_pe_metadata ||| pe_meta[144]:
2026-06-19 16:00:34.762 - [DEBUG] ||| print_pe_metadata ||| opcode: [(['2', '5'], 'add', '6')]
2026-06-19 16:00:34.762 - [DEBUG] ||| print_pe_metadata ||| data_in_opID: [None, None, '5', '2']
2026-06-19 16:00:34.762 - [DEBUG] ||| print_pe_metadata ||| data_out_opID: [None, None, '6', '6']
2026-06-19 16:00:34.762 - [DEBUG] ||| print_pe_metadata ||| pred_in_opID: [None, None]
2026-06-19 16:00:34.763 - [DEBUG] ||| print_pe_metadata ||| pred_out_opID: [None, None]
2026-06-19 16:00:34.763 - [DEBUG] ||| print_pe_metadata ||| pe_meta[273]:
2026-06-19 16:00:34.763 - [DEBUG] ||| print_pe_metadata ||| opcode: [(['8'], 'load', '11')]
2026-06-19 16:00:34.763 - [DEBUG] ||| print_pe_metadata ||| data_in_opID: [None, None, None, '8']
2026-06-19 16:00:34.763 - [DEBUG] ||| print_pe_metadata ||| data_out_opID: [None, None, '11', None]
2026-06-19 16:00:34.763 - [DEBUG] ||| print_pe_metadata ||| pred_in_opID: [None, None]
2026-06-19 16:00:34.764 - [DEBUG] ||| print_pe_metadata ||| pred_out_opID: [None, None]
2026-06-19 16:00:34.764 - [DEBUG] ||| print_pe_metadata ||| pe_meta[276]:
2026-06-19 16:00:34.764 - [DEBUG] ||| print_pe_metadata ||| opcode: [(['13'], 'load', '16')]
2026-06-19 16:00:34.764 - [DEBUG] ||| print_pe_metadata ||| data_in_opID: [None, None, '13', None]
2026-06-19 16:00:34.764 - [DEBUG] ||| print_pe_metadata ||| data_out_opID: [None, None, None, '16']
2026-06-19 16:00:34.764 - [DEBUG] ||| print_pe_metadata ||| pred_in_opID: [None, None]
2026-06-19 16:00:34.765 - [DEBUG] ||| print_pe_metadata ||| pred_out_opID: [None, None]
2026-06-19 16:00:34.765 - [DEBUG] ||| print_pe_metadata ||| pe_meta[148]:
2026-06-19 16:00:34.765 - [DEBUG] ||| print_pe_metadata ||| opcode: [(['11', '16'], 'mul', '17')]
2026-06-19 16:00:34.765 - [DEBUG] ||| print_pe_metadata ||| data_in_opID: [None, None, '11', '16']
2026-06-19 16:00:34.765 - [DEBUG] ||| print_pe_metadata ||| data_out_opID: [None, None, None, '17']
2026-06-19 16:00:34.765 - [DEBUG] ||| print_pe_metadata ||| pred_in_opID: [None, None]
2026-06-19 16:00:34.766 - [DEBUG] ||| print_pe_metadata ||| pred_out_opID: [None, None]
2026-06-19 16:00:34.766 - [DEBUG] ||| print_pe_metadata ||| pe_meta[278]:
2026-06-19 16:00:34.766 - [DEBUG] ||| print_pe_metadata ||| opcode: [(['20'], 'add', '4')]
2026-06-19 16:00:34.766 - [DEBUG] ||| print_pe_metadata ||| data_in_opID: [None, None, '20', None]
2026-06-19 16:00:34.766 - [DEBUG] ||| print_pe_metadata ||| data_out_opID: [None, None, '4', None]
2026-06-19 16:00:34.766 - [DEBUG] ||| print_pe_metadata ||| pred_in_opID: [None, None]
2026-06-19 16:00:34.767 - [DEBUG] ||| print_pe_metadata ||| pred_out_opID: [None, None]
2026-06-19 16:00:34.767 - [DEBUG] ||| print_pe_metadata ||| pe_meta[280]:
2026-06-19 16:00:34.767 - [DEBUG] ||| print_pe_metadata ||| opcode: [(['9'], 'add', '7')]
2026-06-19 16:00:34.767 - [DEBUG] ||| print_pe_metadata ||| data_in_opID: [None, None, '9', None]
2026-06-19 16:00:34.767 - [DEBUG] ||| print_pe_metadata ||| data_out_opID: [None, None, '7', None]
2026-06-19 16:00:34.767 - [DEBUG] ||| print_pe_metadata ||| pred_in_opID: [None, None]
2026-06-19 16:00:34.768 - [DEBUG] ||| print_pe_metadata ||| pred_out_opID: [None, None]
2026-06-19 16:00:34.768 - [DEBUG] ||| print_pe_metadata ||| pe_meta[281]:
2026-06-19 16:00:34.768 - [DEBUG] ||| print_pe_metadata ||| opcode: [(['19'], 'mul', '10')]
2026-06-19 16:00:34.768 - [DEBUG] ||| print_pe_metadata ||| data_in_opID: [None, None, '19', None]
2026-06-19 16:00:34.768 - [DEBUG] ||| print_pe_metadata ||| data_out_opID: [None, None, None, '10']
2026-06-19 16:00:34.769 - [DEBUG] ||| print_pe_metadata ||| pred_in_opID: [None, None]
2026-06-19 16:00:34.769 - [DEBUG] ||| print_pe_metadata ||| pred_out_opID: [None, None]
2026-06-19 16:00:34.769 - [DEBUG] ||| print_pe_metadata ||| pe_meta[153]:
2026-06-19 16:00:34.769 - [DEBUG] ||| print_pe_metadata ||| opcode: [(['14'], 'add', '12')]
2026-06-19 16:00:34.769 - [DEBUG] ||| print_pe_metadata ||| data_in_opID: [None, None, '14', None]
2026-06-19 16:00:34.769 - [DEBUG] ||| print_pe_metadata ||| data_out_opID: [None, None, '12', None]
2026-06-19 16:00:34.770 - [DEBUG] ||| print_pe_metadata ||| pred_in_opID: [None, None]
2026-06-19 16:00:34.770 - [DEBUG] ||| print_pe_metadata ||| pred_out_opID: [None, None]
2026-06-19 16:00:34.770 - [DEBUG] ||| print_pe_metadata ||| pe_meta[282]:
2026-06-19 16:00:34.770 - [DEBUG] ||| print_pe_metadata ||| opcode: [(['19'], 'mul', '14')]
2026-06-19 16:00:34.770 - [DEBUG] ||| print_pe_metadata ||| data_in_opID: [None, None, None, '19']
2026-06-19 16:00:34.770 - [DEBUG] ||| print_pe_metadata ||| data_out_opID: [None, None, '14', None]
2026-06-19 16:00:34.771 - [DEBUG] ||| print_pe_metadata ||| pred_in_opID: [None, None]
2026-06-19 16:00:34.771 - [DEBUG] ||| print_pe_metadata ||| pred_out_opID: [None, None]
2026-06-19 16:00:34.771 - [DEBUG] ||| print_pe_metadata ||| pe_meta[154]:
2026-06-19 16:00:34.771 - [DEBUG] ||| print_pe_metadata ||| opcode: [([], 'mul', '15')]
2026-06-19 16:00:34.771 - [DEBUG] ||| print_pe_metadata ||| data_in_opID: [None, None, None, None]
2026-06-19 16:00:34.771 - [DEBUG] ||| print_pe_metadata ||| data_out_opID: [None, None, None, '15']
2026-06-19 16:00:34.772 - [DEBUG] ||| print_pe_metadata ||| pred_in_opID: [None, None]
2026-06-19 16:00:34.772 - [DEBUG] ||| print_pe_metadata ||| pred_out_opID: [None, None]
2026-06-19 16:00:34.772 - [DEBUG] ||| print_pe_metadata ||| pe_meta[285]:
2026-06-19 16:00:34.772 - [DEBUG] ||| print_pe_metadata ||| opcode: [(['20'], 'add', '4')]
2026-06-19 16:00:34.772 - [DEBUG] ||| print_pe_metadata ||| data_in_opID: [None, None, '20', None]
2026-06-19 16:00:34.772 - [DEBUG] ||| print_pe_metadata ||| data_out_opID: [None, None, '4', None]
2026-06-19 16:00:34.773 - [DEBUG] ||| print_pe_metadata ||| pred_in_opID: [None, None]
2026-06-19 16:00:34.773 - [DEBUG] ||| print_pe_metadata ||| pred_out_opID: [None, None]
2026-06-19 16:00:34.773 - [DEBUG] ||| print_pe_metadata ||| pe_meta[287]:
2026-06-19 16:00:34.773 - [DEBUG] ||| print_pe_metadata ||| opcode: [(['9'], 'add', '7')]
2026-06-19 16:00:34.773 - [DEBUG] ||| print_pe_metadata ||| data_in_opID: [None, None, '9', None]
2026-06-19 16:00:34.774 - [DEBUG] ||| print_pe_metadata ||| data_out_opID: [None, None, '7', None]
2026-06-19 16:00:34.774 - [DEBUG] ||| print_pe_metadata ||| pred_in_opID: [None, None]
2026-06-19 16:00:34.774 - [DEBUG] ||| print_pe_metadata ||| pred_out_opID: [None, None]
2026-06-19 16:00:34.774 - [DEBUG] ||| print_pe_metadata ||| pe_meta[288]:
2026-06-19 16:00:34.774 - [DEBUG] ||| print_pe_metadata ||| opcode: [(['19'], 'mul', '10')]
2026-06-19 16:00:34.774 - [DEBUG] ||| print_pe_metadata ||| data_in_opID: [None, None, '19', None]
2026-06-19 16:00:34.775 - [DEBUG] ||| print_pe_metadata ||| data_out_opID: [None, None, None, '10']
2026-06-19 16:00:34.775 - [DEBUG] ||| print_pe_metadata ||| pred_in_opID: [None, None]
2026-06-19 16:00:34.775 - [DEBUG] ||| print_pe_metadata ||| pred_out_opID: [None, None]
2026-06-19 16:00:34.775 - [DEBUG] ||| print_pe_metadata ||| pe_meta[160]:
2026-06-19 16:00:34.775 - [DEBUG] ||| print_pe_metadata ||| opcode: [(['14'], 'add', '12')]
2026-06-19 16:00:34.775 - [DEBUG] ||| print_pe_metadata ||| data_in_opID: [None, None, '14', None]
2026-06-19 16:00:34.776 - [DEBUG] ||| print_pe_metadata ||| data_out_opID: [None, None, '12', None]
2026-06-19 16:00:34.776 - [DEBUG] ||| print_pe_metadata ||| pred_in_opID: [None, None]
2026-06-19 16:00:34.776 - [DEBUG] ||| print_pe_metadata ||| pred_out_opID: [None, None]
2026-06-19 16:00:34.776 - [DEBUG] ||| print_pe_metadata ||| pe_meta[289]:
2026-06-19 16:00:34.776 - [DEBUG] ||| print_pe_metadata ||| opcode: [(['19'], 'mul', '14')]
2026-06-19 16:00:34.777 - [DEBUG] ||| print_pe_metadata ||| data_in_opID: [None, None, None, '19']
2026-06-19 16:00:34.777 - [DEBUG] ||| print_pe_metadata ||| data_out_opID: [None, None, '14', None]
2026-06-19 16:00:34.777 - [DEBUG] ||| print_pe_metadata ||| pred_in_opID: [None, None]
2026-06-19 16:00:34.777 - [DEBUG] ||| print_pe_metadata ||| pred_out_opID: [None, None]
2026-06-19 16:00:34.777 - [DEBUG] ||| print_pe_metadata ||| pe_meta[161]:
2026-06-19 16:00:34.778 - [DEBUG] ||| print_pe_metadata ||| opcode: [([], 'mul', '15')]
2026-06-19 16:00:34.778 - [DEBUG] ||| print_pe_metadata ||| data_in_opID: [None, None, None, None]
2026-06-19 16:00:34.778 - [DEBUG] ||| print_pe_metadata ||| data_out_opID: [None, None, None, '15']
2026-06-19 16:00:34.778 - [DEBUG] ||| print_pe_metadata ||| pred_in_opID: [None, None]
2026-06-19 16:00:34.778 - [DEBUG] ||| print_pe_metadata ||| pred_out_opID: [None, None]
2026-06-19 16:00:34.779 - [DEBUG] ||| print_pe_metadata ||| pe_meta[291]:
2026-06-19 16:00:34.779 - [DEBUG] ||| print_pe_metadata ||| opcode: [(['1'], 'add', '2')]
2026-06-19 16:00:34.779 - [DEBUG] ||| print_pe_metadata ||| data_in_opID: [None, None, '1', None]
2026-06-19 16:00:34.779 - [DEBUG] ||| print_pe_metadata ||| data_out_opID: [None, None, '2', '2']
2026-06-19 16:00:34.779 - [DEBUG] ||| print_pe_metadata ||| pred_in_opID: [None, None]
2026-06-19 16:00:34.779 - [DEBUG] ||| print_pe_metadata ||| pred_out_opID: [None, None]
2026-06-19 16:00:34.780 - [DEBUG] ||| print_pe_metadata ||| pe_meta[163]:
2026-06-19 16:00:34.780 - [DEBUG] ||| print_pe_metadata ||| opcode: [(['2'], 'store', '3')]
2026-06-19 16:00:34.780 - [DEBUG] ||| print_pe_metadata ||| data_in_opID: [None, None, '2', None]
2026-06-19 16:00:34.780 - [DEBUG] ||| print_pe_metadata ||| data_out_opID: [None, None, None, None]
2026-06-19 16:00:34.780 - [DEBUG] ||| print_pe_metadata ||| pred_in_opID: [None, None]
2026-06-19 16:00:34.780 - [DEBUG] ||| print_pe_metadata ||| pred_out_opID: [None, None]
2026-06-19 16:00:34.781 - [DEBUG] ||| print_pe_metadata ||| pe_meta[292]:
2026-06-19 16:00:34.781 - [DEBUG] ||| print_pe_metadata ||| opcode: [(['0', '4'], 'add', '5')]
2026-06-19 16:00:34.781 - [DEBUG] ||| print_pe_metadata ||| data_in_opID: [None, None, '4', None]
2026-06-19 16:00:34.781 - [DEBUG] ||| print_pe_metadata ||| data_out_opID: [None, None, '5', None]
2026-06-19 16:00:34.781 - [DEBUG] ||| print_pe_metadata ||| pred_in_opID: [None, '0']
2026-06-19 16:00:34.781 - [DEBUG] ||| print_pe_metadata ||| pred_out_opID: [None, None]
2026-06-19 16:00:34.782 - [DEBUG] ||| print_pe_metadata ||| pe_meta[165]:
2026-06-19 16:00:34.782 - [DEBUG] ||| print_pe_metadata ||| opcode: [(['2', '5'], 'add', '6')]
2026-06-19 16:00:34.782 - [DEBUG] ||| print_pe_metadata ||| data_in_opID: [None, None, '5', '2']
2026-06-19 16:00:34.782 - [DEBUG] ||| print_pe_metadata ||| data_out_opID: [None, None, '6', '6']
2026-06-19 16:00:34.782 - [DEBUG] ||| print_pe_metadata ||| pred_in_opID: [None, None]
2026-06-19 16:00:34.782 - [DEBUG] ||| print_pe_metadata ||| pred_out_opID: [None, None]
2026-06-19 16:00:34.783 - [DEBUG] ||| print_pe_metadata ||| pe_meta[294]:
2026-06-19 16:00:34.783 - [DEBUG] ||| print_pe_metadata ||| opcode: [(['8'], 'load', '11')]
2026-06-19 16:00:34.783 - [DEBUG] ||| print_pe_metadata ||| data_in_opID: [None, None, '8', None]
2026-06-19 16:00:34.783 - [DEBUG] ||| print_pe_metadata ||| data_out_opID: [None, None, '11', None]
2026-06-19 16:00:34.783 - [DEBUG] ||| print_pe_metadata ||| pred_in_opID: [None, None]
2026-06-19 16:00:34.784 - [DEBUG] ||| print_pe_metadata ||| pred_out_opID: [None, None]
2026-06-19 16:00:34.784 - [DEBUG] ||| print_pe_metadata ||| pe_meta[297]:
2026-06-19 16:00:34.784 - [DEBUG] ||| print_pe_metadata ||| opcode: [(['13'], 'load', '16')]
2026-06-19 16:00:34.784 - [DEBUG] ||| print_pe_metadata ||| data_in_opID: [None, None, '13', None]
2026-06-19 16:00:34.784 - [DEBUG] ||| print_pe_metadata ||| data_out_opID: [None, None, None, '16']
2026-06-19 16:00:34.784 - [DEBUG] ||| print_pe_metadata ||| pred_in_opID: [None, None]
2026-06-19 16:00:34.785 - [DEBUG] ||| print_pe_metadata ||| pred_out_opID: [None, None]
2026-06-19 16:00:34.785 - [DEBUG] ||| print_pe_metadata ||| pe_meta[169]:
2026-06-19 16:00:34.785 - [DEBUG] ||| print_pe_metadata ||| opcode: [(['11', '16'], 'mul', '17')]
2026-06-19 16:00:34.785 - [DEBUG] ||| print_pe_metadata ||| data_in_opID: [None, None, '11', '16']
2026-06-19 16:00:34.785 - [DEBUG] ||| print_pe_metadata ||| data_out_opID: [None, None, '17', None]
2026-06-19 16:00:34.785 - [DEBUG] ||| print_pe_metadata ||| pred_in_opID: [None, None]
2026-06-19 16:00:34.786 - [DEBUG] ||| print_pe_metadata ||| pred_out_opID: [None, None]
2026-06-19 16:00:34.786 - [DEBUG] ||| print_pe_metadata ||| pe_meta[298]:
2026-06-19 16:00:34.786 - [DEBUG] ||| print_pe_metadata ||| opcode: [(['1'], 'add', '2')]
2026-06-19 16:00:34.786 - [DEBUG] ||| print_pe_metadata ||| data_in_opID: [None, None, '1', None]
2026-06-19 16:00:34.786 - [DEBUG] ||| print_pe_metadata ||| data_out_opID: [None, None, '2', '2']
2026-06-19 16:00:34.786 - [DEBUG] ||| print_pe_metadata ||| pred_in_opID: [None, None]
2026-06-19 16:00:34.787 - [DEBUG] ||| print_pe_metadata ||| pred_out_opID: [None, None]
2026-06-19 16:00:34.787 - [DEBUG] ||| print_pe_metadata ||| pe_meta[170]:
2026-06-19 16:00:34.787 - [DEBUG] ||| print_pe_metadata ||| opcode: [(['2'], 'store', '3')]
2026-06-19 16:00:34.787 - [DEBUG] ||| print_pe_metadata ||| data_in_opID: [None, None, '2', None]
2026-06-19 16:00:34.787 - [DEBUG] ||| print_pe_metadata ||| data_out_opID: [None, None, None, None]
2026-06-19 16:00:34.787 - [DEBUG] ||| print_pe_metadata ||| pred_in_opID: [None, None]
2026-06-19 16:00:34.788 - [DEBUG] ||| print_pe_metadata ||| pred_out_opID: [None, None]
2026-06-19 16:00:34.788 - [DEBUG] ||| print_pe_metadata ||| pe_meta[299]:
2026-06-19 16:00:34.788 - [DEBUG] ||| print_pe_metadata ||| opcode: [(['0', '4'], 'add', '5')]
2026-06-19 16:00:34.788 - [DEBUG] ||| print_pe_metadata ||| data_in_opID: [None, None, '4', None]
2026-06-19 16:00:34.788 - [DEBUG] ||| print_pe_metadata ||| data_out_opID: [None, None, '5', None]
2026-06-19 16:00:34.788 - [DEBUG] ||| print_pe_metadata ||| pred_in_opID: [None, '0']
2026-06-19 16:00:34.789 - [DEBUG] ||| print_pe_metadata ||| pred_out_opID: [None, None]
2026-06-19 16:00:34.789 - [DEBUG] ||| print_pe_metadata ||| pe_meta[172]:
2026-06-19 16:00:34.789 - [DEBUG] ||| print_pe_metadata ||| opcode: [(['2', '5'], 'add', '6')]
2026-06-19 16:00:34.789 - [DEBUG] ||| print_pe_metadata ||| data_in_opID: [None, None, '5', '2']
2026-06-19 16:00:34.789 - [DEBUG] ||| print_pe_metadata ||| data_out_opID: [None, None, '6', '6']
2026-06-19 16:00:34.789 - [DEBUG] ||| print_pe_metadata ||| pred_in_opID: [None, None]
2026-06-19 16:00:34.790 - [DEBUG] ||| print_pe_metadata ||| pred_out_opID: [None, None]
2026-06-19 16:00:34.790 - [DEBUG] ||| print_pe_metadata ||| pe_meta[301]:
2026-06-19 16:00:34.790 - [DEBUG] ||| print_pe_metadata ||| opcode: [(['8'], 'load', '11')]
2026-06-19 16:00:34.790 - [DEBUG] ||| print_pe_metadata ||| data_in_opID: [None, None, None, '8']
2026-06-19 16:00:34.790 - [DEBUG] ||| print_pe_metadata ||| data_out_opID: [None, None, '11', None]
2026-06-19 16:00:34.790 - [DEBUG] ||| print_pe_metadata ||| pred_in_opID: [None, None]
2026-06-19 16:00:34.791 - [DEBUG] ||| print_pe_metadata ||| pred_out_opID: [None, None]
2026-06-19 16:00:34.791 - [DEBUG] ||| print_pe_metadata ||| pe_meta[304]:
2026-06-19 16:00:34.791 - [DEBUG] ||| print_pe_metadata ||| opcode: [(['13'], 'load', '16')]
2026-06-19 16:00:34.791 - [DEBUG] ||| print_pe_metadata ||| data_in_opID: [None, None, '13', None]
2026-06-19 16:00:34.791 - [DEBUG] ||| print_pe_metadata ||| data_out_opID: [None, None, None, '16']
2026-06-19 16:00:34.792 - [DEBUG] ||| print_pe_metadata ||| pred_in_opID: [None, None]
2026-06-19 16:00:34.792 - [DEBUG] ||| print_pe_metadata ||| pred_out_opID: [None, None]
2026-06-19 16:00:34.792 - [DEBUG] ||| print_pe_metadata ||| pe_meta[176]:
2026-06-19 16:00:34.792 - [DEBUG] ||| print_pe_metadata ||| opcode: [(['11', '16'], 'mul', '17')]
2026-06-19 16:00:34.792 - [DEBUG] ||| print_pe_metadata ||| data_in_opID: [None, None, '11', '16']
2026-06-19 16:00:34.793 - [DEBUG] ||| print_pe_metadata ||| data_out_opID: [None, None, None, '17']
2026-06-19 16:00:34.793 - [DEBUG] ||| print_pe_metadata ||| pred_in_opID: [None, None]
2026-06-19 16:00:34.793 - [DEBUG] ||| print_pe_metadata ||| pred_out_opID: [None, None]
2026-06-19 16:00:34.793 - [DEBUG] ||| print_pe_metadata ||| pe_meta[306]:
2026-06-19 16:00:34.793 - [DEBUG] ||| print_pe_metadata ||| opcode: [(['20'], 'add', '4')]
2026-06-19 16:00:34.793 - [DEBUG] ||| print_pe_metadata ||| data_in_opID: [None, None, '20', None]
2026-06-19 16:00:34.794 - [DEBUG] ||| print_pe_metadata ||| data_out_opID: [None, None, '4', None]
2026-06-19 16:00:34.794 - [DEBUG] ||| print_pe_metadata ||| pred_in_opID: [None, None]
2026-06-19 16:00:34.794 - [DEBUG] ||| print_pe_metadata ||| pred_out_opID: [None, None]
2026-06-19 16:00:34.794 - [DEBUG] ||| print_pe_metadata ||| pe_meta[308]:
2026-06-19 16:00:34.794 - [DEBUG] ||| print_pe_metadata ||| opcode: [(['9'], 'add', '7')]
2026-06-19 16:00:34.794 - [DEBUG] ||| print_pe_metadata ||| data_in_opID: [None, None, '9', None]
2026-06-19 16:00:34.795 - [DEBUG] ||| print_pe_metadata ||| data_out_opID: [None, None, '7', None]
2026-06-19 16:00:34.795 - [DEBUG] ||| print_pe_metadata ||| pred_in_opID: [None, None]
2026-06-19 16:00:34.795 - [DEBUG] ||| print_pe_metadata ||| pred_out_opID: [None, None]
2026-06-19 16:00:34.795 - [DEBUG] ||| print_pe_metadata ||| pe_meta[309]:
2026-06-19 16:00:34.795 - [DEBUG] ||| print_pe_metadata ||| opcode: [(['19'], 'mul', '10')]
2026-06-19 16:00:34.796 - [DEBUG] ||| print_pe_metadata ||| data_in_opID: [None, None, '19', None]
2026-06-19 16:00:34.796 - [DEBUG] ||| print_pe_metadata ||| data_out_opID: [None, None, None, '10']
2026-06-19 16:00:34.796 - [DEBUG] ||| print_pe_metadata ||| pred_in_opID: [None, None]
2026-06-19 16:00:34.796 - [DEBUG] ||| print_pe_metadata ||| pred_out_opID: [None, None]
2026-06-19 16:00:34.796 - [DEBUG] ||| print_pe_metadata ||| pe_meta[181]:
2026-06-19 16:00:34.796 - [DEBUG] ||| print_pe_metadata ||| opcode: [(['14'], 'add', '12')]
2026-06-19 16:00:34.797 - [DEBUG] ||| print_pe_metadata ||| data_in_opID: [None, None, '14', None]
2026-06-19 16:00:34.797 - [DEBUG] ||| print_pe_metadata ||| data_out_opID: [None, None, '12', None]
2026-06-19 16:00:34.797 - [DEBUG] ||| print_pe_metadata ||| pred_in_opID: [None, None]
2026-06-19 16:00:34.797 - [DEBUG] ||| print_pe_metadata ||| pred_out_opID: [None, None]
2026-06-19 16:00:34.797 - [DEBUG] ||| print_pe_metadata ||| pe_meta[310]:
2026-06-19 16:00:34.797 - [DEBUG] ||| print_pe_metadata ||| opcode: [(['19'], 'mul', '14')]
2026-06-19 16:00:34.798 - [DEBUG] ||| print_pe_metadata ||| data_in_opID: [None, None, None, '19']
2026-06-19 16:00:34.798 - [DEBUG] ||| print_pe_metadata ||| data_out_opID: [None, None, '14', None]
2026-06-19 16:00:34.798 - [DEBUG] ||| print_pe_metadata ||| pred_in_opID: [None, None]
2026-06-19 16:00:34.798 - [DEBUG] ||| print_pe_metadata ||| pred_out_opID: [None, None]
2026-06-19 16:00:34.798 - [DEBUG] ||| print_pe_metadata ||| pe_meta[182]:
2026-06-19 16:00:34.798 - [DEBUG] ||| print_pe_metadata ||| opcode: [([], 'mul', '15')]
2026-06-19 16:00:34.799 - [DEBUG] ||| print_pe_metadata ||| data_in_opID: [None, None, None, None]
2026-06-19 16:00:34.799 - [DEBUG] ||| print_pe_metadata ||| data_out_opID: [None, None, None, '15']
2026-06-19 16:00:34.799 - [DEBUG] ||| print_pe_metadata ||| pred_in_opID: [None, None]
2026-06-19 16:00:34.799 - [DEBUG] ||| print_pe_metadata ||| pred_out_opID: [None, None]
2026-06-19 16:00:34.799 - [DEBUG] ||| print_pe_metadata ||| pe_meta[313]:
2026-06-19 16:00:34.800 - [DEBUG] ||| print_pe_metadata ||| opcode: [(['20'], 'add', '4')]
2026-06-19 16:00:34.800 - [DEBUG] ||| print_pe_metadata ||| data_in_opID: [None, None, '20', None]
2026-06-19 16:00:34.800 - [DEBUG] ||| print_pe_metadata ||| data_out_opID: [None, None, '4', None]
2026-06-19 16:00:34.800 - [DEBUG] ||| print_pe_metadata ||| pred_in_opID: [None, None]
2026-06-19 16:00:34.800 - [DEBUG] ||| print_pe_metadata ||| pred_out_opID: [None, None]
2026-06-19 16:00:34.800 - [DEBUG] ||| print_pe_metadata ||| pe_meta[315]:
2026-06-19 16:00:34.801 - [DEBUG] ||| print_pe_metadata ||| opcode: [(['9'], 'add', '7')]
2026-06-19 16:00:34.801 - [DEBUG] ||| print_pe_metadata ||| data_in_opID: [None, None, '9', None]
2026-06-19 16:00:34.801 - [DEBUG] ||| print_pe_metadata ||| data_out_opID: [None, None, '7', None]
2026-06-19 16:00:34.801 - [DEBUG] ||| print_pe_metadata ||| pred_in_opID: [None, None]
2026-06-19 16:00:34.801 - [DEBUG] ||| print_pe_metadata ||| pred_out_opID: [None, None]
2026-06-19 16:00:34.801 - [DEBUG] ||| print_pe_metadata ||| pe_meta[316]:
2026-06-19 16:00:34.802 - [DEBUG] ||| print_pe_metadata ||| opcode: [(['19'], 'mul', '10')]
2026-06-19 16:00:34.802 - [DEBUG] ||| print_pe_metadata ||| data_in_opID: [None, None, '19', None]
2026-06-19 16:00:34.802 - [DEBUG] ||| print_pe_metadata ||| data_out_opID: [None, None, None, '10']
2026-06-19 16:00:34.802 - [DEBUG] ||| print_pe_metadata ||| pred_in_opID: [None, None]
2026-06-19 16:00:34.802 - [DEBUG] ||| print_pe_metadata ||| pred_out_opID: [None, None]
2026-06-19 16:00:34.802 - [DEBUG] ||| print_pe_metadata ||| pe_meta[188]:
2026-06-19 16:00:34.803 - [DEBUG] ||| print_pe_metadata ||| opcode: [(['14'], 'add', '12')]
2026-06-19 16:00:34.803 - [DEBUG] ||| print_pe_metadata ||| data_in_opID: [None, None, '14', None]
2026-06-19 16:00:34.803 - [DEBUG] ||| print_pe_metadata ||| data_out_opID: [None, None, '12', None]
2026-06-19 16:00:34.803 - [DEBUG] ||| print_pe_metadata ||| pred_in_opID: [None, None]
2026-06-19 16:00:34.803 - [DEBUG] ||| print_pe_metadata ||| pred_out_opID: [None, None]
2026-06-19 16:00:34.803 - [DEBUG] ||| print_pe_metadata ||| pe_meta[317]:
2026-06-19 16:00:34.804 - [DEBUG] ||| print_pe_metadata ||| opcode: [(['19'], 'mul', '14')]
2026-06-19 16:00:34.804 - [DEBUG] ||| print_pe_metadata ||| data_in_opID: [None, None, None, '19']
2026-06-19 16:00:34.804 - [DEBUG] ||| print_pe_metadata ||| data_out_opID: [None, None, '14', None]
2026-06-19 16:00:34.804 - [DEBUG] ||| print_pe_metadata ||| pred_in_opID: [None, None]
2026-06-19 16:00:34.804 - [DEBUG] ||| print_pe_metadata ||| pred_out_opID: [None, None]
2026-06-19 16:00:34.804 - [DEBUG] ||| print_pe_metadata ||| pe_meta[189]:
2026-06-19 16:00:34.805 - [DEBUG] ||| print_pe_metadata ||| opcode: [([], 'mul', '15')]
2026-06-19 16:00:34.805 - [DEBUG] ||| print_pe_metadata ||| data_in_opID: [None, None, None, None]
2026-06-19 16:00:34.805 - [DEBUG] ||| print_pe_metadata ||| data_out_opID: [None, None, None, '15']
2026-06-19 16:00:34.805 - [DEBUG] ||| print_pe_metadata ||| pred_in_opID: [None, None]
2026-06-19 16:00:34.805 - [DEBUG] ||| print_pe_metadata ||| pred_out_opID: [None, None]
2026-06-19 16:00:34.805 - [DEBUG] ||| print_pe_metadata ||| pe_meta[319]:
2026-06-19 16:00:34.806 - [DEBUG] ||| print_pe_metadata ||| opcode: [(['1'], 'add', '2')]
2026-06-19 16:00:34.806 - [DEBUG] ||| print_pe_metadata ||| data_in_opID: [None, None, '1', None]
2026-06-19 16:00:34.806 - [DEBUG] ||| print_pe_metadata ||| data_out_opID: [None, None, '2', '2']
2026-06-19 16:00:34.806 - [DEBUG] ||| print_pe_metadata ||| pred_in_opID: [None, None]
2026-06-19 16:00:34.806 - [DEBUG] ||| print_pe_metadata ||| pred_out_opID: [None, None]
2026-06-19 16:00:34.806 - [DEBUG] ||| print_pe_metadata ||| pe_meta[191]:
2026-06-19 16:00:34.807 - [DEBUG] ||| print_pe_metadata ||| opcode: [(['2'], 'store', '3')]
2026-06-19 16:00:34.807 - [DEBUG] ||| print_pe_metadata ||| data_in_opID: [None, None, '2', None]
2026-06-19 16:00:34.808 - [DEBUG] ||| print_pe_metadata ||| data_out_opID: [None, None, None, None]
2026-06-19 16:00:34.808 - [DEBUG] ||| print_pe_metadata ||| pred_in_opID: [None, None]
2026-06-19 16:00:34.808 - [DEBUG] ||| print_pe_metadata ||| pred_out_opID: [None, None]
2026-06-19 16:00:34.808 - [DEBUG] ||| print_pe_metadata ||| pe_meta[320]:
2026-06-19 16:00:34.809 - [DEBUG] ||| print_pe_metadata ||| opcode: [(['0', '4'], 'add', '5')]
2026-06-19 16:00:34.809 - [DEBUG] ||| print_pe_metadata ||| data_in_opID: [None, None, '4', None]
2026-06-19 16:00:34.809 - [DEBUG] ||| print_pe_metadata ||| data_out_opID: [None, None, '5', None]
2026-06-19 16:00:34.809 - [DEBUG] ||| print_pe_metadata ||| pred_in_opID: [None, '0']
2026-06-19 16:00:34.809 - [DEBUG] ||| print_pe_metadata ||| pred_out_opID: [None, None]
2026-06-19 16:00:34.810 - [DEBUG] ||| print_pe_metadata ||| pe_meta[193]:
2026-06-19 16:00:34.810 - [DEBUG] ||| print_pe_metadata ||| opcode: [(['2', '5'], 'add', '6')]
2026-06-19 16:00:34.810 - [DEBUG] ||| print_pe_metadata ||| data_in_opID: [None, None, '5', '2']
2026-06-19 16:00:34.810 - [DEBUG] ||| print_pe_metadata ||| data_out_opID: [None, None, '6', '6']
2026-06-19 16:00:34.810 - [DEBUG] ||| print_pe_metadata ||| pred_in_opID: [None, None]
2026-06-19 16:00:34.811 - [DEBUG] ||| print_pe_metadata ||| pred_out_opID: [None, None]
2026-06-19 16:00:34.811 - [DEBUG] ||| print_pe_metadata ||| pe_meta[322]:
2026-06-19 16:00:34.811 - [DEBUG] ||| print_pe_metadata ||| opcode: [(['8'], 'load', '11')]
2026-06-19 16:00:34.811 - [DEBUG] ||| print_pe_metadata ||| data_in_opID: [None, None, '8', None]
2026-06-19 16:00:34.811 - [DEBUG] ||| print_pe_metadata ||| data_out_opID: [None, None, '11', None]
2026-06-19 16:00:34.812 - [DEBUG] ||| print_pe_metadata ||| pred_in_opID: [None, None]
2026-06-19 16:00:34.812 - [DEBUG] ||| print_pe_metadata ||| pred_out_opID: [None, None]
2026-06-19 16:00:34.812 - [DEBUG] ||| print_pe_metadata ||| pe_meta[325]:
2026-06-19 16:00:34.812 - [DEBUG] ||| print_pe_metadata ||| opcode: [(['13'], 'load', '16')]
2026-06-19 16:00:34.812 - [DEBUG] ||| print_pe_metadata ||| data_in_opID: [None, None, '13', None]
2026-06-19 16:00:34.812 - [DEBUG] ||| print_pe_metadata ||| data_out_opID: [None, None, None, '16']
2026-06-19 16:00:34.813 - [DEBUG] ||| print_pe_metadata ||| pred_in_opID: [None, None]
2026-06-19 16:00:34.813 - [DEBUG] ||| print_pe_metadata ||| pred_out_opID: [None, None]
2026-06-19 16:00:34.813 - [DEBUG] ||| print_pe_metadata ||| pe_meta[197]:
2026-06-19 16:00:34.813 - [DEBUG] ||| print_pe_metadata ||| opcode: [(['11', '16'], 'mul', '17')]
2026-06-19 16:00:34.813 - [DEBUG] ||| print_pe_metadata ||| data_in_opID: [None, None, '11', '16']
2026-06-19 16:00:34.813 - [DEBUG] ||| print_pe_metadata ||| data_out_opID: [None, None, '17', None]
2026-06-19 16:00:34.814 - [DEBUG] ||| print_pe_metadata ||| pred_in_opID: [None, None]
2026-06-19 16:00:34.814 - [DEBUG] ||| print_pe_metadata ||| pred_out_opID: [None, None]
2026-06-19 16:00:34.814 - [DEBUG] ||| print_pe_metadata ||| pe_meta[326]:
2026-06-19 16:00:34.814 - [DEBUG] ||| print_pe_metadata ||| opcode: [(['1'], 'add', '2')]
2026-06-19 16:00:34.814 - [DEBUG] ||| print_pe_metadata ||| data_in_opID: [None, None, '1', None]
2026-06-19 16:00:34.814 - [DEBUG] ||| print_pe_metadata ||| data_out_opID: [None, None, '2', '2']
2026-06-19 16:00:34.815 - [DEBUG] ||| print_pe_metadata ||| pred_in_opID: [None, None]
2026-06-19 16:00:34.815 - [DEBUG] ||| print_pe_metadata ||| pred_out_opID: [None, None]
2026-06-19 16:00:34.815 - [DEBUG] ||| print_pe_metadata ||| pe_meta[198]:
2026-06-19 16:00:34.815 - [DEBUG] ||| print_pe_metadata ||| opcode: [(['2'], 'store', '3')]
2026-06-19 16:00:34.815 - [DEBUG] ||| print_pe_metadata ||| data_in_opID: [None, None, '2', None]
2026-06-19 16:00:34.816 - [DEBUG] ||| print_pe_metadata ||| data_out_opID: [None, None, None, None]
2026-06-19 16:00:34.816 - [DEBUG] ||| print_pe_metadata ||| pred_in_opID: [None, None]
2026-06-19 16:00:34.816 - [DEBUG] ||| print_pe_metadata ||| pred_out_opID: [None, None]
2026-06-19 16:00:34.816 - [DEBUG] ||| print_pe_metadata ||| pe_meta[327]:
2026-06-19 16:00:34.816 - [DEBUG] ||| print_pe_metadata ||| opcode: [(['0', '4'], 'add', '5')]
2026-06-19 16:00:34.816 - [DEBUG] ||| print_pe_metadata ||| data_in_opID: [None, None, '4', None]
2026-06-19 16:00:34.817 - [DEBUG] ||| print_pe_metadata ||| data_out_opID: [None, None, '5', None]
2026-06-19 16:00:34.817 - [DEBUG] ||| print_pe_metadata ||| pred_in_opID: [None, '0']
2026-06-19 16:00:34.817 - [DEBUG] ||| print_pe_metadata ||| pred_out_opID: [None, None]
2026-06-19 16:00:34.817 - [DEBUG] ||| print_pe_metadata ||| pe_meta[200]:
2026-06-19 16:00:34.817 - [DEBUG] ||| print_pe_metadata ||| opcode: [(['2', '5'], 'add', '6')]
2026-06-19 16:00:34.817 - [DEBUG] ||| print_pe_metadata ||| data_in_opID: [None, None, '5', '2']
2026-06-19 16:00:34.818 - [DEBUG] ||| print_pe_metadata ||| data_out_opID: [None, None, '6', '6']
2026-06-19 16:00:34.818 - [DEBUG] ||| print_pe_metadata ||| pred_in_opID: [None, None]
2026-06-19 16:00:34.818 - [DEBUG] ||| print_pe_metadata ||| pred_out_opID: [None, None]
2026-06-19 16:00:34.818 - [DEBUG] ||| print_pe_metadata ||| pe_meta[329]:
2026-06-19 16:00:34.818 - [DEBUG] ||| print_pe_metadata ||| opcode: [(['8'], 'load', '11')]
2026-06-19 16:00:34.818 - [DEBUG] ||| print_pe_metadata ||| data_in_opID: [None, None, None, '8']
2026-06-19 16:00:34.819 - [DEBUG] ||| print_pe_metadata ||| data_out_opID: [None, None, '11', None]
2026-06-19 16:00:34.819 - [DEBUG] ||| print_pe_metadata ||| pred_in_opID: [None, None]
2026-06-19 16:00:34.819 - [DEBUG] ||| print_pe_metadata ||| pred_out_opID: [None, None]
2026-06-19 16:00:34.819 - [DEBUG] ||| print_pe_metadata ||| pe_meta[332]:
2026-06-19 16:00:34.819 - [DEBUG] ||| print_pe_metadata ||| opcode: [(['13'], 'load', '16')]
2026-06-19 16:00:34.819 - [DEBUG] ||| print_pe_metadata ||| data_in_opID: [None, None, '13', None]
2026-06-19 16:00:34.820 - [DEBUG] ||| print_pe_metadata ||| data_out_opID: [None, None, None, '16']
2026-06-19 16:00:34.820 - [DEBUG] ||| print_pe_metadata ||| pred_in_opID: [None, None]
2026-06-19 16:00:34.820 - [DEBUG] ||| print_pe_metadata ||| pred_out_opID: [None, None]
2026-06-19 16:00:34.820 - [DEBUG] ||| print_pe_metadata ||| pe_meta[204]:
2026-06-19 16:00:34.820 - [DEBUG] ||| print_pe_metadata ||| opcode: [(['11', '16'], 'mul', '17')]
2026-06-19 16:00:34.820 - [DEBUG] ||| print_pe_metadata ||| data_in_opID: [None, None, '11', '16']
2026-06-19 16:00:34.821 - [DEBUG] ||| print_pe_metadata ||| data_out_opID: [None, None, None, '17']
2026-06-19 16:00:34.821 - [DEBUG] ||| print_pe_metadata ||| pred_in_opID: [None, None]
2026-06-19 16:00:34.821 - [DEBUG] ||| print_pe_metadata ||| pred_out_opID: [None, None]
2026-06-19 16:00:34.821 - [DEBUG] ||| print_pe_metadata ||| pe_meta[334]:
2026-06-19 16:00:34.822 - [DEBUG] ||| print_pe_metadata ||| opcode: [(['20'], 'add', '4')]
2026-06-19 16:00:34.822 - [DEBUG] ||| print_pe_metadata ||| data_in_opID: [None, None, '20', None]
2026-06-19 16:00:34.822 - [DEBUG] ||| print_pe_metadata ||| data_out_opID: [None, None, '4', None]
2026-06-19 16:00:34.822 - [DEBUG] ||| print_pe_metadata ||| pred_in_opID: [None, None]
2026-06-19 16:00:34.822 - [DEBUG] ||| print_pe_metadata ||| pred_out_opID: [None, None]
2026-06-19 16:00:34.823 - [DEBUG] ||| print_pe_metadata ||| pe_meta[336]:
2026-06-19 16:00:34.823 - [DEBUG] ||| print_pe_metadata ||| opcode: [(['9'], 'add', '7')]
2026-06-19 16:00:34.823 - [DEBUG] ||| print_pe_metadata ||| data_in_opID: [None, None, '9', None]
2026-06-19 16:00:34.823 - [DEBUG] ||| print_pe_metadata ||| data_out_opID: [None, None, '7', None]
2026-06-19 16:00:34.823 - [DEBUG] ||| print_pe_metadata ||| pred_in_opID: [None, None]
2026-06-19 16:00:34.824 - [DEBUG] ||| print_pe_metadata ||| pred_out_opID: [None, None]
2026-06-19 16:00:34.824 - [DEBUG] ||| print_pe_metadata ||| pe_meta[337]:
2026-06-19 16:00:34.824 - [DEBUG] ||| print_pe_metadata ||| opcode: [(['19'], 'mul', '10')]
2026-06-19 16:00:34.824 - [DEBUG] ||| print_pe_metadata ||| data_in_opID: [None, None, '19', None]
2026-06-19 16:00:34.824 - [DEBUG] ||| print_pe_metadata ||| data_out_opID: [None, None, None, '10']
2026-06-19 16:00:34.824 - [DEBUG] ||| print_pe_metadata ||| pred_in_opID: [None, None]
2026-06-19 16:00:34.824 - [DEBUG] ||| print_pe_metadata ||| pred_out_opID: [None, None]
2026-06-19 16:00:34.825 - [DEBUG] ||| print_pe_metadata ||| pe_meta[209]:
2026-06-19 16:00:34.825 - [DEBUG] ||| print_pe_metadata ||| opcode: [(['14'], 'add', '12')]
2026-06-19 16:00:34.825 - [DEBUG] ||| print_pe_metadata ||| data_in_opID: [None, None, '14', None]
2026-06-19 16:00:34.825 - [DEBUG] ||| print_pe_metadata ||| data_out_opID: [None, None, '12', None]
2026-06-19 16:00:34.825 - [DEBUG] ||| print_pe_metadata ||| pred_in_opID: [None, None]
2026-06-19 16:00:34.825 - [DEBUG] ||| print_pe_metadata ||| pred_out_opID: [None, None]
2026-06-19 16:00:34.826 - [DEBUG] ||| print_pe_metadata ||| pe_meta[338]:
2026-06-19 16:00:34.826 - [DEBUG] ||| print_pe_metadata ||| opcode: [(['19'], 'mul', '14')]
2026-06-19 16:00:34.826 - [DEBUG] ||| print_pe_metadata ||| data_in_opID: [None, None, None, '19']
2026-06-19 16:00:34.826 - [DEBUG] ||| print_pe_metadata ||| data_out_opID: [None, None, '14', None]
2026-06-19 16:00:34.826 - [DEBUG] ||| print_pe_metadata ||| pred_in_opID: [None, None]
2026-06-19 16:00:34.826 - [DEBUG] ||| print_pe_metadata ||| pred_out_opID: [None, None]
2026-06-19 16:00:34.827 - [DEBUG] ||| print_pe_metadata ||| pe_meta[210]:
2026-06-19 16:00:34.827 - [DEBUG] ||| print_pe_metadata ||| opcode: [([], 'mul', '15')]
2026-06-19 16:00:34.827 - [DEBUG] ||| print_pe_metadata ||| data_in_opID: [None, None, None, None]
2026-06-19 16:00:34.827 - [DEBUG] ||| print_pe_metadata ||| data_out_opID: [None, None, None, '15']
2026-06-19 16:00:34.827 - [DEBUG] ||| print_pe_metadata ||| pred_in_opID: [None, None]
2026-06-19 16:00:34.828 - [DEBUG] ||| print_pe_metadata ||| pred_out_opID: [None, None]
2026-06-19 16:00:34.828 - [DEBUG] ||| print_pe_metadata ||| pe_meta[341]:
2026-06-19 16:00:34.828 - [DEBUG] ||| print_pe_metadata ||| opcode: [(['20'], 'add', '4')]
2026-06-19 16:00:34.828 - [DEBUG] ||| print_pe_metadata ||| data_in_opID: [None, None, '20', None]
2026-06-19 16:00:34.828 - [DEBUG] ||| print_pe_metadata ||| data_out_opID: [None, None, '4', None]
2026-06-19 16:00:34.828 - [DEBUG] ||| print_pe_metadata ||| pred_in_opID: [None, None]
2026-06-19 16:00:34.829 - [DEBUG] ||| print_pe_metadata ||| pred_out_opID: [None, None]
2026-06-19 16:00:34.829 - [DEBUG] ||| print_pe_metadata ||| pe_meta[343]:
2026-06-19 16:00:34.829 - [DEBUG] ||| print_pe_metadata ||| opcode: [(['9'], 'add', '7')]
2026-06-19 16:00:34.829 - [DEBUG] ||| print_pe_metadata ||| data_in_opID: [None, None, '9', None]
2026-06-19 16:00:34.830 - [DEBUG] ||| print_pe_metadata ||| data_out_opID: [None, None, '7', None]
2026-06-19 16:00:34.830 - [DEBUG] ||| print_pe_metadata ||| pred_in_opID: [None, None]
2026-06-19 16:00:34.830 - [DEBUG] ||| print_pe_metadata ||| pred_out_opID: [None, None]
2026-06-19 16:00:34.830 - [DEBUG] ||| print_pe_metadata ||| pe_meta[344]:
2026-06-19 16:00:34.830 - [DEBUG] ||| print_pe_metadata ||| opcode: [(['19'], 'mul', '10')]
2026-06-19 16:00:34.830 - [DEBUG] ||| print_pe_metadata ||| data_in_opID: [None, None, '19', None]
2026-06-19 16:00:34.831 - [DEBUG] ||| print_pe_metadata ||| data_out_opID: [None, None, None, '10']
2026-06-19 16:00:34.831 - [DEBUG] ||| print_pe_metadata ||| pred_in_opID: [None, None]
2026-06-19 16:00:34.831 - [DEBUG] ||| print_pe_metadata ||| pred_out_opID: [None, None]
2026-06-19 16:00:34.831 - [DEBUG] ||| print_pe_metadata ||| pe_meta[216]:
2026-06-19 16:00:34.831 - [DEBUG] ||| print_pe_metadata ||| opcode: [(['14'], 'add', '12')]
2026-06-19 16:00:34.832 - [DEBUG] ||| print_pe_metadata ||| data_in_opID: [None, None, '14', None]
2026-06-19 16:00:34.832 - [DEBUG] ||| print_pe_metadata ||| data_out_opID: [None, None, '12', None]
2026-06-19 16:00:34.832 - [DEBUG] ||| print_pe_metadata ||| pred_in_opID: [None, None]
2026-06-19 16:00:34.832 - [DEBUG] ||| print_pe_metadata ||| pred_out_opID: [None, None]
2026-06-19 16:00:34.832 - [DEBUG] ||| print_pe_metadata ||| pe_meta[345]:
2026-06-19 16:00:34.832 - [DEBUG] ||| print_pe_metadata ||| opcode: [(['19'], 'mul', '14')]
2026-06-19 16:00:34.833 - [DEBUG] ||| print_pe_metadata ||| data_in_opID: [None, None, None, '19']
2026-06-19 16:00:34.833 - [DEBUG] ||| print_pe_metadata ||| data_out_opID: [None, None, '14', None]
2026-06-19 16:00:34.833 - [DEBUG] ||| print_pe_metadata ||| pred_in_opID: [None, None]
2026-06-19 16:00:34.833 - [DEBUG] ||| print_pe_metadata ||| pred_out_opID: [None, None]
2026-06-19 16:00:34.833 - [DEBUG] ||| print_pe_metadata ||| pe_meta[217]:
2026-06-19 16:00:34.834 - [DEBUG] ||| print_pe_metadata ||| opcode: [([], 'mul', '15')]
2026-06-19 16:00:34.834 - [DEBUG] ||| print_pe_metadata ||| data_in_opID: [None, None, None, None]
2026-06-19 16:00:34.834 - [DEBUG] ||| print_pe_metadata ||| data_out_opID: [None, None, None, '15']
2026-06-19 16:00:34.834 - [DEBUG] ||| print_pe_metadata ||| pred_in_opID: [None, None]
2026-06-19 16:00:34.834 - [DEBUG] ||| print_pe_metadata ||| pred_out_opID: [None, None]
2026-06-19 16:00:34.834 - [DEBUG] ||| print_pe_metadata ||| pe_meta[347]:
2026-06-19 16:00:34.835 - [DEBUG] ||| print_pe_metadata ||| opcode: [(['1'], 'add', '2')]
2026-06-19 16:00:34.835 - [DEBUG] ||| print_pe_metadata ||| data_in_opID: [None, None, '1', None]
2026-06-19 16:00:34.835 - [DEBUG] ||| print_pe_metadata ||| data_out_opID: [None, None, '2', '2']
2026-06-19 16:00:34.835 - [DEBUG] ||| print_pe_metadata ||| pred_in_opID: [None, None]
2026-06-19 16:00:34.835 - [DEBUG] ||| print_pe_metadata ||| pred_out_opID: [None, None]
2026-06-19 16:00:34.835 - [DEBUG] ||| print_pe_metadata ||| pe_meta[219]:
2026-06-19 16:00:34.836 - [DEBUG] ||| print_pe_metadata ||| opcode: [(['2'], 'store', '3')]
2026-06-19 16:00:34.836 - [DEBUG] ||| print_pe_metadata ||| data_in_opID: [None, None, '2', None]
2026-06-19 16:00:34.836 - [DEBUG] ||| print_pe_metadata ||| data_out_opID: [None, None, None, None]
2026-06-19 16:00:34.836 - [DEBUG] ||| print_pe_metadata ||| pred_in_opID: [None, None]
2026-06-19 16:00:34.836 - [DEBUG] ||| print_pe_metadata ||| pred_out_opID: [None, None]
2026-06-19 16:00:34.836 - [DEBUG] ||| print_pe_metadata ||| pe_meta[348]:
2026-06-19 16:00:34.837 - [DEBUG] ||| print_pe_metadata ||| opcode: [(['0', '4'], 'add', '5')]
2026-06-19 16:00:34.837 - [DEBUG] ||| print_pe_metadata ||| data_in_opID: [None, None, '4', None]
2026-06-19 16:00:34.837 - [DEBUG] ||| print_pe_metadata ||| data_out_opID: [None, None, '5', None]
2026-06-19 16:00:34.837 - [DEBUG] ||| print_pe_metadata ||| pred_in_opID: [None, '0']
2026-06-19 16:00:34.837 - [DEBUG] ||| print_pe_metadata ||| pred_out_opID: [None, None]
2026-06-19 16:00:34.837 - [DEBUG] ||| print_pe_metadata ||| pe_meta[221]:
2026-06-19 16:00:34.838 - [DEBUG] ||| print_pe_metadata ||| opcode: [(['2', '5'], 'add', '6')]
2026-06-19 16:00:34.838 - [DEBUG] ||| print_pe_metadata ||| data_in_opID: [None, None, '5', '2']
2026-06-19 16:00:34.838 - [DEBUG] ||| print_pe_metadata ||| data_out_opID: [None, None, '6', '6']
2026-06-19 16:00:34.838 - [DEBUG] ||| print_pe_metadata ||| pred_in_opID: [None, None]
2026-06-19 16:00:34.838 - [DEBUG] ||| print_pe_metadata ||| pred_out_opID: [None, None]
2026-06-19 16:00:34.838 - [DEBUG] ||| print_pe_metadata ||| pe_meta[350]:
2026-06-19 16:00:34.839 - [DEBUG] ||| print_pe_metadata ||| opcode: [(['8'], 'load', '11')]
2026-06-19 16:00:34.839 - [DEBUG] ||| print_pe_metadata ||| data_in_opID: [None, None, None, '8']
2026-06-19 16:00:34.839 - [DEBUG] ||| print_pe_metadata ||| data_out_opID: [None, None, '11', None]
2026-06-19 16:00:34.839 - [DEBUG] ||| print_pe_metadata ||| pred_in_opID: [None, None]
2026-06-19 16:00:34.839 - [DEBUG] ||| print_pe_metadata ||| pred_out_opID: [None, None]
2026-06-19 16:00:34.840 - [DEBUG] ||| print_pe_metadata ||| pe_meta[353]:
2026-06-19 16:00:34.840 - [DEBUG] ||| print_pe_metadata ||| opcode: [(['13'], 'load', '16')]
2026-06-19 16:00:34.840 - [DEBUG] ||| print_pe_metadata ||| data_in_opID: [None, None, '13', None]
2026-06-19 16:00:34.840 - [DEBUG] ||| print_pe_metadata ||| data_out_opID: [None, None, None, '16']
2026-06-19 16:00:34.840 - [DEBUG] ||| print_pe_metadata ||| pred_in_opID: [None, None]
2026-06-19 16:00:34.840 - [DEBUG] ||| print_pe_metadata ||| pred_out_opID: [None, None]
2026-06-19 16:00:34.841 - [DEBUG] ||| print_pe_metadata ||| pe_meta[225]:
2026-06-19 16:00:34.841 - [DEBUG] ||| print_pe_metadata ||| opcode: [(['11', '16'], 'mul', '17')]
2026-06-19 16:00:34.841 - [DEBUG] ||| print_pe_metadata ||| data_in_opID: [None, None, '11', '16']
2026-06-19 16:00:34.841 - [DEBUG] ||| print_pe_metadata ||| data_out_opID: [None, None, None, '17']
2026-06-19 16:00:34.841 - [DEBUG] ||| print_pe_metadata ||| pred_in_opID: [None, None]
2026-06-19 16:00:34.841 - [DEBUG] ||| print_pe_metadata ||| pred_out_opID: [None, None]
2026-06-19 16:00:34.842 - [DEBUG] ||| print_pe_metadata ||| pe_meta[354]:
2026-06-19 16:00:34.842 - [DEBUG] ||| print_pe_metadata ||| opcode: [(['1'], 'add', '2')]
2026-06-19 16:00:34.842 - [DEBUG] ||| print_pe_metadata ||| data_in_opID: [None, None, '1', None]
2026-06-19 16:00:34.842 - [DEBUG] ||| print_pe_metadata ||| data_out_opID: [None, None, '2', '2']
2026-06-19 16:00:34.842 - [DEBUG] ||| print_pe_metadata ||| pred_in_opID: [None, None]
2026-06-19 16:00:34.843 - [DEBUG] ||| print_pe_metadata ||| pred_out_opID: [None, None]
2026-06-19 16:00:34.843 - [DEBUG] ||| print_pe_metadata ||| pe_meta[226]:
2026-06-19 16:00:34.843 - [DEBUG] ||| print_pe_metadata ||| opcode: [(['2'], 'store', '3')]
2026-06-19 16:00:34.843 - [DEBUG] ||| print_pe_metadata ||| data_in_opID: [None, None, '2', None]
2026-06-19 16:00:34.843 - [DEBUG] ||| print_pe_metadata ||| data_out_opID: [None, None, None, None]
2026-06-19 16:00:34.843 - [DEBUG] ||| print_pe_metadata ||| pred_in_opID: [None, None]
2026-06-19 16:00:34.844 - [DEBUG] ||| print_pe_metadata ||| pred_out_opID: [None, None]
2026-06-19 16:00:34.844 - [DEBUG] ||| print_pe_metadata ||| pe_meta[355]:
2026-06-19 16:00:34.844 - [DEBUG] ||| print_pe_metadata ||| opcode: [(['0', '4'], 'add', '5')]
2026-06-19 16:00:34.845 - [DEBUG] ||| print_pe_metadata ||| data_in_opID: [None, None, '4', None]
2026-06-19 16:00:34.845 - [DEBUG] ||| print_pe_metadata ||| data_out_opID: [None, None, '5', None]
2026-06-19 16:00:34.845 - [DEBUG] ||| print_pe_metadata ||| pred_in_opID: [None, '0']
2026-06-19 16:00:34.845 - [DEBUG] ||| print_pe_metadata ||| pred_out_opID: [None, None]
2026-06-19 16:00:34.845 - [DEBUG] ||| print_pe_metadata ||| pe_meta[228]:
2026-06-19 16:00:34.846 - [DEBUG] ||| print_pe_metadata ||| opcode: [(['2', '5'], 'add', '6')]
2026-06-19 16:00:34.846 - [DEBUG] ||| print_pe_metadata ||| data_in_opID: [None, None, '5', '2']
2026-06-19 16:00:34.846 - [DEBUG] ||| print_pe_metadata ||| data_out_opID: [None, None, '6', '6']
2026-06-19 16:00:34.846 - [DEBUG] ||| print_pe_metadata ||| pred_in_opID: [None, None]
2026-06-19 16:00:34.846 - [DEBUG] ||| print_pe_metadata ||| pred_out_opID: [None, None]
2026-06-19 16:00:34.846 - [DEBUG] ||| print_pe_metadata ||| pe_meta[357]:
2026-06-19 16:00:34.847 - [DEBUG] ||| print_pe_metadata ||| opcode: [(['8'], 'load', '11')]
2026-06-19 16:00:34.847 - [DEBUG] ||| print_pe_metadata ||| data_in_opID: [None, None, '8', None]
2026-06-19 16:00:34.847 - [DEBUG] ||| print_pe_metadata ||| data_out_opID: [None, None, '11', None]
2026-06-19 16:00:34.847 - [DEBUG] ||| print_pe_metadata ||| pred_in_opID: [None, None]
2026-06-19 16:00:34.847 - [DEBUG] ||| print_pe_metadata ||| pred_out_opID: [None, None]
2026-06-19 16:00:34.847 - [DEBUG] ||| print_pe_metadata ||| pe_meta[360]:
2026-06-19 16:00:34.848 - [DEBUG] ||| print_pe_metadata ||| opcode: [(['13'], 'load', '16')]
2026-06-19 16:00:34.848 - [DEBUG] ||| print_pe_metadata ||| data_in_opID: [None, None, '13', None]
2026-06-19 16:00:34.848 - [DEBUG] ||| print_pe_metadata ||| data_out_opID: [None, None, None, '16']
2026-06-19 16:00:34.848 - [DEBUG] ||| print_pe_metadata ||| pred_in_opID: [None, None]
2026-06-19 16:00:34.848 - [DEBUG] ||| print_pe_metadata ||| pred_out_opID: [None, None]
2026-06-19 16:00:34.848 - [DEBUG] ||| print_pe_metadata ||| pe_meta[232]:
2026-06-19 16:00:34.849 - [DEBUG] ||| print_pe_metadata ||| opcode: [(['11', '16'], 'mul', '17')]
2026-06-19 16:00:34.849 - [DEBUG] ||| print_pe_metadata ||| data_in_opID: [None, None, '11', '16']
2026-06-19 16:00:34.849 - [DEBUG] ||| print_pe_metadata ||| data_out_opID: [None, None, None, '17']
2026-06-19 16:00:34.849 - [DEBUG] ||| print_pe_metadata ||| pred_in_opID: [None, None]
2026-06-19 16:00:34.849 - [DEBUG] ||| print_pe_metadata ||| pred_out_opID: [None, None]
2026-06-19 16:00:34.849 - [DEBUG] ||| print_pe_metadata ||| pe_meta[362]:
2026-06-19 16:00:34.850 - [DEBUG] ||| print_pe_metadata ||| opcode: [(['20'], 'add', '4')]
2026-06-19 16:00:34.850 - [DEBUG] ||| print_pe_metadata ||| data_in_opID: [None, None, '20', None]
2026-06-19 16:00:34.850 - [DEBUG] ||| print_pe_metadata ||| data_out_opID: [None, None, '4', None]
2026-06-19 16:00:34.850 - [DEBUG] ||| print_pe_metadata ||| pred_in_opID: [None, None]
2026-06-19 16:00:34.850 - [DEBUG] ||| print_pe_metadata ||| pred_out_opID: [None, None]
2026-06-19 16:00:34.850 - [DEBUG] ||| print_pe_metadata ||| pe_meta[364]:
2026-06-19 16:00:34.851 - [DEBUG] ||| print_pe_metadata ||| opcode: [(['9'], 'add', '7')]
2026-06-19 16:00:34.851 - [DEBUG] ||| print_pe_metadata ||| data_in_opID: [None, None, '9', None]
2026-06-19 16:00:34.851 - [DEBUG] ||| print_pe_metadata ||| data_out_opID: [None, None, '7', None]
2026-06-19 16:00:34.851 - [DEBUG] ||| print_pe_metadata ||| pred_in_opID: [None, None]
2026-06-19 16:00:34.851 - [DEBUG] ||| print_pe_metadata ||| pred_out_opID: [None, None]
2026-06-19 16:00:34.852 - [DEBUG] ||| print_pe_metadata ||| pe_meta[365]:
2026-06-19 16:00:34.852 - [DEBUG] ||| print_pe_metadata ||| opcode: [(['19'], 'mul', '10')]
2026-06-19 16:00:34.852 - [DEBUG] ||| print_pe_metadata ||| data_in_opID: [None, None, '19', None]
2026-06-19 16:00:34.852 - [DEBUG] ||| print_pe_metadata ||| data_out_opID: [None, None, None, '10']
2026-06-19 16:00:34.852 - [DEBUG] ||| print_pe_metadata ||| pred_in_opID: [None, None]
2026-06-19 16:00:34.852 - [DEBUG] ||| print_pe_metadata ||| pred_out_opID: [None, None]
2026-06-19 16:00:34.853 - [DEBUG] ||| print_pe_metadata ||| pe_meta[237]:
2026-06-19 16:00:34.853 - [DEBUG] ||| print_pe_metadata ||| opcode: [(['14'], 'add', '12')]
2026-06-19 16:00:34.853 - [DEBUG] ||| print_pe_metadata ||| data_in_opID: [None, None, '14', None]
2026-06-19 16:00:34.853 - [DEBUG] ||| print_pe_metadata ||| data_out_opID: [None, None, '12', None]
2026-06-19 16:00:34.853 - [DEBUG] ||| print_pe_metadata ||| pred_in_opID: [None, None]
2026-06-19 16:00:34.853 - [DEBUG] ||| print_pe_metadata ||| pred_out_opID: [None, None]
2026-06-19 16:00:34.854 - [DEBUG] ||| print_pe_metadata ||| pe_meta[366]:
2026-06-19 16:00:34.854 - [DEBUG] ||| print_pe_metadata ||| opcode: [(['19'], 'mul', '14')]
2026-06-19 16:00:34.854 - [DEBUG] ||| print_pe_metadata ||| data_in_opID: [None, None, None, '19']
2026-06-19 16:00:34.854 - [DEBUG] ||| print_pe_metadata ||| data_out_opID: [None, None, '14', None]
2026-06-19 16:00:34.854 - [DEBUG] ||| print_pe_metadata ||| pred_in_opID: [None, None]
2026-06-19 16:00:34.855 - [DEBUG] ||| print_pe_metadata ||| pred_out_opID: [None, None]
2026-06-19 16:00:34.855 - [DEBUG] ||| print_pe_metadata ||| pe_meta[238]:
2026-06-19 16:00:34.855 - [DEBUG] ||| print_pe_metadata ||| opcode: [([], 'mul', '15')]
2026-06-19 16:00:34.855 - [DEBUG] ||| print_pe_metadata ||| data_in_opID: [None, None, None, None]
2026-06-19 16:00:34.855 - [DEBUG] ||| print_pe_metadata ||| data_out_opID: [None, None, None, '15']
2026-06-19 16:00:34.855 - [DEBUG] ||| print_pe_metadata ||| pred_in_opID: [None, None]
2026-06-19 16:00:34.856 - [DEBUG] ||| print_pe_metadata ||| pred_out_opID: [None, None]
2026-06-19 16:00:34.856 - [DEBUG] ||| print_data ||| data_route_pairs: 
 [[[(1, 0), (2, 6), (3, 10), (0, 11), (4, 8), (5, 17), (6, 18), (7, 15), (8, 21), (9, 27), (11, 28), (12, 34), (13, 38), (10, 39), (14, 4), (15, 45), (16, 46), (17, 43), (18, 49), (19, 55), (21, 56), (22, 62), (23, 66), (20, 67), (24, 64), (25, 73), (26, 74), (27, 71), (28, 77), (29, 83), (31, 84), (32, 90), (33, 94), (30, 95), (34, 9), (35, 101), (36, 102), (37, 12), (38, 105), (39, 111)], [(0, 12), (4, 2), (6, 19), (7, 4), (10, 40), (14, 36), (16, 47), (17, 6), (20, 68), (24, 7), (26, 75), (27, 9), (30, 96), (34, 92), (36, 103), (37, 99)]], [[(8, 8), (10, 9), (12, 11), (15, 15), (17, 16), (19, 18), (21, 21), (22, 23), (23, 3), (24, 27), (28, 28), (29, 30), (30, 4), (31, 34), (36, 36), (38, 37), (40, 39), (5, 38), (4, 1), (2, 0), (0, 2), (1, 10), (43, 43), (45, 44), (47, 46), (6, 6), (3, 17), (49, 49), (50, 51), (51, 5), (52, 55), (56, 56), (57, 58), (59, 62), (64, 64), (66, 65), (68, 67), (7, 66), (71, 71), (73, 72), (75, 74), (9, 7), (77, 77), (78, 79), (80, 83), (84, 84), (85, 86), (87, 90), (92, 92), (94, 93), (96, 95), (99, 99), (101, 100), (103, 102), (11, 101), (105, 105), (106, 107), (107, 12), (108, 111)], [(11, 9), (18, 16), (21, 23), (27, 27), (28, 30), (34, 34), (39, 37), (4, 3), (2, 1), (0, 0), (1, 2), (46, 44), (5, 45), (6, 4), (3, 6), (49, 51), (55, 55), (56, 58), (58, 8), (62, 62), (67, 65), (7, 5), (74, 72), (8, 73), (77, 79), (79, 10), (83, 83), (84, 86), (86, 11), (90, 90), (95, 93), (10, 94), (9, 7), (102, 100), (12, 12), (105, 107), (111, 111)]], [[(2, 1), (11, 4), (1, 2), (18, 7), (23, 5), (27, 9), (30, 11), (39, 14), (3, 12), (46, 17), (4, 15), (51, 19), (58, 21), (67, 24), (5, 22), (74, 27), (86, 31), (95, 34), (7, 32), (79, 25), (83, 29), (102, 37), (12, 35), (107, 39)], [(2, 2), (6, 1), (12, 4), (19, 7), (1, 5), (23, 9), (30, 12), (34, 11), (40, 14), (47, 17), (51, 15), (55, 19), (58, 22), (62, 21), (68, 24), (75, 27), (86, 32), (90, 31), (96, 34), (7, 25), (79, 29), (103, 37), (107, 35), (111, 39)]], [[(0, 3), (1, 4), (2, 1), (3, 7), (4, 13), (6, 14), (7, 20), (8, 24), (5, 25), (9, 22), (10, 31), (11, 32), (12, 29), (13, 35), (14, 41), (16, 42), (17, 48), (18, 52), (15, 53), (19, 2), (20, 59), (21, 60), (22, 57), (23, 63), (24, 69), (26, 70), (27, 76), (28, 80), (25, 81), (29, 6), (30, 87), (31, 88), (32, 85), (33, 91), (34, 97), (36, 98), (37, 104), (38, 108), (35, 109), (39, 106)], [(1, 5), (2, 0), (5, 26), (9, 1), (11, 33), (12, 2), (15, 54), (19, 50), (21, 61), (22, 6), (25, 82), (29, 78), (31, 89), (32, 9), (35, 110), (39, 11)]], [[(3, 2), (0, 3), (7, 7), (8, 9), (10, 13), (14, 14), (15, 16), (17, 20), (22, 22), (24, 23), (26, 25), (1, 0), (9, 1), (29, 29), (31, 30), (33, 32), (4, 31), (35, 35), (36, 37), (37, 5), (38, 41), (42, 42), (43, 44), (45, 48), (50, 50), (52, 51), (54, 53), (57, 57), (59, 58), (61, 60), (63, 63), (64, 65), (66, 69), (70, 70), (71, 72), (72, 8), (73, 76), (78, 78), (80, 79), (82, 81), (6, 6), (2, 4), (5, 52), (85, 85), (87, 86), (89, 88), (11, 87), (91, 91), (92, 93), (93, 10), (94, 97), (98, 98), (99, 100), (100, 11), (101, 104), (106, 106), (108, 107), (110, 109), (12, 108)], [(4, 2), (0, 0), (7, 9), (13, 13), (14, 16), (16, 3), (20, 20), (25, 23), (3, 24), (1, 1), (32, 30), (35, 37), (41, 41), (42, 44), (44, 5), (48, 48), (53, 51), (60, 58), (8, 59), (63, 65), (65, 7), (69, 69), (70, 72), (76, 76), (81, 79), (10, 80), (6, 8), (2, 6), (5, 4), (88, 86), (9, 10), (91, 93), (97, 97), (98, 100), (104, 104), (109, 107), (11, 11)]], [[(4, 2), (16, 6), (25, 9), (0, 7), (9, 0), (13, 4), (32, 12), (37, 10), (41, 14), (44, 16), (53, 19), (6, 17), (60, 22), (65, 20), (69, 24), (72, 26), (81, 29), (8, 27), (88, 32), (10, 30), (93, 34), (100, 36), (109, 39), (11, 37)], [(5, 2), (16, 7), (20, 6), (26, 9), (0, 0), (9, 4), (33, 12), (4, 10), (37, 14), (44, 17), (48, 16), (54, 19), (61, 22), (6, 20), (65, 24), (72, 27), (76, 26), (82, 29), (89, 32), (93, 30), (97, 34), (100, 37), (104, 36), (110, 39)]]]
2026-06-19 16:00:34.856 - [DEBUG] ||| print_data ||| pred_route_pairs: 
 [[[(0, 1), (7, 22), (10, 29), (17, 50), (20, 57), (27, 78), (30, 85), (37, 106)]], [[]], [[]], [[(2, 8), (5, 15), (12, 36), (15, 43), (22, 64), (25, 71), (32, 92), (35, 99)]], [[]], [[]]]
2026-06-19 16:00:34.857 - [DEBUG] ||| print_data ||| data_path_scbs: 
 [[[[0, 0, 1, 0, 1, 0, 0, 0, 0, 0, 0, 0, 0, 0, 0, 0, 0, 0, 0, 0, 0, 0, 1, 0, 1, 0, 0, 1, 0, 0, 1, 1, 1, 0, 1, 1, 1, 0, 0, 0, 1, 1, 0, 1, 1, 1, 0, 0, 0, 0, 0, 0, 0, 1, 1, 1, 0, 0, 0, 0, 0, 0, 0, 0], [0, 0, 0, 1, 0, 1, 0, 0, 0, 0, 0, 0, 0, 1, 1, 0, 0, 0, 0, 0, 0, 0, 0, 0, 1, 0, 1, 0, 0, 0, 0, 0, 0, 0, 1, 1, 1, 1, 0, 1, 1, 0, 1, 1, 1, 0, 1, 1, 0, 0, 1, 0, 1, 1, 1, 1, 1, 0, 1, 1, 0, 0, 0, 0], [0, 0, 0, 0, 0, 0, 0, 0, 1, 1, 1, 0, 1, 0, 0, 0, 0, 0, 0, 0, 1, 1, 0, 0, 0, 0, 0, 0, 0, 0, 0, 0, 0, 1, 1, 1, 1, 1, 1, 0, 1, 0, 1, 1, 1, 0, 0, 0, 0, 0, 0, 0, 0, 0, 1, 1, 1, 1, 1, 1, 1, 1, 0, 0], [0, 0, 0, 0, 0, 0, 0, 0, 0, 1, 1, 1, 1, 1, 1, 0, 0, 0, 0, 0, 0, 0, 0, 0, 0, 0, 0, 1, 0, 1, 0, 0, 0, 0, 1, 1, 0, 1, 0, 0, 0, 0, 0, 0, 0, 0, 0, 0, 0, 0, 0, 0, 0, 0, 0, 0, 0, 0, 0, 0, 0, 0, 0, 0], [0, 0, 0, 0, 0, 1, 1, 0, 0, 1, 1, 0, 0, 0, 0, 0, 0, 0, 0, 0, 0, 0, 1, 0, 0, 1, 1, 0, 0, 0, 1, 0, 0, 1, 1, 0, 0, 0, 1, 0, 0, 0, 0, 0, 0, 1, 1, 0, 0, 0, 0, 0, 0, 1, 1, 0, 0, 0, 0, 0, 0, 0, 1, 0], [0, 1, 0, 0, 0, 0, 0, 0, 0, 0, 0, 0, 0, 1, 0, 0, 0, 1, 0, 0, 0, 0, 0, 0, 0, 0, 0, 0, 0, 0, 0, 0, 0, 0, 0, 0, 0, 0, 0, 0, 0, 1, 0, 0, 0, 0, 0, 0, 0, 1, 0, 0, 0, 0, 0, 0, 0, 1, 0, 0, 0, 0, 0, 0], [0, 1, 0, 0, 0, 0, 1, 0, 0, 0, 1, 0, 0, 1, 0, 0, 0, 1, 0, 0, 0, 0, 1, 0, 0, 0, 1, 0, 0, 0, 1, 0, 0, 0, 1, 0, 0, 0, 1, 0, 0, 1, 0, 0, 0, 0, 1, 0, 0, 1, 0, 0, 0, 0, 1, 0, 0, 1, 0, 0, 0, 0, 1, 0], [0, 1, 1, 0, 0, 0, 1, 0, 0, 0, 1, 0, 0, 0, 1, 0, 0, 0, 1, 0, 1, 0, 1, 0, 0, 0, 1, 0, 1, 0, 1, 0, 0, 0, 1, 0, 1, 0, 1, 0, 0, 0, 1, 0, 0, 0, 1, 0, 0, 1, 1, 0, 0, 0, 1, 0, 0, 0, 1, 0, 1, 0, 1, 0], [0, 1, 1, 0, 1, 0, 1, 0, 1, 0, 1, 0, 0, 0, 1, 0, 0, 0, 1, 0, 0, 0, 1, 0, 1, 0, 1, 0, 0, 0, 0, 0, 0, 0, 1, 0, 0, 0, 0, 0, 0, 0, 1, 0, 1, 0, 1, 0, 0, 1, 1, 0, 1, 0, 1, 0, 0, 0, 1, 0, 0, 0, 0, 0], [1, 0, 1, 0, 1, 1, 0, 0, 1, 0, 0, 0, 1, 0, 1, 0, 0, 0, 1, 0, 0, 1, 1, 0, 1, 0, 1, 0, 0, 0, 0, 0, 0, 0, 0, 0, 0, 1, 0, 0, 1, 0, 1, 0, 0, 1, 0, 0, 1, 1, 1, 0, 1, 1, 0, 0, 1, 0, 1, 1, 0, 1, 1, 0], [0, 0, 1, 0, 0, 1, 0, 0, 0, 0, 0, 0, 0, 0, 0, 0, 1, 1, 1, 1, 1, 1, 0, 0, 1, 0, 0, 0, 1, 0, 0, 0, 0, 1, 0, 0, 0, 1, 0, 0, 0, 1, 1, 0, 0, 0, 0, 0, 0, 0, 1, 0, 0, 0, 0, 1, 1, 0, 1, 1, 0, 0, 0, 0], [0, 0, 1, 0, 0, 0, 1, 0, 0, 0, 1, 1, 1, 1, 1, 1, 0, 0, 0, 0, 0, 0, 1, 0, 0, 1, 1, 0, 0, 0, 0, 0, 0, 0, 0, 0, 0, 1, 0, 0, 0, 0, 0, 0, 0, 1, 1, 0, 1, 0, 0, 0, 0, 0, 0, 0, 0, 0, 0, 0, 0, 0, 0, 0], [1, 1, 0, 0, 1, 1, 1, 0, 1, 0, 0, 0, 0, 1, 1, 0, 0, 0, 0, 1, 0, 0, 0, 0, 1, 0, 0, 0, 1, 1, 1, 0, 0, 1, 0, 0, 0, 0, 1, 0, 0, 0, 1, 1, 1, 0, 0, 1, 0, 0, 0, 0, 1, 0, 0, 0, 0, 0, 0, 0, 0, 0, 0, 0]], [[0, 0, 0, 1, 0, 1, 1, 0, 0, 0, 1, 0, 0, 0, 0, 1, 0, 0, 0, 0, 0, 0, 0, 0, 0, 0, 0, 0, 0, 0, 0, 0, 0, 0, 0, 0, 0, 0, 0, 0, 0, 0, 0, 0, 0, 0, 0, 0, 1, 1, 0, 0, 0, 0, 0, 0, 0, 0, 0, 0, 0, 0, 0, 0], [0, 0, 0, 1, 0, 0, 0, 0, 0, 0, 0, 0, 0, 1, 1, 1, 1, 1, 1, 1, 0, 0, 0, 0, 0, 0, 0, 0, 0, 0, 0, 0, 0, 0, 0, 0, 1, 0, 0, 0, 1, 0, 0, 0, 0, 0, 0, 0, 0, 0, 0, 0, 0, 0, 0, 0, 0, 0, 0, 0, 0, 0, 0, 0], [0, 1, 1, 0, 1, 0, 0, 0, 0, 0, 0, 0, 0, 0, 0, 0, 0, 0, 0, 0, 1, 0, 0, 0, 0, 0, 1, 1, 0, 0, 0, 0, 0, 0, 0, 1, 1, 0, 0, 0, 0, 0, 0, 0, 0, 0, 0, 0, 0, 0, 1, 0, 0, 0, 1, 1, 1, 1, 1, 1, 1, 0, 0, 0], [0, 0, 0, 0, 0, 0, 0, 0, 0, 0, 0, 0, 0, 0, 0, 0, 0, 0, 1, 1, 1, 0, 0, 0, 0, 0, 0, 0, 0, 0, 0, 0, 0, 0, 0, 0, 0, 0, 0, 0, 0, 0, 0, 0, 0, 0, 0, 0, 0, 0, 1, 0, 0, 0, 0, 0, 0, 0, 1, 1, 1, 1, 1, 0], [0, 0, 0, 0, 0, 0, 0, 0, 0, 1, 0, 0, 0, 0, 0, 0, 0, 0, 0, 0, 0, 1, 1, 0, 0, 0, 0, 0, 0, 0, 0, 0, 0, 0, 0, 0, 0, 0, 0, 0, 0, 1, 1, 0, 0, 0, 0, 0, 0, 0, 0, 0, 0, 0, 0, 0, 0, 0, 0, 0, 0, 1, 1, 1], [0, 1, 0, 0, 0, 0, 0, 0, 0, 0, 0, 0, 0, 0, 0, 0, 0, 0, 0, 0, 0, 0, 0, 0, 0, 1, 0, 0, 0, 0, 0, 0, 0, 1, 0, 0, 0, 0, 0, 0, 0, 0, 0, 0, 0, 0, 0, 0, 0, 0, 0, 0, 0, 0, 0, 0, 0, 0, 0, 0, 0, 0, 0, 0], [0, 1, 0, 0, 0, 0, 0, 0, 0, 0, 0, 0, 0, 0, 0, 0, 0, 0, 0, 0, 0, 0, 1, 0, 0, 1, 0, 0, 0, 0, 0, 0, 0, 1, 0, 0, 0, 0, 0, 0, 0, 0, 1, 0, 0, 0, 0, 0, 0, 0, 0, 0, 0, 0, 0, 0, 0, 0, 0, 0, 0, 0, 1, 0], [0, 0, 0, 0, 1, 0, 0, 0, 0, 0, 1, 0, 0, 0, 0, 0, 0, 0, 0, 0, 0, 0, 1, 0, 0, 1, 0, 0, 0, 0, 0, 0, 0, 0, 0, 0, 0, 0, 0, 0, 0, 0, 1, 0, 0, 0, 0, 0, 0, 0, 0, 0, 1, 0, 0, 0, 0, 0, 0, 0, 0, 0, 1, 1], [0, 1, 1, 0, 1, 0, 0, 0, 0, 1, 0, 0, 0, 0, 0, 0, 0, 0, 0, 0, 0, 0, 1, 0, 0, 1, 1, 0, 0, 0, 0, 0, 0, 1, 1, 0, 0, 0, 0, 0, 0, 0, 1, 0, 0, 0, 0, 0, 0, 0, 0, 0, 1, 0, 0, 0, 1, 0, 0, 0, 0, 0, 0, 1], [1, 0, 1, 1, 1, 1, 0, 0, 0, 1, 1, 0, 0, 0, 0, 0, 0, 0, 0, 0, 0, 0, 0, 0, 0, 0, 1, 1, 1, 1, 0, 0, 0, 0, 1, 1, 1, 1, 0, 0, 0, 1, 1, 1, 0, 0, 0, 0, 0, 0, 0, 0, 0, 0, 0, 0, 0, 0, 0, 0, 0, 0, 1, 0], [1, 1, 0, 1, 1, 0, 1, 1, 1, 1, 1, 1, 1, 0, 0, 0, 0, 0, 0, 1, 0, 0, 0, 0, 0, 0, 0, 0, 0, 0, 0, 0, 0, 0, 0, 0, 0, 0, 0, 0, 0, 1, 1, 1, 0, 0, 0, 0, 0, 0, 1, 0, 0, 0, 0, 0, 0, 0, 0, 0, 1, 0, 0, 0], [1, 1, 0, 0, 1, 1, 1, 1, 1, 0, 0, 1, 0, 0, 0, 0, 0, 0, 0, 0, 0, 0, 0, 1, 1, 1, 0, 0, 0, 0, 0, 0, 0, 0, 1, 0, 0, 1, 0, 0, 0, 0, 1, 1, 1, 1, 1, 1, 1, 0, 0, 0, 0, 0, 0, 0, 1, 0, 0, 0, 0, 0, 0, 0], [1, 0, 0, 1, 0, 1, 0, 0, 0, 0, 0, 1, 1, 0, 1, 1, 1, 1, 0, 0, 1, 1, 1, 1, 0, 0, 0, 0, 0, 0, 0, 0, 0, 0, 1, 1, 1, 1, 0, 0, 0, 0, 0, 0, 0, 0, 0, 0, 1, 0, 1, 1, 0, 0, 0, 0, 0, 0, 0, 0, 0, 0, 0, 0]]], [[[0, 0, 1, 0, 0, 1, 0, 0, 1, 1, 1, 0, 0, 0, 0, 0, 1, 0, 1, 0, 1, 0, 0, 0, 0, 0, 0, 0, 0, 1, 1, 0, 0, 1, 0, 0, 0, 0, 0, 0, 0, 0, 0, 1, 0, 0, 0, 1, 0, 0, 0, 0, 0, 1, 0, 0, 0, 0, 0, 0, 0, 0, 0, 0], [0, 0, 0, 1, 0, 0, 0, 1, 0, 0, 0, 0, 0, 0, 0, 1, 0, 1, 0, 0, 0, 0, 1, 0, 1, 0, 0, 0, 0, 0, 0, 0, 0, 0, 0, 0, 0, 0, 0, 0, 1, 0, 1, 0, 0, 1, 0, 1, 1, 0, 0, 0, 0, 0, 0, 0, 0, 0, 0, 0, 0, 0, 0, 0], [0, 0, 0, 0, 1, 0, 0, 0, 0, 0, 0, 0, 0, 0, 0, 0, 0, 0, 0, 0, 0, 0, 0, 0, 0, 0, 1, 0, 1, 0, 0, 0, 0, 0, 0, 0, 0, 0, 0, 0, 0, 0, 0, 0, 0, 0, 0, 0, 0, 0, 1, 0, 1, 0, 1, 1, 1, 0, 0, 0, 0, 0, 0, 0], [0, 0, 0, 0, 0, 0, 0, 0, 0, 1, 0, 0, 0, 0, 0, 0, 0, 0, 0, 0, 0, 0, 0, 0, 0, 0, 0, 0, 0, 0, 1, 0, 0, 0, 0, 0, 0, 0, 0, 0, 0, 0, 0, 0, 0, 0, 0, 0, 0, 0, 0, 0, 0, 0, 0, 0, 0, 0, 1, 0, 0, 0, 0, 0], [0, 0, 0, 0, 0, 0, 0, 0, 0, 0, 0, 0, 0, 0, 0, 0, 0, 0, 0, 0, 0, 0, 0, 0, 0, 0, 0, 0, 0, 0, 0, 1, 0, 0, 0, 0, 0, 0, 0, 0, 0, 0, 0, 0, 0, 0, 0, 0, 0, 0, 0, 0, 0, 0, 0, 0, 0, 1, 0, 0, 0, 1, 0, 0], [0, 0, 0, 0, 0, 0, 0, 0, 0, 0, 0, 0, 0, 0, 0, 0, 0, 0, 0, 0, 0, 1, 0, 0, 0, 0, 0, 0, 0, 0, 0, 0, 0, 0, 0, 0, 0, 0, 0, 0, 0, 0, 0, 0, 0, 0, 0, 0, 0, 0, 0, 0, 0, 0, 0, 0, 0, 0, 0, 0, 0, 0, 0, 0], [0, 0, 0, 0, 0, 0, 0, 0, 0, 0, 0, 0, 0, 0, 0, 0, 0, 0, 0, 0, 1, 0, 0, 0, 0, 0, 0, 0, 0, 0, 0, 0, 0, 0, 0, 0, 0, 0, 0, 0, 0, 0, 0, 0, 0, 0, 0, 0, 0, 0, 0, 0, 0, 0, 0, 0, 1, 0, 0, 0, 0, 0, 0, 0], [0, 0, 0, 0, 0, 0, 0, 0, 1, 0, 0, 0, 0, 0, 0, 0, 0, 0, 0, 0, 0, 1, 0, 0, 0, 0, 0, 0, 0, 0, 0, 1, 0, 0, 0, 0, 0, 0, 0, 0, 0, 0, 0, 0, 0, 0, 0, 0, 0, 0, 0, 0, 0, 0, 0, 0, 1, 0, 0, 0, 0, 0, 1, 0], [0, 0, 0, 0, 0, 0, 0, 0, 1, 0, 0, 0, 0, 0, 0, 0, 0, 0, 0, 0, 0, 0, 0, 0, 0, 0, 0, 0, 0, 0, 0, 1, 0, 0, 0, 0, 0, 0, 0, 0, 0, 0, 0, 0, 0, 0, 0, 0, 1, 0, 0, 0, 0, 0, 0, 0, 0, 1, 0, 0, 0, 1, 0, 0], [0, 0, 0, 0, 0, 0, 0, 0, 0, 1, 0, 0, 0, 0, 0, 0, 0, 0, 0, 0, 0, 1, 1, 0, 0, 0, 0, 0, 0, 0, 1, 0, 1, 0, 0, 0, 0, 0, 0, 0, 0, 0, 0, 0, 0, 0, 0, 0, 0, 0, 1, 0, 0, 0, 0, 0, 0, 0, 1, 1, 0, 0, 0, 0], [0, 0, 0, 0, 0, 0, 0, 0, 0, 0, 0, 0, 0, 0, 0, 0, 0, 1, 0, 0, 0, 0, 0, 1, 1, 0, 1, 0, 1, 0, 0, 0, 1, 0, 0, 0, 0, 0, 0, 0, 0, 0, 0, 0, 0, 0, 0, 0, 0, 0, 0, 0, 1, 0, 0, 0, 1, 0, 0, 0, 0, 0, 0, 0], [1, 0, 0, 1, 0, 0, 1, 1, 1, 1, 0, 0, 0, 1, 0, 0, 0, 1, 0, 0, 1, 0, 0, 0, 1, 1, 1, 1, 0, 0, 0, 0, 0, 1, 1, 0, 1, 1, 0, 1, 0, 0, 1, 0, 0, 0, 1, 0, 0, 0, 0, 0, 0, 1, 0, 1, 0, 0, 0, 0, 0, 0, 0, 0], [0, 0, 0, 0, 0, 1, 0, 0, 0, 0, 1, 1, 1, 1, 0, 1, 0, 1, 1, 0, 1, 0, 1, 1, 0, 1, 0, 1, 0, 1, 0, 0, 0, 1, 0, 0, 1, 1, 0, 1, 1, 1, 0, 1, 1, 0, 0, 1, 0, 0, 1, 1, 0, 0, 1, 1, 0, 0, 0, 0, 0, 0, 0, 0]], [[0, 1, 0, 0, 0, 1, 0, 0, 0, 1, 0, 1, 0, 0, 0, 0, 0, 0, 0, 0, 0, 0, 0, 0, 0, 0, 0, 1, 1, 1, 0, 0, 0, 0, 0, 0, 0, 1, 1, 1, 0, 0, 0, 1, 1, 0, 1, 0, 0, 0, 0, 1, 0, 1, 0, 0, 0, 0, 0, 0, 0, 0, 0, 0], [0, 1, 0, 0, 0, 0, 0, 0, 0, 0, 0, 0, 0, 0, 0, 0, 0, 0, 1, 1, 0, 0, 0, 0, 0, 0, 0, 0, 0, 0, 0, 0, 0, 0, 0, 0, 0, 0, 0, 0, 0, 0, 0, 1, 1, 1, 1, 0, 0, 0, 0, 0, 0, 0, 1, 1, 0, 0, 0, 0, 0, 0, 0, 0], [0, 0, 0, 0, 0, 0, 0, 0, 0, 1, 0, 0, 0, 0, 0, 0, 0, 0, 0, 0, 0, 0, 0, 0, 0, 0, 0, 0, 0, 0, 0, 0, 0, 1, 0, 0, 0, 0, 0, 1, 0, 0, 0, 0, 0, 0, 0, 0, 0, 0, 0, 0, 0, 0, 0, 0, 0, 0, 1, 0, 0, 0, 0, 0], [0, 0, 0, 0, 0, 0, 0, 0, 0, 0, 0, 0, 0, 0, 0, 0, 0, 0, 0, 0, 0, 0, 0, 0, 0, 0, 0, 0, 0, 0, 0, 0, 0, 0, 0, 0, 0, 0, 0, 0, 0, 0, 1, 1, 0, 0, 0, 0, 0, 0, 0, 0, 0, 1, 0, 0, 0, 0, 0, 0, 0, 0, 0, 0], [0, 0, 0, 0, 0, 0, 0, 0, 0, 0, 0, 0, 0, 0, 0, 0, 0, 0, 0, 0, 0, 0, 0, 0, 0, 0, 0, 0, 0, 0, 0, 0, 0, 0, 0, 0, 0, 0, 0, 0, 0, 1, 0, 0, 0, 0, 0, 0, 0, 0, 0, 0, 0, 0, 1, 0, 0, 0, 0, 0, 0, 0, 0, 0], [0, 0, 0, 0, 0, 0, 0, 0, 0, 0, 0, 0, 0, 0, 0, 0, 0, 0, 0, 0, 0, 0, 0, 0, 0, 0, 0, 0, 0, 0, 0, 0, 0, 0, 0, 0, 0, 0, 0, 0, 0, 0, 0, 0, 0, 0, 0, 0, 0, 0, 0, 0, 0, 0, 0, 0, 0, 0, 0, 0, 0, 0, 0, 0], [0, 0, 0, 0, 1, 0, 0, 0, 0, 0, 0, 0, 0, 0, 0, 0, 0, 0, 0, 0, 0, 0, 0, 0, 0, 0, 0, 0, 0, 0, 0, 0, 0, 0, 0, 0, 0, 0, 0, 0, 0, 0, 0, 0, 0, 0, 0, 0, 0, 0, 0, 0, 1, 0, 0, 0, 0, 0, 0, 0, 0, 0, 0, 0], [0, 0, 0, 0, 0, 0, 0, 0, 0, 0, 0, 0, 0, 0, 0, 0, 0, 0, 0, 0, 0, 0, 0, 0, 0, 0, 0, 0, 0, 0, 0, 0, 0, 0, 0, 0, 0, 0, 0, 0, 1, 0, 0, 0, 0, 0, 0, 0, 0, 0, 0, 0, 0, 0, 0, 0, 0, 0, 0, 0, 0, 0, 0, 0], [0, 0, 0, 0, 0, 0, 0, 0, 0, 0, 0, 0, 0, 0, 0, 0, 0, 0, 0, 0, 0, 0, 0, 0, 0, 0, 0, 0, 0, 0, 0, 0, 0, 0, 0, 0, 0, 0, 0, 0, 0, 0, 0, 0, 0, 0, 0, 0, 0, 0, 0, 0, 0, 0, 1, 0, 0, 0, 0, 0, 0, 0, 0, 0], [0, 0, 0, 0, 0, 0, 0, 0, 0, 0, 0, 0, 0, 0, 0, 0, 0, 0, 0, 0, 0, 0, 0, 0, 0, 0, 0, 0, 0, 0, 0, 0, 0, 0, 0, 0, 0, 0, 0, 0, 1, 0, 1, 0, 0, 0, 0, 0, 0, 0, 0, 0, 0, 0, 0, 0, 0, 0, 0, 0, 0, 0, 0, 0], [0, 0, 0, 0, 0, 0, 0, 0, 0, 0, 0, 0, 0, 0, 0, 0, 1, 0, 0, 0, 0, 0, 0, 0, 0, 0, 0, 0, 0, 0, 0, 0, 0, 1, 0, 0, 0, 0, 1, 1, 0, 0, 0, 0, 0, 0, 0, 0, 0, 0, 0, 0, 0, 0, 0, 0, 0, 0, 1, 1, 0, 0, 0, 0], [0, 0, 1, 0, 0, 0, 0, 1, 0, 0, 0, 1, 0, 0, 0, 0, 0, 0, 0, 0, 0, 1, 0, 0, 0, 0, 0, 0, 0, 0, 0, 0, 1, 1, 0, 0, 1, 1, 0, 0, 0, 1, 0, 0, 0, 0, 0, 0, 1, 0, 1, 0, 0, 0, 0, 0, 0, 1, 1, 0, 0, 0, 0, 0], [0, 1, 0, 0, 1, 0, 0, 0, 1, 1, 0, 0, 0, 0, 1, 0, 0, 0, 0, 1, 0, 0, 0, 0, 1, 0, 1, 1, 1, 1, 0, 0, 0, 1, 0, 0, 1, 0, 0, 1, 0, 0, 1, 0, 0, 0, 0, 1, 0, 0, 1, 1, 0, 0, 0, 0, 0, 0, 0, 0, 0, 0, 0, 0]]], [[[0, 1, 0, 0, 1, 1, 0, 1, 1, 0, 0, 0, 0, 0, 1, 0, 0, 0, 0, 0, 1, 1, 1, 0, 0, 0, 1, 1, 1, 0, 0, 0, 0, 0, 1, 1, 1, 0, 0, 1, 0, 0, 0, 0, 0, 0, 0, 0, 0, 0, 0, 1, 1, 1, 0, 0, 0, 0, 0, 0, 0, 0, 0, 0], [0, 0, 0, 1, 1, 1, 0, 0, 0, 0, 0, 0, 1, 1, 1, 0, 0, 0, 0, 1, 0, 1, 0, 0, 0, 0, 0, 0, 0, 0, 0, 0, 0, 0, 1, 0, 1, 1, 0, 0, 0, 0, 1, 1, 1, 0, 0, 0, 0, 1, 1, 1, 1, 0, 0, 1, 0, 0, 0, 0, 0, 0, 0, 0], [0, 0, 1, 1, 1, 1, 1, 0, 0, 0, 1, 0, 0, 0, 0, 0, 0, 0, 1, 0, 1, 1, 0, 0, 0, 1, 1, 1, 1, 0, 0, 0, 0, 0, 0, 1, 1, 1, 0, 0, 0, 0, 1, 1, 0, 0, 0, 0, 0, 1, 1, 0, 0, 0, 0, 0, 1, 1, 1, 1, 1, 0, 0, 0], [0, 0, 0, 0, 1, 0, 0, 0, 0, 1, 1, 1, 1, 0, 0, 0, 0, 0, 0, 1, 1, 1, 1, 0, 0, 0, 0, 0, 0, 0, 0, 0, 0, 0, 0, 1, 1, 1, 0, 0, 0, 0, 0, 0, 0, 1, 0, 0, 0, 0, 0, 0, 0, 0, 1, 0, 0, 0, 0, 0, 1, 0, 0, 0], [0, 0, 0, 0, 0, 0, 0, 0, 0, 0, 1, 0, 0, 0, 0, 0, 0, 0, 0, 1, 0, 1, 0, 0, 0, 0, 0, 0, 0, 1, 0, 0, 0, 0, 0, 0, 0, 0, 0, 0, 0, 0, 0, 0, 0, 0, 0, 0, 0, 0, 0, 0, 0, 0, 0, 1, 0, 0, 0, 0, 0, 0, 1, 0], [0, 0, 0, 1, 0, 0, 0, 0, 0, 0, 0, 1, 0, 0, 0, 0, 0, 0, 0, 0, 0, 0, 0, 0, 0, 0, 0, 0, 0, 1, 0, 0, 0, 0, 0, 1, 0, 0, 0, 0, 0, 0, 0, 0, 0, 0, 0, 1, 0, 0, 0, 0, 0, 0, 0, 0, 0, 0, 0, 0, 0, 0, 0, 1], [0, 0, 0, 1, 0, 0, 0, 0, 0, 0, 0, 1, 0, 0, 0, 0, 0, 0, 0, 1, 0, 0, 0, 0, 0, 0, 0, 0, 0, 1, 0, 0, 0, 0, 0, 1, 0, 0, 0, 0, 0, 0, 0, 0, 0, 0, 0, 1, 0, 0, 0, 0, 0, 0, 0, 1, 0, 0, 0, 0, 0, 0, 0, 1], [0, 0, 1, 1, 0, 0, 1, 0, 0, 0, 1, 1, 0, 0, 0, 0, 0, 0, 0, 1, 0, 0, 1, 0, 0, 0, 0, 0, 1, 1, 0, 0, 0, 0, 0, 1, 0, 0, 1, 0, 0, 0, 0, 0, 0, 0, 1, 1, 0, 0, 0, 0, 0, 0, 0, 1, 1, 0, 0, 0, 0, 0, 1, 1], [0, 1, 1, 0, 0, 1, 0, 0, 0, 1, 1, 0, 1, 0, 0, 0, 0, 1, 1, 1, 0, 1, 0, 0, 0, 0, 0, 0, 1, 0, 0, 0, 0, 1, 1, 0, 0, 1, 0, 0, 1, 0, 0, 0, 0, 1, 1, 0, 0, 0, 0, 0, 1, 1, 1, 1, 0, 0, 0, 0, 0, 1, 1, 0], [0, 1, 0, 0, 0, 0, 0, 0, 1, 1, 0, 0, 0, 0, 0, 0, 1, 1, 0, 0, 0, 0, 0, 0, 0, 0, 1, 1, 1, 0, 0, 0, 0, 1, 0, 0, 0, 0, 0, 0, 0, 0, 1, 1, 1, 1, 0, 0, 0, 1, 1, 1, 1, 1, 1, 0, 1, 0, 0, 1, 1, 0, 0, 0], [0, 0, 1, 1, 0, 0, 0, 0, 0, 0, 0, 0, 0, 0, 0, 0, 1, 1, 0, 1, 1, 0, 0, 0, 0, 0, 0, 0, 0, 0, 0, 0, 0, 0, 0, 0, 0, 0, 0, 0, 0, 0, 0, 0, 0, 0, 0, 0, 0, 0, 0, 1, 1, 1, 0, 0, 0, 0, 0, 0, 0, 0, 0, 0], [0, 1, 0, 1, 1, 0, 0, 1, 0, 0, 1, 0, 0, 0, 0, 0, 0, 0, 0, 0, 0, 0, 1, 1, 1, 1, 1, 0, 0, 0, 0, 0, 1, 0, 1, 0, 1, 1, 1, 0, 1, 1, 0, 0, 0, 0, 0, 0, 0, 0, 0, 0, 0, 0, 0, 0, 1, 1, 0, 0, 0, 0, 0, 0], [0, 1, 0, 1, 0, 1, 0, 1, 1, 0, 1, 1, 1, 1, 0, 1, 1, 1, 0, 1, 0, 0, 0, 0, 0, 0, 0, 0, 0, 0, 0, 0, 0, 0, 0, 0, 0, 0, 0, 0, 0, 0, 1, 1, 0, 1, 1, 1, 1, 0, 0, 0, 0, 0, 0, 0, 0, 0, 0, 0, 0, 0, 0, 0]], [[0, 0, 0, 1, 1, 0, 0, 0, 0, 0, 0, 1, 0, 0, 0, 1, 0, 0, 0, 0, 1, 0, 0, 0, 1, 1, 0, 1, 0, 1, 0, 0, 0, 0, 1, 0, 0, 1, 0, 0, 0, 0, 0, 1, 1, 0, 0, 0, 0, 0, 0, 0, 0, 0, 1, 1, 0, 0, 0, 0, 0, 0, 0, 0], [0, 0, 0, 1, 0, 0, 0, 0, 1, 0, 0, 0, 0, 1, 0, 0, 0, 0, 1, 0, 0, 0, 0, 0, 0, 0, 0, 0, 0, 0, 0, 0, 0, 1, 0, 0, 0, 1, 1, 1, 0, 0, 1, 1, 0, 0, 0, 1, 1, 0, 0, 0, 1, 1, 0, 0, 0, 1, 0, 0, 0, 0, 0, 0], [0, 0, 0, 0, 1, 1, 1, 0, 0, 1, 1, 1, 0, 0, 0, 0, 0, 0, 0, 0, 0, 0, 0, 0, 0, 0, 0, 0, 0, 0, 0, 0, 0, 0, 0, 0, 0, 1, 0, 0, 0, 0, 0, 1, 1, 0, 0, 0, 0, 0, 1, 0, 0, 0, 0, 1, 0, 1, 0, 0, 0, 1, 0, 0], [0, 0, 0, 1, 1, 1, 0, 0, 0, 0, 1, 1, 1, 0, 0, 0, 0, 0, 0, 1, 1, 1, 0, 0, 0, 0, 0, 0, 1, 1, 1, 0, 0, 0, 0, 1, 1, 1, 0, 0, 0, 0, 0, 0, 0, 1, 0, 0, 0, 0, 0, 1, 1, 0, 0, 0, 0, 1, 0, 1, 0, 0, 0, 0], [0, 0, 0, 1, 0, 0, 0, 0, 0, 0, 1, 0, 0, 1, 0, 0, 0, 0, 0, 0, 0, 0, 0, 0, 0, 0, 0, 1, 0, 0, 0, 0, 0, 0, 0, 1, 0, 1, 0, 0, 0, 0, 1, 0, 0, 0, 0, 0, 0, 0, 1, 0, 0, 1, 0, 0, 0, 0, 0, 0, 0, 0, 0, 1], [0, 0, 0, 0, 0, 0, 0, 0, 0, 0, 0, 1, 0, 0, 0, 0, 0, 0, 0, 1, 0, 0, 0, 0, 0, 0, 0, 0, 0, 0, 0, 0, 0, 0, 0, 0, 0, 0, 0, 0, 0, 0, 0, 1, 0, 0, 0, 1, 0, 0, 0, 1, 0, 0, 0, 0, 0, 0, 0, 0, 0, 0, 0, 0], [0, 0, 0, 1, 0, 0, 0, 0, 0, 0, 0, 1, 0, 0, 0, 0, 0, 0, 0, 1, 0, 0, 0, 0, 0, 0, 0, 1, 0, 0, 0, 0, 0, 0, 0, 1, 0, 0, 0, 0, 0, 0, 0, 1, 0, 0, 0, 1, 0, 0, 0, 1, 0, 0, 0, 0, 0, 0, 0, 0, 0, 0, 0, 1], [0, 0, 0, 1, 0, 0, 1, 0, 0, 0, 1, 1, 0, 0, 1, 0, 0, 0, 1, 1, 0, 0, 1, 0, 0, 0, 0, 1, 0, 0, 1, 0, 0, 0, 0, 1, 0, 0, 1, 0, 0, 0, 1, 1, 0, 0, 0, 1, 0, 0, 1, 1, 0, 0, 1, 0, 0, 0, 1, 0, 0, 0, 0, 1], [0, 1, 1, 1, 0, 1, 0, 0, 0, 1, 1, 0, 1, 1, 0, 0, 0, 1, 1, 0, 1, 1, 0, 0, 1, 1, 1, 1, 0, 1, 0, 0, 0, 1, 1, 1, 0, 1, 0, 0, 0, 1, 1, 0, 1, 1, 1, 0, 0, 1, 1, 0, 1, 1, 0, 0, 0, 1, 0, 0, 1, 1, 1, 1], [0, 1, 0, 0, 0, 0, 0, 0, 0, 1, 0, 0, 0, 0, 0, 0, 0, 1, 0, 0, 0, 0, 0, 0, 1, 1, 0, 0, 0, 0, 0, 0, 0, 1, 0, 0, 0, 0, 0, 0, 0, 1, 1, 0, 0, 1, 0, 0, 0, 1, 0, 0, 0, 0, 0, 0, 1, 0, 1, 0, 1, 1, 1, 0], [0, 1, 0, 1, 0, 0, 0, 0, 0, 0, 0, 0, 0, 0, 0, 0, 0, 1, 0, 1, 0, 0, 0, 0, 1, 0, 0, 0, 1, 1, 0, 0, 1, 0, 0, 1, 1, 1, 0, 1, 1, 1, 0, 0, 0, 0, 0, 0, 0, 1, 0, 1, 1, 0, 0, 1, 1, 0, 1, 1, 1, 1, 0, 0], [0, 1, 1, 0, 1, 1, 1, 0, 1, 0, 0, 0, 1, 1, 1, 1, 1, 1, 0, 0, 1, 1, 1, 1, 0, 1, 1, 1, 0, 0, 0, 0, 0, 0, 1, 0, 0, 0, 0, 1, 0, 0, 0, 0, 0, 0, 0, 0, 0, 0, 0, 0, 0, 0, 0, 0, 0, 0, 1, 0, 0, 0, 0, 0], [0, 0, 0, 0, 1, 1, 1, 1, 0, 1, 1, 1, 1, 1, 0, 1, 1, 0, 0, 1, 1, 1, 1, 1, 0, 1, 1, 1, 0, 0, 0, 0, 0, 1, 1, 0, 1, 1, 1, 0, 0, 1, 1, 0, 0, 0, 0, 0, 0, 0, 1, 1, 1, 0, 0, 0, 0, 0, 0, 0, 0, 0, 0, 0]]], [[[0, 0, 0, 1, 0, 0, 1, 0, 1, 0, 0, 1, 1, 0, 1, 0, 1, 0, 1, 0, 1, 0, 0, 1, 0, 0, 1, 0, 0, 0, 0, 0, 1, 0, 0, 1, 1, 1, 1, 1, 1, 1, 1, 1, 1, 0, 0, 0, 0, 0, 0, 1, 0, 0, 1, 0, 0, 0, 0, 0, 0, 0, 0, 0], [0, 0, 0, 0, 0, 0, 1, 1, 0, 0, 0, 0, 0, 0, 0, 0, 0, 0, 0, 0, 0, 0, 0, 0, 1, 1, 0, 1, 0, 0, 0, 0, 0, 0, 1, 1, 1, 0, 0, 0, 1, 0, 1, 1, 0, 0, 0, 0, 0, 0, 0, 0, 0, 1, 1, 1, 0, 0, 0, 0, 0, 0, 0, 0], [0, 0, 0, 0, 0, 1, 0, 1, 0, 1, 1, 1, 1, 1, 0, 0, 0, 0, 0, 0, 0, 0, 0, 0, 0, 0, 0, 0, 0, 1, 0, 0, 0, 0, 1, 0, 0, 0, 0, 0, 0, 0, 1, 1, 0, 0, 0, 0, 0, 0, 0, 0, 1, 1, 1, 0, 1, 1, 0, 1, 0, 0, 0, 0], [0, 0, 0, 0, 0, 0, 0, 0, 0, 0, 0, 0, 0, 0, 0, 0, 0, 0, 0, 0, 0, 0, 0, 0, 0, 0, 1, 1, 1, 1, 1, 0, 0, 0, 0, 0, 0, 0, 0, 0, 0, 0, 0, 1, 1, 0, 0, 0, 0, 0, 0, 0, 0, 0, 0, 0, 0, 0, 0, 0, 0, 0, 0, 0], [0, 0, 0, 0, 0, 1, 1, 0, 0, 0, 0, 0, 0, 0, 1, 0, 0, 0, 0, 0, 0, 1, 1, 0, 0, 1, 0, 0, 0, 1, 1, 1, 0, 0, 0, 0, 0, 0, 1, 0, 0, 0, 0, 0, 0, 0, 1, 0, 0, 0, 0, 0, 0, 1, 1, 0, 0, 0, 0, 0, 0, 1, 1, 0], [0, 1, 0, 0, 0, 0, 0, 0, 0, 1, 0, 0, 0, 0, 0, 0, 0, 1, 0, 0, 0, 0, 0, 0, 0, 0, 0, 0, 0, 0, 0, 1, 0, 1, 0, 0, 0, 0, 0, 0, 0, 1, 0, 0, 0, 0, 0, 0, 0, 1, 0, 0, 0, 0, 0, 0, 0, 1, 0, 0, 0, 0, 0, 0], [0, 1, 0, 0, 0, 0, 1, 0, 0, 1, 0, 0, 0, 0, 1, 0, 0, 1, 0, 0, 0, 0, 1, 0, 0, 0, 0, 0, 0, 0, 0, 1, 0, 1, 0, 0, 0, 0, 1, 0, 0, 1, 0, 0, 0, 0, 1, 0, 0, 1, 0, 0, 0, 0, 1, 0, 0, 1, 0, 0, 0, 0, 1, 0], [0, 1, 1, 0, 0, 0, 1, 0, 0, 0, 1, 0, 1, 0, 1, 0, 0, 0, 1, 0, 0, 0, 1, 0, 0, 0, 1, 0, 1, 0, 0, 0, 0, 0, 1, 0, 1, 0, 1, 0, 0, 0, 0, 0, 1, 0, 1, 0, 0, 0, 1, 0, 0, 0, 1, 0, 0, 1, 1, 0, 0, 0, 1, 0], [0, 0, 1, 0, 1, 0, 1, 0, 0, 0, 1, 0, 0, 0, 0, 0, 0, 0, 1, 0, 1, 0, 0, 0, 1, 0, 0, 0, 1, 0, 0, 1, 0, 0, 1, 0, 0, 0, 1, 0, 1, 1, 1, 0, 0, 1, 0, 0, 0, 1, 1, 0, 1, 0, 1, 0, 0, 0, 1, 0, 1, 0, 0, 0], [0, 0, 1, 0, 1, 1, 0, 0, 1, 0, 1, 1, 0, 1, 1, 0, 0, 0, 1, 0, 0, 1, 0, 0, 1, 0, 0, 1, 0, 0, 0, 0, 0, 0, 1, 1, 1, 1, 1, 0, 0, 1, 0, 1, 0, 1, 0, 0, 0, 1, 1, 0, 0, 1, 1, 0, 1, 0, 1, 1, 0, 0, 0, 0], [0, 0, 0, 0, 1, 0, 0, 1, 1, 0, 0, 0, 0, 1, 0, 0, 0, 0, 0, 1, 0, 1, 1, 0, 1, 1, 0, 0, 0, 0, 0, 0, 1, 0, 0, 1, 0, 0, 0, 1, 1, 0, 1, 0, 1, 1, 0, 0, 1, 0, 1, 0, 0, 0, 0, 1, 0, 1, 0, 1, 1, 0, 0, 0], [1, 0, 1, 0, 0, 1, 0, 0, 1, 0, 1, 1, 0, 1, 1, 0, 1, 1, 0, 0, 1, 1, 1, 0, 1, 0, 0, 1, 0, 0, 0, 0, 1, 0, 0, 0, 0, 0, 0, 1, 0, 0, 0, 1, 1, 0, 1, 0, 0, 0, 0, 1, 0, 1, 1, 1, 1, 0, 0, 0, 0, 0, 0, 0], [1, 1, 1, 0, 0, 0, 1, 1, 0, 0, 0, 1, 0, 0, 0, 1, 1, 1, 0, 0, 1, 1, 0, 0, 0, 0, 0, 0, 0, 1, 1, 1, 0, 0, 0, 0, 0, 0, 1, 0, 1, 0, 0, 1, 1, 1, 0, 0, 1, 1, 0, 0, 0, 1, 0, 0, 0, 0, 0, 0, 0, 0, 0, 0]], [[0, 1, 0, 0, 1, 0, 1, 1, 0, 1, 0, 1, 1, 0, 0, 1, 1, 0, 1, 1, 0, 0, 0, 0, 0, 0, 0, 0, 0, 0, 1, 1, 1, 0, 0, 0, 0, 0, 0, 0, 0, 0, 0, 0, 0, 1, 1, 1, 1, 1, 1, 1, 1, 1, 1, 1, 0, 0, 0, 0, 0, 0, 0, 0], [0, 0, 1, 1, 0, 1, 0, 0, 1, 1, 0, 0, 0, 0, 0, 0, 0, 0, 0, 0, 0, 1, 1, 0, 0, 0, 0, 0, 0, 0, 0, 0, 0, 0, 0, 0, 0, 0, 0, 0, 0, 0, 0, 0, 0, 0, 0, 0, 0, 0, 0, 0, 1, 1, 1, 1, 1, 1, 1, 1, 0, 0, 0, 0], [0, 0, 0, 0, 0, 0, 0, 0, 0, 0, 0, 0, 0, 0, 0, 0, 0, 1, 0, 0, 0, 0, 0, 1, 1, 1, 1, 1, 0, 0, 0, 0, 0, 0, 0, 1, 1, 0, 0, 0, 0, 0, 0, 0, 0, 0, 0, 0, 0, 1, 0, 1, 0, 0, 0, 0, 0, 0, 0, 0, 0, 0, 0, 0], [0, 0, 1, 1, 1, 1, 0, 0, 0, 0, 1, 1, 0, 0, 0, 0, 0, 0, 0, 0, 0, 0, 0, 0, 0, 0, 1, 1, 1, 1, 0, 0, 0, 0, 1, 1, 1, 0, 0, 0, 0, 0, 0, 0, 0, 0, 0, 0, 0, 0, 0, 0, 0, 0, 0, 0, 0, 1, 1, 0, 0, 0, 0, 0], [0, 0, 0, 0, 0, 1, 1, 0, 0, 0, 0, 0, 0, 0, 0, 0, 0, 1, 0, 0, 0, 0, 0, 0, 0, 0, 0, 0, 0, 1, 1, 0, 0, 0, 0, 0, 0, 1, 1, 0, 0, 1, 0, 0, 0, 0, 0, 0, 0, 0, 0, 0, 0, 0, 0, 0, 0, 0, 0, 0, 0, 0, 0, 0], [0, 0, 0, 0, 0, 0, 0, 0, 0, 0, 0, 0, 0, 0, 0, 0, 0, 0, 0, 0, 0, 0, 0, 0, 0, 0, 0, 0, 0, 0, 0, 0, 0, 0, 0, 0, 0, 0, 0, 0, 0, 0, 0, 0, 0, 0, 0, 0, 0, 1, 0, 0, 0, 0, 0, 0, 0, 0, 0, 0, 0, 0, 0, 0], [0, 0, 0, 0, 0, 0, 1, 0, 0, 0, 0, 0, 0, 0, 0, 0, 0, 0, 0, 0, 0, 0, 0, 0, 0, 0, 0, 0, 0, 0, 1, 0, 0, 0, 0, 0, 0, 0, 1, 0, 0, 0, 0, 0, 0, 0, 0, 0, 0, 1, 0, 0, 0, 0, 0, 0, 0, 0, 0, 0, 0, 0, 0, 0], [0, 0, 0, 0, 0, 0, 1, 0, 0, 0, 0, 0, 1, 0, 0, 0, 0, 0, 1, 0, 0, 0, 0, 0, 0, 0, 0, 0, 0, 0, 1, 0, 0, 0, 0, 0, 0, 0, 1, 0, 0, 0, 1, 0, 0, 0, 0, 0, 0, 0, 0, 0, 0, 0, 0, 0, 0, 0, 0, 0, 1, 0, 0, 0], [0, 0, 0, 0, 0, 0, 0, 0, 0, 0, 0, 0, 0, 1, 0, 0, 0, 0, 0, 0, 0, 0, 0, 0, 0, 0, 0, 0, 0, 0, 0, 0, 0, 0, 0, 0, 0, 0, 1, 0, 1, 0, 0, 0, 0, 0, 0, 0, 0, 1, 1, 0, 0, 0, 0, 0, 0, 0, 0, 0, 1, 0, 0, 0], [0, 0, 0, 0, 0, 1, 0, 0, 0, 0, 0, 1, 0, 0, 0, 0, 0, 1, 1, 0, 0, 0, 0, 0, 1, 0, 0, 0, 0, 0, 0, 0, 0, 0, 0, 0, 0, 0, 0, 0, 1, 1, 1, 1, 0, 0, 0, 0, 0, 0, 1, 1, 1, 1, 1, 0, 1, 0, 1, 0, 0, 0, 0, 0], [0, 1, 0, 1, 0, 0, 0, 1, 1, 1, 0, 0, 0, 0, 0, 0, 1, 1, 1, 0, 0, 0, 0, 0, 0, 0, 0, 1, 0, 0, 0, 0, 1, 1, 0, 1, 0, 0, 0, 0, 1, 1, 0, 0, 0, 0, 0, 0, 0, 1, 0, 0, 1, 1, 1, 1, 1, 1, 1, 1, 1, 1, 0, 0], [1, 1, 1, 0, 0, 0, 0, 0, 0, 0, 0, 0, 0, 1, 0, 0, 0, 0, 0, 0, 1, 0, 1, 0, 0, 0, 0, 0, 0, 0, 0, 0, 1, 0, 0, 0, 0, 0, 1, 0, 1, 1, 1, 1, 1, 1, 1, 0, 0, 0, 0, 1, 0, 0, 0, 0, 0, 0, 0, 0, 0, 0, 0, 0], [1, 1, 0, 1, 0, 1, 1, 0, 0, 1, 0, 0, 0, 1, 0, 0, 0, 1, 1, 1, 1, 1, 1, 1, 1, 0, 0, 0, 0, 0, 0, 0, 0, 0, 0, 0, 0, 0, 0, 1, 1, 0, 0, 0, 1, 0, 0, 0, 0, 0, 0, 0, 0, 0, 0, 1, 0, 0, 0, 0, 0, 0, 0, 0]]], [[[0, 0, 1, 0, 1, 0, 0, 0, 1, 0, 0, 0, 1, 0, 0, 1, 1, 1, 0, 0, 0, 0, 1, 0, 0, 0, 1, 1, 0, 0, 0, 0, 1, 0, 1, 1, 0, 1, 1, 0, 1, 0, 0, 1, 1, 1, 0, 0, 0, 0, 0, 1, 0, 1, 0, 1, 0, 0, 0, 0, 0, 0, 0, 0], [0, 1, 1, 0, 0, 0, 0, 0, 0, 0, 1, 0, 0, 0, 0, 0, 0, 0, 1, 0, 0, 0, 0, 0, 1, 0, 0, 0, 0, 0, 0, 0, 0, 0, 0, 0, 1, 0, 1, 1, 1, 0, 0, 1, 0, 1, 0, 0, 0, 0, 0, 0, 1, 0, 0, 1, 0, 0, 0, 0, 0, 0, 0, 0], [0, 0, 0, 0, 0, 0, 1, 0, 0, 0, 0, 0, 0, 1, 0, 0, 0, 1, 0, 0, 0, 1, 0, 0, 0, 1, 0, 0, 1, 0, 0, 0, 0, 0, 0, 0, 0, 0, 0, 0, 0, 0, 0, 0, 0, 1, 0, 0, 0, 0, 1, 0, 0, 0, 0, 0, 0, 0, 1, 1, 0, 0, 0, 0], [0, 0, 0, 0, 0, 0, 0, 0, 0, 0, 0, 1, 0, 0, 1, 0, 0, 0, 0, 0, 0, 0, 0, 0, 0, 0, 0, 1, 1, 0, 1, 0, 0, 0, 0, 0, 0, 0, 0, 0, 0, 1, 0, 0, 0, 0, 0, 0, 0, 0, 0, 0, 0, 0, 0, 0, 0, 1, 0, 0, 0, 1, 0, 0], [0, 0, 0, 0, 0, 0, 0, 0, 0, 0, 0, 0, 0, 0, 0, 0, 0, 0, 0, 0, 0, 0, 0, 0, 0, 1, 0, 0, 0, 0, 0, 1, 0, 0, 0, 0, 0, 0, 0, 0, 0, 1, 0, 0, 0, 0, 0, 0, 0, 0, 0, 0, 0, 0, 1, 0, 0, 0, 0, 0, 0, 0, 0, 0], [0, 0, 0, 0, 0, 0, 0, 0, 0, 0, 0, 0, 0, 1, 0, 0, 0, 0, 0, 0, 0, 0, 0, 0, 0, 1, 0, 0, 0, 0, 0, 0, 0, 0, 0, 0, 0, 0, 0, 0, 0, 0, 0, 0, 0, 0, 0, 0, 0, 0, 0, 0, 0, 0, 0, 0, 0, 0, 0, 0, 0, 0, 0, 0], [0, 0, 0, 0, 0, 0, 0, 0, 0, 0, 0, 0, 1, 0, 0, 0, 0, 0, 0, 0, 0, 0, 0, 0, 0, 1, 0, 0, 0, 0, 0, 0, 0, 0, 0, 0, 0, 0, 0, 0, 0, 0, 0, 0, 0, 0, 0, 0, 0, 0, 0, 0, 1, 0, 0, 0, 0, 0, 0, 0, 0, 0, 0, 0], [0, 0, 0, 0, 0, 0, 0, 0, 0, 0, 0, 0, 0, 1, 0, 0, 0, 0, 0, 0, 0, 0, 0, 0, 1, 1, 0, 0, 0, 0, 0, 1, 0, 0, 0, 0, 0, 0, 0, 0, 0, 0, 1, 0, 0, 0, 0, 0, 0, 0, 0, 0, 0, 0, 0, 0, 0, 0, 0, 0, 0, 0, 0, 0], [0, 0, 0, 0, 0, 0, 0, 0, 0, 0, 0, 0, 0, 1, 0, 0, 0, 0, 0, 0, 0, 0, 0, 0, 0, 1, 0, 0, 0, 0, 0, 1, 0, 0, 0, 0, 0, 0, 0, 0, 1, 1, 0, 0, 0, 0, 0, 0, 0, 0, 0, 0, 0, 0, 1, 0, 0, 0, 0, 0, 1, 0, 1, 0], [0, 0, 0, 0, 0, 0, 0, 0, 0, 0, 0, 1, 0, 0, 0, 0, 0, 0, 0, 0, 0, 0, 0, 0, 1, 0, 1, 0, 0, 0, 1, 0, 0, 0, 0, 0, 0, 0, 0, 0, 0, 1, 0, 0, 0, 0, 1, 0, 0, 1, 0, 0, 0, 1, 0, 0, 0, 1, 0, 0, 0, 1, 0, 0], [0, 1, 1, 0, 0, 0, 1, 0, 0, 0, 0, 0, 0, 0, 0, 0, 1, 1, 0, 0, 0, 1, 0, 1, 1, 1, 0, 0, 1, 0, 0, 0, 0, 0, 0, 0, 1, 0, 0, 0, 0, 1, 0, 0, 0, 1, 0, 0, 0, 0, 1, 0, 0, 1, 1, 0, 0, 0, 1, 0, 1, 0, 0, 0], [1, 1, 1, 0, 1, 0, 1, 0, 0, 0, 1, 1, 0, 1, 1, 1, 1, 1, 1, 0, 1, 0, 0, 0, 1, 1, 1, 0, 0, 0, 0, 0, 0, 0, 0, 0, 1, 0, 1, 1, 0, 0, 0, 1, 0, 0, 0, 0, 0, 0, 1, 0, 1, 0, 1, 1, 0, 1, 0, 1, 0, 0, 0, 0], [1, 1, 0, 0, 0, 1, 1, 0, 1, 1, 0, 0, 1, 0, 0, 0, 0, 1, 1, 1, 1, 0, 1, 1, 0, 0, 0, 1, 0, 1, 1, 0, 0, 0, 1, 1, 0, 0, 1, 0, 1, 0, 0, 0, 0, 1, 1, 1, 1, 0, 1, 0, 1, 1, 0, 1, 0, 0, 0, 0, 0, 0, 0, 0]], [[0, 0, 0, 0, 0, 1, 0, 0, 1, 1, 0, 1, 0, 0, 0, 0, 1, 0, 1, 0, 0, 1, 0, 0, 1, 0, 1, 0, 0, 0, 1, 1, 0, 1, 1, 0, 0, 1, 0, 1, 0, 0, 0, 0, 1, 0, 1, 0, 0, 0, 0, 0, 0, 0, 0, 0, 0, 0, 0, 0, 0, 0, 0, 0], [0, 1, 0, 0, 1, 0, 0, 0, 0, 0, 0, 0, 0, 0, 0, 0, 1, 0, 1, 0, 0, 0, 0, 0, 0, 1, 0, 0, 0, 0, 0, 0, 0, 0, 0, 0, 1, 1, 1, 0, 1, 0, 0, 1, 0, 0, 0, 1, 1, 1, 1, 1, 1, 0, 1, 0, 0, 0, 0, 1, 0, 0, 0, 0], [0, 1, 0, 0, 0, 0, 1, 1, 0, 0, 0, 0, 0, 0, 0, 0, 0, 0, 1, 0, 0, 0, 0, 0, 1, 0, 0, 0, 0, 0, 0, 0, 0, 0, 0, 0, 0, 0, 0, 0, 0, 0, 0, 0, 0, 0, 0, 0, 0, 1, 0, 0, 1, 0, 0, 0, 1, 1, 1, 0, 0, 0, 0, 0], [0, 0, 0, 0, 0, 0, 0, 0, 0, 0, 0, 1, 0, 0, 0, 0, 0, 0, 0, 0, 0, 0, 0, 0, 0, 1, 0, 0, 1, 0, 0, 0, 0, 0, 0, 0, 0, 0, 0, 0, 0, 0, 0, 0, 0, 0, 0, 0, 0, 0, 0, 0, 0, 0, 0, 0, 0, 0, 1, 0, 1, 1, 0, 0], [0, 0, 0, 0, 0, 0, 0, 0, 0, 0, 0, 0, 0, 0, 0, 0, 0, 0, 0, 0, 0, 0, 0, 0, 0, 0, 0, 0, 0, 0, 1, 0, 0, 0, 0, 0, 0, 0, 0, 0, 0, 0, 0, 0, 0, 0, 0, 0, 0, 0, 0, 0, 0, 0, 0, 0, 0, 0, 0, 0, 0, 1, 0, 0], [0, 0, 0, 0, 0, 0, 0, 0, 0, 0, 0, 0, 0, 0, 0, 0, 0, 0, 0, 0, 0, 0, 0, 0, 0, 0, 0, 0, 0, 0, 0, 1, 0, 0, 0, 0, 0, 0, 0, 0, 0, 0, 0, 0, 0, 0, 0, 0, 0, 0, 0, 0, 0, 0, 0, 0, 0, 0, 0, 0, 0, 0, 0, 0], [0, 0, 0, 0, 0, 0, 0, 0, 0, 0, 0, 0, 0, 0, 0, 0, 0, 0, 0, 0, 0, 0, 0, 0, 0, 0, 0, 0, 0, 0, 0, 1, 0, 0, 0, 0, 0, 0, 0, 0, 0, 0, 0, 0, 0, 0, 0, 0, 0, 0, 0, 0, 0, 0, 0, 0, 0, 0, 0, 0, 1, 0, 0, 0], [0, 0, 0, 0, 0, 0, 0, 0, 0, 0, 0, 0, 1, 0, 0, 0, 0, 0, 0, 0, 0, 0, 0, 0, 0, 0, 0, 0, 0, 0, 0, 1, 0, 0, 0, 0, 0, 0, 0, 0, 0, 0, 0, 0, 0, 0, 0, 0, 0, 0, 0, 0, 0, 0, 0, 0, 0, 0, 0, 0, 0, 0, 1, 0], [0, 0, 0, 0, 0, 0, 0, 0, 0, 0, 0, 0, 0, 1, 0, 0, 0, 0, 0, 0, 0, 0, 0, 0, 0, 0, 0, 0, 1, 0, 1, 0, 0, 0, 0, 0, 0, 0, 0, 0, 0, 0, 0, 0, 0, 0, 0, 0, 1, 0, 0, 0, 0, 0, 0, 0, 0, 0, 0, 0, 0, 1, 1, 0], [0, 0, 0, 0, 0, 0, 0, 0, 1, 0, 0, 0, 0, 0, 0, 0, 0, 0, 0, 0, 1, 0, 0, 0, 0, 1, 0, 0, 1, 0, 0, 0, 0, 0, 0, 0, 0, 0, 0, 0, 0, 0, 0, 0, 0, 0, 0, 0, 0, 1, 0, 0, 0, 1, 0, 0, 1, 0, 1, 0, 0, 1, 0, 0], [0, 1, 0, 0, 0, 0, 0, 1, 0, 0, 0, 0, 0, 0, 0, 0, 1, 0, 1, 0, 0, 0, 0, 0, 1, 0, 0, 0, 1, 0, 0, 0, 0, 0, 0, 0, 1, 0, 0, 0, 0, 0, 0, 1, 0, 0, 0, 0, 0, 1, 1, 0, 1, 1, 0, 1, 0, 0, 1, 0, 0, 1, 0, 0], [0, 0, 0, 0, 1, 0, 0, 0, 0, 0, 0, 1, 1, 1, 1, 0, 1, 0, 1, 0, 0, 0, 0, 0, 0, 1, 0, 0, 0, 0, 0, 0, 0, 0, 1, 0, 0, 0, 1, 0, 1, 0, 0, 1, 0, 0, 0, 1, 0, 0, 0, 0, 1, 0, 1, 0, 0, 0, 0, 1, 0, 0, 0, 0], [0, 0, 1, 0, 0, 1, 0, 1, 0, 0, 0, 0, 1, 0, 0, 1, 1, 0, 0, 0, 0, 0, 1, 1, 1, 1, 1, 1, 1, 1, 1, 1, 1, 0, 1, 0, 0, 0, 0, 0, 1, 0, 0, 1, 1, 0, 0, 0, 0, 1, 0, 0, 0, 0, 1, 0, 0, 0, 0, 0, 0, 0, 0, 0]]], [[[0, 0, 1, 1, 1, 0, 1, 0, 1, 0, 0, 0, 0, 0, 0, 0, 0, 0, 0, 0, 0, 1, 0, 0, 0, 0, 1, 0, 0, 0, 1, 0, 0, 1, 1, 0, 0, 0, 0, 0, 0, 0, 0, 0, 1, 1, 1, 0, 0, 0, 0, 0, 0, 0, 0, 0, 0, 0, 0, 0, 0, 0, 0, 0], [0, 0, 0, 1, 0, 0, 0, 0, 1, 0, 0, 0, 0, 1, 0, 0, 0, 0, 1, 0, 0, 0, 0, 0, 0, 1, 0, 0, 0, 0, 0, 0, 0, 1, 0, 0, 0, 1, 0, 0, 0, 1, 1, 1, 1, 1, 1, 0, 1, 1, 1, 1, 0, 0, 1, 1, 1, 1, 1, 0, 0, 0, 0, 0], [0, 1, 0, 0, 0, 0, 0, 0, 1, 0, 0, 0, 0, 0, 0, 0, 0, 0, 0, 0, 0, 0, 0, 0, 0, 1, 1, 1, 1, 0, 0, 0, 0, 1, 1, 1, 1, 1, 1, 1, 0, 0, 0, 0, 0, 0, 0, 0, 0, 0, 0, 0, 0, 0, 0, 0, 0, 0, 0, 1, 0, 0, 0, 0], [0, 0, 0, 0, 1, 0, 0, 0, 0, 0, 0, 1, 1, 1, 0, 0, 0, 0, 1, 1, 1, 1, 0, 0, 0, 0, 0, 0, 0, 0, 0, 0, 0, 0, 0, 0, 1, 0, 0, 0, 0, 0, 0, 0, 0, 0, 0, 0, 0, 1, 0, 1, 0, 0, 0, 0, 0, 0, 1, 1, 1, 1, 0, 0], [0, 0, 0, 0, 0, 0, 1, 0, 0, 0, 0, 0, 0, 1, 0, 0, 0, 0, 0, 1, 0, 1, 0, 0, 0, 0, 0, 0, 0, 0, 1, 0, 0, 0, 0, 0, 0, 0, 0, 0, 0, 0, 0, 0, 0, 0, 0, 1, 0, 0, 1, 0, 0, 0, 0, 0, 0, 0, 0, 0, 0, 1, 0, 0], [0, 0, 0, 0, 0, 0, 0, 1, 0, 0, 0, 1, 0, 0, 0, 0, 0, 0, 0, 0, 0, 0, 0, 0, 0, 0, 0, 0, 0, 0, 0, 1, 0, 0, 0, 1, 0, 0, 0, 0, 0, 0, 0, 0, 0, 0, 0, 0, 0, 0, 0, 1, 0, 0, 0, 0, 0, 0, 0, 1, 0, 0, 0, 0], [0, 0, 0, 0, 0, 0, 0, 1, 0, 0, 0, 1, 0, 0, 0, 0, 0, 0, 0, 1, 0, 0, 0, 0, 0, 0, 0, 0, 0, 0, 0, 1, 0, 0, 0, 1, 0, 0, 0, 0, 0, 0, 0, 0, 0, 0, 0, 1, 0, 0, 0, 1, 0, 0, 0, 0, 0, 0, 0, 1, 0, 0, 0, 0], [0, 0, 0, 0, 0, 0, 1, 1, 0, 0, 0, 1, 0, 0, 1, 0, 0, 0, 0, 1, 0, 0, 1, 0, 0, 0, 1, 0, 0, 0, 1, 1, 0, 0, 1, 1, 0, 0, 1, 0, 0, 0, 0, 0, 0, 0, 0, 1, 0, 0, 1, 1, 1, 0, 0, 0, 0, 0, 0, 1, 0, 0, 1, 0], [0, 0, 0, 0, 0, 1, 1, 0, 0, 1, 1, 0, 0, 1, 0, 0, 0, 1, 1, 1, 1, 1, 0, 0, 0, 1, 0, 0, 0, 1, 1, 0, 0, 1, 1, 0, 0, 1, 0, 0, 1, 0, 0, 0, 1, 1, 1, 1, 0, 1, 1, 0, 0, 0, 0, 0, 0, 1, 1, 0, 1, 1, 0, 0], [0, 0, 1, 1, 1, 0, 0, 0, 1, 1, 0, 0, 0, 0, 0, 0, 0, 0, 0, 0, 0, 0, 0, 0, 1, 0, 0, 0, 1, 0, 0, 0, 0, 1, 0, 0, 0, 0, 0, 0, 0, 0, 1, 1, 1, 1, 1, 0, 0, 0, 1, 0, 0, 0, 0, 0, 0, 1, 0, 0, 0, 0, 0, 0], [1, 1, 1, 0, 1, 1, 1, 0, 0, 1, 1, 1, 0, 0, 0, 0, 0, 1, 1, 1, 1, 0, 1, 1, 0, 0, 0, 0, 0, 0, 0, 0, 0, 1, 1, 1, 0, 0, 0, 0, 0, 0, 0, 1, 1, 1, 0, 0, 1, 1, 1, 0, 1, 0, 0, 0, 0, 1, 1, 1, 0, 0, 0, 0], [0, 1, 0, 1, 0, 0, 0, 0, 1, 1, 1, 1, 0, 0, 1, 1, 0, 0, 0, 1, 0, 0, 0, 0, 1, 1, 0, 0, 0, 0, 0, 0, 0, 1, 0, 0, 0, 1, 1, 0, 1, 1, 1, 1, 1, 0, 0, 0, 0, 0, 0, 0, 0, 0, 0, 0, 0, 0, 0, 0, 0, 0, 0, 0], [0, 1, 0, 1, 0, 1, 0, 1, 0, 1, 1, 1, 0, 0, 0, 0, 1, 0, 0, 0, 0, 0, 0, 1, 1, 0, 0, 0, 0, 0, 0, 1, 1, 1, 1, 0, 0, 0, 0, 1, 1, 1, 1, 0, 0, 0, 0, 0, 0, 0, 0, 1, 1, 1, 1, 0, 0, 0, 0, 0, 0, 0, 0, 0]], [[0, 0, 0, 0, 1, 0, 0, 1, 0, 0, 1, 1, 1, 0, 0, 0, 0, 1, 1, 0, 0, 0, 0, 0, 1, 0, 0, 1, 1, 1, 1, 0, 0, 1, 1, 1, 0, 0, 1, 1, 1, 0, 0, 0, 1, 0, 0, 0, 0, 1, 0, 0, 1, 1, 1, 0, 0, 0, 0, 0, 0, 0, 0, 0], [0, 0, 1, 1, 0, 0, 0, 0, 0, 1, 1, 0, 0, 0, 0, 0, 0, 0, 1, 0, 1, 0, 1, 0, 0, 0, 0, 0, 0, 0, 0, 0, 0, 1, 1, 0, 1, 0, 0, 0, 1, 1, 1, 1, 0, 0, 1, 1, 0, 0, 0, 1, 1, 1, 1, 0, 1, 1, 0, 0, 0, 0, 0, 0], [0, 0, 1, 0, 0, 0, 1, 1, 0, 0, 0, 0, 0, 0, 0, 0, 0, 1, 0, 1, 1, 0, 0, 0, 0, 1, 0, 0, 0, 0, 0, 0, 0, 0, 0, 0, 0, 0, 0, 0, 1, 0, 0, 1, 0, 1, 0, 0, 0, 0, 0, 0, 1, 1, 1, 0, 0, 0, 1, 1, 0, 0, 0, 0], [0, 0, 0, 0, 1, 0, 0, 0, 0, 1, 1, 0, 0, 0, 1, 0, 0, 0, 1, 1, 1, 1, 0, 0, 0, 1, 0, 0, 0, 1, 1, 0, 0, 0, 0, 0, 0, 0, 0, 0, 0, 1, 0, 0, 0, 0, 0, 0, 0, 0, 0, 1, 1, 1, 0, 0, 0, 0, 1, 1, 1, 0, 0, 0], [0, 0, 0, 0, 0, 0, 0, 0, 0, 1, 0, 0, 0, 0, 0, 1, 0, 0, 0, 0, 0, 1, 0, 0, 0, 0, 0, 1, 0, 0, 1, 0, 0, 0, 0, 0, 0, 0, 0, 0, 0, 0, 1, 0, 0, 0, 0, 1, 0, 0, 0, 1, 0, 0, 0, 0, 0, 0, 1, 0, 0, 1, 0, 0], [0, 0, 0, 1, 0, 0, 0, 0, 0, 0, 0, 0, 0, 0, 0, 0, 0, 0, 0, 1, 0, 0, 0, 0, 0, 0, 0, 0, 0, 0, 0, 1, 0, 0, 0, 0, 0, 0, 0, 1, 0, 0, 0, 1, 0, 0, 0, 0, 0, 0, 0, 0, 0, 0, 0, 0, 0, 0, 0, 1, 0, 0, 0, 0], [0, 0, 0, 1, 0, 0, 0, 0, 0, 0, 0, 0, 0, 0, 0, 1, 0, 0, 0, 1, 0, 0, 0, 0, 0, 0, 0, 1, 0, 0, 0, 1, 0, 0, 0, 0, 0, 0, 0, 1, 0, 0, 0, 1, 0, 0, 0, 1, 0, 0, 0, 1, 0, 0, 0, 0, 0, 0, 0, 1, 0, 0, 0, 0], [0, 0, 1, 1, 0, 0, 1, 0, 0, 0, 1, 0, 0, 0, 0, 1, 0, 0, 0, 1, 0, 0, 1, 0, 0, 0, 0, 1, 0, 0, 1, 1, 0, 0, 1, 0, 0, 0, 1, 1, 0, 0, 1, 1, 0, 0, 0, 1, 0, 0, 0, 1, 0, 0, 1, 0, 0, 0, 1, 1, 0, 0, 1, 0], [0, 1, 1, 0, 0, 1, 0, 0, 0, 1, 0, 0, 1, 1, 1, 1, 0, 1, 1, 0, 1, 1, 0, 0, 1, 1, 1, 1, 0, 1, 1, 0, 0, 1, 0, 0, 0, 1, 1, 0, 0, 1, 1, 0, 1, 1, 1, 1, 0, 1, 1, 1, 0, 1, 0, 0, 0, 1, 1, 0, 1, 1, 0, 0], [0, 1, 0, 0, 0, 0, 0, 0, 1, 0, 1, 1, 1, 1, 1, 0, 0, 1, 0, 0, 0, 0, 0, 0, 1, 0, 0, 0, 0, 0, 0, 0, 0, 0, 0, 0, 1, 1, 0, 0, 1, 1, 1, 0, 0, 1, 1, 0, 0, 1, 0, 0, 0, 0, 0, 0, 0, 1, 0, 0, 0, 0, 0, 0], [0, 1, 1, 1, 0, 0, 0, 0, 0, 0, 0, 1, 1, 0, 0, 0, 0, 1, 0, 1, 0, 1, 1, 1, 1, 1, 1, 0, 1, 1, 0, 0, 0, 1, 0, 1, 0, 0, 0, 0, 1, 1, 0, 0, 1, 1, 0, 0, 1, 0, 0, 1, 0, 0, 0, 0, 0, 0, 0, 0, 0, 0, 0, 0], [0, 1, 1, 0, 0, 1, 0, 0, 1, 0, 1, 0, 0, 0, 0, 0, 0, 0, 1, 1, 1, 0, 1, 1, 0, 0, 1, 1, 0, 0, 0, 0, 0, 1, 0, 1, 0, 0, 0, 1, 0, 0, 0, 0, 0, 0, 0, 0, 0, 0, 0, 0, 0, 0, 0, 0, 0, 0, 0, 0, 0, 0, 0, 0], [0, 1, 0, 1, 1, 0, 1, 0, 1, 0, 0, 0, 1, 1, 1, 1, 0, 1, 1, 1, 0, 0, 0, 0, 0, 0, 0, 0, 0, 1, 1, 0, 0, 0, 0, 0, 0, 0, 0, 0, 0, 0, 0, 0, 0, 0, 0, 1, 1, 0, 0, 0, 0, 0, 0, 0, 0, 0, 0, 0, 0, 0, 0, 0]]]]
2026-06-19 16:00:34.857 - [DEBUG] ||| print_data ||| pred_path_scbs: 
 [[[[0, 0, 0, 0, 1, 0, 0, 0, 0, 1, 0, 0, 0, 0, 0, 0, 0, 0, 0, 1, 1, 1, 1, 1, 1, 1, 1, 1, 0, 0, 1, 1, 1, 1, 1, 1, 1, 1, 1, 1, 1, 0, 0, 1, 1, 1, 1, 1, 1, 1, 1, 1, 1, 1, 0, 0, 0, 0, 0, 0, 0, 0, 0, 0], [0, 0, 0, 1, 1, 0, 0, 0, 1, 0, 0, 0, 0, 0, 0, 1, 1, 1, 1, 1, 1, 1, 0, 0, 0, 0, 0, 0, 0, 0, 0, 0, 0, 0, 1, 1, 0, 0, 0, 0, 0, 0, 0, 0, 0, 0, 0, 0, 0, 0, 0, 0, 0, 0, 0, 0, 0, 0, 0, 0, 0, 0, 0, 0], [0, 0, 0, 1, 1, 1, 1, 1, 0, 0, 0, 0, 0, 0, 0, 0, 0, 0, 0, 0, 1, 1, 1, 1, 1, 1, 1, 0, 0, 0, 0, 0, 0, 0, 0, 0, 0, 0, 0, 1, 1, 1, 1, 1, 1, 1, 0, 0, 0, 1, 1, 0, 0, 0, 0, 0, 0, 0, 0, 0, 0, 0, 0, 0], [0, 0, 0, 0, 0, 0, 0, 0, 0, 0, 0, 0, 0, 0, 0, 0, 0, 1, 0, 0, 0, 0, 0, 0, 0, 0, 1, 1, 1, 1, 0, 0, 0, 0, 0, 0, 0, 0, 0, 0, 0, 0, 0, 0, 0, 0, 0, 0, 0, 0, 1, 1, 1, 0, 0, 0, 0, 0, 0, 0, 0, 0, 0, 0], [0, 0, 0, 0, 0, 0, 0, 0, 0, 1, 0, 0, 0, 0, 0, 0, 0, 0, 0, 0, 0, 0, 0, 0, 0, 0, 0, 0, 0, 1, 1, 0, 0, 1, 0, 0, 0, 0, 0, 0, 0, 0, 0, 0, 0, 0, 0, 0, 0, 0, 0, 0, 0, 1, 1, 0, 0, 0, 0, 0, 0, 0, 0, 0], [0, 0, 0, 0, 0, 0, 0, 0, 0, 0, 0, 0, 0, 0, 0, 0, 0, 0, 0, 0, 0, 0, 0, 0, 0, 0, 0, 0, 0, 0, 0, 0, 0, 0, 0, 0, 0, 0, 0, 0, 0, 1, 0, 0, 0, 0, 0, 0, 0, 0, 0, 0, 0, 0, 0, 0, 0, 0, 0, 0, 0, 0, 0, 0], [0, 0, 0, 0, 0, 0, 0, 0, 0, 0, 0, 0, 0, 0, 0, 0, 0, 0, 0, 0, 0, 0, 0, 0, 0, 0, 0, 0, 0, 0, 1, 0, 0, 0, 0, 0, 0, 0, 0, 0, 0, 1, 0, 0, 0, 0, 0, 0, 0, 0, 0, 0, 0, 0, 1, 0, 0, 0, 0, 0, 0, 0, 0, 0], [0, 0, 0, 0, 0, 0, 0, 0, 0, 0, 1, 0, 0, 0, 0, 0, 0, 0, 0, 0, 0, 0, 0, 0, 0, 0, 0, 0, 0, 0, 1, 0, 0, 0, 1, 0, 0, 0, 0, 0, 0, 0, 0, 0, 0, 0, 0, 0, 0, 0, 0, 0, 0, 0, 1, 0, 0, 0, 0, 0, 0, 0, 0, 0], [0, 0, 0, 0, 0, 0, 0, 0, 0, 0, 0, 0, 0, 0, 0, 0, 0, 0, 0, 0, 1, 0, 0, 0, 0, 0, 0, 0, 0, 0, 0, 0, 0, 0, 0, 0, 0, 0, 0, 0, 0, 1, 1, 0, 0, 0, 0, 0, 0, 0, 0, 0, 0, 0, 1, 0, 1, 0, 0, 0, 0, 0, 0, 0], [0, 0, 0, 0, 0, 0, 0, 0, 0, 1, 1, 1, 0, 0, 0, 0, 0, 0, 0, 0, 0, 0, 0, 0, 0, 0, 0, 0, 0, 1, 0, 0, 0, 1, 1, 0, 0, 0, 0, 0, 0, 0, 1, 1, 1, 1, 1, 0, 0, 0, 0, 0, 0, 0, 0, 0, 1, 0, 0, 0, 0, 0, 0, 0], [0, 0, 0, 0, 0, 0, 0, 1, 0, 0, 0, 0, 0, 0, 0, 0, 0, 1, 1, 1, 0, 0, 0, 0, 0, 0, 0, 0, 0, 0, 0, 0, 0, 0, 1, 1, 0, 0, 0, 0, 0, 0, 0, 0, 0, 1, 0, 0, 0, 0, 0, 1, 1, 1, 1, 1, 1, 1, 0, 0, 0, 0, 0, 0], [0, 0, 0, 0, 0, 0, 0, 1, 0, 0, 0, 0, 0, 0, 0, 0, 0, 0, 0, 0, 0, 1, 0, 0, 0, 0, 0, 0, 0, 0, 0, 0, 0, 0, 0, 0, 0, 0, 0, 0, 1, 1, 1, 1, 1, 0, 0, 0, 0, 0, 0, 0, 1, 1, 1, 1, 1, 1, 1, 0, 0, 0, 0, 0], [1, 0, 0, 0, 0, 0, 0, 0, 0, 0, 0, 1, 0, 1, 1, 0, 0, 0, 0, 0, 0, 0, 0, 0, 0, 1, 0, 0, 1, 0, 0, 0, 0, 0, 0, 0, 0, 0, 0, 1, 0, 0, 1, 0, 0, 0, 0, 0, 0, 0, 0, 0, 0, 1, 0, 0, 0, 0, 0, 0, 0, 0, 0, 0]]], [[[0, 0, 0, 0, 0, 0, 0, 0, 0, 0, 0, 0, 0, 0, 0, 0, 0, 0, 0, 0, 0, 0, 0, 0, 0, 0, 0, 0, 0, 0, 0, 0, 0, 0, 0, 0, 0, 0, 0, 0, 0, 0, 0, 0, 0, 0, 0, 0, 0, 0, 0, 0, 0, 0, 0, 0, 0, 0, 0, 0, 0, 0, 0, 0], [0, 0, 0, 0, 0, 0, 0, 0, 0, 0, 0, 0, 0, 0, 0, 0, 0, 0, 0, 0, 0, 0, 0, 0, 0, 0, 0, 0, 0, 0, 0, 0, 0, 0, 0, 0, 0, 0, 0, 0, 0, 0, 0, 0, 0, 0, 0, 0, 0, 0, 0, 0, 0, 0, 0, 0, 0, 0, 0, 0, 0, 0, 0, 0], [0, 0, 0, 0, 0, 0, 0, 0, 0, 0, 0, 0, 0, 0, 0, 0, 0, 0, 0, 0, 0, 0, 0, 0, 0, 0, 0, 0, 0, 0, 0, 0, 0, 0, 0, 0, 0, 0, 0, 0, 0, 0, 0, 0, 0, 0, 0, 0, 0, 0, 0, 0, 0, 0, 0, 0, 0, 0, 0, 0, 0, 0, 0, 0], [0, 0, 0, 0, 0, 0, 0, 0, 0, 0, 0, 0, 0, 0, 0, 0, 0, 0, 0, 0, 0, 0, 0, 0, 0, 0, 0, 0, 0, 0, 0, 0, 0, 0, 0, 0, 0, 0, 0, 0, 0, 0, 0, 0, 0, 0, 0, 0, 0, 0, 0, 0, 0, 0, 0, 0, 0, 0, 0, 0, 0, 0, 0, 0], [0, 0, 0, 0, 0, 0, 0, 0, 0, 0, 0, 0, 0, 0, 0, 0, 0, 0, 0, 0, 0, 0, 0, 0, 0, 0, 0, 0, 0, 0, 0, 0, 0, 0, 0, 0, 0, 0, 0, 0, 0, 0, 0, 0, 0, 0, 0, 0, 0, 0, 0, 0, 0, 0, 0, 0, 0, 0, 0, 0, 0, 0, 0, 0], [0, 0, 0, 0, 0, 0, 0, 0, 0, 0, 0, 0, 0, 0, 0, 0, 0, 0, 0, 0, 0, 0, 0, 0, 0, 0, 0, 0, 0, 0, 0, 0, 0, 0, 0, 0, 0, 0, 0, 0, 0, 0, 0, 0, 0, 0, 0, 0, 0, 0, 0, 0, 0, 0, 0, 0, 0, 0, 0, 0, 0, 0, 0, 0], [0, 0, 0, 0, 0, 0, 0, 0, 0, 0, 0, 0, 0, 0, 0, 0, 0, 0, 0, 0, 0, 0, 0, 0, 0, 0, 0, 0, 0, 0, 0, 0, 0, 0, 0, 0, 0, 0, 0, 0, 0, 0, 0, 0, 0, 0, 0, 0, 0, 0, 0, 0, 0, 0, 0, 0, 0, 0, 0, 0, 0, 0, 0, 0], [0, 0, 0, 0, 0, 0, 0, 0, 0, 0, 0, 0, 0, 0, 0, 0, 0, 0, 0, 0, 0, 0, 0, 0, 0, 0, 0, 0, 0, 0, 0, 0, 0, 0, 0, 0, 0, 0, 0, 0, 0, 0, 0, 0, 0, 0, 0, 0, 0, 0, 0, 0, 0, 0, 0, 0, 0, 0, 0, 0, 0, 0, 0, 0], [0, 0, 0, 0, 0, 0, 0, 0, 0, 0, 0, 0, 0, 0, 0, 0, 0, 0, 0, 0, 0, 0, 0, 0, 0, 0, 0, 0, 0, 0, 0, 0, 0, 0, 0, 0, 0, 0, 0, 0, 0, 0, 0, 0, 0, 0, 0, 0, 0, 0, 0, 0, 0, 0, 0, 0, 0, 0, 0, 0, 0, 0, 0, 0], [0, 0, 0, 0, 0, 0, 0, 0, 0, 0, 0, 0, 0, 0, 0, 0, 0, 0, 0, 0, 0, 0, 0, 0, 0, 0, 0, 0, 0, 0, 0, 0, 0, 0, 0, 0, 0, 0, 0, 0, 0, 0, 0, 0, 0, 0, 0, 0, 0, 0, 0, 0, 0, 0, 0, 0, 0, 0, 0, 0, 0, 0, 0, 0], [0, 0, 0, 0, 0, 0, 0, 0, 0, 0, 0, 0, 0, 0, 0, 0, 0, 0, 0, 0, 0, 0, 0, 0, 0, 0, 0, 0, 0, 0, 0, 0, 0, 0, 0, 0, 0, 0, 0, 0, 0, 0, 0, 0, 0, 0, 0, 0, 0, 0, 0, 0, 0, 0, 0, 0, 0, 0, 0, 0, 0, 0, 0, 0], [0, 0, 0, 0, 0, 0, 0, 0, 0, 0, 0, 0, 0, 0, 0, 0, 0, 0, 0, 0, 0, 0, 0, 0, 0, 0, 0, 0, 0, 0, 0, 0, 0, 0, 0, 0, 0, 0, 0, 0, 0, 0, 0, 0, 0, 0, 0, 0, 0, 0, 0, 0, 0, 0, 0, 0, 0, 0, 0, 0, 0, 0, 0, 0], [0, 0, 0, 0, 0, 0, 0, 0, 0, 0, 0, 0, 0, 0, 0, 0, 0, 0, 0, 0, 0, 0, 0, 0, 0, 0, 0, 0, 0, 0, 0, 0, 0, 0, 0, 0, 0, 0, 0, 0, 0, 0, 0, 0, 0, 0, 0, 0, 0, 0, 0, 0, 0, 0, 0, 0, 0, 0, 0, 0, 0, 0, 0, 0]]], [[[0, 0, 0, 0, 0, 0, 0, 0, 0, 0, 0, 0, 0, 0, 0, 0, 0, 0, 0, 0, 0, 0, 0, 0, 0, 0, 0, 0, 0, 0, 0, 0, 0, 0, 0, 0, 0, 0, 0, 0, 0, 0, 0, 0, 0, 0, 0, 0, 0, 0, 0, 0, 0, 0, 0, 0, 0, 0, 0, 0, 0, 0, 0, 0], [0, 0, 0, 0, 0, 0, 0, 0, 0, 0, 0, 0, 0, 0, 0, 0, 0, 0, 0, 0, 0, 0, 0, 0, 0, 0, 0, 0, 0, 0, 0, 0, 0, 0, 0, 0, 0, 0, 0, 0, 0, 0, 0, 0, 0, 0, 0, 0, 0, 0, 0, 0, 0, 0, 0, 0, 0, 0, 0, 0, 0, 0, 0, 0], [0, 0, 0, 0, 0, 0, 0, 0, 0, 0, 0, 0, 0, 0, 0, 0, 0, 0, 0, 0, 0, 0, 0, 0, 0, 0, 0, 0, 0, 0, 0, 0, 0, 0, 0, 0, 0, 0, 0, 0, 0, 0, 0, 0, 0, 0, 0, 0, 0, 0, 0, 0, 0, 0, 0, 0, 0, 0, 0, 0, 0, 0, 0, 0], [0, 0, 0, 0, 0, 0, 0, 0, 0, 0, 0, 0, 0, 0, 0, 0, 0, 0, 0, 0, 0, 0, 0, 0, 0, 0, 0, 0, 0, 0, 0, 0, 0, 0, 0, 0, 0, 0, 0, 0, 0, 0, 0, 0, 0, 0, 0, 0, 0, 0, 0, 0, 0, 0, 0, 0, 0, 0, 0, 0, 0, 0, 0, 0], [0, 0, 0, 0, 0, 0, 0, 0, 0, 0, 0, 0, 0, 0, 0, 0, 0, 0, 0, 0, 0, 0, 0, 0, 0, 0, 0, 0, 0, 0, 0, 0, 0, 0, 0, 0, 0, 0, 0, 0, 0, 0, 0, 0, 0, 0, 0, 0, 0, 0, 0, 0, 0, 0, 0, 0, 0, 0, 0, 0, 0, 0, 0, 0], [0, 0, 0, 0, 0, 0, 0, 0, 0, 0, 0, 0, 0, 0, 0, 0, 0, 0, 0, 0, 0, 0, 0, 0, 0, 0, 0, 0, 0, 0, 0, 0, 0, 0, 0, 0, 0, 0, 0, 0, 0, 0, 0, 0, 0, 0, 0, 0, 0, 0, 0, 0, 0, 0, 0, 0, 0, 0, 0, 0, 0, 0, 0, 0], [0, 0, 0, 0, 0, 0, 0, 0, 0, 0, 0, 0, 0, 0, 0, 0, 0, 0, 0, 0, 0, 0, 0, 0, 0, 0, 0, 0, 0, 0, 0, 0, 0, 0, 0, 0, 0, 0, 0, 0, 0, 0, 0, 0, 0, 0, 0, 0, 0, 0, 0, 0, 0, 0, 0, 0, 0, 0, 0, 0, 0, 0, 0, 0], [0, 0, 0, 0, 0, 0, 0, 0, 0, 0, 0, 0, 0, 0, 0, 0, 0, 0, 0, 0, 0, 0, 0, 0, 0, 0, 0, 0, 0, 0, 0, 0, 0, 0, 0, 0, 0, 0, 0, 0, 0, 0, 0, 0, 0, 0, 0, 0, 0, 0, 0, 0, 0, 0, 0, 0, 0, 0, 0, 0, 0, 0, 0, 0], [0, 0, 0, 0, 0, 0, 0, 0, 0, 0, 0, 0, 0, 0, 0, 0, 0, 0, 0, 0, 0, 0, 0, 0, 0, 0, 0, 0, 0, 0, 0, 0, 0, 0, 0, 0, 0, 0, 0, 0, 0, 0, 0, 0, 0, 0, 0, 0, 0, 0, 0, 0, 0, 0, 0, 0, 0, 0, 0, 0, 0, 0, 0, 0], [0, 0, 0, 0, 0, 0, 0, 0, 0, 0, 0, 0, 0, 0, 0, 0, 0, 0, 0, 0, 0, 0, 0, 0, 0, 0, 0, 0, 0, 0, 0, 0, 0, 0, 0, 0, 0, 0, 0, 0, 0, 0, 0, 0, 0, 0, 0, 0, 0, 0, 0, 0, 0, 0, 0, 0, 0, 0, 0, 0, 0, 0, 0, 0], [0, 0, 0, 0, 0, 0, 0, 0, 0, 0, 0, 0, 0, 0, 0, 0, 0, 0, 0, 0, 0, 0, 0, 0, 0, 0, 0, 0, 0, 0, 0, 0, 0, 0, 0, 0, 0, 0, 0, 0, 0, 0, 0, 0, 0, 0, 0, 0, 0, 0, 0, 0, 0, 0, 0, 0, 0, 0, 0, 0, 0, 0, 0, 0], [0, 0, 0, 0, 0, 0, 0, 0, 0, 0, 0, 0, 0, 0, 0, 0, 0, 0, 0, 0, 0, 0, 0, 0, 0, 0, 0, 0, 0, 0, 0, 0, 0, 0, 0, 0, 0, 0, 0, 0, 0, 0, 0, 0, 0, 0, 0, 0, 0, 0, 0, 0, 0, 0, 0, 0, 0, 0, 0, 0, 0, 0, 0, 0], [0, 0, 0, 0, 0, 0, 0, 0, 0, 0, 0, 0, 0, 0, 0, 0, 0, 0, 0, 0, 0, 0, 0, 0, 0, 0, 0, 0, 0, 0, 0, 0, 0, 0, 0, 0, 0, 0, 0, 0, 0, 0, 0, 0, 0, 0, 0, 0, 0, 0, 0, 0, 0, 0, 0, 0, 0, 0, 0, 0, 0, 0, 0, 0]]], [[[0, 0, 0, 0, 0, 1, 0, 0, 1, 0, 0, 0, 0, 0, 0, 0, 0, 0, 0, 0, 0, 1, 1, 1, 0, 0, 0, 0, 0, 0, 0, 0, 0, 0, 1, 1, 1, 0, 0, 0, 0, 0, 0, 0, 0, 0, 0, 1, 1, 1, 0, 0, 0, 0, 0, 0, 0, 0, 0, 0, 0, 0, 0, 0], [0, 1, 1, 0, 0, 0, 0, 0, 0, 0, 0, 0, 0, 0, 0, 0, 0, 0, 0, 0, 0, 0, 0, 0, 0, 0, 0, 0, 0, 0, 0, 0, 0, 0, 0, 0, 1, 1, 0, 0, 0, 1, 1, 1, 0, 0, 0, 0, 0, 0, 1, 1, 1, 1, 1, 1, 1, 0, 0, 0, 0, 0, 0, 0], [0, 0, 1, 1, 0, 0, 0, 0, 0, 0, 0, 0, 0, 0, 0, 0, 0, 0, 0, 1, 1, 1, 1, 1, 1, 0, 0, 0, 0, 0, 0, 0, 0, 1, 0, 0, 0, 0, 0, 0, 0, 0, 0, 0, 0, 0, 0, 0, 0, 0, 1, 1, 0, 0, 0, 0, 0, 0, 0, 0, 0, 0, 0, 0], [0, 0, 0, 0, 0, 0, 0, 0, 0, 1, 1, 0, 0, 0, 0, 0, 0, 0, 0, 0, 0, 0, 0, 0, 0, 0, 0, 0, 0, 0, 0, 0, 0, 0, 1, 1, 1, 0, 0, 0, 0, 0, 0, 0, 0, 0, 0, 0, 0, 0, 0, 0, 0, 0, 0, 0, 0, 1, 1, 0, 0, 0, 0, 0], [0, 0, 0, 0, 0, 0, 0, 0, 0, 0, 0, 0, 0, 0, 0, 0, 0, 0, 0, 0, 0, 0, 0, 0, 0, 1, 1, 0, 0, 0, 0, 0, 0, 0, 0, 0, 0, 1, 1, 0, 0, 0, 0, 0, 0, 0, 0, 0, 0, 0, 0, 0, 0, 0, 0, 0, 0, 0, 0, 0, 0, 0, 0, 0], [0, 1, 0, 0, 0, 0, 0, 0, 0, 0, 0, 0, 0, 0, 0, 0, 0, 0, 0, 0, 0, 0, 0, 0, 0, 0, 0, 0, 0, 0, 0, 0, 0, 0, 0, 0, 0, 0, 0, 0, 0, 0, 0, 0, 0, 0, 0, 0, 0, 1, 0, 0, 0, 0, 0, 0, 0, 0, 0, 0, 0, 0, 0, 0], [0, 1, 0, 0, 0, 0, 0, 0, 0, 0, 0, 0, 0, 0, 0, 0, 0, 0, 0, 0, 0, 0, 0, 0, 0, 0, 1, 0, 0, 0, 0, 0, 0, 0, 0, 0, 0, 0, 1, 0, 0, 0, 0, 0, 0, 0, 0, 0, 0, 1, 0, 0, 0, 0, 0, 0, 0, 0, 0, 0, 0, 0, 0, 0], [0, 1, 0, 0, 0, 0, 0, 0, 0, 0, 0, 0, 1, 0, 0, 0, 0, 0, 0, 0, 0, 0, 0, 0, 0, 0, 1, 0, 0, 0, 0, 0, 0, 0, 0, 0, 0, 0, 1, 0, 0, 0, 0, 0, 0, 0, 0, 0, 0, 0, 0, 0, 0, 0, 0, 0, 0, 0, 0, 0, 1, 0, 0, 0], [0, 1, 1, 0, 0, 0, 0, 0, 0, 0, 0, 0, 1, 0, 0, 0, 0, 0, 0, 0, 0, 0, 0, 0, 0, 0, 1, 0, 0, 0, 0, 0, 0, 0, 0, 0, 0, 0, 1, 0, 0, 0, 0, 0, 0, 0, 0, 0, 0, 1, 1, 0, 0, 0, 0, 0, 0, 0, 0, 0, 1, 0, 0, 0], [0, 0, 1, 1, 1, 1, 0, 0, 0, 0, 1, 0, 0, 0, 0, 0, 1, 0, 0, 0, 0, 0, 0, 0, 0, 1, 1, 1, 0, 0, 0, 0, 0, 0, 0, 0, 1, 0, 0, 0, 1, 0, 0, 0, 0, 0, 0, 0, 0, 0, 1, 1, 1, 1, 0, 0, 0, 0, 0, 0, 0, 0, 0, 0], [0, 0, 0, 0, 0, 1, 1, 1, 1, 1, 1, 1, 0, 0, 0, 0, 1, 0, 0, 0, 0, 0, 0, 0, 1, 0, 0, 0, 0, 0, 0, 0, 0, 0, 0, 1, 1, 1, 1, 1, 1, 0, 0, 0, 0, 0, 0, 0, 0, 0, 0, 0, 0, 1, 1, 1, 1, 1, 1, 1, 0, 0, 0, 0], [0, 0, 1, 1, 1, 0, 0, 1, 1, 0, 0, 0, 0, 0, 0, 0, 1, 1, 1, 1, 1, 1, 1, 0, 0, 0, 0, 0, 0, 0, 0, 0, 0, 1, 1, 1, 0, 0, 0, 0, 0, 0, 0, 0, 0, 0, 0, 0, 0, 1, 0, 0, 0, 0, 0, 0, 0, 0, 0, 0, 0, 0, 0, 0], [0, 1, 0, 0, 0, 0, 0, 0, 0, 0, 1, 0, 0, 0, 1, 0, 0, 0, 0, 0, 0, 0, 0, 0, 0, 0, 0, 0, 0, 0, 0, 0, 0, 0, 0, 0, 0, 0, 0, 0, 0, 0, 0, 0, 0, 0, 0, 0, 0, 0, 0, 0, 0, 0, 0, 0, 0, 0, 0, 0, 0, 0, 0, 0]]], [[[0, 0, 0, 0, 0, 0, 0, 0, 0, 0, 0, 0, 0, 0, 0, 0, 0, 0, 0, 0, 0, 0, 0, 0, 0, 0, 0, 0, 0, 0, 0, 0, 0, 0, 0, 0, 0, 0, 0, 0, 0, 0, 0, 0, 0, 0, 0, 0, 0, 0, 0, 0, 0, 0, 0, 0, 0, 0, 0, 0, 0, 0, 0, 0], [0, 0, 0, 0, 0, 0, 0, 0, 0, 0, 0, 0, 0, 0, 0, 0, 0, 0, 0, 0, 0, 0, 0, 0, 0, 0, 0, 0, 0, 0, 0, 0, 0, 0, 0, 0, 0, 0, 0, 0, 0, 0, 0, 0, 0, 0, 0, 0, 0, 0, 0, 0, 0, 0, 0, 0, 0, 0, 0, 0, 0, 0, 0, 0], [0, 0, 0, 0, 0, 0, 0, 0, 0, 0, 0, 0, 0, 0, 0, 0, 0, 0, 0, 0, 0, 0, 0, 0, 0, 0, 0, 0, 0, 0, 0, 0, 0, 0, 0, 0, 0, 0, 0, 0, 0, 0, 0, 0, 0, 0, 0, 0, 0, 0, 0, 0, 0, 0, 0, 0, 0, 0, 0, 0, 0, 0, 0, 0], [0, 0, 0, 0, 0, 0, 0, 0, 0, 0, 0, 0, 0, 0, 0, 0, 0, 0, 0, 0, 0, 0, 0, 0, 0, 0, 0, 0, 0, 0, 0, 0, 0, 0, 0, 0, 0, 0, 0, 0, 0, 0, 0, 0, 0, 0, 0, 0, 0, 0, 0, 0, 0, 0, 0, 0, 0, 0, 0, 0, 0, 0, 0, 0], [0, 0, 0, 0, 0, 0, 0, 0, 0, 0, 0, 0, 0, 0, 0, 0, 0, 0, 0, 0, 0, 0, 0, 0, 0, 0, 0, 0, 0, 0, 0, 0, 0, 0, 0, 0, 0, 0, 0, 0, 0, 0, 0, 0, 0, 0, 0, 0, 0, 0, 0, 0, 0, 0, 0, 0, 0, 0, 0, 0, 0, 0, 0, 0], [0, 0, 0, 0, 0, 0, 0, 0, 0, 0, 0, 0, 0, 0, 0, 0, 0, 0, 0, 0, 0, 0, 0, 0, 0, 0, 0, 0, 0, 0, 0, 0, 0, 0, 0, 0, 0, 0, 0, 0, 0, 0, 0, 0, 0, 0, 0, 0, 0, 0, 0, 0, 0, 0, 0, 0, 0, 0, 0, 0, 0, 0, 0, 0], [0, 0, 0, 0, 0, 0, 0, 0, 0, 0, 0, 0, 0, 0, 0, 0, 0, 0, 0, 0, 0, 0, 0, 0, 0, 0, 0, 0, 0, 0, 0, 0, 0, 0, 0, 0, 0, 0, 0, 0, 0, 0, 0, 0, 0, 0, 0, 0, 0, 0, 0, 0, 0, 0, 0, 0, 0, 0, 0, 0, 0, 0, 0, 0], [0, 0, 0, 0, 0, 0, 0, 0, 0, 0, 0, 0, 0, 0, 0, 0, 0, 0, 0, 0, 0, 0, 0, 0, 0, 0, 0, 0, 0, 0, 0, 0, 0, 0, 0, 0, 0, 0, 0, 0, 0, 0, 0, 0, 0, 0, 0, 0, 0, 0, 0, 0, 0, 0, 0, 0, 0, 0, 0, 0, 0, 0, 0, 0], [0, 0, 0, 0, 0, 0, 0, 0, 0, 0, 0, 0, 0, 0, 0, 0, 0, 0, 0, 0, 0, 0, 0, 0, 0, 0, 0, 0, 0, 0, 0, 0, 0, 0, 0, 0, 0, 0, 0, 0, 0, 0, 0, 0, 0, 0, 0, 0, 0, 0, 0, 0, 0, 0, 0, 0, 0, 0, 0, 0, 0, 0, 0, 0], [0, 0, 0, 0, 0, 0, 0, 0, 0, 0, 0, 0, 0, 0, 0, 0, 0, 0, 0, 0, 0, 0, 0, 0, 0, 0, 0, 0, 0, 0, 0, 0, 0, 0, 0, 0, 0, 0, 0, 0, 0, 0, 0, 0, 0, 0, 0, 0, 0, 0, 0, 0, 0, 0, 0, 0, 0, 0, 0, 0, 0, 0, 0, 0], [0, 0, 0, 0, 0, 0, 0, 0, 0, 0, 0, 0, 0, 0, 0, 0, 0, 0, 0, 0, 0, 0, 0, 0, 0, 0, 0, 0, 0, 0, 0, 0, 0, 0, 0, 0, 0, 0, 0, 0, 0, 0, 0, 0, 0, 0, 0, 0, 0, 0, 0, 0, 0, 0, 0, 0, 0, 0, 0, 0, 0, 0, 0, 0], [0, 0, 0, 0, 0, 0, 0, 0, 0, 0, 0, 0, 0, 0, 0, 0, 0, 0, 0, 0, 0, 0, 0, 0, 0, 0, 0, 0, 0, 0, 0, 0, 0, 0, 0, 0, 0, 0, 0, 0, 0, 0, 0, 0, 0, 0, 0, 0, 0, 0, 0, 0, 0, 0, 0, 0, 0, 0, 0, 0, 0, 0, 0, 0], [0, 0, 0, 0, 0, 0, 0, 0, 0, 0, 0, 0, 0, 0, 0, 0, 0, 0, 0, 0, 0, 0, 0, 0, 0, 0, 0, 0, 0, 0, 0, 0, 0, 0, 0, 0, 0, 0, 0, 0, 0, 0, 0, 0, 0, 0, 0, 0, 0, 0, 0, 0, 0, 0, 0, 0, 0, 0, 0, 0, 0, 0, 0, 0]]], [[[0, 0, 0, 0, 0, 0, 0, 0, 0, 0, 0, 0, 0, 0, 0, 0, 0, 0, 0, 0, 0, 0, 0, 0, 0, 0, 0, 0, 0, 0, 0, 0, 0, 0, 0, 0, 0, 0, 0, 0, 0, 0, 0, 0, 0, 0, 0, 0, 0, 0, 0, 0, 0, 0, 0, 0, 0, 0, 0, 0, 0, 0, 0, 0], [0, 0, 0, 0, 0, 0, 0, 0, 0, 0, 0, 0, 0, 0, 0, 0, 0, 0, 0, 0, 0, 0, 0, 0, 0, 0, 0, 0, 0, 0, 0, 0, 0, 0, 0, 0, 0, 0, 0, 0, 0, 0, 0, 0, 0, 0, 0, 0, 0, 0, 0, 0, 0, 0, 0, 0, 0, 0, 0, 0, 0, 0, 0, 0], [0, 0, 0, 0, 0, 0, 0, 0, 0, 0, 0, 0, 0, 0, 0, 0, 0, 0, 0, 0, 0, 0, 0, 0, 0, 0, 0, 0, 0, 0, 0, 0, 0, 0, 0, 0, 0, 0, 0, 0, 0, 0, 0, 0, 0, 0, 0, 0, 0, 0, 0, 0, 0, 0, 0, 0, 0, 0, 0, 0, 0, 0, 0, 0], [0, 0, 0, 0, 0, 0, 0, 0, 0, 0, 0, 0, 0, 0, 0, 0, 0, 0, 0, 0, 0, 0, 0, 0, 0, 0, 0, 0, 0, 0, 0, 0, 0, 0, 0, 0, 0, 0, 0, 0, 0, 0, 0, 0, 0, 0, 0, 0, 0, 0, 0, 0, 0, 0, 0, 0, 0, 0, 0, 0, 0, 0, 0, 0], [0, 0, 0, 0, 0, 0, 0, 0, 0, 0, 0, 0, 0, 0, 0, 0, 0, 0, 0, 0, 0, 0, 0, 0, 0, 0, 0, 0, 0, 0, 0, 0, 0, 0, 0, 0, 0, 0, 0, 0, 0, 0, 0, 0, 0, 0, 0, 0, 0, 0, 0, 0, 0, 0, 0, 0, 0, 0, 0, 0, 0, 0, 0, 0], [0, 0, 0, 0, 0, 0, 0, 0, 0, 0, 0, 0, 0, 0, 0, 0, 0, 0, 0, 0, 0, 0, 0, 0, 0, 0, 0, 0, 0, 0, 0, 0, 0, 0, 0, 0, 0, 0, 0, 0, 0, 0, 0, 0, 0, 0, 0, 0, 0, 0, 0, 0, 0, 0, 0, 0, 0, 0, 0, 0, 0, 0, 0, 0], [0, 0, 0, 0, 0, 0, 0, 0, 0, 0, 0, 0, 0, 0, 0, 0, 0, 0, 0, 0, 0, 0, 0, 0, 0, 0, 0, 0, 0, 0, 0, 0, 0, 0, 0, 0, 0, 0, 0, 0, 0, 0, 0, 0, 0, 0, 0, 0, 0, 0, 0, 0, 0, 0, 0, 0, 0, 0, 0, 0, 0, 0, 0, 0], [0, 0, 0, 0, 0, 0, 0, 0, 0, 0, 0, 0, 0, 0, 0, 0, 0, 0, 0, 0, 0, 0, 0, 0, 0, 0, 0, 0, 0, 0, 0, 0, 0, 0, 0, 0, 0, 0, 0, 0, 0, 0, 0, 0, 0, 0, 0, 0, 0, 0, 0, 0, 0, 0, 0, 0, 0, 0, 0, 0, 0, 0, 0, 0], [0, 0, 0, 0, 0, 0, 0, 0, 0, 0, 0, 0, 0, 0, 0, 0, 0, 0, 0, 0, 0, 0, 0, 0, 0, 0, 0, 0, 0, 0, 0, 0, 0, 0, 0, 0, 0, 0, 0, 0, 0, 0, 0, 0, 0, 0, 0, 0, 0, 0, 0, 0, 0, 0, 0, 0, 0, 0, 0, 0, 0, 0, 0, 0], [0, 0, 0, 0, 0, 0, 0, 0, 0, 0, 0, 0, 0, 0, 0, 0, 0, 0, 0, 0, 0, 0, 0, 0, 0, 0, 0, 0, 0, 0, 0, 0, 0, 0, 0, 0, 0, 0, 0, 0, 0, 0, 0, 0, 0, 0, 0, 0, 0, 0, 0, 0, 0, 0, 0, 0, 0, 0, 0, 0, 0, 0, 0, 0], [0, 0, 0, 0, 0, 0, 0, 0, 0, 0, 0, 0, 0, 0, 0, 0, 0, 0, 0, 0, 0, 0, 0, 0, 0, 0, 0, 0, 0, 0, 0, 0, 0, 0, 0, 0, 0, 0, 0, 0, 0, 0, 0, 0, 0, 0, 0, 0, 0, 0, 0, 0, 0, 0, 0, 0, 0, 0, 0, 0, 0, 0, 0, 0], [0, 0, 0, 0, 0, 0, 0, 0, 0, 0, 0, 0, 0, 0, 0, 0, 0, 0, 0, 0, 0, 0, 0, 0, 0, 0, 0, 0, 0, 0, 0, 0, 0, 0, 0, 0, 0, 0, 0, 0, 0, 0, 0, 0, 0, 0, 0, 0, 0, 0, 0, 0, 0, 0, 0, 0, 0, 0, 0, 0, 0, 0, 0, 0], [0, 0, 0, 0, 0, 0, 0, 0, 0, 0, 0, 0, 0, 0, 0, 0, 0, 0, 0, 0, 0, 0, 0, 0, 0, 0, 0, 0, 0, 0, 0, 0, 0, 0, 0, 0, 0, 0, 0, 0, 0, 0, 0, 0, 0, 0, 0, 0, 0, 0, 0, 0, 0, 0, 0, 0, 0, 0, 0, 0, 0, 0, 0, 0]]]]
2026-06-19 16:00:34.858 - [INFO] ||| run ||| Mapping: SUCCESS
2026-06-19 16:00:34.858 - [INFO] ||| run ||| Mapper Run-time (s) = 7.974857064
