2026-06-12 01:18:19.990 - [DEBUG] ||| run ||| Routing (node[fsub_14_0], opID[0]) placed @ PE[0]
2026-06-12 01:18:19.990 - [DEBUG] ||| run ||| Routing Edge from src_PE[0] -> dest_PE[64]
2026-06-12 01:18:19.991 - [DEBUG] ||| find_valid_port ||| FVP iteration[0] | n_pe = 0, n_opID = 0, child_id = 0, ch_pe = 64 | n_out_opID = [None, None], ch_in_opID = [None, None]
2026-06-12 01:18:19.991 - [DEBUG] ||| run ||| Routed = True | Result: src_PE[0], src_Node[fsub_14_0], out_opID = ['0', None]; dest_PE[64], dest_Node[fsub_34_0], ch_in_opID = ['0', None]
2026-06-12 01:18:19.992 - [DEBUG] ||| run ||| Routing Edge from src_PE[0] -> dest_PE[65]
2026-06-12 01:18:19.992 - [DEBUG] ||| find_valid_port ||| FVP iteration[0] | n_pe = 0, n_opID = 0, child_id = 1, ch_pe = 65 | n_out_opID = ['0', None], ch_in_opID = [None, None]
2026-06-12 01:18:19.992 - [DEBUG] ||| find_valid_port ||| FVP iteration[0] | n_pe = 0, n_opID = 0, child_id = 1, ch_pe = 65 | n_out_opID = ['0', None], ch_in_opID = [None, None]
2026-06-12 01:18:19.993 - [DEBUG] ||| run ||| Routed = True | Result: src_PE[0], src_Node[fsub_14_0], out_opID = ['0', '0']; dest_PE[65], dest_Node[fadd_35_0], ch_in_opID = [None, '0']
2026-06-12 01:18:19.993 - [DEBUG] ||| run ||| Routing (node[fadd_15_0], opID[1]) placed @ PE[1]
2026-06-12 01:18:19.993 - [DEBUG] ||| run ||| Routing Edge from src_PE[1] -> dest_PE[66]
2026-06-12 01:18:19.994 - [DEBUG] ||| find_valid_port ||| FVP iteration[0] | n_pe = 1, n_opID = 1, child_id = 0, ch_pe = 66 | n_out_opID = [None, None], ch_in_opID = [None, None]
2026-06-12 01:18:19.994 - [DEBUG] ||| run ||| Routed = True | Result: src_PE[1], src_Node[fadd_15_0], out_opID = ['1', None]; dest_PE[66], dest_Node[fsub_36_0], ch_in_opID = ['1', None]
2026-06-12 01:18:19.994 - [DEBUG] ||| run ||| Routing Edge from src_PE[1] -> dest_PE[67]
2026-06-12 01:18:19.995 - [DEBUG] ||| find_valid_port ||| FVP iteration[0] | n_pe = 1, n_opID = 1, child_id = 1, ch_pe = 67 | n_out_opID = ['1', None], ch_in_opID = [None, None]
2026-06-12 01:18:19.995 - [DEBUG] ||| find_valid_port ||| FVP iteration[0] | n_pe = 1, n_opID = 1, child_id = 1, ch_pe = 67 | n_out_opID = ['1', None], ch_in_opID = [None, None]
2026-06-12 01:18:19.996 - [DEBUG] ||| run ||| Routed = True | Result: src_PE[1], src_Node[fadd_15_0], out_opID = ['1', '1']; dest_PE[67], dest_Node[fadd_37_0], ch_in_opID = [None, '1']
2026-06-12 01:18:19.996 - [DEBUG] ||| run ||| Routing (node[fsub_17_0], opID[2]) placed @ PE[2]
2026-06-12 01:18:19.996 - [DEBUG] ||| run ||| Routing Edge from src_PE[2] -> dest_PE[68]
2026-06-12 01:18:19.997 - [DEBUG] ||| find_valid_port ||| FVP iteration[0] | n_pe = 2, n_opID = 2, child_id = 0, ch_pe = 68 | n_out_opID = [None, None], ch_in_opID = [None, None]
2026-06-12 01:18:19.998 - [DEBUG] ||| run ||| Routed = True | Result: src_PE[2], src_Node[fsub_17_0], out_opID = ['2', None]; dest_PE[68], dest_Node[fadd_40_0], ch_in_opID = ['2', None]
2026-06-12 01:18:19.998 - [DEBUG] ||| run ||| Routing Edge from src_PE[2] -> dest_PE[69]
2026-06-12 01:18:19.999 - [DEBUG] ||| find_valid_port ||| FVP iteration[0] | n_pe = 2, n_opID = 2, child_id = 1, ch_pe = 69 | n_out_opID = ['2', None], ch_in_opID = [None, None]
2026-06-12 01:18:19.999 - [DEBUG] ||| find_valid_port ||| FVP iteration[0] | n_pe = 2, n_opID = 2, child_id = 1, ch_pe = 69 | n_out_opID = ['2', None], ch_in_opID = [None, None]
2026-06-12 01:18:20.000 - [DEBUG] ||| run ||| Routed = True | Result: src_PE[2], src_Node[fsub_17_0], out_opID = ['2', '2']; dest_PE[69], dest_Node[fsub_41_0], ch_in_opID = [None, '2']
2026-06-12 01:18:20.000 - [DEBUG] ||| run ||| Routing (node[fadd_16_0], opID[3]) placed @ PE[3]
2026-06-12 01:18:20.001 - [DEBUG] ||| run ||| Routing Edge from src_PE[3] -> dest_PE[70]
2026-06-12 01:18:20.001 - [DEBUG] ||| find_valid_port ||| FVP iteration[0] | n_pe = 3, n_opID = 3, child_id = 0, ch_pe = 70 | n_out_opID = [None, None], ch_in_opID = [None, None]
2026-06-12 01:18:20.002 - [DEBUG] ||| run ||| Routed = True | Result: src_PE[3], src_Node[fadd_16_0], out_opID = ['3', None]; dest_PE[70], dest_Node[fsub_38_0], ch_in_opID = ['3', None]
2026-06-12 01:18:20.002 - [DEBUG] ||| run ||| Routing Edge from src_PE[3] -> dest_PE[71]
2026-06-12 01:18:20.002 - [DEBUG] ||| find_valid_port ||| FVP iteration[0] | n_pe = 3, n_opID = 3, child_id = 1, ch_pe = 71 | n_out_opID = ['3', None], ch_in_opID = [None, None]
2026-06-12 01:18:20.003 - [DEBUG] ||| find_valid_port ||| FVP iteration[0] | n_pe = 3, n_opID = 3, child_id = 1, ch_pe = 71 | n_out_opID = ['3', None], ch_in_opID = [None, None]
2026-06-12 01:18:20.003 - [DEBUG] ||| run ||| Routed = True | Result: src_PE[3], src_Node[fadd_16_0], out_opID = ['3', '3']; dest_PE[71], dest_Node[fadd_39_0], ch_in_opID = [None, '3']
2026-06-12 01:18:20.003 - [DEBUG] ||| run ||| Routing (node[fsub_19_0], opID[4]) placed @ PE[4]
2026-06-12 01:18:20.004 - [DEBUG] ||| run ||| Routing Edge from src_PE[4] -> dest_PE[68]
2026-06-12 01:18:20.004 - [DEBUG] ||| find_valid_port ||| FVP iteration[0] | n_pe = 4, n_opID = 4, child_id = 0, ch_pe = 68 | n_out_opID = [None, None], ch_in_opID = ['2', None]
2026-06-12 01:18:20.005 - [DEBUG] ||| find_valid_port ||| FVP iteration[0] | n_pe = 4, n_opID = 4, child_id = 0, ch_pe = 68 | n_out_opID = [None, None], ch_in_opID = ['2', None]
2026-06-12 01:18:20.005 - [DEBUG] ||| run ||| Routed = True | Result: src_PE[4], src_Node[fsub_19_0], out_opID = [None, '4']; dest_PE[68], dest_Node[fadd_40_0], ch_in_opID = ['2', '4']
2026-06-12 01:18:20.005 - [DEBUG] ||| run ||| Routing Edge from src_PE[4] -> dest_PE[69]
2026-06-12 01:18:20.006 - [DEBUG] ||| find_valid_port ||| FVP iteration[0] | n_pe = 4, n_opID = 4, child_id = 1, ch_pe = 69 | n_out_opID = [None, '4'], ch_in_opID = [None, '2']
2026-06-12 01:18:20.006 - [DEBUG] ||| run ||| Routed = True | Result: src_PE[4], src_Node[fsub_19_0], out_opID = ['4', '4']; dest_PE[69], dest_Node[fsub_41_0], ch_in_opID = ['4', '2']
2026-06-12 01:18:20.006 - [DEBUG] ||| run ||| Routing (node[fadd_18_0], opID[5]) placed @ PE[5]
2026-06-12 01:18:20.007 - [DEBUG] ||| run ||| Routing Edge from src_PE[5] -> dest_PE[66]
2026-06-12 01:18:20.007 - [DEBUG] ||| find_valid_port ||| FVP iteration[0] | n_pe = 5, n_opID = 5, child_id = 0, ch_pe = 66 | n_out_opID = [None, None], ch_in_opID = ['1', None]
2026-06-12 01:18:20.008 - [DEBUG] ||| find_valid_port ||| FVP iteration[0] | n_pe = 5, n_opID = 5, child_id = 0, ch_pe = 66 | n_out_opID = [None, None], ch_in_opID = ['1', None]
2026-06-12 01:18:20.008 - [DEBUG] ||| run ||| Routed = True | Result: src_PE[5], src_Node[fadd_18_0], out_opID = [None, '5']; dest_PE[66], dest_Node[fsub_36_0], ch_in_opID = ['1', '5']
2026-06-12 01:18:20.009 - [DEBUG] ||| run ||| Routing Edge from src_PE[5] -> dest_PE[67]
2026-06-12 01:18:20.009 - [DEBUG] ||| find_valid_port ||| FVP iteration[0] | n_pe = 5, n_opID = 5, child_id = 1, ch_pe = 67 | n_out_opID = [None, '5'], ch_in_opID = [None, '1']
2026-06-12 01:18:20.010 - [DEBUG] ||| run ||| Routed = True | Result: src_PE[5], src_Node[fadd_18_0], out_opID = ['5', '5']; dest_PE[67], dest_Node[fadd_37_0], ch_in_opID = ['5', '1']
2026-06-12 01:18:20.010 - [DEBUG] ||| run ||| Routing (node[fsub_21_0], opID[6]) placed @ PE[6]
2026-06-12 01:18:20.011 - [DEBUG] ||| run ||| Routing Edge from src_PE[6] -> dest_PE[64]
2026-06-12 01:18:20.012 - [DEBUG] ||| find_valid_port ||| FVP iteration[0] | n_pe = 6, n_opID = 6, child_id = 0, ch_pe = 64 | n_out_opID = [None, None], ch_in_opID = ['0', None]
2026-06-12 01:18:20.013 - [DEBUG] ||| find_valid_port ||| FVP iteration[0] | n_pe = 6, n_opID = 6, child_id = 0, ch_pe = 64 | n_out_opID = [None, None], ch_in_opID = ['0', None]
2026-06-12 01:18:20.013 - [DEBUG] ||| run ||| Routed = True | Result: src_PE[6], src_Node[fsub_21_0], out_opID = [None, '6']; dest_PE[64], dest_Node[fsub_34_0], ch_in_opID = ['0', '6']
2026-06-12 01:18:20.013 - [DEBUG] ||| run ||| Routing Edge from src_PE[6] -> dest_PE[65]
2026-06-12 01:18:20.014 - [DEBUG] ||| find_valid_port ||| FVP iteration[0] | n_pe = 6, n_opID = 6, child_id = 1, ch_pe = 65 | n_out_opID = [None, '6'], ch_in_opID = [None, '0']
2026-06-12 01:18:20.014 - [DEBUG] ||| run ||| Routed = True | Result: src_PE[6], src_Node[fsub_21_0], out_opID = ['6', '6']; dest_PE[65], dest_Node[fadd_35_0], ch_in_opID = ['6', '0']
2026-06-12 01:18:20.015 - [DEBUG] ||| run ||| Routing (node[fadd_20_0], opID[7]) placed @ PE[7]
2026-06-12 01:18:20.015 - [DEBUG] ||| run ||| Routing Edge from src_PE[7] -> dest_PE[70]
2026-06-12 01:18:20.015 - [DEBUG] ||| find_valid_port ||| FVP iteration[0] | n_pe = 7, n_opID = 7, child_id = 0, ch_pe = 70 | n_out_opID = [None, None], ch_in_opID = ['3', None]
2026-06-12 01:18:20.016 - [DEBUG] ||| find_valid_port ||| FVP iteration[0] | n_pe = 7, n_opID = 7, child_id = 0, ch_pe = 70 | n_out_opID = [None, None], ch_in_opID = ['3', None]
2026-06-12 01:18:20.016 - [DEBUG] ||| run ||| Routed = True | Result: src_PE[7], src_Node[fadd_20_0], out_opID = [None, '7']; dest_PE[70], dest_Node[fsub_38_0], ch_in_opID = ['3', '7']
2026-06-12 01:18:20.017 - [DEBUG] ||| run ||| Routing Edge from src_PE[7] -> dest_PE[71]
2026-06-12 01:18:20.018 - [DEBUG] ||| find_valid_port ||| FVP iteration[0] | n_pe = 7, n_opID = 7, child_id = 1, ch_pe = 71 | n_out_opID = [None, '7'], ch_in_opID = [None, '3']
2026-06-12 01:18:20.018 - [DEBUG] ||| run ||| Routed = True | Result: src_PE[7], src_Node[fadd_20_0], out_opID = ['7', '7']; dest_PE[71], dest_Node[fadd_39_0], ch_in_opID = ['7', '3']
2026-06-12 01:18:20.019 - [DEBUG] ||| run ||| Routing (node[fsub_34_0], opID[8]) placed @ PE[64]
2026-06-12 01:18:20.019 - [DEBUG] ||| run ||| Routing Edge from src_PE[64] -> dest_PE[129]
2026-06-12 01:18:20.020 - [DEBUG] ||| find_valid_port ||| FVP iteration[0] | n_pe = 64, n_opID = 8, child_id = 0, ch_pe = 129 | n_out_opID = [None, None], ch_in_opID = [None, None]
2026-06-12 01:18:20.020 - [DEBUG] ||| run ||| Routed = True | Result: src_PE[64], src_Node[fsub_34_0], out_opID = ['8', None]; dest_PE[129], dest_Node[fmul_26_0], ch_in_opID = ['8', None]
2026-06-12 01:18:20.020 - [DEBUG] ||| run ||| Routing Edge from src_PE[64] -> dest_PE[128]
2026-06-12 01:18:20.021 - [DEBUG] ||| find_valid_port ||| FVP iteration[0] | n_pe = 64, n_opID = 8, child_id = 1, ch_pe = 128 | n_out_opID = ['8', None], ch_in_opID = [None, None]
2026-06-12 01:18:20.021 - [DEBUG] ||| find_valid_port ||| FVP iteration[0] | n_pe = 64, n_opID = 8, child_id = 1, ch_pe = 128 | n_out_opID = ['8', None], ch_in_opID = [None, None]
2026-06-12 01:18:20.021 - [DEBUG] ||| run ||| Routed = True | Result: src_PE[64], src_Node[fsub_34_0], out_opID = ['8', '8']; dest_PE[128], dest_Node[fmul_30_0], ch_in_opID = [None, '8']
2026-06-12 01:18:20.022 - [DEBUG] ||| run ||| Routing (node[fadd_35_0], opID[9]) placed @ PE[65]
2026-06-12 01:18:20.022 - [DEBUG] ||| run ||| Routing Edge from src_PE[65] -> dest_PE[131]
2026-06-12 01:18:20.023 - [DEBUG] ||| find_valid_port ||| FVP iteration[0] | n_pe = 65, n_opID = 9, child_id = 0, ch_pe = 131 | n_out_opID = [None, None], ch_in_opID = [None, None]
2026-06-12 01:18:20.023 - [DEBUG] ||| run ||| Routed = True | Result: src_PE[65], src_Node[fadd_35_0], out_opID = ['9', None]; dest_PE[131], dest_Node[fmul_22_0], ch_in_opID = ['9', None]
2026-06-12 01:18:20.023 - [DEBUG] ||| run ||| Routing Edge from src_PE[65] -> dest_PE[130]
2026-06-12 01:18:20.024 - [DEBUG] ||| find_valid_port ||| FVP iteration[0] | n_pe = 65, n_opID = 9, child_id = 1, ch_pe = 130 | n_out_opID = ['9', None], ch_in_opID = [None, None]
2026-06-12 01:18:20.024 - [DEBUG] ||| find_valid_port ||| FVP iteration[0] | n_pe = 65, n_opID = 9, child_id = 1, ch_pe = 130 | n_out_opID = ['9', None], ch_in_opID = [None, None]
2026-06-12 01:18:20.025 - [DEBUG] ||| run ||| Routed = True | Result: src_PE[65], src_Node[fadd_35_0], out_opID = ['9', '9']; dest_PE[130], dest_Node[fmul_32_0], ch_in_opID = [None, '9']
2026-06-12 01:18:20.025 - [DEBUG] ||| run ||| Routing (node[fsub_36_0], opID[10]) placed @ PE[66]
2026-06-12 01:18:20.026 - [DEBUG] ||| run ||| Routing Edge from src_PE[66] -> dest_PE[132]
2026-06-12 01:18:20.026 - [DEBUG] ||| find_valid_port ||| FVP iteration[0] | n_pe = 66, n_opID = 10, child_id = 0, ch_pe = 132 | n_out_opID = [None, None], ch_in_opID = [None, None]
2026-06-12 01:18:20.026 - [DEBUG] ||| run ||| Routed = True | Result: src_PE[66], src_Node[fsub_36_0], out_opID = ['10', None]; dest_PE[132], dest_Node[fmul_24_0], ch_in_opID = ['10', None]
2026-06-12 01:18:20.027 - [DEBUG] ||| run ||| Routing Edge from src_PE[66] -> dest_PE[133]
2026-06-12 01:18:20.027 - [DEBUG] ||| find_valid_port ||| FVP iteration[0] | n_pe = 66, n_opID = 10, child_id = 1, ch_pe = 133 | n_out_opID = ['10', None], ch_in_opID = [None, None]
2026-06-12 01:18:20.028 - [DEBUG] ||| find_valid_port ||| FVP iteration[0] | n_pe = 66, n_opID = 10, child_id = 1, ch_pe = 133 | n_out_opID = ['10', None], ch_in_opID = [None, None]
2026-06-12 01:18:20.028 - [DEBUG] ||| run ||| Routed = True | Result: src_PE[66], src_Node[fsub_36_0], out_opID = ['10', '10']; dest_PE[133], dest_Node[fmul_28_0], ch_in_opID = [None, '10']
2026-06-12 01:18:20.028 - [DEBUG] ||| run ||| Routing (node[fadd_37_0], opID[11]) placed @ PE[67]
2026-06-12 01:18:20.029 - [DEBUG] ||| run ||| Routing (node[fadd_40_0], opID[12]) placed @ PE[68]
2026-06-12 01:18:20.029 - [DEBUG] ||| run ||| Routing Edge from src_PE[68] -> dest_PE[134]
2026-06-12 01:18:20.029 - [DEBUG] ||| find_valid_port ||| FVP iteration[0] | n_pe = 68, n_opID = 12, child_id = 0, ch_pe = 134 | n_out_opID = [None, None], ch_in_opID = [None, None]
2026-06-12 01:18:20.030 - [DEBUG] ||| run ||| Routed = True | Result: src_PE[68], src_Node[fadd_40_0], out_opID = ['12', None]; dest_PE[134], dest_Node[fmul_27_0], ch_in_opID = ['12', None]
2026-06-12 01:18:20.030 - [DEBUG] ||| run ||| Routing Edge from src_PE[68] -> dest_PE[135]
2026-06-12 01:18:20.031 - [DEBUG] ||| find_valid_port ||| FVP iteration[0] | n_pe = 68, n_opID = 12, child_id = 1, ch_pe = 135 | n_out_opID = ['12', None], ch_in_opID = [None, None]
2026-06-12 01:18:20.031 - [DEBUG] ||| find_valid_port ||| FVP iteration[0] | n_pe = 68, n_opID = 12, child_id = 1, ch_pe = 135 | n_out_opID = ['12', None], ch_in_opID = [None, None]
2026-06-12 01:18:20.031 - [DEBUG] ||| run ||| Routed = True | Result: src_PE[68], src_Node[fadd_40_0], out_opID = ['12', '12']; dest_PE[135], dest_Node[fmul_31_0], ch_in_opID = [None, '12']
2026-06-12 01:18:20.032 - [DEBUG] ||| run ||| Routing (node[fsub_41_0], opID[13]) placed @ PE[69]
2026-06-12 01:18:20.032 - [DEBUG] ||| run ||| Routing Edge from src_PE[69] -> dest_PE[136]
2026-06-12 01:18:20.033 - [DEBUG] ||| find_valid_port ||| FVP iteration[0] | n_pe = 69, n_opID = 13, child_id = 0, ch_pe = 136 | n_out_opID = [None, None], ch_in_opID = [None, None]
2026-06-12 01:18:20.033 - [DEBUG] ||| run ||| Routed = True | Result: src_PE[69], src_Node[fsub_41_0], out_opID = ['13', None]; dest_PE[136], dest_Node[fmul_23_0], ch_in_opID = ['13', None]
2026-06-12 01:18:20.033 - [DEBUG] ||| run ||| Routing Edge from src_PE[69] -> dest_PE[137]
2026-06-12 01:18:20.034 - [DEBUG] ||| find_valid_port ||| FVP iteration[0] | n_pe = 69, n_opID = 13, child_id = 1, ch_pe = 137 | n_out_opID = ['13', None], ch_in_opID = [None, None]
2026-06-12 01:18:20.034 - [DEBUG] ||| find_valid_port ||| FVP iteration[0] | n_pe = 69, n_opID = 13, child_id = 1, ch_pe = 137 | n_out_opID = ['13', None], ch_in_opID = [None, None]
2026-06-12 01:18:20.035 - [DEBUG] ||| run ||| Routed = True | Result: src_PE[69], src_Node[fsub_41_0], out_opID = ['13', '13']; dest_PE[137], dest_Node[fmul_33_0], ch_in_opID = [None, '13']
2026-06-12 01:18:20.035 - [DEBUG] ||| run ||| Routing (node[fsub_38_0], opID[14]) placed @ PE[70]
2026-06-12 01:18:20.035 - [DEBUG] ||| run ||| Routing Edge from src_PE[70] -> dest_PE[139]
2026-06-12 01:18:20.036 - [DEBUG] ||| find_valid_port ||| FVP iteration[0] | n_pe = 70, n_opID = 14, child_id = 0, ch_pe = 139 | n_out_opID = [None, None], ch_in_opID = [None, None]
2026-06-12 01:18:20.036 - [DEBUG] ||| run ||| Routed = True | Result: src_PE[70], src_Node[fsub_38_0], out_opID = ['14', None]; dest_PE[139], dest_Node[fmul_25_0], ch_in_opID = ['14', None]
2026-06-12 01:18:20.036 - [DEBUG] ||| run ||| Routing Edge from src_PE[70] -> dest_PE[138]
2026-06-12 01:18:20.037 - [DEBUG] ||| find_valid_port ||| FVP iteration[0] | n_pe = 70, n_opID = 14, child_id = 1, ch_pe = 138 | n_out_opID = ['14', None], ch_in_opID = [None, None]
2026-06-12 01:18:20.037 - [DEBUG] ||| find_valid_port ||| FVP iteration[0] | n_pe = 70, n_opID = 14, child_id = 1, ch_pe = 138 | n_out_opID = ['14', None], ch_in_opID = [None, None]
2026-06-12 01:18:20.038 - [DEBUG] ||| run ||| Routed = True | Result: src_PE[70], src_Node[fsub_38_0], out_opID = ['14', '14']; dest_PE[138], dest_Node[fmul_29_0], ch_in_opID = [None, '14']
2026-06-12 01:18:20.038 - [DEBUG] ||| run ||| Routing (node[fadd_39_0], opID[15]) placed @ PE[71]
2026-06-12 01:18:20.038 - [DEBUG] ||| run ||| Routing (node[fmul_30_0], opID[16]) placed @ PE[128]
2026-06-12 01:18:20.039 - [DEBUG] ||| run ||| Routing Edge from src_PE[128] -> dest_PE[192]
2026-06-12 01:18:20.039 - [DEBUG] ||| find_valid_port ||| FVP iteration[0] | n_pe = 128, n_opID = 16, child_id = 0, ch_pe = 192 | n_out_opID = [None, None], ch_in_opID = [None, None]
2026-06-12 01:18:20.040 - [DEBUG] ||| run ||| Routed = True | Result: src_PE[128], src_Node[fmul_30_0], out_opID = ['16', None]; dest_PE[192], dest_Node[fadd_47_0], ch_in_opID = ['16', None]
2026-06-12 01:18:20.040 - [DEBUG] ||| run ||| Routing (node[fmul_26_0], opID[17]) placed @ PE[129]
2026-06-12 01:18:20.040 - [DEBUG] ||| run ||| Routing Edge from src_PE[129] -> dest_PE[193]
2026-06-12 01:18:20.041 - [DEBUG] ||| find_valid_port ||| FVP iteration[0] | n_pe = 129, n_opID = 17, child_id = 0, ch_pe = 193 | n_out_opID = [None, None], ch_in_opID = [None, None]
2026-06-12 01:18:20.041 - [DEBUG] ||| run ||| Routed = True | Result: src_PE[129], src_Node[fmul_26_0], out_opID = ['17', None]; dest_PE[193], dest_Node[fsub_46_0], ch_in_opID = ['17', None]
2026-06-12 01:18:20.042 - [DEBUG] ||| run ||| Routing (node[fmul_32_0], opID[18]) placed @ PE[130]
2026-06-12 01:18:20.042 - [DEBUG] ||| run ||| Routing Edge from src_PE[130] -> dest_PE[194]
2026-06-12 01:18:20.042 - [DEBUG] ||| find_valid_port ||| FVP iteration[0] | n_pe = 130, n_opID = 18, child_id = 0, ch_pe = 194 | n_out_opID = [None, None], ch_in_opID = [None, None]
2026-06-12 01:18:20.043 - [DEBUG] ||| run ||| Routed = True | Result: src_PE[130], src_Node[fmul_32_0], out_opID = ['18', None]; dest_PE[194], dest_Node[fadd_43_0], ch_in_opID = ['18', None]
2026-06-12 01:18:20.043 - [DEBUG] ||| run ||| Routing (node[fmul_22_0], opID[19]) placed @ PE[131]
2026-06-12 01:18:20.043 - [DEBUG] ||| run ||| Routing Edge from src_PE[131] -> dest_PE[195]
2026-06-12 01:18:20.044 - [DEBUG] ||| find_valid_port ||| FVP iteration[0] | n_pe = 131, n_opID = 19, child_id = 0, ch_pe = 195 | n_out_opID = [None, None], ch_in_opID = [None, None]
2026-06-12 01:18:20.044 - [DEBUG] ||| run ||| Routed = True | Result: src_PE[131], src_Node[fmul_22_0], out_opID = ['19', None]; dest_PE[195], dest_Node[fsub_42_0], ch_in_opID = ['19', None]
2026-06-12 01:18:20.045 - [DEBUG] ||| run ||| Routing (node[fmul_24_0], opID[20]) placed @ PE[132]
2026-06-12 01:18:20.045 - [DEBUG] ||| run ||| Routing Edge from src_PE[132] -> dest_PE[196]
2026-06-12 01:18:20.045 - [DEBUG] ||| find_valid_port ||| FVP iteration[0] | n_pe = 132, n_opID = 20, child_id = 0, ch_pe = 196 | n_out_opID = [None, None], ch_in_opID = [None, None]
2026-06-12 01:18:20.046 - [DEBUG] ||| run ||| Routed = True | Result: src_PE[132], src_Node[fmul_24_0], out_opID = ['20', None]; dest_PE[196], dest_Node[fadd_44_0], ch_in_opID = ['20', None]
2026-06-12 01:18:20.046 - [DEBUG] ||| run ||| Routing (node[fmul_28_0], opID[21]) placed @ PE[133]
2026-06-12 01:18:20.046 - [DEBUG] ||| run ||| Routing Edge from src_PE[133] -> dest_PE[197]
2026-06-12 01:18:20.047 - [DEBUG] ||| find_valid_port ||| FVP iteration[0] | n_pe = 133, n_opID = 21, child_id = 0, ch_pe = 197 | n_out_opID = [None, None], ch_in_opID = [None, None]
2026-06-12 01:18:20.047 - [DEBUG] ||| run ||| Routed = True | Result: src_PE[133], src_Node[fmul_28_0], out_opID = ['21', None]; dest_PE[197], dest_Node[fsub_45_0], ch_in_opID = ['21', None]
2026-06-12 01:18:20.048 - [DEBUG] ||| run ||| Routing (node[fmul_27_0], opID[22]) placed @ PE[134]
2026-06-12 01:18:20.048 - [DEBUG] ||| run ||| Routing Edge from src_PE[134] -> dest_PE[192]
2026-06-12 01:18:20.048 - [DEBUG] ||| find_valid_port ||| FVP iteration[0] | n_pe = 134, n_opID = 22, child_id = 0, ch_pe = 192 | n_out_opID = [None, None], ch_in_opID = ['16', None]
2026-06-12 01:18:20.049 - [DEBUG] ||| find_valid_port ||| FVP iteration[0] | n_pe = 134, n_opID = 22, child_id = 0, ch_pe = 192 | n_out_opID = [None, None], ch_in_opID = ['16', None]
2026-06-12 01:18:20.049 - [DEBUG] ||| run ||| Routed = True | Result: src_PE[134], src_Node[fmul_27_0], out_opID = [None, '22']; dest_PE[192], dest_Node[fadd_47_0], ch_in_opID = ['16', '22']
2026-06-12 01:18:20.050 - [DEBUG] ||| run ||| Routing (node[fmul_31_0], opID[23]) placed @ PE[135]
2026-06-12 01:18:20.050 - [DEBUG] ||| run ||| Routing Edge from src_PE[135] -> dest_PE[193]
2026-06-12 01:18:20.050 - [DEBUG] ||| find_valid_port ||| FVP iteration[0] | n_pe = 135, n_opID = 23, child_id = 0, ch_pe = 193 | n_out_opID = [None, None], ch_in_opID = ['17', None]
2026-06-12 01:18:20.051 - [DEBUG] ||| find_valid_port ||| FVP iteration[0] | n_pe = 135, n_opID = 23, child_id = 0, ch_pe = 193 | n_out_opID = [None, None], ch_in_opID = ['17', None]
2026-06-12 01:18:20.051 - [DEBUG] ||| run ||| Routed = True | Result: src_PE[135], src_Node[fmul_31_0], out_opID = [None, '23']; dest_PE[193], dest_Node[fsub_46_0], ch_in_opID = ['17', '23']
2026-06-12 01:18:20.052 - [DEBUG] ||| run ||| Routing (node[fmul_23_0], opID[24]) placed @ PE[136]
2026-06-12 01:18:20.052 - [DEBUG] ||| run ||| Routing Edge from src_PE[136] -> dest_PE[194]
2026-06-12 01:18:20.052 - [DEBUG] ||| find_valid_port ||| FVP iteration[0] | n_pe = 136, n_opID = 24, child_id = 0, ch_pe = 194 | n_out_opID = [None, None], ch_in_opID = ['18', None]
2026-06-12 01:18:20.053 - [DEBUG] ||| find_valid_port ||| FVP iteration[0] | n_pe = 136, n_opID = 24, child_id = 0, ch_pe = 194 | n_out_opID = [None, None], ch_in_opID = ['18', None]
2026-06-12 01:18:20.053 - [DEBUG] ||| run ||| Routed = True | Result: src_PE[136], src_Node[fmul_23_0], out_opID = [None, '24']; dest_PE[194], dest_Node[fadd_43_0], ch_in_opID = ['18', '24']
2026-06-12 01:18:20.053 - [DEBUG] ||| run ||| Routing (node[fmul_33_0], opID[25]) placed @ PE[137]
2026-06-12 01:18:20.054 - [DEBUG] ||| run ||| Routing Edge from src_PE[137] -> dest_PE[195]
2026-06-12 01:18:20.054 - [DEBUG] ||| find_valid_port ||| FVP iteration[0] | n_pe = 137, n_opID = 25, child_id = 0, ch_pe = 195 | n_out_opID = [None, None], ch_in_opID = ['19', None]
2026-06-12 01:18:20.054 - [DEBUG] ||| find_valid_port ||| FVP iteration[0] | n_pe = 137, n_opID = 25, child_id = 0, ch_pe = 195 | n_out_opID = [None, None], ch_in_opID = ['19', None]
2026-06-12 01:18:20.055 - [DEBUG] ||| run ||| Routed = True | Result: src_PE[137], src_Node[fmul_33_0], out_opID = [None, '25']; dest_PE[195], dest_Node[fsub_42_0], ch_in_opID = ['19', '25']
2026-06-12 01:18:20.056 - [DEBUG] ||| run ||| Routing (node[fmul_29_0], opID[26]) placed @ PE[138]
2026-06-12 01:18:20.056 - [DEBUG] ||| run ||| Routing Edge from src_PE[138] -> dest_PE[196]
2026-06-12 01:18:20.056 - [DEBUG] ||| find_valid_port ||| FVP iteration[0] | n_pe = 138, n_opID = 26, child_id = 0, ch_pe = 196 | n_out_opID = [None, None], ch_in_opID = ['20', None]
2026-06-12 01:18:20.057 - [DEBUG] ||| find_valid_port ||| FVP iteration[0] | n_pe = 138, n_opID = 26, child_id = 0, ch_pe = 196 | n_out_opID = [None, None], ch_in_opID = ['20', None]
2026-06-12 01:18:20.057 - [DEBUG] ||| run ||| Routed = True | Result: src_PE[138], src_Node[fmul_29_0], out_opID = [None, '26']; dest_PE[196], dest_Node[fadd_44_0], ch_in_opID = ['20', '26']
2026-06-12 01:18:20.058 - [DEBUG] ||| run ||| Routing (node[fmul_25_0], opID[27]) placed @ PE[139]
2026-06-12 01:18:20.058 - [DEBUG] ||| run ||| Routing Edge from src_PE[139] -> dest_PE[197]
2026-06-12 01:18:20.058 - [DEBUG] ||| find_valid_port ||| FVP iteration[0] | n_pe = 139, n_opID = 27, child_id = 0, ch_pe = 197 | n_out_opID = [None, None], ch_in_opID = ['21', None]
2026-06-12 01:18:20.059 - [DEBUG] ||| find_valid_port ||| FVP iteration[0] | n_pe = 139, n_opID = 27, child_id = 0, ch_pe = 197 | n_out_opID = [None, None], ch_in_opID = ['21', None]
2026-06-12 01:18:20.059 - [DEBUG] ||| run ||| Routed = True | Result: src_PE[139], src_Node[fmul_25_0], out_opID = [None, '27']; dest_PE[197], dest_Node[fsub_45_0], ch_in_opID = ['21', '27']
2026-06-12 01:18:20.059 - [DEBUG] ||| run ||| Routing (node[fadd_47_0], opID[28]) placed @ PE[192]
2026-06-12 01:18:20.060 - [DEBUG] ||| run ||| Routing (node[fsub_46_0], opID[29]) placed @ PE[193]
2026-06-12 01:18:20.060 - [DEBUG] ||| run ||| Routing (node[fadd_43_0], opID[30]) placed @ PE[194]
2026-06-12 01:18:20.061 - [DEBUG] ||| run ||| Routing (node[fsub_42_0], opID[31]) placed @ PE[195]
2026-06-12 01:18:20.061 - [DEBUG] ||| run ||| Routing (node[fadd_44_0], opID[32]) placed @ PE[196]
2026-06-12 01:18:20.061 - [DEBUG] ||| run ||| Routing (node[fsub_45_0], opID[33]) placed @ PE[197]
2026-06-12 01:18:20.062 - [DEBUG] ||| run ||| Routing (node[fsub_14_1], opID[0]) placed @ PE[198]
2026-06-12 01:18:20.062 - [DEBUG] ||| run ||| Routing Edge from src_PE[198] -> dest_PE[256]
2026-06-12 01:18:20.062 - [DEBUG] ||| find_valid_port ||| FVP iteration[0] | n_pe = 198, n_opID = 0, child_id = 0, ch_pe = 256 | n_out_opID = [None, None], ch_in_opID = [None, None]
2026-06-12 01:18:20.063 - [DEBUG] ||| run ||| Routed = True | Result: src_PE[198], src_Node[fsub_14_1], out_opID = ['0', None]; dest_PE[256], dest_Node[fsub_34_1], ch_in_opID = ['0', None]
2026-06-12 01:18:20.063 - [DEBUG] ||| run ||| Routing Edge from src_PE[198] -> dest_PE[257]
2026-06-12 01:18:20.063 - [DEBUG] ||| find_valid_port ||| FVP iteration[0] | n_pe = 198, n_opID = 0, child_id = 1, ch_pe = 257 | n_out_opID = ['0', None], ch_in_opID = [None, None]
2026-06-12 01:18:20.064 - [DEBUG] ||| find_valid_port ||| FVP iteration[0] | n_pe = 198, n_opID = 0, child_id = 1, ch_pe = 257 | n_out_opID = ['0', None], ch_in_opID = [None, None]
2026-06-12 01:18:20.064 - [DEBUG] ||| run ||| Routed = True | Result: src_PE[198], src_Node[fsub_14_1], out_opID = ['0', '0']; dest_PE[257], dest_Node[fadd_35_1], ch_in_opID = [None, '0']
2026-06-12 01:18:20.064 - [DEBUG] ||| run ||| Routing (node[fadd_15_1], opID[1]) placed @ PE[199]
2026-06-12 01:18:20.065 - [DEBUG] ||| run ||| Routing Edge from src_PE[199] -> dest_PE[258]
2026-06-12 01:18:20.065 - [DEBUG] ||| find_valid_port ||| FVP iteration[0] | n_pe = 199, n_opID = 1, child_id = 0, ch_pe = 258 | n_out_opID = [None, None], ch_in_opID = [None, None]
2026-06-12 01:18:20.066 - [DEBUG] ||| run ||| Routed = True | Result: src_PE[199], src_Node[fadd_15_1], out_opID = ['1', None]; dest_PE[258], dest_Node[fsub_36_1], ch_in_opID = ['1', None]
2026-06-12 01:18:20.066 - [DEBUG] ||| run ||| Routing Edge from src_PE[199] -> dest_PE[259]
2026-06-12 01:18:20.066 - [DEBUG] ||| find_valid_port ||| FVP iteration[0] | n_pe = 199, n_opID = 1, child_id = 1, ch_pe = 259 | n_out_opID = ['1', None], ch_in_opID = [None, None]
2026-06-12 01:18:20.067 - [DEBUG] ||| find_valid_port ||| FVP iteration[0] | n_pe = 199, n_opID = 1, child_id = 1, ch_pe = 259 | n_out_opID = ['1', None], ch_in_opID = [None, None]
2026-06-12 01:18:20.067 - [DEBUG] ||| run ||| Routed = True | Result: src_PE[199], src_Node[fadd_15_1], out_opID = ['1', '1']; dest_PE[259], dest_Node[fadd_37_1], ch_in_opID = [None, '1']
2026-06-12 01:18:20.068 - [DEBUG] ||| run ||| Routing (node[fsub_17_1], opID[2]) placed @ PE[200]
2026-06-12 01:18:20.068 - [DEBUG] ||| run ||| Routing Edge from src_PE[200] -> dest_PE[260]
2026-06-12 01:18:20.068 - [DEBUG] ||| find_valid_port ||| FVP iteration[0] | n_pe = 200, n_opID = 2, child_id = 0, ch_pe = 260 | n_out_opID = [None, None], ch_in_opID = [None, None]
2026-06-12 01:18:20.069 - [DEBUG] ||| run ||| Routed = True | Result: src_PE[200], src_Node[fsub_17_1], out_opID = ['2', None]; dest_PE[260], dest_Node[fadd_40_1], ch_in_opID = ['2', None]
2026-06-12 01:18:20.069 - [DEBUG] ||| run ||| Routing Edge from src_PE[200] -> dest_PE[261]
2026-06-12 01:18:20.069 - [DEBUG] ||| find_valid_port ||| FVP iteration[0] | n_pe = 200, n_opID = 2, child_id = 1, ch_pe = 261 | n_out_opID = ['2', None], ch_in_opID = [None, None]
2026-06-12 01:18:20.070 - [DEBUG] ||| find_valid_port ||| FVP iteration[0] | n_pe = 200, n_opID = 2, child_id = 1, ch_pe = 261 | n_out_opID = ['2', None], ch_in_opID = [None, None]
2026-06-12 01:18:20.070 - [DEBUG] ||| run ||| Routed = True | Result: src_PE[200], src_Node[fsub_17_1], out_opID = ['2', '2']; dest_PE[261], dest_Node[fsub_41_1], ch_in_opID = [None, '2']
2026-06-12 01:18:20.071 - [DEBUG] ||| run ||| Routing (node[fadd_16_1], opID[3]) placed @ PE[201]
2026-06-12 01:18:20.071 - [DEBUG] ||| run ||| Routing Edge from src_PE[201] -> dest_PE[262]
2026-06-12 01:18:20.072 - [DEBUG] ||| find_valid_port ||| FVP iteration[0] | n_pe = 201, n_opID = 3, child_id = 0, ch_pe = 262 | n_out_opID = [None, None], ch_in_opID = [None, None]
2026-06-12 01:18:20.072 - [DEBUG] ||| run ||| Routed = True | Result: src_PE[201], src_Node[fadd_16_1], out_opID = ['3', None]; dest_PE[262], dest_Node[fsub_38_1], ch_in_opID = ['3', None]
2026-06-12 01:18:20.072 - [DEBUG] ||| run ||| Routing Edge from src_PE[201] -> dest_PE[263]
2026-06-12 01:18:20.073 - [DEBUG] ||| find_valid_port ||| FVP iteration[0] | n_pe = 201, n_opID = 3, child_id = 1, ch_pe = 263 | n_out_opID = ['3', None], ch_in_opID = [None, None]
2026-06-12 01:18:20.073 - [DEBUG] ||| find_valid_port ||| FVP iteration[0] | n_pe = 201, n_opID = 3, child_id = 1, ch_pe = 263 | n_out_opID = ['3', None], ch_in_opID = [None, None]
2026-06-12 01:18:20.073 - [DEBUG] ||| run ||| Routed = True | Result: src_PE[201], src_Node[fadd_16_1], out_opID = ['3', '3']; dest_PE[263], dest_Node[fadd_39_1], ch_in_opID = [None, '3']
2026-06-12 01:18:20.074 - [DEBUG] ||| run ||| Routing (node[fsub_19_1], opID[4]) placed @ PE[202]
2026-06-12 01:18:20.074 - [DEBUG] ||| run ||| Routing Edge from src_PE[202] -> dest_PE[260]
2026-06-12 01:18:20.075 - [DEBUG] ||| find_valid_port ||| FVP iteration[0] | n_pe = 202, n_opID = 4, child_id = 0, ch_pe = 260 | n_out_opID = [None, None], ch_in_opID = ['2', None]
2026-06-12 01:18:20.075 - [DEBUG] ||| find_valid_port ||| FVP iteration[0] | n_pe = 202, n_opID = 4, child_id = 0, ch_pe = 260 | n_out_opID = [None, None], ch_in_opID = ['2', None]
2026-06-12 01:18:20.075 - [DEBUG] ||| run ||| Routed = True | Result: src_PE[202], src_Node[fsub_19_1], out_opID = [None, '4']; dest_PE[260], dest_Node[fadd_40_1], ch_in_opID = ['2', '4']
2026-06-12 01:18:20.076 - [DEBUG] ||| run ||| Routing Edge from src_PE[202] -> dest_PE[261]
2026-06-12 01:18:20.076 - [DEBUG] ||| find_valid_port ||| FVP iteration[0] | n_pe = 202, n_opID = 4, child_id = 1, ch_pe = 261 | n_out_opID = [None, '4'], ch_in_opID = [None, '2']
2026-06-12 01:18:20.077 - [DEBUG] ||| run ||| Routed = True | Result: src_PE[202], src_Node[fsub_19_1], out_opID = ['4', '4']; dest_PE[261], dest_Node[fsub_41_1], ch_in_opID = ['4', '2']
2026-06-12 01:18:20.077 - [DEBUG] ||| run ||| Routing (node[fadd_18_1], opID[5]) placed @ PE[203]
2026-06-12 01:18:20.077 - [DEBUG] ||| run ||| Routing Edge from src_PE[203] -> dest_PE[258]
2026-06-12 01:18:20.078 - [DEBUG] ||| find_valid_port ||| FVP iteration[0] | n_pe = 203, n_opID = 5, child_id = 0, ch_pe = 258 | n_out_opID = [None, None], ch_in_opID = ['1', None]
2026-06-12 01:18:20.078 - [DEBUG] ||| find_valid_port ||| FVP iteration[0] | n_pe = 203, n_opID = 5, child_id = 0, ch_pe = 258 | n_out_opID = [None, None], ch_in_opID = ['1', None]
2026-06-12 01:18:20.078 - [DEBUG] ||| run ||| Routed = True | Result: src_PE[203], src_Node[fadd_18_1], out_opID = [None, '5']; dest_PE[258], dest_Node[fsub_36_1], ch_in_opID = ['1', '5']
2026-06-12 01:18:20.079 - [DEBUG] ||| run ||| Routing Edge from src_PE[203] -> dest_PE[259]
2026-06-12 01:18:20.079 - [DEBUG] ||| find_valid_port ||| FVP iteration[0] | n_pe = 203, n_opID = 5, child_id = 1, ch_pe = 259 | n_out_opID = [None, '5'], ch_in_opID = [None, '1']
2026-06-12 01:18:20.080 - [DEBUG] ||| run ||| Routed = True | Result: src_PE[203], src_Node[fadd_18_1], out_opID = ['5', '5']; dest_PE[259], dest_Node[fadd_37_1], ch_in_opID = ['5', '1']
2026-06-12 01:18:20.080 - [DEBUG] ||| run ||| Routing (node[fsub_21_1], opID[6]) placed @ PE[204]
2026-06-12 01:18:20.080 - [DEBUG] ||| run ||| Routing Edge from src_PE[204] -> dest_PE[256]
2026-06-12 01:18:20.081 - [DEBUG] ||| find_valid_port ||| FVP iteration[0] | n_pe = 204, n_opID = 6, child_id = 0, ch_pe = 256 | n_out_opID = [None, None], ch_in_opID = ['0', None]
2026-06-12 01:18:20.081 - [DEBUG] ||| find_valid_port ||| FVP iteration[0] | n_pe = 204, n_opID = 6, child_id = 0, ch_pe = 256 | n_out_opID = [None, None], ch_in_opID = ['0', None]
2026-06-12 01:18:20.082 - [DEBUG] ||| run ||| Routed = True | Result: src_PE[204], src_Node[fsub_21_1], out_opID = [None, '6']; dest_PE[256], dest_Node[fsub_34_1], ch_in_opID = ['0', '6']
2026-06-12 01:18:20.082 - [DEBUG] ||| run ||| Routing Edge from src_PE[204] -> dest_PE[257]
2026-06-12 01:18:20.082 - [DEBUG] ||| find_valid_port ||| FVP iteration[0] | n_pe = 204, n_opID = 6, child_id = 1, ch_pe = 257 | n_out_opID = [None, '6'], ch_in_opID = [None, '0']
2026-06-12 01:18:20.083 - [DEBUG] ||| run ||| Routed = True | Result: src_PE[204], src_Node[fsub_21_1], out_opID = ['6', '6']; dest_PE[257], dest_Node[fadd_35_1], ch_in_opID = ['6', '0']
2026-06-12 01:18:20.083 - [DEBUG] ||| run ||| Routing (node[fadd_20_1], opID[7]) placed @ PE[205]
2026-06-12 01:18:20.084 - [DEBUG] ||| run ||| Routing Edge from src_PE[205] -> dest_PE[262]
2026-06-12 01:18:20.084 - [DEBUG] ||| find_valid_port ||| FVP iteration[0] | n_pe = 205, n_opID = 7, child_id = 0, ch_pe = 262 | n_out_opID = [None, None], ch_in_opID = ['3', None]
2026-06-12 01:18:20.084 - [DEBUG] ||| find_valid_port ||| FVP iteration[0] | n_pe = 205, n_opID = 7, child_id = 0, ch_pe = 262 | n_out_opID = [None, None], ch_in_opID = ['3', None]
2026-06-12 01:18:20.085 - [DEBUG] ||| run ||| Routed = True | Result: src_PE[205], src_Node[fadd_20_1], out_opID = [None, '7']; dest_PE[262], dest_Node[fsub_38_1], ch_in_opID = ['3', '7']
2026-06-12 01:18:20.085 - [DEBUG] ||| run ||| Routing Edge from src_PE[205] -> dest_PE[263]
2026-06-12 01:18:20.085 - [DEBUG] ||| find_valid_port ||| FVP iteration[0] | n_pe = 205, n_opID = 7, child_id = 1, ch_pe = 263 | n_out_opID = [None, '7'], ch_in_opID = [None, '3']
2026-06-12 01:18:20.086 - [DEBUG] ||| run ||| Routed = True | Result: src_PE[205], src_Node[fadd_20_1], out_opID = ['7', '7']; dest_PE[263], dest_Node[fadd_39_1], ch_in_opID = ['7', '3']
2026-06-12 01:18:20.086 - [DEBUG] ||| run ||| Routing (node[fsub_34_1], opID[8]) placed @ PE[256]
2026-06-12 01:18:20.087 - [DEBUG] ||| run ||| Routing Edge from src_PE[256] -> dest_PE[321]
2026-06-12 01:18:20.087 - [DEBUG] ||| find_valid_port ||| FVP iteration[0] | n_pe = 256, n_opID = 8, child_id = 0, ch_pe = 321 | n_out_opID = [None, None], ch_in_opID = [None, None]
2026-06-12 01:18:20.088 - [DEBUG] ||| run ||| Routed = True | Result: src_PE[256], src_Node[fsub_34_1], out_opID = ['8', None]; dest_PE[321], dest_Node[fmul_26_1], ch_in_opID = ['8', None]
2026-06-12 01:18:20.088 - [DEBUG] ||| run ||| Routing Edge from src_PE[256] -> dest_PE[320]
2026-06-12 01:18:20.088 - [DEBUG] ||| find_valid_port ||| FVP iteration[0] | n_pe = 256, n_opID = 8, child_id = 1, ch_pe = 320 | n_out_opID = ['8', None], ch_in_opID = [None, None]
2026-06-12 01:18:20.089 - [DEBUG] ||| find_valid_port ||| FVP iteration[0] | n_pe = 256, n_opID = 8, child_id = 1, ch_pe = 320 | n_out_opID = ['8', None], ch_in_opID = [None, None]
2026-06-12 01:18:20.089 - [DEBUG] ||| run ||| Routed = True | Result: src_PE[256], src_Node[fsub_34_1], out_opID = ['8', '8']; dest_PE[320], dest_Node[fmul_30_1], ch_in_opID = [None, '8']
2026-06-12 01:18:20.089 - [DEBUG] ||| run ||| Routing (node[fadd_35_1], opID[9]) placed @ PE[257]
2026-06-12 01:18:20.090 - [DEBUG] ||| run ||| Routing Edge from src_PE[257] -> dest_PE[323]
2026-06-12 01:18:20.090 - [DEBUG] ||| find_valid_port ||| FVP iteration[0] | n_pe = 257, n_opID = 9, child_id = 0, ch_pe = 323 | n_out_opID = [None, None], ch_in_opID = [None, None]
2026-06-12 01:18:20.091 - [DEBUG] ||| run ||| Routed = True | Result: src_PE[257], src_Node[fadd_35_1], out_opID = ['9', None]; dest_PE[323], dest_Node[fmul_22_1], ch_in_opID = ['9', None]
2026-06-12 01:18:20.091 - [DEBUG] ||| run ||| Routing Edge from src_PE[257] -> dest_PE[322]
2026-06-12 01:18:20.091 - [DEBUG] ||| find_valid_port ||| FVP iteration[0] | n_pe = 257, n_opID = 9, child_id = 1, ch_pe = 322 | n_out_opID = ['9', None], ch_in_opID = [None, None]
2026-06-12 01:18:20.092 - [DEBUG] ||| find_valid_port ||| FVP iteration[0] | n_pe = 257, n_opID = 9, child_id = 1, ch_pe = 322 | n_out_opID = ['9', None], ch_in_opID = [None, None]
2026-06-12 01:18:20.092 - [DEBUG] ||| run ||| Routed = True | Result: src_PE[257], src_Node[fadd_35_1], out_opID = ['9', '9']; dest_PE[322], dest_Node[fmul_32_1], ch_in_opID = [None, '9']
2026-06-12 01:18:20.093 - [DEBUG] ||| run ||| Routing (node[fsub_36_1], opID[10]) placed @ PE[258]
2026-06-12 01:18:20.093 - [DEBUG] ||| run ||| Routing Edge from src_PE[258] -> dest_PE[324]
2026-06-12 01:18:20.093 - [DEBUG] ||| find_valid_port ||| FVP iteration[0] | n_pe = 258, n_opID = 10, child_id = 0, ch_pe = 324 | n_out_opID = [None, None], ch_in_opID = [None, None]
2026-06-12 01:18:20.094 - [DEBUG] ||| run ||| Routed = True | Result: src_PE[258], src_Node[fsub_36_1], out_opID = ['10', None]; dest_PE[324], dest_Node[fmul_24_1], ch_in_opID = ['10', None]
2026-06-12 01:18:20.094 - [DEBUG] ||| run ||| Routing Edge from src_PE[258] -> dest_PE[325]
2026-06-12 01:18:20.094 - [DEBUG] ||| find_valid_port ||| FVP iteration[0] | n_pe = 258, n_opID = 10, child_id = 1, ch_pe = 325 | n_out_opID = ['10', None], ch_in_opID = [None, None]
2026-06-12 01:18:20.095 - [DEBUG] ||| find_valid_port ||| FVP iteration[0] | n_pe = 258, n_opID = 10, child_id = 1, ch_pe = 325 | n_out_opID = ['10', None], ch_in_opID = [None, None]
2026-06-12 01:18:20.095 - [DEBUG] ||| run ||| Routed = True | Result: src_PE[258], src_Node[fsub_36_1], out_opID = ['10', '10']; dest_PE[325], dest_Node[fmul_28_1], ch_in_opID = [None, '10']
2026-06-12 01:18:20.096 - [DEBUG] ||| run ||| Routing (node[fadd_37_1], opID[11]) placed @ PE[259]
2026-06-12 01:18:20.096 - [DEBUG] ||| run ||| Routing (node[fadd_40_1], opID[12]) placed @ PE[260]
2026-06-12 01:18:20.096 - [DEBUG] ||| run ||| Routing Edge from src_PE[260] -> dest_PE[326]
2026-06-12 01:18:20.097 - [DEBUG] ||| find_valid_port ||| FVP iteration[0] | n_pe = 260, n_opID = 12, child_id = 0, ch_pe = 326 | n_out_opID = [None, None], ch_in_opID = [None, None]
2026-06-12 01:18:20.097 - [DEBUG] ||| run ||| Routed = True | Result: src_PE[260], src_Node[fadd_40_1], out_opID = ['12', None]; dest_PE[326], dest_Node[fmul_27_1], ch_in_opID = ['12', None]
2026-06-12 01:18:20.098 - [DEBUG] ||| run ||| Routing Edge from src_PE[260] -> dest_PE[327]
2026-06-12 01:18:20.098 - [DEBUG] ||| find_valid_port ||| FVP iteration[0] | n_pe = 260, n_opID = 12, child_id = 1, ch_pe = 327 | n_out_opID = ['12', None], ch_in_opID = [None, None]
2026-06-12 01:18:20.098 - [DEBUG] ||| find_valid_port ||| FVP iteration[0] | n_pe = 260, n_opID = 12, child_id = 1, ch_pe = 327 | n_out_opID = ['12', None], ch_in_opID = [None, None]
2026-06-12 01:18:20.099 - [DEBUG] ||| run ||| Routed = True | Result: src_PE[260], src_Node[fadd_40_1], out_opID = ['12', '12']; dest_PE[327], dest_Node[fmul_31_1], ch_in_opID = [None, '12']
2026-06-12 01:18:20.099 - [DEBUG] ||| run ||| Routing (node[fsub_41_1], opID[13]) placed @ PE[261]
2026-06-12 01:18:20.100 - [DEBUG] ||| run ||| Routing Edge from src_PE[261] -> dest_PE[328]
2026-06-12 01:18:20.100 - [DEBUG] ||| find_valid_port ||| FVP iteration[0] | n_pe = 261, n_opID = 13, child_id = 0, ch_pe = 328 | n_out_opID = [None, None], ch_in_opID = [None, None]
2026-06-12 01:18:20.101 - [DEBUG] ||| run ||| Routed = True | Result: src_PE[261], src_Node[fsub_41_1], out_opID = ['13', None]; dest_PE[328], dest_Node[fmul_23_1], ch_in_opID = ['13', None]
2026-06-12 01:18:20.101 - [DEBUG] ||| run ||| Routing Edge from src_PE[261] -> dest_PE[329]
2026-06-12 01:18:20.102 - [DEBUG] ||| find_valid_port ||| FVP iteration[0] | n_pe = 261, n_opID = 13, child_id = 1, ch_pe = 329 | n_out_opID = ['13', None], ch_in_opID = [None, None]
2026-06-12 01:18:20.102 - [DEBUG] ||| find_valid_port ||| FVP iteration[0] | n_pe = 261, n_opID = 13, child_id = 1, ch_pe = 329 | n_out_opID = ['13', None], ch_in_opID = [None, None]
2026-06-12 01:18:20.102 - [DEBUG] ||| run ||| Routed = True | Result: src_PE[261], src_Node[fsub_41_1], out_opID = ['13', '13']; dest_PE[329], dest_Node[fmul_33_1], ch_in_opID = [None, '13']
2026-06-12 01:18:20.103 - [DEBUG] ||| run ||| Routing (node[fsub_38_1], opID[14]) placed @ PE[262]
2026-06-12 01:18:20.103 - [DEBUG] ||| run ||| Routing Edge from src_PE[262] -> dest_PE[331]
2026-06-12 01:18:20.104 - [DEBUG] ||| find_valid_port ||| FVP iteration[0] | n_pe = 262, n_opID = 14, child_id = 0, ch_pe = 331 | n_out_opID = [None, None], ch_in_opID = [None, None]
2026-06-12 01:18:20.104 - [DEBUG] ||| run ||| Routed = True | Result: src_PE[262], src_Node[fsub_38_1], out_opID = ['14', None]; dest_PE[331], dest_Node[fmul_25_1], ch_in_opID = ['14', None]
2026-06-12 01:18:20.104 - [DEBUG] ||| run ||| Routing Edge from src_PE[262] -> dest_PE[330]
2026-06-12 01:18:20.105 - [DEBUG] ||| find_valid_port ||| FVP iteration[0] | n_pe = 262, n_opID = 14, child_id = 1, ch_pe = 330 | n_out_opID = ['14', None], ch_in_opID = [None, None]
2026-06-12 01:18:20.105 - [DEBUG] ||| find_valid_port ||| FVP iteration[0] | n_pe = 262, n_opID = 14, child_id = 1, ch_pe = 330 | n_out_opID = ['14', None], ch_in_opID = [None, None]
2026-06-12 01:18:20.106 - [DEBUG] ||| run ||| Routed = True | Result: src_PE[262], src_Node[fsub_38_1], out_opID = ['14', '14']; dest_PE[330], dest_Node[fmul_29_1], ch_in_opID = [None, '14']
2026-06-12 01:18:20.106 - [DEBUG] ||| run ||| Routing (node[fadd_39_1], opID[15]) placed @ PE[263]
2026-06-12 01:18:20.106 - [DEBUG] ||| run ||| Routing (node[fmul_30_1], opID[16]) placed @ PE[320]
2026-06-12 01:18:20.107 - [DEBUG] ||| run ||| Routing Edge from src_PE[320] -> dest_PE[8]
2026-06-12 01:18:20.107 - [DEBUG] ||| find_valid_port ||| FVP iteration[0] | n_pe = 320, n_opID = 16, child_id = 0, ch_pe = 8 | n_out_opID = [None, None], ch_in_opID = [None, None]
2026-06-12 01:18:20.107 - [DEBUG] ||| run ||| Routed = True | Result: src_PE[320], src_Node[fmul_30_1], out_opID = ['16', None]; dest_PE[8], dest_Node[fadd_47_1], ch_in_opID = ['16', None]
2026-06-12 01:18:20.108 - [DEBUG] ||| run ||| Routing (node[fmul_26_1], opID[17]) placed @ PE[321]
2026-06-12 01:18:20.108 - [DEBUG] ||| run ||| Routing Edge from src_PE[321] -> dest_PE[9]
2026-06-12 01:18:20.109 - [DEBUG] ||| find_valid_port ||| FVP iteration[0] | n_pe = 321, n_opID = 17, child_id = 0, ch_pe = 9 | n_out_opID = [None, None], ch_in_opID = [None, None]
2026-06-12 01:18:20.109 - [DEBUG] ||| run ||| Routed = True | Result: src_PE[321], src_Node[fmul_26_1], out_opID = ['17', None]; dest_PE[9], dest_Node[fsub_46_1], ch_in_opID = ['17', None]
2026-06-12 01:18:20.109 - [DEBUG] ||| run ||| Routing (node[fmul_32_1], opID[18]) placed @ PE[322]
2026-06-12 01:18:20.110 - [DEBUG] ||| run ||| Routing Edge from src_PE[322] -> dest_PE[10]
2026-06-12 01:18:20.110 - [DEBUG] ||| find_valid_port ||| FVP iteration[0] | n_pe = 322, n_opID = 18, child_id = 0, ch_pe = 10 | n_out_opID = [None, None], ch_in_opID = [None, None]
2026-06-12 01:18:20.111 - [DEBUG] ||| run ||| Routed = True | Result: src_PE[322], src_Node[fmul_32_1], out_opID = ['18', None]; dest_PE[10], dest_Node[fadd_43_1], ch_in_opID = ['18', None]
2026-06-12 01:18:20.111 - [DEBUG] ||| run ||| Routing (node[fmul_22_1], opID[19]) placed @ PE[323]
2026-06-12 01:18:20.111 - [DEBUG] ||| run ||| Routing Edge from src_PE[323] -> dest_PE[11]
2026-06-12 01:18:20.112 - [DEBUG] ||| find_valid_port ||| FVP iteration[0] | n_pe = 323, n_opID = 19, child_id = 0, ch_pe = 11 | n_out_opID = [None, None], ch_in_opID = [None, None]
2026-06-12 01:18:20.112 - [DEBUG] ||| run ||| Routed = True | Result: src_PE[323], src_Node[fmul_22_1], out_opID = ['19', None]; dest_PE[11], dest_Node[fsub_42_1], ch_in_opID = ['19', None]
2026-06-12 01:18:20.112 - [DEBUG] ||| run ||| Routing (node[fmul_24_1], opID[20]) placed @ PE[324]
2026-06-12 01:18:20.113 - [DEBUG] ||| run ||| Routing Edge from src_PE[324] -> dest_PE[12]
2026-06-12 01:18:20.113 - [DEBUG] ||| find_valid_port ||| FVP iteration[0] | n_pe = 324, n_opID = 20, child_id = 0, ch_pe = 12 | n_out_opID = [None, None], ch_in_opID = [None, None]
2026-06-12 01:18:20.114 - [DEBUG] ||| run ||| Routed = True | Result: src_PE[324], src_Node[fmul_24_1], out_opID = ['20', None]; dest_PE[12], dest_Node[fadd_44_1], ch_in_opID = ['20', None]
2026-06-12 01:18:20.114 - [DEBUG] ||| run ||| Routing (node[fmul_28_1], opID[21]) placed @ PE[325]
2026-06-12 01:18:20.115 - [DEBUG] ||| run ||| Routing Edge from src_PE[325] -> dest_PE[13]
2026-06-12 01:18:20.115 - [DEBUG] ||| find_valid_port ||| FVP iteration[0] | n_pe = 325, n_opID = 21, child_id = 0, ch_pe = 13 | n_out_opID = [None, None], ch_in_opID = [None, None]
2026-06-12 01:18:20.115 - [DEBUG] ||| run ||| Routed = True | Result: src_PE[325], src_Node[fmul_28_1], out_opID = ['21', None]; dest_PE[13], dest_Node[fsub_45_1], ch_in_opID = ['21', None]
2026-06-12 01:18:20.116 - [DEBUG] ||| run ||| Routing (node[fmul_27_1], opID[22]) placed @ PE[326]
2026-06-12 01:18:20.116 - [DEBUG] ||| run ||| Routing Edge from src_PE[326] -> dest_PE[8]
2026-06-12 01:18:20.117 - [DEBUG] ||| find_valid_port ||| FVP iteration[0] | n_pe = 326, n_opID = 22, child_id = 0, ch_pe = 8 | n_out_opID = [None, None], ch_in_opID = ['16', None]
2026-06-12 01:18:20.117 - [DEBUG] ||| find_valid_port ||| FVP iteration[0] | n_pe = 326, n_opID = 22, child_id = 0, ch_pe = 8 | n_out_opID = [None, None], ch_in_opID = ['16', None]
2026-06-12 01:18:20.117 - [DEBUG] ||| run ||| Routed = True | Result: src_PE[326], src_Node[fmul_27_1], out_opID = [None, '22']; dest_PE[8], dest_Node[fadd_47_1], ch_in_opID = ['16', '22']
2026-06-12 01:18:20.118 - [DEBUG] ||| run ||| Routing (node[fmul_31_1], opID[23]) placed @ PE[327]
2026-06-12 01:18:20.118 - [DEBUG] ||| run ||| Routing Edge from src_PE[327] -> dest_PE[9]
2026-06-12 01:18:20.118 - [DEBUG] ||| find_valid_port ||| FVP iteration[0] | n_pe = 327, n_opID = 23, child_id = 0, ch_pe = 9 | n_out_opID = [None, None], ch_in_opID = ['17', None]
2026-06-12 01:18:20.119 - [DEBUG] ||| find_valid_port ||| FVP iteration[0] | n_pe = 327, n_opID = 23, child_id = 0, ch_pe = 9 | n_out_opID = [None, None], ch_in_opID = ['17', None]
2026-06-12 01:18:20.119 - [DEBUG] ||| run ||| Routed = True | Result: src_PE[327], src_Node[fmul_31_1], out_opID = [None, '23']; dest_PE[9], dest_Node[fsub_46_1], ch_in_opID = ['17', '23']
2026-06-12 01:18:20.120 - [DEBUG] ||| run ||| Routing (node[fmul_23_1], opID[24]) placed @ PE[328]
2026-06-12 01:18:20.120 - [DEBUG] ||| run ||| Routing Edge from src_PE[328] -> dest_PE[10]
2026-06-12 01:18:20.120 - [DEBUG] ||| find_valid_port ||| FVP iteration[0] | n_pe = 328, n_opID = 24, child_id = 0, ch_pe = 10 | n_out_opID = [None, None], ch_in_opID = ['18', None]
2026-06-12 01:18:20.121 - [DEBUG] ||| find_valid_port ||| FVP iteration[0] | n_pe = 328, n_opID = 24, child_id = 0, ch_pe = 10 | n_out_opID = [None, None], ch_in_opID = ['18', None]
2026-06-12 01:18:20.121 - [DEBUG] ||| run ||| Routed = True | Result: src_PE[328], src_Node[fmul_23_1], out_opID = [None, '24']; dest_PE[10], dest_Node[fadd_43_1], ch_in_opID = ['18', '24']
2026-06-12 01:18:20.121 - [DEBUG] ||| run ||| Routing (node[fmul_33_1], opID[25]) placed @ PE[329]
2026-06-12 01:18:20.122 - [DEBUG] ||| run ||| Routing Edge from src_PE[329] -> dest_PE[11]
2026-06-12 01:18:20.122 - [DEBUG] ||| find_valid_port ||| FVP iteration[0] | n_pe = 329, n_opID = 25, child_id = 0, ch_pe = 11 | n_out_opID = [None, None], ch_in_opID = ['19', None]
2026-06-12 01:18:20.123 - [DEBUG] ||| find_valid_port ||| FVP iteration[0] | n_pe = 329, n_opID = 25, child_id = 0, ch_pe = 11 | n_out_opID = [None, None], ch_in_opID = ['19', None]
2026-06-12 01:18:20.123 - [DEBUG] ||| run ||| Routed = True | Result: src_PE[329], src_Node[fmul_33_1], out_opID = [None, '25']; dest_PE[11], dest_Node[fsub_42_1], ch_in_opID = ['19', '25']
2026-06-12 01:18:20.123 - [DEBUG] ||| run ||| Routing (node[fmul_29_1], opID[26]) placed @ PE[330]
2026-06-12 01:18:20.124 - [DEBUG] ||| run ||| Routing Edge from src_PE[330] -> dest_PE[12]
2026-06-12 01:18:20.124 - [DEBUG] ||| find_valid_port ||| FVP iteration[0] | n_pe = 330, n_opID = 26, child_id = 0, ch_pe = 12 | n_out_opID = [None, None], ch_in_opID = ['20', None]
2026-06-12 01:18:20.125 - [DEBUG] ||| find_valid_port ||| FVP iteration[0] | n_pe = 330, n_opID = 26, child_id = 0, ch_pe = 12 | n_out_opID = [None, None], ch_in_opID = ['20', None]
2026-06-12 01:18:20.125 - [DEBUG] ||| run ||| Routed = True | Result: src_PE[330], src_Node[fmul_29_1], out_opID = [None, '26']; dest_PE[12], dest_Node[fadd_44_1], ch_in_opID = ['20', '26']
2026-06-12 01:18:20.125 - [DEBUG] ||| run ||| Routing (node[fmul_25_1], opID[27]) placed @ PE[331]
2026-06-12 01:18:20.126 - [DEBUG] ||| run ||| Routing Edge from src_PE[331] -> dest_PE[13]
2026-06-12 01:18:20.126 - [DEBUG] ||| find_valid_port ||| FVP iteration[0] | n_pe = 331, n_opID = 27, child_id = 0, ch_pe = 13 | n_out_opID = [None, None], ch_in_opID = ['21', None]
2026-06-12 01:18:20.127 - [DEBUG] ||| find_valid_port ||| FVP iteration[0] | n_pe = 331, n_opID = 27, child_id = 0, ch_pe = 13 | n_out_opID = [None, None], ch_in_opID = ['21', None]
2026-06-12 01:18:20.127 - [DEBUG] ||| run ||| Routed = True | Result: src_PE[331], src_Node[fmul_25_1], out_opID = [None, '27']; dest_PE[13], dest_Node[fsub_45_1], ch_in_opID = ['21', '27']
2026-06-12 01:18:20.127 - [DEBUG] ||| run ||| Routing (node[fadd_47_1], opID[28]) placed @ PE[8]
2026-06-12 01:18:20.128 - [DEBUG] ||| run ||| Routing (node[fsub_46_1], opID[29]) placed @ PE[9]
2026-06-12 01:18:20.128 - [DEBUG] ||| run ||| Routing (node[fadd_43_1], opID[30]) placed @ PE[10]
2026-06-12 01:18:20.129 - [DEBUG] ||| run ||| Routing (node[fsub_42_1], opID[31]) placed @ PE[11]
2026-06-12 01:18:20.129 - [DEBUG] ||| run ||| Routing (node[fadd_44_1], opID[32]) placed @ PE[12]
2026-06-12 01:18:20.130 - [DEBUG] ||| run ||| Routing (node[fsub_45_1], opID[33]) placed @ PE[13]
2026-06-12 01:18:20.130 - [DEBUG] ||| run ||| Routing (node[fsub_14_2], opID[0]) placed @ PE[206]
2026-06-12 01:18:20.131 - [DEBUG] ||| run ||| Routing Edge from src_PE[206] -> dest_PE[264]
2026-06-12 01:18:20.131 - [DEBUG] ||| find_valid_port ||| FVP iteration[0] | n_pe = 206, n_opID = 0, child_id = 0, ch_pe = 264 | n_out_opID = [None, None], ch_in_opID = [None, None]
2026-06-12 01:18:20.132 - [DEBUG] ||| run ||| Routed = True | Result: src_PE[206], src_Node[fsub_14_2], out_opID = ['0', None]; dest_PE[264], dest_Node[fsub_34_2], ch_in_opID = ['0', None]
2026-06-12 01:18:20.132 - [DEBUG] ||| run ||| Routing Edge from src_PE[206] -> dest_PE[265]
2026-06-12 01:18:20.133 - [DEBUG] ||| find_valid_port ||| FVP iteration[0] | n_pe = 206, n_opID = 0, child_id = 1, ch_pe = 265 | n_out_opID = ['0', None], ch_in_opID = [None, None]
2026-06-12 01:18:20.133 - [DEBUG] ||| find_valid_port ||| FVP iteration[0] | n_pe = 206, n_opID = 0, child_id = 1, ch_pe = 265 | n_out_opID = ['0', None], ch_in_opID = [None, None]
2026-06-12 01:18:20.133 - [DEBUG] ||| run ||| Routed = True | Result: src_PE[206], src_Node[fsub_14_2], out_opID = ['0', '0']; dest_PE[265], dest_Node[fadd_35_2], ch_in_opID = [None, '0']
2026-06-12 01:18:20.134 - [DEBUG] ||| run ||| Routing (node[fadd_15_2], opID[1]) placed @ PE[207]
2026-06-12 01:18:20.134 - [DEBUG] ||| run ||| Routing Edge from src_PE[207] -> dest_PE[266]
2026-06-12 01:18:20.134 - [DEBUG] ||| find_valid_port ||| FVP iteration[0] | n_pe = 207, n_opID = 1, child_id = 0, ch_pe = 266 | n_out_opID = [None, None], ch_in_opID = [None, None]
2026-06-12 01:18:20.134 - [DEBUG] ||| run ||| Routed = True | Result: src_PE[207], src_Node[fadd_15_2], out_opID = ['1', None]; dest_PE[266], dest_Node[fsub_36_2], ch_in_opID = ['1', None]
2026-06-12 01:18:20.135 - [DEBUG] ||| run ||| Routing Edge from src_PE[207] -> dest_PE[267]
2026-06-12 01:18:20.135 - [DEBUG] ||| find_valid_port ||| FVP iteration[0] | n_pe = 207, n_opID = 1, child_id = 1, ch_pe = 267 | n_out_opID = ['1', None], ch_in_opID = [None, None]
2026-06-12 01:18:20.135 - [DEBUG] ||| find_valid_port ||| FVP iteration[0] | n_pe = 207, n_opID = 1, child_id = 1, ch_pe = 267 | n_out_opID = ['1', None], ch_in_opID = [None, None]
2026-06-12 01:18:20.136 - [DEBUG] ||| run ||| Routed = True | Result: src_PE[207], src_Node[fadd_15_2], out_opID = ['1', '1']; dest_PE[267], dest_Node[fadd_37_2], ch_in_opID = [None, '1']
2026-06-12 01:18:20.136 - [DEBUG] ||| run ||| Routing (node[fsub_17_2], opID[2]) placed @ PE[208]
2026-06-12 01:18:20.136 - [DEBUG] ||| run ||| Routing Edge from src_PE[208] -> dest_PE[268]
2026-06-12 01:18:20.136 - [DEBUG] ||| find_valid_port ||| FVP iteration[0] | n_pe = 208, n_opID = 2, child_id = 0, ch_pe = 268 | n_out_opID = [None, None], ch_in_opID = [None, None]
2026-06-12 01:18:20.137 - [DEBUG] ||| run ||| Routed = True | Result: src_PE[208], src_Node[fsub_17_2], out_opID = ['2', None]; dest_PE[268], dest_Node[fadd_40_2], ch_in_opID = ['2', None]
2026-06-12 01:18:20.137 - [DEBUG] ||| run ||| Routing Edge from src_PE[208] -> dest_PE[269]
2026-06-12 01:18:20.137 - [DEBUG] ||| find_valid_port ||| FVP iteration[0] | n_pe = 208, n_opID = 2, child_id = 1, ch_pe = 269 | n_out_opID = ['2', None], ch_in_opID = [None, None]
2026-06-12 01:18:20.138 - [DEBUG] ||| find_valid_port ||| FVP iteration[0] | n_pe = 208, n_opID = 2, child_id = 1, ch_pe = 269 | n_out_opID = ['2', None], ch_in_opID = [None, None]
2026-06-12 01:18:20.138 - [DEBUG] ||| run ||| Routed = True | Result: src_PE[208], src_Node[fsub_17_2], out_opID = ['2', '2']; dest_PE[269], dest_Node[fsub_41_2], ch_in_opID = [None, '2']
2026-06-12 01:18:20.138 - [DEBUG] ||| run ||| Routing (node[fadd_16_2], opID[3]) placed @ PE[209]
2026-06-12 01:18:20.138 - [DEBUG] ||| run ||| Routing Edge from src_PE[209] -> dest_PE[270]
2026-06-12 01:18:20.139 - [DEBUG] ||| find_valid_port ||| FVP iteration[0] | n_pe = 209, n_opID = 3, child_id = 0, ch_pe = 270 | n_out_opID = [None, None], ch_in_opID = [None, None]
2026-06-12 01:18:20.139 - [DEBUG] ||| run ||| Routed = True | Result: src_PE[209], src_Node[fadd_16_2], out_opID = ['3', None]; dest_PE[270], dest_Node[fsub_38_2], ch_in_opID = ['3', None]
2026-06-12 01:18:20.139 - [DEBUG] ||| run ||| Routing Edge from src_PE[209] -> dest_PE[271]
2026-06-12 01:18:20.140 - [DEBUG] ||| find_valid_port ||| FVP iteration[0] | n_pe = 209, n_opID = 3, child_id = 1, ch_pe = 271 | n_out_opID = ['3', None], ch_in_opID = [None, None]
2026-06-12 01:18:20.140 - [DEBUG] ||| find_valid_port ||| FVP iteration[0] | n_pe = 209, n_opID = 3, child_id = 1, ch_pe = 271 | n_out_opID = ['3', None], ch_in_opID = [None, None]
2026-06-12 01:18:20.140 - [DEBUG] ||| run ||| Routed = True | Result: src_PE[209], src_Node[fadd_16_2], out_opID = ['3', '3']; dest_PE[271], dest_Node[fadd_39_2], ch_in_opID = [None, '3']
2026-06-12 01:18:20.141 - [DEBUG] ||| run ||| Routing (node[fsub_19_2], opID[4]) placed @ PE[210]
2026-06-12 01:18:20.141 - [DEBUG] ||| run ||| Routing Edge from src_PE[210] -> dest_PE[268]
2026-06-12 01:18:20.141 - [DEBUG] ||| find_valid_port ||| FVP iteration[0] | n_pe = 210, n_opID = 4, child_id = 0, ch_pe = 268 | n_out_opID = [None, None], ch_in_opID = ['2', None]
2026-06-12 01:18:20.142 - [DEBUG] ||| find_valid_port ||| FVP iteration[0] | n_pe = 210, n_opID = 4, child_id = 0, ch_pe = 268 | n_out_opID = [None, None], ch_in_opID = ['2', None]
2026-06-12 01:18:20.142 - [DEBUG] ||| run ||| Routed = True | Result: src_PE[210], src_Node[fsub_19_2], out_opID = [None, '4']; dest_PE[268], dest_Node[fadd_40_2], ch_in_opID = ['2', '4']
2026-06-12 01:18:20.142 - [DEBUG] ||| run ||| Routing Edge from src_PE[210] -> dest_PE[269]
2026-06-12 01:18:20.142 - [DEBUG] ||| find_valid_port ||| FVP iteration[0] | n_pe = 210, n_opID = 4, child_id = 1, ch_pe = 269 | n_out_opID = [None, '4'], ch_in_opID = [None, '2']
2026-06-12 01:18:20.143 - [DEBUG] ||| run ||| Routed = True | Result: src_PE[210], src_Node[fsub_19_2], out_opID = ['4', '4']; dest_PE[269], dest_Node[fsub_41_2], ch_in_opID = ['4', '2']
2026-06-12 01:18:20.143 - [DEBUG] ||| run ||| Routing (node[fadd_18_2], opID[5]) placed @ PE[211]
2026-06-12 01:18:20.144 - [DEBUG] ||| run ||| Routing Edge from src_PE[211] -> dest_PE[266]
2026-06-12 01:18:20.144 - [DEBUG] ||| find_valid_port ||| FVP iteration[0] | n_pe = 211, n_opID = 5, child_id = 0, ch_pe = 266 | n_out_opID = [None, None], ch_in_opID = ['1', None]
2026-06-12 01:18:20.144 - [DEBUG] ||| find_valid_port ||| FVP iteration[0] | n_pe = 211, n_opID = 5, child_id = 0, ch_pe = 266 | n_out_opID = [None, None], ch_in_opID = ['1', None]
2026-06-12 01:18:20.145 - [DEBUG] ||| run ||| Routed = True | Result: src_PE[211], src_Node[fadd_18_2], out_opID = [None, '5']; dest_PE[266], dest_Node[fsub_36_2], ch_in_opID = ['1', '5']
2026-06-12 01:18:20.145 - [DEBUG] ||| run ||| Routing Edge from src_PE[211] -> dest_PE[267]
2026-06-12 01:18:20.145 - [DEBUG] ||| find_valid_port ||| FVP iteration[0] | n_pe = 211, n_opID = 5, child_id = 1, ch_pe = 267 | n_out_opID = [None, '5'], ch_in_opID = [None, '1']
2026-06-12 01:18:20.145 - [DEBUG] ||| run ||| Routed = True | Result: src_PE[211], src_Node[fadd_18_2], out_opID = ['5', '5']; dest_PE[267], dest_Node[fadd_37_2], ch_in_opID = ['5', '1']
2026-06-12 01:18:20.146 - [DEBUG] ||| run ||| Routing (node[fsub_21_2], opID[6]) placed @ PE[212]
2026-06-12 01:18:20.146 - [DEBUG] ||| run ||| Routing Edge from src_PE[212] -> dest_PE[264]
2026-06-12 01:18:20.146 - [DEBUG] ||| find_valid_port ||| FVP iteration[0] | n_pe = 212, n_opID = 6, child_id = 0, ch_pe = 264 | n_out_opID = [None, None], ch_in_opID = ['0', None]
2026-06-12 01:18:20.147 - [DEBUG] ||| find_valid_port ||| FVP iteration[0] | n_pe = 212, n_opID = 6, child_id = 0, ch_pe = 264 | n_out_opID = [None, None], ch_in_opID = ['0', None]
2026-06-12 01:18:20.147 - [DEBUG] ||| run ||| Routed = True | Result: src_PE[212], src_Node[fsub_21_2], out_opID = [None, '6']; dest_PE[264], dest_Node[fsub_34_2], ch_in_opID = ['0', '6']
2026-06-12 01:18:20.147 - [DEBUG] ||| run ||| Routing Edge from src_PE[212] -> dest_PE[265]
2026-06-12 01:18:20.148 - [DEBUG] ||| find_valid_port ||| FVP iteration[0] | n_pe = 212, n_opID = 6, child_id = 1, ch_pe = 265 | n_out_opID = [None, '6'], ch_in_opID = [None, '0']
2026-06-12 01:18:20.148 - [DEBUG] ||| run ||| Routed = True | Result: src_PE[212], src_Node[fsub_21_2], out_opID = ['6', '6']; dest_PE[265], dest_Node[fadd_35_2], ch_in_opID = ['6', '0']
2026-06-12 01:18:20.148 - [DEBUG] ||| run ||| Routing (node[fadd_20_2], opID[7]) placed @ PE[213]
2026-06-12 01:18:20.148 - [DEBUG] ||| run ||| Routing Edge from src_PE[213] -> dest_PE[270]
2026-06-12 01:18:20.149 - [DEBUG] ||| find_valid_port ||| FVP iteration[0] | n_pe = 213, n_opID = 7, child_id = 0, ch_pe = 270 | n_out_opID = [None, None], ch_in_opID = ['3', None]
2026-06-12 01:18:20.149 - [DEBUG] ||| find_valid_port ||| FVP iteration[0] | n_pe = 213, n_opID = 7, child_id = 0, ch_pe = 270 | n_out_opID = [None, None], ch_in_opID = ['3', None]
2026-06-12 01:18:20.149 - [DEBUG] ||| run ||| Routed = True | Result: src_PE[213], src_Node[fadd_20_2], out_opID = [None, '7']; dest_PE[270], dest_Node[fsub_38_2], ch_in_opID = ['3', '7']
2026-06-12 01:18:20.150 - [DEBUG] ||| run ||| Routing Edge from src_PE[213] -> dest_PE[271]
2026-06-12 01:18:20.150 - [DEBUG] ||| find_valid_port ||| FVP iteration[0] | n_pe = 213, n_opID = 7, child_id = 1, ch_pe = 271 | n_out_opID = [None, '7'], ch_in_opID = [None, '3']
2026-06-12 01:18:20.150 - [DEBUG] ||| run ||| Routed = True | Result: src_PE[213], src_Node[fadd_20_2], out_opID = ['7', '7']; dest_PE[271], dest_Node[fadd_39_2], ch_in_opID = ['7', '3']
2026-06-12 01:18:20.151 - [DEBUG] ||| run ||| Routing (node[fsub_34_2], opID[8]) placed @ PE[264]
2026-06-12 01:18:20.151 - [DEBUG] ||| run ||| Routing Edge from src_PE[264] -> dest_PE[333]
2026-06-12 01:18:20.151 - [DEBUG] ||| find_valid_port ||| FVP iteration[0] | n_pe = 264, n_opID = 8, child_id = 0, ch_pe = 333 | n_out_opID = [None, None], ch_in_opID = [None, None]
2026-06-12 01:18:20.152 - [DEBUG] ||| run ||| Routed = True | Result: src_PE[264], src_Node[fsub_34_2], out_opID = ['8', None]; dest_PE[333], dest_Node[fmul_26_2], ch_in_opID = ['8', None]
2026-06-12 01:18:20.152 - [DEBUG] ||| run ||| Routing Edge from src_PE[264] -> dest_PE[332]
2026-06-12 01:18:20.152 - [DEBUG] ||| find_valid_port ||| FVP iteration[0] | n_pe = 264, n_opID = 8, child_id = 1, ch_pe = 332 | n_out_opID = ['8', None], ch_in_opID = [None, None]
2026-06-12 01:18:20.152 - [DEBUG] ||| find_valid_port ||| FVP iteration[0] | n_pe = 264, n_opID = 8, child_id = 1, ch_pe = 332 | n_out_opID = ['8', None], ch_in_opID = [None, None]
2026-06-12 01:18:20.153 - [DEBUG] ||| run ||| Routed = True | Result: src_PE[264], src_Node[fsub_34_2], out_opID = ['8', '8']; dest_PE[332], dest_Node[fmul_30_2], ch_in_opID = [None, '8']
2026-06-12 01:18:20.153 - [DEBUG] ||| run ||| Routing (node[fadd_35_2], opID[9]) placed @ PE[265]
2026-06-12 01:18:20.153 - [DEBUG] ||| run ||| Routing Edge from src_PE[265] -> dest_PE[335]
2026-06-12 01:18:20.154 - [DEBUG] ||| find_valid_port ||| FVP iteration[0] | n_pe = 265, n_opID = 9, child_id = 0, ch_pe = 335 | n_out_opID = [None, None], ch_in_opID = [None, None]
2026-06-12 01:18:20.154 - [DEBUG] ||| run ||| Routed = True | Result: src_PE[265], src_Node[fadd_35_2], out_opID = ['9', None]; dest_PE[335], dest_Node[fmul_22_2], ch_in_opID = ['9', None]
2026-06-12 01:18:20.154 - [DEBUG] ||| run ||| Routing Edge from src_PE[265] -> dest_PE[334]
2026-06-12 01:18:20.154 - [DEBUG] ||| find_valid_port ||| FVP iteration[0] | n_pe = 265, n_opID = 9, child_id = 1, ch_pe = 334 | n_out_opID = ['9', None], ch_in_opID = [None, None]
2026-06-12 01:18:20.155 - [DEBUG] ||| find_valid_port ||| FVP iteration[0] | n_pe = 265, n_opID = 9, child_id = 1, ch_pe = 334 | n_out_opID = ['9', None], ch_in_opID = [None, None]
2026-06-12 01:18:20.155 - [DEBUG] ||| run ||| Routed = True | Result: src_PE[265], src_Node[fadd_35_2], out_opID = ['9', '9']; dest_PE[334], dest_Node[fmul_32_2], ch_in_opID = [None, '9']
2026-06-12 01:18:20.155 - [DEBUG] ||| run ||| Routing (node[fsub_36_2], opID[10]) placed @ PE[266]
2026-06-12 01:18:20.156 - [DEBUG] ||| run ||| Routing Edge from src_PE[266] -> dest_PE[336]
2026-06-12 01:18:20.156 - [DEBUG] ||| find_valid_port ||| FVP iteration[0] | n_pe = 266, n_opID = 10, child_id = 0, ch_pe = 336 | n_out_opID = [None, None], ch_in_opID = [None, None]
2026-06-12 01:18:20.157 - [DEBUG] ||| run ||| Routed = True | Result: src_PE[266], src_Node[fsub_36_2], out_opID = ['10', None]; dest_PE[336], dest_Node[fmul_24_2], ch_in_opID = ['10', None]
2026-06-12 01:18:20.157 - [DEBUG] ||| run ||| Routing Edge from src_PE[266] -> dest_PE[337]
2026-06-12 01:18:20.158 - [DEBUG] ||| find_valid_port ||| FVP iteration[0] | n_pe = 266, n_opID = 10, child_id = 1, ch_pe = 337 | n_out_opID = ['10', None], ch_in_opID = [None, None]
2026-06-12 01:18:20.158 - [DEBUG] ||| find_valid_port ||| FVP iteration[0] | n_pe = 266, n_opID = 10, child_id = 1, ch_pe = 337 | n_out_opID = ['10', None], ch_in_opID = [None, None]
2026-06-12 01:18:20.159 - [DEBUG] ||| run ||| Routed = True | Result: src_PE[266], src_Node[fsub_36_2], out_opID = ['10', '10']; dest_PE[337], dest_Node[fmul_28_2], ch_in_opID = [None, '10']
2026-06-12 01:18:20.159 - [DEBUG] ||| run ||| Routing (node[fadd_37_2], opID[11]) placed @ PE[267]
2026-06-12 01:18:20.159 - [DEBUG] ||| run ||| Routing (node[fadd_40_2], opID[12]) placed @ PE[268]
2026-06-12 01:18:20.160 - [DEBUG] ||| run ||| Routing Edge from src_PE[268] -> dest_PE[338]
2026-06-12 01:18:20.160 - [DEBUG] ||| find_valid_port ||| FVP iteration[0] | n_pe = 268, n_opID = 12, child_id = 0, ch_pe = 338 | n_out_opID = [None, None], ch_in_opID = [None, None]
2026-06-12 01:18:20.160 - [DEBUG] ||| run ||| Routed = True | Result: src_PE[268], src_Node[fadd_40_2], out_opID = ['12', None]; dest_PE[338], dest_Node[fmul_27_2], ch_in_opID = ['12', None]
2026-06-12 01:18:20.161 - [DEBUG] ||| run ||| Routing Edge from src_PE[268] -> dest_PE[339]
2026-06-12 01:18:20.161 - [DEBUG] ||| find_valid_port ||| FVP iteration[0] | n_pe = 268, n_opID = 12, child_id = 1, ch_pe = 339 | n_out_opID = ['12', None], ch_in_opID = [None, None]
2026-06-12 01:18:20.162 - [DEBUG] ||| find_valid_port ||| FVP iteration[0] | n_pe = 268, n_opID = 12, child_id = 1, ch_pe = 339 | n_out_opID = ['12', None], ch_in_opID = [None, None]
2026-06-12 01:18:20.162 - [DEBUG] ||| run ||| Routed = True | Result: src_PE[268], src_Node[fadd_40_2], out_opID = ['12', '12']; dest_PE[339], dest_Node[fmul_31_2], ch_in_opID = [None, '12']
2026-06-12 01:18:20.162 - [DEBUG] ||| run ||| Routing (node[fsub_41_2], opID[13]) placed @ PE[269]
2026-06-12 01:18:20.163 - [DEBUG] ||| run ||| Routing Edge from src_PE[269] -> dest_PE[340]
2026-06-12 01:18:20.163 - [DEBUG] ||| find_valid_port ||| FVP iteration[0] | n_pe = 269, n_opID = 13, child_id = 0, ch_pe = 340 | n_out_opID = [None, None], ch_in_opID = [None, None]
2026-06-12 01:18:20.164 - [DEBUG] ||| run ||| Routed = True | Result: src_PE[269], src_Node[fsub_41_2], out_opID = ['13', None]; dest_PE[340], dest_Node[fmul_23_2], ch_in_opID = ['13', None]
2026-06-12 01:18:20.164 - [DEBUG] ||| run ||| Routing Edge from src_PE[269] -> dest_PE[341]
2026-06-12 01:18:20.164 - [DEBUG] ||| find_valid_port ||| FVP iteration[0] | n_pe = 269, n_opID = 13, child_id = 1, ch_pe = 341 | n_out_opID = ['13', None], ch_in_opID = [None, None]
2026-06-12 01:18:20.165 - [DEBUG] ||| find_valid_port ||| FVP iteration[0] | n_pe = 269, n_opID = 13, child_id = 1, ch_pe = 341 | n_out_opID = ['13', None], ch_in_opID = [None, None]
2026-06-12 01:18:20.165 - [DEBUG] ||| run ||| Routed = True | Result: src_PE[269], src_Node[fsub_41_2], out_opID = ['13', '13']; dest_PE[341], dest_Node[fmul_33_2], ch_in_opID = [None, '13']
2026-06-12 01:18:20.166 - [DEBUG] ||| run ||| Routing (node[fsub_38_2], opID[14]) placed @ PE[270]
2026-06-12 01:18:20.166 - [DEBUG] ||| run ||| Routing Edge from src_PE[270] -> dest_PE[343]
2026-06-12 01:18:20.166 - [DEBUG] ||| find_valid_port ||| FVP iteration[0] | n_pe = 270, n_opID = 14, child_id = 0, ch_pe = 343 | n_out_opID = [None, None], ch_in_opID = [None, None]
2026-06-12 01:18:20.167 - [DEBUG] ||| run ||| Routed = True | Result: src_PE[270], src_Node[fsub_38_2], out_opID = ['14', None]; dest_PE[343], dest_Node[fmul_25_2], ch_in_opID = ['14', None]
2026-06-12 01:18:20.167 - [DEBUG] ||| run ||| Routing Edge from src_PE[270] -> dest_PE[342]
2026-06-12 01:18:20.168 - [DEBUG] ||| find_valid_port ||| FVP iteration[0] | n_pe = 270, n_opID = 14, child_id = 1, ch_pe = 342 | n_out_opID = ['14', None], ch_in_opID = [None, None]
2026-06-12 01:18:20.168 - [DEBUG] ||| find_valid_port ||| FVP iteration[0] | n_pe = 270, n_opID = 14, child_id = 1, ch_pe = 342 | n_out_opID = ['14', None], ch_in_opID = [None, None]
2026-06-12 01:18:20.168 - [DEBUG] ||| run ||| Routed = True | Result: src_PE[270], src_Node[fsub_38_2], out_opID = ['14', '14']; dest_PE[342], dest_Node[fmul_29_2], ch_in_opID = [None, '14']
2026-06-12 01:18:20.169 - [DEBUG] ||| run ||| Routing (node[fadd_39_2], opID[15]) placed @ PE[271]
2026-06-12 01:18:20.169 - [DEBUG] ||| run ||| Routing (node[fmul_30_2], opID[16]) placed @ PE[332]
2026-06-12 01:18:20.169 - [DEBUG] ||| run ||| Routing Edge from src_PE[332] -> dest_PE[14]
2026-06-12 01:18:20.170 - [DEBUG] ||| find_valid_port ||| FVP iteration[0] | n_pe = 332, n_opID = 16, child_id = 0, ch_pe = 14 | n_out_opID = [None, None], ch_in_opID = [None, None]
2026-06-12 01:18:20.170 - [DEBUG] ||| run ||| Routed = True | Result: src_PE[332], src_Node[fmul_30_2], out_opID = ['16', None]; dest_PE[14], dest_Node[fadd_47_2], ch_in_opID = ['16', None]
2026-06-12 01:18:20.171 - [DEBUG] ||| run ||| Routing (node[fmul_26_2], opID[17]) placed @ PE[333]
2026-06-12 01:18:20.171 - [DEBUG] ||| run ||| Routing Edge from src_PE[333] -> dest_PE[15]
2026-06-12 01:18:20.171 - [DEBUG] ||| find_valid_port ||| FVP iteration[0] | n_pe = 333, n_opID = 17, child_id = 0, ch_pe = 15 | n_out_opID = [None, None], ch_in_opID = [None, None]
2026-06-12 01:18:20.172 - [DEBUG] ||| run ||| Routed = True | Result: src_PE[333], src_Node[fmul_26_2], out_opID = ['17', None]; dest_PE[15], dest_Node[fsub_46_2], ch_in_opID = ['17', None]
2026-06-12 01:18:20.172 - [DEBUG] ||| run ||| Routing (node[fmul_32_2], opID[18]) placed @ PE[334]
2026-06-12 01:18:20.173 - [DEBUG] ||| run ||| Routing Edge from src_PE[334] -> dest_PE[16]
2026-06-12 01:18:20.173 - [DEBUG] ||| find_valid_port ||| FVP iteration[0] | n_pe = 334, n_opID = 18, child_id = 0, ch_pe = 16 | n_out_opID = [None, None], ch_in_opID = [None, None]
2026-06-12 01:18:20.173 - [DEBUG] ||| run ||| Routed = True | Result: src_PE[334], src_Node[fmul_32_2], out_opID = ['18', None]; dest_PE[16], dest_Node[fadd_43_2], ch_in_opID = ['18', None]
2026-06-12 01:18:20.174 - [DEBUG] ||| run ||| Routing (node[fmul_22_2], opID[19]) placed @ PE[335]
2026-06-12 01:18:20.174 - [DEBUG] ||| run ||| Routing Edge from src_PE[335] -> dest_PE[17]
2026-06-12 01:18:20.175 - [DEBUG] ||| find_valid_port ||| FVP iteration[0] | n_pe = 335, n_opID = 19, child_id = 0, ch_pe = 17 | n_out_opID = [None, None], ch_in_opID = [None, None]
2026-06-12 01:18:20.175 - [DEBUG] ||| run ||| Routed = True | Result: src_PE[335], src_Node[fmul_22_2], out_opID = ['19', None]; dest_PE[17], dest_Node[fsub_42_2], ch_in_opID = ['19', None]
2026-06-12 01:18:20.175 - [DEBUG] ||| run ||| Routing (node[fmul_24_2], opID[20]) placed @ PE[336]
2026-06-12 01:18:20.176 - [DEBUG] ||| run ||| Routing Edge from src_PE[336] -> dest_PE[18]
2026-06-12 01:18:20.176 - [DEBUG] ||| find_valid_port ||| FVP iteration[0] | n_pe = 336, n_opID = 20, child_id = 0, ch_pe = 18 | n_out_opID = [None, None], ch_in_opID = [None, None]
2026-06-12 01:18:20.176 - [DEBUG] ||| run ||| Routed = True | Result: src_PE[336], src_Node[fmul_24_2], out_opID = ['20', None]; dest_PE[18], dest_Node[fadd_44_2], ch_in_opID = ['20', None]
2026-06-12 01:18:20.177 - [DEBUG] ||| run ||| Routing (node[fmul_28_2], opID[21]) placed @ PE[337]
2026-06-12 01:18:20.177 - [DEBUG] ||| run ||| Routing Edge from src_PE[337] -> dest_PE[19]
2026-06-12 01:18:20.178 - [DEBUG] ||| find_valid_port ||| FVP iteration[0] | n_pe = 337, n_opID = 21, child_id = 0, ch_pe = 19 | n_out_opID = [None, None], ch_in_opID = [None, None]
2026-06-12 01:18:20.178 - [DEBUG] ||| run ||| Routed = True | Result: src_PE[337], src_Node[fmul_28_2], out_opID = ['21', None]; dest_PE[19], dest_Node[fsub_45_2], ch_in_opID = ['21', None]
2026-06-12 01:18:20.178 - [DEBUG] ||| run ||| Routing (node[fmul_27_2], opID[22]) placed @ PE[338]
2026-06-12 01:18:20.179 - [DEBUG] ||| run ||| Routing Edge from src_PE[338] -> dest_PE[14]
2026-06-12 01:18:20.179 - [DEBUG] ||| find_valid_port ||| FVP iteration[0] | n_pe = 338, n_opID = 22, child_id = 0, ch_pe = 14 | n_out_opID = [None, None], ch_in_opID = ['16', None]
2026-06-12 01:18:20.180 - [DEBUG] ||| find_valid_port ||| FVP iteration[0] | n_pe = 338, n_opID = 22, child_id = 0, ch_pe = 14 | n_out_opID = [None, None], ch_in_opID = ['16', None]
2026-06-12 01:18:20.180 - [DEBUG] ||| run ||| Routed = True | Result: src_PE[338], src_Node[fmul_27_2], out_opID = [None, '22']; dest_PE[14], dest_Node[fadd_47_2], ch_in_opID = ['16', '22']
2026-06-12 01:18:20.180 - [DEBUG] ||| run ||| Routing (node[fmul_31_2], opID[23]) placed @ PE[339]
2026-06-12 01:18:20.181 - [DEBUG] ||| run ||| Routing Edge from src_PE[339] -> dest_PE[15]
2026-06-12 01:18:20.181 - [DEBUG] ||| find_valid_port ||| FVP iteration[0] | n_pe = 339, n_opID = 23, child_id = 0, ch_pe = 15 | n_out_opID = [None, None], ch_in_opID = ['17', None]
2026-06-12 01:18:20.181 - [DEBUG] ||| find_valid_port ||| FVP iteration[0] | n_pe = 339, n_opID = 23, child_id = 0, ch_pe = 15 | n_out_opID = [None, None], ch_in_opID = ['17', None]
2026-06-12 01:18:20.182 - [DEBUG] ||| run ||| Routed = True | Result: src_PE[339], src_Node[fmul_31_2], out_opID = [None, '23']; dest_PE[15], dest_Node[fsub_46_2], ch_in_opID = ['17', '23']
2026-06-12 01:18:20.182 - [DEBUG] ||| run ||| Routing (node[fmul_23_2], opID[24]) placed @ PE[340]
2026-06-12 01:18:20.183 - [DEBUG] ||| run ||| Routing Edge from src_PE[340] -> dest_PE[16]
2026-06-12 01:18:20.183 - [DEBUG] ||| find_valid_port ||| FVP iteration[0] | n_pe = 340, n_opID = 24, child_id = 0, ch_pe = 16 | n_out_opID = [None, None], ch_in_opID = ['18', None]
2026-06-12 01:18:20.183 - [DEBUG] ||| find_valid_port ||| FVP iteration[0] | n_pe = 340, n_opID = 24, child_id = 0, ch_pe = 16 | n_out_opID = [None, None], ch_in_opID = ['18', None]
2026-06-12 01:18:20.184 - [DEBUG] ||| run ||| Routed = True | Result: src_PE[340], src_Node[fmul_23_2], out_opID = [None, '24']; dest_PE[16], dest_Node[fadd_43_2], ch_in_opID = ['18', '24']
2026-06-12 01:18:20.184 - [DEBUG] ||| run ||| Routing (node[fmul_33_2], opID[25]) placed @ PE[341]
2026-06-12 01:18:20.184 - [DEBUG] ||| run ||| Routing Edge from src_PE[341] -> dest_PE[17]
2026-06-12 01:18:20.185 - [DEBUG] ||| find_valid_port ||| FVP iteration[0] | n_pe = 341, n_opID = 25, child_id = 0, ch_pe = 17 | n_out_opID = [None, None], ch_in_opID = ['19', None]
2026-06-12 01:18:20.185 - [DEBUG] ||| find_valid_port ||| FVP iteration[0] | n_pe = 341, n_opID = 25, child_id = 0, ch_pe = 17 | n_out_opID = [None, None], ch_in_opID = ['19', None]
2026-06-12 01:18:20.186 - [DEBUG] ||| run ||| Routed = True | Result: src_PE[341], src_Node[fmul_33_2], out_opID = [None, '25']; dest_PE[17], dest_Node[fsub_42_2], ch_in_opID = ['19', '25']
2026-06-12 01:18:20.186 - [DEBUG] ||| run ||| Routing (node[fmul_29_2], opID[26]) placed @ PE[342]
2026-06-12 01:18:20.186 - [DEBUG] ||| run ||| Routing Edge from src_PE[342] -> dest_PE[18]
2026-06-12 01:18:20.187 - [DEBUG] ||| find_valid_port ||| FVP iteration[0] | n_pe = 342, n_opID = 26, child_id = 0, ch_pe = 18 | n_out_opID = [None, None], ch_in_opID = ['20', None]
2026-06-12 01:18:20.187 - [DEBUG] ||| find_valid_port ||| FVP iteration[0] | n_pe = 342, n_opID = 26, child_id = 0, ch_pe = 18 | n_out_opID = [None, None], ch_in_opID = ['20', None]
2026-06-12 01:18:20.188 - [DEBUG] ||| run ||| Routed = True | Result: src_PE[342], src_Node[fmul_29_2], out_opID = [None, '26']; dest_PE[18], dest_Node[fadd_44_2], ch_in_opID = ['20', '26']
2026-06-12 01:18:20.188 - [DEBUG] ||| run ||| Routing (node[fmul_25_2], opID[27]) placed @ PE[343]
2026-06-12 01:18:20.188 - [DEBUG] ||| run ||| Routing Edge from src_PE[343] -> dest_PE[19]
2026-06-12 01:18:20.189 - [DEBUG] ||| find_valid_port ||| FVP iteration[0] | n_pe = 343, n_opID = 27, child_id = 0, ch_pe = 19 | n_out_opID = [None, None], ch_in_opID = ['21', None]
2026-06-12 01:18:20.189 - [DEBUG] ||| find_valid_port ||| FVP iteration[0] | n_pe = 343, n_opID = 27, child_id = 0, ch_pe = 19 | n_out_opID = [None, None], ch_in_opID = ['21', None]
2026-06-12 01:18:20.190 - [DEBUG] ||| run ||| Routed = True | Result: src_PE[343], src_Node[fmul_25_2], out_opID = [None, '27']; dest_PE[19], dest_Node[fsub_45_2], ch_in_opID = ['21', '27']
2026-06-12 01:18:20.190 - [DEBUG] ||| run ||| Routing (node[fadd_47_2], opID[28]) placed @ PE[14]
2026-06-12 01:18:20.190 - [DEBUG] ||| run ||| Routing (node[fsub_46_2], opID[29]) placed @ PE[15]
2026-06-12 01:18:20.191 - [DEBUG] ||| run ||| Routing (node[fadd_43_2], opID[30]) placed @ PE[16]
2026-06-12 01:18:20.191 - [DEBUG] ||| run ||| Routing (node[fsub_42_2], opID[31]) placed @ PE[17]
2026-06-12 01:18:20.192 - [DEBUG] ||| run ||| Routing (node[fadd_44_2], opID[32]) placed @ PE[18]
2026-06-12 01:18:20.192 - [DEBUG] ||| run ||| Routing (node[fsub_45_2], opID[33]) placed @ PE[19]
2026-06-12 01:18:20.192 - [DEBUG] ||| run ||| Routing (node[fsub_14_3], opID[0]) placed @ PE[20]
2026-06-12 01:18:20.193 - [DEBUG] ||| run ||| Routing Edge from src_PE[20] -> dest_PE[72]
2026-06-12 01:18:20.193 - [DEBUG] ||| find_valid_port ||| FVP iteration[0] | n_pe = 20, n_opID = 0, child_id = 0, ch_pe = 72 | n_out_opID = [None, None], ch_in_opID = [None, None]
2026-06-12 01:18:20.193 - [DEBUG] ||| run ||| Routed = True | Result: src_PE[20], src_Node[fsub_14_3], out_opID = ['0', None]; dest_PE[72], dest_Node[fsub_34_3], ch_in_opID = ['0', None]
2026-06-12 01:18:20.194 - [DEBUG] ||| run ||| Routing Edge from src_PE[20] -> dest_PE[73]
2026-06-12 01:18:20.194 - [DEBUG] ||| find_valid_port ||| FVP iteration[0] | n_pe = 20, n_opID = 0, child_id = 1, ch_pe = 73 | n_out_opID = ['0', None], ch_in_opID = [None, None]
2026-06-12 01:18:20.195 - [DEBUG] ||| find_valid_port ||| FVP iteration[0] | n_pe = 20, n_opID = 0, child_id = 1, ch_pe = 73 | n_out_opID = ['0', None], ch_in_opID = [None, None]
2026-06-12 01:18:20.195 - [DEBUG] ||| run ||| Routed = True | Result: src_PE[20], src_Node[fsub_14_3], out_opID = ['0', '0']; dest_PE[73], dest_Node[fadd_35_3], ch_in_opID = [None, '0']
2026-06-12 01:18:20.195 - [DEBUG] ||| run ||| Routing (node[fadd_15_3], opID[1]) placed @ PE[21]
2026-06-12 01:18:20.196 - [DEBUG] ||| run ||| Routing Edge from src_PE[21] -> dest_PE[74]
2026-06-12 01:18:20.196 - [DEBUG] ||| find_valid_port ||| FVP iteration[0] | n_pe = 21, n_opID = 1, child_id = 0, ch_pe = 74 | n_out_opID = [None, None], ch_in_opID = [None, None]
2026-06-12 01:18:20.197 - [DEBUG] ||| run ||| Routed = True | Result: src_PE[21], src_Node[fadd_15_3], out_opID = ['1', None]; dest_PE[74], dest_Node[fsub_36_3], ch_in_opID = ['1', None]
2026-06-12 01:18:20.197 - [DEBUG] ||| run ||| Routing Edge from src_PE[21] -> dest_PE[75]
2026-06-12 01:18:20.197 - [DEBUG] ||| find_valid_port ||| FVP iteration[0] | n_pe = 21, n_opID = 1, child_id = 1, ch_pe = 75 | n_out_opID = ['1', None], ch_in_opID = [None, None]
2026-06-12 01:18:20.198 - [DEBUG] ||| find_valid_port ||| FVP iteration[0] | n_pe = 21, n_opID = 1, child_id = 1, ch_pe = 75 | n_out_opID = ['1', None], ch_in_opID = [None, None]
2026-06-12 01:18:20.198 - [DEBUG] ||| run ||| Routed = True | Result: src_PE[21], src_Node[fadd_15_3], out_opID = ['1', '1']; dest_PE[75], dest_Node[fadd_37_3], ch_in_opID = [None, '1']
2026-06-12 01:18:20.198 - [DEBUG] ||| run ||| Routing (node[fsub_17_3], opID[2]) placed @ PE[22]
2026-06-12 01:18:20.199 - [DEBUG] ||| run ||| Routing Edge from src_PE[22] -> dest_PE[76]
2026-06-12 01:18:20.199 - [DEBUG] ||| find_valid_port ||| FVP iteration[0] | n_pe = 22, n_opID = 2, child_id = 0, ch_pe = 76 | n_out_opID = [None, None], ch_in_opID = [None, None]
2026-06-12 01:18:20.200 - [DEBUG] ||| run ||| Routed = True | Result: src_PE[22], src_Node[fsub_17_3], out_opID = ['2', None]; dest_PE[76], dest_Node[fadd_40_3], ch_in_opID = ['2', None]
2026-06-12 01:18:20.200 - [DEBUG] ||| run ||| Routing Edge from src_PE[22] -> dest_PE[77]
2026-06-12 01:18:20.200 - [DEBUG] ||| find_valid_port ||| FVP iteration[0] | n_pe = 22, n_opID = 2, child_id = 1, ch_pe = 77 | n_out_opID = ['2', None], ch_in_opID = [None, None]
2026-06-12 01:18:20.201 - [DEBUG] ||| find_valid_port ||| FVP iteration[0] | n_pe = 22, n_opID = 2, child_id = 1, ch_pe = 77 | n_out_opID = ['2', None], ch_in_opID = [None, None]
2026-06-12 01:18:20.201 - [DEBUG] ||| run ||| Routed = True | Result: src_PE[22], src_Node[fsub_17_3], out_opID = ['2', '2']; dest_PE[77], dest_Node[fsub_41_3], ch_in_opID = [None, '2']
2026-06-12 01:18:20.202 - [DEBUG] ||| run ||| Routing (node[fadd_16_3], opID[3]) placed @ PE[23]
2026-06-12 01:18:20.202 - [DEBUG] ||| run ||| Routing Edge from src_PE[23] -> dest_PE[78]
2026-06-12 01:18:20.202 - [DEBUG] ||| find_valid_port ||| FVP iteration[0] | n_pe = 23, n_opID = 3, child_id = 0, ch_pe = 78 | n_out_opID = [None, None], ch_in_opID = [None, None]
2026-06-12 01:18:20.203 - [DEBUG] ||| run ||| Routed = True | Result: src_PE[23], src_Node[fadd_16_3], out_opID = ['3', None]; dest_PE[78], dest_Node[fsub_38_3], ch_in_opID = ['3', None]
2026-06-12 01:18:20.203 - [DEBUG] ||| run ||| Routing Edge from src_PE[23] -> dest_PE[79]
2026-06-12 01:18:20.204 - [DEBUG] ||| find_valid_port ||| FVP iteration[0] | n_pe = 23, n_opID = 3, child_id = 1, ch_pe = 79 | n_out_opID = ['3', None], ch_in_opID = [None, None]
2026-06-12 01:18:20.204 - [DEBUG] ||| find_valid_port ||| FVP iteration[0] | n_pe = 23, n_opID = 3, child_id = 1, ch_pe = 79 | n_out_opID = ['3', None], ch_in_opID = [None, None]
2026-06-12 01:18:20.204 - [DEBUG] ||| run ||| Routed = True | Result: src_PE[23], src_Node[fadd_16_3], out_opID = ['3', '3']; dest_PE[79], dest_Node[fadd_39_3], ch_in_opID = [None, '3']
2026-06-12 01:18:20.205 - [DEBUG] ||| run ||| Routing (node[fsub_19_3], opID[4]) placed @ PE[24]
2026-06-12 01:18:20.205 - [DEBUG] ||| run ||| Routing Edge from src_PE[24] -> dest_PE[76]
2026-06-12 01:18:20.205 - [DEBUG] ||| find_valid_port ||| FVP iteration[0] | n_pe = 24, n_opID = 4, child_id = 0, ch_pe = 76 | n_out_opID = [None, None], ch_in_opID = ['2', None]
2026-06-12 01:18:20.206 - [DEBUG] ||| find_valid_port ||| FVP iteration[0] | n_pe = 24, n_opID = 4, child_id = 0, ch_pe = 76 | n_out_opID = [None, None], ch_in_opID = ['2', None]
2026-06-12 01:18:20.206 - [DEBUG] ||| run ||| Routed = True | Result: src_PE[24], src_Node[fsub_19_3], out_opID = [None, '4']; dest_PE[76], dest_Node[fadd_40_3], ch_in_opID = ['2', '4']
2026-06-12 01:18:20.207 - [DEBUG] ||| run ||| Routing Edge from src_PE[24] -> dest_PE[77]
2026-06-12 01:18:20.207 - [DEBUG] ||| find_valid_port ||| FVP iteration[0] | n_pe = 24, n_opID = 4, child_id = 1, ch_pe = 77 | n_out_opID = [None, '4'], ch_in_opID = [None, '2']
2026-06-12 01:18:20.207 - [DEBUG] ||| run ||| Routed = True | Result: src_PE[24], src_Node[fsub_19_3], out_opID = ['4', '4']; dest_PE[77], dest_Node[fsub_41_3], ch_in_opID = ['4', '2']
2026-06-12 01:18:20.208 - [DEBUG] ||| run ||| Routing (node[fadd_18_3], opID[5]) placed @ PE[25]
2026-06-12 01:18:20.208 - [DEBUG] ||| run ||| Routing Edge from src_PE[25] -> dest_PE[74]
2026-06-12 01:18:20.208 - [DEBUG] ||| find_valid_port ||| FVP iteration[0] | n_pe = 25, n_opID = 5, child_id = 0, ch_pe = 74 | n_out_opID = [None, None], ch_in_opID = ['1', None]
2026-06-12 01:18:20.209 - [DEBUG] ||| find_valid_port ||| FVP iteration[0] | n_pe = 25, n_opID = 5, child_id = 0, ch_pe = 74 | n_out_opID = [None, None], ch_in_opID = ['1', None]
2026-06-12 01:18:20.209 - [DEBUG] ||| run ||| Routed = True | Result: src_PE[25], src_Node[fadd_18_3], out_opID = [None, '5']; dest_PE[74], dest_Node[fsub_36_3], ch_in_opID = ['1', '5']
2026-06-12 01:18:20.210 - [DEBUG] ||| run ||| Routing Edge from src_PE[25] -> dest_PE[75]
2026-06-12 01:18:20.210 - [DEBUG] ||| find_valid_port ||| FVP iteration[0] | n_pe = 25, n_opID = 5, child_id = 1, ch_pe = 75 | n_out_opID = [None, '5'], ch_in_opID = [None, '1']
2026-06-12 01:18:20.210 - [DEBUG] ||| run ||| Routed = True | Result: src_PE[25], src_Node[fadd_18_3], out_opID = ['5', '5']; dest_PE[75], dest_Node[fadd_37_3], ch_in_opID = ['5', '1']
2026-06-12 01:18:20.211 - [DEBUG] ||| run ||| Routing (node[fsub_21_3], opID[6]) placed @ PE[26]
2026-06-12 01:18:20.211 - [DEBUG] ||| run ||| Routing Edge from src_PE[26] -> dest_PE[72]
2026-06-12 01:18:20.212 - [DEBUG] ||| find_valid_port ||| FVP iteration[0] | n_pe = 26, n_opID = 6, child_id = 0, ch_pe = 72 | n_out_opID = [None, None], ch_in_opID = ['0', None]
2026-06-12 01:18:20.212 - [DEBUG] ||| find_valid_port ||| FVP iteration[0] | n_pe = 26, n_opID = 6, child_id = 0, ch_pe = 72 | n_out_opID = [None, None], ch_in_opID = ['0', None]
2026-06-12 01:18:20.212 - [DEBUG] ||| run ||| Routed = True | Result: src_PE[26], src_Node[fsub_21_3], out_opID = [None, '6']; dest_PE[72], dest_Node[fsub_34_3], ch_in_opID = ['0', '6']
2026-06-12 01:18:20.213 - [DEBUG] ||| run ||| Routing Edge from src_PE[26] -> dest_PE[73]
2026-06-12 01:18:20.213 - [DEBUG] ||| find_valid_port ||| FVP iteration[0] | n_pe = 26, n_opID = 6, child_id = 1, ch_pe = 73 | n_out_opID = [None, '6'], ch_in_opID = [None, '0']
2026-06-12 01:18:20.214 - [DEBUG] ||| run ||| Routed = True | Result: src_PE[26], src_Node[fsub_21_3], out_opID = ['6', '6']; dest_PE[73], dest_Node[fadd_35_3], ch_in_opID = ['6', '0']
2026-06-12 01:18:20.214 - [DEBUG] ||| run ||| Routing (node[fadd_20_3], opID[7]) placed @ PE[27]
2026-06-12 01:18:20.214 - [DEBUG] ||| run ||| Routing Edge from src_PE[27] -> dest_PE[78]
2026-06-12 01:18:20.215 - [DEBUG] ||| find_valid_port ||| FVP iteration[0] | n_pe = 27, n_opID = 7, child_id = 0, ch_pe = 78 | n_out_opID = [None, None], ch_in_opID = ['3', None]
2026-06-12 01:18:20.215 - [DEBUG] ||| find_valid_port ||| FVP iteration[0] | n_pe = 27, n_opID = 7, child_id = 0, ch_pe = 78 | n_out_opID = [None, None], ch_in_opID = ['3', None]
2026-06-12 01:18:20.216 - [DEBUG] ||| run ||| Routed = True | Result: src_PE[27], src_Node[fadd_20_3], out_opID = [None, '7']; dest_PE[78], dest_Node[fsub_38_3], ch_in_opID = ['3', '7']
2026-06-12 01:18:20.216 - [DEBUG] ||| run ||| Routing Edge from src_PE[27] -> dest_PE[79]
2026-06-12 01:18:20.216 - [DEBUG] ||| find_valid_port ||| FVP iteration[0] | n_pe = 27, n_opID = 7, child_id = 1, ch_pe = 79 | n_out_opID = [None, '7'], ch_in_opID = [None, '3']
2026-06-12 01:18:20.217 - [DEBUG] ||| run ||| Routed = True | Result: src_PE[27], src_Node[fadd_20_3], out_opID = ['7', '7']; dest_PE[79], dest_Node[fadd_39_3], ch_in_opID = ['7', '3']
2026-06-12 01:18:20.217 - [DEBUG] ||| run ||| Routing (node[fsub_34_3], opID[8]) placed @ PE[72]
2026-06-12 01:18:20.218 - [DEBUG] ||| run ||| Routing Edge from src_PE[72] -> dest_PE[141]
2026-06-12 01:18:20.218 - [DEBUG] ||| find_valid_port ||| FVP iteration[0] | n_pe = 72, n_opID = 8, child_id = 0, ch_pe = 141 | n_out_opID = [None, None], ch_in_opID = [None, None]
2026-06-12 01:18:20.218 - [DEBUG] ||| run ||| Routed = True | Result: src_PE[72], src_Node[fsub_34_3], out_opID = ['8', None]; dest_PE[141], dest_Node[fmul_26_3], ch_in_opID = ['8', None]
2026-06-12 01:18:20.219 - [DEBUG] ||| run ||| Routing Edge from src_PE[72] -> dest_PE[140]
2026-06-12 01:18:20.219 - [DEBUG] ||| find_valid_port ||| FVP iteration[0] | n_pe = 72, n_opID = 8, child_id = 1, ch_pe = 140 | n_out_opID = ['8', None], ch_in_opID = [None, None]
2026-06-12 01:18:20.220 - [DEBUG] ||| find_valid_port ||| FVP iteration[0] | n_pe = 72, n_opID = 8, child_id = 1, ch_pe = 140 | n_out_opID = ['8', None], ch_in_opID = [None, None]
2026-06-12 01:18:20.220 - [DEBUG] ||| run ||| Routed = True | Result: src_PE[72], src_Node[fsub_34_3], out_opID = ['8', '8']; dest_PE[140], dest_Node[fmul_30_3], ch_in_opID = [None, '8']
2026-06-12 01:18:20.220 - [DEBUG] ||| run ||| Routing (node[fadd_35_3], opID[9]) placed @ PE[73]
2026-06-12 01:18:20.221 - [DEBUG] ||| run ||| Routing Edge from src_PE[73] -> dest_PE[143]
2026-06-12 01:18:20.221 - [DEBUG] ||| find_valid_port ||| FVP iteration[0] | n_pe = 73, n_opID = 9, child_id = 0, ch_pe = 143 | n_out_opID = [None, None], ch_in_opID = [None, None]
2026-06-12 01:18:20.221 - [DEBUG] ||| run ||| Routed = True | Result: src_PE[73], src_Node[fadd_35_3], out_opID = ['9', None]; dest_PE[143], dest_Node[fmul_22_3], ch_in_opID = ['9', None]
2026-06-12 01:18:20.222 - [DEBUG] ||| run ||| Routing Edge from src_PE[73] -> dest_PE[142]
2026-06-12 01:18:20.222 - [DEBUG] ||| find_valid_port ||| FVP iteration[0] | n_pe = 73, n_opID = 9, child_id = 1, ch_pe = 142 | n_out_opID = ['9', None], ch_in_opID = [None, None]
2026-06-12 01:18:20.223 - [DEBUG] ||| find_valid_port ||| FVP iteration[0] | n_pe = 73, n_opID = 9, child_id = 1, ch_pe = 142 | n_out_opID = ['9', None], ch_in_opID = [None, None]
2026-06-12 01:18:20.223 - [DEBUG] ||| run ||| Routed = True | Result: src_PE[73], src_Node[fadd_35_3], out_opID = ['9', '9']; dest_PE[142], dest_Node[fmul_32_3], ch_in_opID = [None, '9']
2026-06-12 01:18:20.223 - [DEBUG] ||| run ||| Routing (node[fsub_36_3], opID[10]) placed @ PE[74]
2026-06-12 01:18:20.224 - [DEBUG] ||| run ||| Routing Edge from src_PE[74] -> dest_PE[144]
2026-06-12 01:18:20.224 - [DEBUG] ||| find_valid_port ||| FVP iteration[0] | n_pe = 74, n_opID = 10, child_id = 0, ch_pe = 144 | n_out_opID = [None, None], ch_in_opID = [None, None]
2026-06-12 01:18:20.225 - [DEBUG] ||| run ||| Routed = True | Result: src_PE[74], src_Node[fsub_36_3], out_opID = ['10', None]; dest_PE[144], dest_Node[fmul_24_3], ch_in_opID = ['10', None]
2026-06-12 01:18:20.225 - [DEBUG] ||| run ||| Routing Edge from src_PE[74] -> dest_PE[145]
2026-06-12 01:18:20.225 - [DEBUG] ||| find_valid_port ||| FVP iteration[0] | n_pe = 74, n_opID = 10, child_id = 1, ch_pe = 145 | n_out_opID = ['10', None], ch_in_opID = [None, None]
2026-06-12 01:18:20.226 - [DEBUG] ||| find_valid_port ||| FVP iteration[0] | n_pe = 74, n_opID = 10, child_id = 1, ch_pe = 145 | n_out_opID = ['10', None], ch_in_opID = [None, None]
2026-06-12 01:18:20.226 - [DEBUG] ||| run ||| Routed = True | Result: src_PE[74], src_Node[fsub_36_3], out_opID = ['10', '10']; dest_PE[145], dest_Node[fmul_28_3], ch_in_opID = [None, '10']
2026-06-12 01:18:20.226 - [DEBUG] ||| run ||| Routing (node[fadd_37_3], opID[11]) placed @ PE[75]
2026-06-12 01:18:20.227 - [DEBUG] ||| run ||| Routing (node[fadd_40_3], opID[12]) placed @ PE[76]
2026-06-12 01:18:20.227 - [DEBUG] ||| run ||| Routing Edge from src_PE[76] -> dest_PE[146]
2026-06-12 01:18:20.228 - [DEBUG] ||| find_valid_port ||| FVP iteration[0] | n_pe = 76, n_opID = 12, child_id = 0, ch_pe = 146 | n_out_opID = [None, None], ch_in_opID = [None, None]
2026-06-12 01:18:20.228 - [DEBUG] ||| run ||| Routed = True | Result: src_PE[76], src_Node[fadd_40_3], out_opID = ['12', None]; dest_PE[146], dest_Node[fmul_27_3], ch_in_opID = ['12', None]
2026-06-12 01:18:20.228 - [DEBUG] ||| run ||| Routing Edge from src_PE[76] -> dest_PE[147]
2026-06-12 01:18:20.229 - [DEBUG] ||| find_valid_port ||| FVP iteration[0] | n_pe = 76, n_opID = 12, child_id = 1, ch_pe = 147 | n_out_opID = ['12', None], ch_in_opID = [None, None]
2026-06-12 01:18:20.229 - [DEBUG] ||| find_valid_port ||| FVP iteration[0] | n_pe = 76, n_opID = 12, child_id = 1, ch_pe = 147 | n_out_opID = ['12', None], ch_in_opID = [None, None]
2026-06-12 01:18:20.230 - [DEBUG] ||| run ||| Routed = True | Result: src_PE[76], src_Node[fadd_40_3], out_opID = ['12', '12']; dest_PE[147], dest_Node[fmul_31_3], ch_in_opID = [None, '12']
2026-06-12 01:18:20.230 - [DEBUG] ||| run ||| Routing (node[fsub_41_3], opID[13]) placed @ PE[77]
2026-06-12 01:18:20.230 - [DEBUG] ||| run ||| Routing Edge from src_PE[77] -> dest_PE[148]
2026-06-12 01:18:20.231 - [DEBUG] ||| find_valid_port ||| FVP iteration[0] | n_pe = 77, n_opID = 13, child_id = 0, ch_pe = 148 | n_out_opID = [None, None], ch_in_opID = [None, None]
2026-06-12 01:18:20.231 - [DEBUG] ||| run ||| Routed = True | Result: src_PE[77], src_Node[fsub_41_3], out_opID = ['13', None]; dest_PE[148], dest_Node[fmul_23_3], ch_in_opID = ['13', None]
2026-06-12 01:18:20.232 - [DEBUG] ||| run ||| Routing Edge from src_PE[77] -> dest_PE[149]
2026-06-12 01:18:20.232 - [DEBUG] ||| find_valid_port ||| FVP iteration[0] | n_pe = 77, n_opID = 13, child_id = 1, ch_pe = 149 | n_out_opID = ['13', None], ch_in_opID = [None, None]
2026-06-12 01:18:20.233 - [DEBUG] ||| find_valid_port ||| FVP iteration[0] | n_pe = 77, n_opID = 13, child_id = 1, ch_pe = 149 | n_out_opID = ['13', None], ch_in_opID = [None, None]
2026-06-12 01:18:20.233 - [DEBUG] ||| run ||| Routed = True | Result: src_PE[77], src_Node[fsub_41_3], out_opID = ['13', '13']; dest_PE[149], dest_Node[fmul_33_3], ch_in_opID = [None, '13']
2026-06-12 01:18:20.233 - [DEBUG] ||| run ||| Routing (node[fsub_38_3], opID[14]) placed @ PE[78]
2026-06-12 01:18:20.234 - [DEBUG] ||| run ||| Routing Edge from src_PE[78] -> dest_PE[151]
2026-06-12 01:18:20.234 - [DEBUG] ||| find_valid_port ||| FVP iteration[0] | n_pe = 78, n_opID = 14, child_id = 0, ch_pe = 151 | n_out_opID = [None, None], ch_in_opID = [None, None]
2026-06-12 01:18:20.235 - [DEBUG] ||| run ||| Routed = True | Result: src_PE[78], src_Node[fsub_38_3], out_opID = ['14', None]; dest_PE[151], dest_Node[fmul_25_3], ch_in_opID = ['14', None]
2026-06-12 01:18:20.235 - [DEBUG] ||| run ||| Routing Edge from src_PE[78] -> dest_PE[150]
2026-06-12 01:18:20.235 - [DEBUG] ||| find_valid_port ||| FVP iteration[0] | n_pe = 78, n_opID = 14, child_id = 1, ch_pe = 150 | n_out_opID = ['14', None], ch_in_opID = [None, None]
2026-06-12 01:18:20.236 - [DEBUG] ||| find_valid_port ||| FVP iteration[0] | n_pe = 78, n_opID = 14, child_id = 1, ch_pe = 150 | n_out_opID = ['14', None], ch_in_opID = [None, None]
2026-06-12 01:18:20.236 - [DEBUG] ||| run ||| Routed = True | Result: src_PE[78], src_Node[fsub_38_3], out_opID = ['14', '14']; dest_PE[150], dest_Node[fmul_29_3], ch_in_opID = [None, '14']
2026-06-12 01:18:20.236 - [DEBUG] ||| run ||| Routing (node[fadd_39_3], opID[15]) placed @ PE[79]
2026-06-12 01:18:20.237 - [DEBUG] ||| run ||| Routing (node[fmul_30_3], opID[16]) placed @ PE[140]
2026-06-12 01:18:20.237 - [DEBUG] ||| run ||| Routing Edge from src_PE[140] -> dest_PE[214]
2026-06-12 01:18:20.238 - [DEBUG] ||| find_valid_port ||| FVP iteration[0] | n_pe = 140, n_opID = 16, child_id = 0, ch_pe = 214 | n_out_opID = [None, None], ch_in_opID = [None, None]
2026-06-12 01:18:20.238 - [DEBUG] ||| run ||| Routed = True | Result: src_PE[140], src_Node[fmul_30_3], out_opID = ['16', None]; dest_PE[214], dest_Node[fadd_47_3], ch_in_opID = ['16', None]
2026-06-12 01:18:20.238 - [DEBUG] ||| run ||| Routing (node[fmul_26_3], opID[17]) placed @ PE[141]
2026-06-12 01:18:20.239 - [DEBUG] ||| run ||| Routing Edge from src_PE[141] -> dest_PE[215]
2026-06-12 01:18:20.239 - [DEBUG] ||| find_valid_port ||| FVP iteration[0] | n_pe = 141, n_opID = 17, child_id = 0, ch_pe = 215 | n_out_opID = [None, None], ch_in_opID = [None, None]
2026-06-12 01:18:20.239 - [DEBUG] ||| run ||| Routed = True | Result: src_PE[141], src_Node[fmul_26_3], out_opID = ['17', None]; dest_PE[215], dest_Node[fsub_46_3], ch_in_opID = ['17', None]
2026-06-12 01:18:20.240 - [DEBUG] ||| run ||| Routing (node[fmul_32_3], opID[18]) placed @ PE[142]
2026-06-12 01:18:20.240 - [DEBUG] ||| run ||| Routing Edge from src_PE[142] -> dest_PE[216]
2026-06-12 01:18:20.241 - [DEBUG] ||| find_valid_port ||| FVP iteration[0] | n_pe = 142, n_opID = 18, child_id = 0, ch_pe = 216 | n_out_opID = [None, None], ch_in_opID = [None, None]
2026-06-12 01:18:20.241 - [DEBUG] ||| run ||| Routed = True | Result: src_PE[142], src_Node[fmul_32_3], out_opID = ['18', None]; dest_PE[216], dest_Node[fadd_43_3], ch_in_opID = ['18', None]
2026-06-12 01:18:20.242 - [DEBUG] ||| run ||| Routing (node[fmul_22_3], opID[19]) placed @ PE[143]
2026-06-12 01:18:20.242 - [DEBUG] ||| run ||| Routing Edge from src_PE[143] -> dest_PE[217]
2026-06-12 01:18:20.242 - [DEBUG] ||| find_valid_port ||| FVP iteration[0] | n_pe = 143, n_opID = 19, child_id = 0, ch_pe = 217 | n_out_opID = [None, None], ch_in_opID = [None, None]
2026-06-12 01:18:20.243 - [DEBUG] ||| run ||| Routed = True | Result: src_PE[143], src_Node[fmul_22_3], out_opID = ['19', None]; dest_PE[217], dest_Node[fsub_42_3], ch_in_opID = ['19', None]
2026-06-12 01:18:20.243 - [DEBUG] ||| run ||| Routing (node[fmul_24_3], opID[20]) placed @ PE[144]
2026-06-12 01:18:20.243 - [DEBUG] ||| run ||| Routing Edge from src_PE[144] -> dest_PE[218]
2026-06-12 01:18:20.244 - [DEBUG] ||| find_valid_port ||| FVP iteration[0] | n_pe = 144, n_opID = 20, child_id = 0, ch_pe = 218 | n_out_opID = [None, None], ch_in_opID = [None, None]
2026-06-12 01:18:20.244 - [DEBUG] ||| run ||| Routed = True | Result: src_PE[144], src_Node[fmul_24_3], out_opID = ['20', None]; dest_PE[218], dest_Node[fadd_44_3], ch_in_opID = ['20', None]
2026-06-12 01:18:20.245 - [DEBUG] ||| run ||| Routing (node[fmul_28_3], opID[21]) placed @ PE[145]
2026-06-12 01:18:20.245 - [DEBUG] ||| run ||| Routing Edge from src_PE[145] -> dest_PE[219]
2026-06-12 01:18:20.245 - [DEBUG] ||| find_valid_port ||| FVP iteration[0] | n_pe = 145, n_opID = 21, child_id = 0, ch_pe = 219 | n_out_opID = [None, None], ch_in_opID = [None, None]
2026-06-12 01:18:20.246 - [DEBUG] ||| run ||| Routed = True | Result: src_PE[145], src_Node[fmul_28_3], out_opID = ['21', None]; dest_PE[219], dest_Node[fsub_45_3], ch_in_opID = ['21', None]
2026-06-12 01:18:20.246 - [DEBUG] ||| run ||| Routing (node[fmul_27_3], opID[22]) placed @ PE[146]
2026-06-12 01:18:20.247 - [DEBUG] ||| run ||| Routing Edge from src_PE[146] -> dest_PE[214]
2026-06-12 01:18:20.247 - [DEBUG] ||| find_valid_port ||| FVP iteration[0] | n_pe = 146, n_opID = 22, child_id = 0, ch_pe = 214 | n_out_opID = [None, None], ch_in_opID = ['16', None]
2026-06-12 01:18:20.247 - [DEBUG] ||| find_valid_port ||| FVP iteration[0] | n_pe = 146, n_opID = 22, child_id = 0, ch_pe = 214 | n_out_opID = [None, None], ch_in_opID = ['16', None]
2026-06-12 01:18:20.248 - [DEBUG] ||| run ||| Routed = True | Result: src_PE[146], src_Node[fmul_27_3], out_opID = [None, '22']; dest_PE[214], dest_Node[fadd_47_3], ch_in_opID = ['16', '22']
2026-06-12 01:18:20.248 - [DEBUG] ||| run ||| Routing (node[fmul_31_3], opID[23]) placed @ PE[147]
2026-06-12 01:18:20.249 - [DEBUG] ||| run ||| Routing Edge from src_PE[147] -> dest_PE[215]
2026-06-12 01:18:20.249 - [DEBUG] ||| find_valid_port ||| FVP iteration[0] | n_pe = 147, n_opID = 23, child_id = 0, ch_pe = 215 | n_out_opID = [None, None], ch_in_opID = ['17', None]
2026-06-12 01:18:20.249 - [DEBUG] ||| find_valid_port ||| FVP iteration[0] | n_pe = 147, n_opID = 23, child_id = 0, ch_pe = 215 | n_out_opID = [None, None], ch_in_opID = ['17', None]
2026-06-12 01:18:20.250 - [DEBUG] ||| run ||| Routed = True | Result: src_PE[147], src_Node[fmul_31_3], out_opID = [None, '23']; dest_PE[215], dest_Node[fsub_46_3], ch_in_opID = ['17', '23']
2026-06-12 01:18:20.250 - [DEBUG] ||| run ||| Routing (node[fmul_23_3], opID[24]) placed @ PE[148]
2026-06-12 01:18:20.250 - [DEBUG] ||| run ||| Routing Edge from src_PE[148] -> dest_PE[216]
2026-06-12 01:18:20.251 - [DEBUG] ||| find_valid_port ||| FVP iteration[0] | n_pe = 148, n_opID = 24, child_id = 0, ch_pe = 216 | n_out_opID = [None, None], ch_in_opID = ['18', None]
2026-06-12 01:18:20.251 - [DEBUG] ||| find_valid_port ||| FVP iteration[0] | n_pe = 148, n_opID = 24, child_id = 0, ch_pe = 216 | n_out_opID = [None, None], ch_in_opID = ['18', None]
2026-06-12 01:18:20.252 - [DEBUG] ||| run ||| Routed = True | Result: src_PE[148], src_Node[fmul_23_3], out_opID = [None, '24']; dest_PE[216], dest_Node[fadd_43_3], ch_in_opID = ['18', '24']
2026-06-12 01:18:20.252 - [DEBUG] ||| run ||| Routing (node[fmul_33_3], opID[25]) placed @ PE[149]
2026-06-12 01:18:20.252 - [DEBUG] ||| run ||| Routing Edge from src_PE[149] -> dest_PE[217]
2026-06-12 01:18:20.253 - [DEBUG] ||| find_valid_port ||| FVP iteration[0] | n_pe = 149, n_opID = 25, child_id = 0, ch_pe = 217 | n_out_opID = [None, None], ch_in_opID = ['19', None]
2026-06-12 01:18:20.253 - [DEBUG] ||| find_valid_port ||| FVP iteration[0] | n_pe = 149, n_opID = 25, child_id = 0, ch_pe = 217 | n_out_opID = [None, None], ch_in_opID = ['19', None]
2026-06-12 01:18:20.254 - [DEBUG] ||| run ||| Routed = True | Result: src_PE[149], src_Node[fmul_33_3], out_opID = [None, '25']; dest_PE[217], dest_Node[fsub_42_3], ch_in_opID = ['19', '25']
2026-06-12 01:18:20.254 - [DEBUG] ||| run ||| Routing (node[fmul_29_3], opID[26]) placed @ PE[150]
2026-06-12 01:18:20.254 - [DEBUG] ||| run ||| Routing Edge from src_PE[150] -> dest_PE[218]
2026-06-12 01:18:20.255 - [DEBUG] ||| find_valid_port ||| FVP iteration[0] | n_pe = 150, n_opID = 26, child_id = 0, ch_pe = 218 | n_out_opID = [None, None], ch_in_opID = ['20', None]
2026-06-12 01:18:20.255 - [DEBUG] ||| find_valid_port ||| FVP iteration[0] | n_pe = 150, n_opID = 26, child_id = 0, ch_pe = 218 | n_out_opID = [None, None], ch_in_opID = ['20', None]
2026-06-12 01:18:20.255 - [DEBUG] ||| run ||| Routed = True | Result: src_PE[150], src_Node[fmul_29_3], out_opID = [None, '26']; dest_PE[218], dest_Node[fadd_44_3], ch_in_opID = ['20', '26']
2026-06-12 01:18:20.256 - [DEBUG] ||| run ||| Routing (node[fmul_25_3], opID[27]) placed @ PE[151]
2026-06-12 01:18:20.256 - [DEBUG] ||| run ||| Routing Edge from src_PE[151] -> dest_PE[219]
2026-06-12 01:18:20.257 - [DEBUG] ||| find_valid_port ||| FVP iteration[0] | n_pe = 151, n_opID = 27, child_id = 0, ch_pe = 219 | n_out_opID = [None, None], ch_in_opID = ['21', None]
2026-06-12 01:18:20.257 - [DEBUG] ||| find_valid_port ||| FVP iteration[0] | n_pe = 151, n_opID = 27, child_id = 0, ch_pe = 219 | n_out_opID = [None, None], ch_in_opID = ['21', None]
2026-06-12 01:18:20.257 - [DEBUG] ||| run ||| Routed = True | Result: src_PE[151], src_Node[fmul_25_3], out_opID = [None, '27']; dest_PE[219], dest_Node[fsub_45_3], ch_in_opID = ['21', '27']
2026-06-12 01:18:20.258 - [DEBUG] ||| run ||| Routing (node[fadd_47_3], opID[28]) placed @ PE[214]
2026-06-12 01:18:20.258 - [DEBUG] ||| run ||| Routing (node[fsub_46_3], opID[29]) placed @ PE[215]
2026-06-12 01:18:20.258 - [DEBUG] ||| run ||| Routing (node[fadd_43_3], opID[30]) placed @ PE[216]
2026-06-12 01:18:20.259 - [DEBUG] ||| run ||| Routing (node[fsub_42_3], opID[31]) placed @ PE[217]
2026-06-12 01:18:20.259 - [DEBUG] ||| run ||| Routing (node[fadd_44_3], opID[32]) placed @ PE[218]
2026-06-12 01:18:20.260 - [DEBUG] ||| run ||| Routing (node[fsub_45_3], opID[33]) placed @ PE[219]
2026-06-12 01:18:20.260 - [DEBUG] ||| run ||| Routing (node[fsub_14_4], opID[0]) placed @ PE[28]
2026-06-12 01:18:20.261 - [DEBUG] ||| run ||| Routing Edge from src_PE[28] -> dest_PE[80]
2026-06-12 01:18:20.261 - [DEBUG] ||| find_valid_port ||| FVP iteration[0] | n_pe = 28, n_opID = 0, child_id = 0, ch_pe = 80 | n_out_opID = [None, None], ch_in_opID = [None, None]
2026-06-12 01:18:20.261 - [DEBUG] ||| run ||| Routed = True | Result: src_PE[28], src_Node[fsub_14_4], out_opID = ['0', None]; dest_PE[80], dest_Node[fsub_34_4], ch_in_opID = ['0', None]
2026-06-12 01:18:20.262 - [DEBUG] ||| run ||| Routing Edge from src_PE[28] -> dest_PE[81]
2026-06-12 01:18:20.262 - [DEBUG] ||| find_valid_port ||| FVP iteration[0] | n_pe = 28, n_opID = 0, child_id = 1, ch_pe = 81 | n_out_opID = ['0', None], ch_in_opID = [None, None]
2026-06-12 01:18:20.262 - [DEBUG] ||| find_valid_port ||| FVP iteration[0] | n_pe = 28, n_opID = 0, child_id = 1, ch_pe = 81 | n_out_opID = ['0', None], ch_in_opID = [None, None]
2026-06-12 01:18:20.263 - [DEBUG] ||| run ||| Routed = True | Result: src_PE[28], src_Node[fsub_14_4], out_opID = ['0', '0']; dest_PE[81], dest_Node[fadd_35_4], ch_in_opID = [None, '0']
2026-06-12 01:18:20.263 - [DEBUG] ||| run ||| Routing (node[fadd_15_4], opID[1]) placed @ PE[29]
2026-06-12 01:18:20.264 - [DEBUG] ||| run ||| Routing Edge from src_PE[29] -> dest_PE[82]
2026-06-12 01:18:20.264 - [DEBUG] ||| find_valid_port ||| FVP iteration[0] | n_pe = 29, n_opID = 1, child_id = 0, ch_pe = 82 | n_out_opID = [None, None], ch_in_opID = [None, None]
2026-06-12 01:18:20.264 - [DEBUG] ||| run ||| Routed = True | Result: src_PE[29], src_Node[fadd_15_4], out_opID = ['1', None]; dest_PE[82], dest_Node[fsub_36_4], ch_in_opID = ['1', None]
2026-06-12 01:18:20.265 - [DEBUG] ||| run ||| Routing Edge from src_PE[29] -> dest_PE[83]
2026-06-12 01:18:20.265 - [DEBUG] ||| find_valid_port ||| FVP iteration[0] | n_pe = 29, n_opID = 1, child_id = 1, ch_pe = 83 | n_out_opID = ['1', None], ch_in_opID = [None, None]
2026-06-12 01:18:20.265 - [DEBUG] ||| find_valid_port ||| FVP iteration[0] | n_pe = 29, n_opID = 1, child_id = 1, ch_pe = 83 | n_out_opID = ['1', None], ch_in_opID = [None, None]
2026-06-12 01:18:20.266 - [DEBUG] ||| run ||| Routed = True | Result: src_PE[29], src_Node[fadd_15_4], out_opID = ['1', '1']; dest_PE[83], dest_Node[fadd_37_4], ch_in_opID = [None, '1']
2026-06-12 01:18:20.266 - [DEBUG] ||| run ||| Routing (node[fsub_17_4], opID[2]) placed @ PE[30]
2026-06-12 01:18:20.267 - [DEBUG] ||| run ||| Routing Edge from src_PE[30] -> dest_PE[84]
2026-06-12 01:18:20.267 - [DEBUG] ||| find_valid_port ||| FVP iteration[0] | n_pe = 30, n_opID = 2, child_id = 0, ch_pe = 84 | n_out_opID = [None, None], ch_in_opID = [None, None]
2026-06-12 01:18:20.267 - [DEBUG] ||| run ||| Routed = True | Result: src_PE[30], src_Node[fsub_17_4], out_opID = ['2', None]; dest_PE[84], dest_Node[fadd_40_4], ch_in_opID = ['2', None]
2026-06-12 01:18:20.268 - [DEBUG] ||| run ||| Routing Edge from src_PE[30] -> dest_PE[85]
2026-06-12 01:18:20.268 - [DEBUG] ||| find_valid_port ||| FVP iteration[0] | n_pe = 30, n_opID = 2, child_id = 1, ch_pe = 85 | n_out_opID = ['2', None], ch_in_opID = [None, None]
2026-06-12 01:18:20.269 - [DEBUG] ||| find_valid_port ||| FVP iteration[0] | n_pe = 30, n_opID = 2, child_id = 1, ch_pe = 85 | n_out_opID = ['2', None], ch_in_opID = [None, None]
2026-06-12 01:18:20.269 - [DEBUG] ||| run ||| Routed = True | Result: src_PE[30], src_Node[fsub_17_4], out_opID = ['2', '2']; dest_PE[85], dest_Node[fsub_41_4], ch_in_opID = [None, '2']
2026-06-12 01:18:20.269 - [DEBUG] ||| run ||| Routing (node[fadd_16_4], opID[3]) placed @ PE[31]
2026-06-12 01:18:20.270 - [DEBUG] ||| run ||| Routing Edge from src_PE[31] -> dest_PE[86]
2026-06-12 01:18:20.270 - [DEBUG] ||| find_valid_port ||| FVP iteration[0] | n_pe = 31, n_opID = 3, child_id = 0, ch_pe = 86 | n_out_opID = [None, None], ch_in_opID = [None, None]
2026-06-12 01:18:20.270 - [DEBUG] ||| run ||| Routed = True | Result: src_PE[31], src_Node[fadd_16_4], out_opID = ['3', None]; dest_PE[86], dest_Node[fsub_38_4], ch_in_opID = ['3', None]
2026-06-12 01:18:20.271 - [DEBUG] ||| run ||| Routing Edge from src_PE[31] -> dest_PE[87]
2026-06-12 01:18:20.271 - [DEBUG] ||| find_valid_port ||| FVP iteration[0] | n_pe = 31, n_opID = 3, child_id = 1, ch_pe = 87 | n_out_opID = ['3', None], ch_in_opID = [None, None]
2026-06-12 01:18:20.272 - [DEBUG] ||| find_valid_port ||| FVP iteration[0] | n_pe = 31, n_opID = 3, child_id = 1, ch_pe = 87 | n_out_opID = ['3', None], ch_in_opID = [None, None]
2026-06-12 01:18:20.272 - [DEBUG] ||| run ||| Routed = True | Result: src_PE[31], src_Node[fadd_16_4], out_opID = ['3', '3']; dest_PE[87], dest_Node[fadd_39_4], ch_in_opID = [None, '3']
2026-06-12 01:18:20.272 - [DEBUG] ||| run ||| Routing (node[fsub_19_4], opID[4]) placed @ PE[32]
2026-06-12 01:18:20.273 - [DEBUG] ||| run ||| Routing Edge from src_PE[32] -> dest_PE[84]
2026-06-12 01:18:20.273 - [DEBUG] ||| find_valid_port ||| FVP iteration[0] | n_pe = 32, n_opID = 4, child_id = 0, ch_pe = 84 | n_out_opID = [None, None], ch_in_opID = ['2', None]
2026-06-12 01:18:20.274 - [DEBUG] ||| find_valid_port ||| FVP iteration[0] | n_pe = 32, n_opID = 4, child_id = 0, ch_pe = 84 | n_out_opID = [None, None], ch_in_opID = ['2', None]
2026-06-12 01:18:20.274 - [DEBUG] ||| run ||| Routed = True | Result: src_PE[32], src_Node[fsub_19_4], out_opID = [None, '4']; dest_PE[84], dest_Node[fadd_40_4], ch_in_opID = ['2', '4']
2026-06-12 01:18:20.274 - [DEBUG] ||| run ||| Routing Edge from src_PE[32] -> dest_PE[85]
2026-06-12 01:18:20.275 - [DEBUG] ||| find_valid_port ||| FVP iteration[0] | n_pe = 32, n_opID = 4, child_id = 1, ch_pe = 85 | n_out_opID = [None, '4'], ch_in_opID = [None, '2']
2026-06-12 01:18:20.275 - [DEBUG] ||| run ||| Routed = True | Result: src_PE[32], src_Node[fsub_19_4], out_opID = ['4', '4']; dest_PE[85], dest_Node[fsub_41_4], ch_in_opID = ['4', '2']
2026-06-12 01:18:20.276 - [DEBUG] ||| run ||| Routing (node[fadd_18_4], opID[5]) placed @ PE[33]
2026-06-12 01:18:20.276 - [DEBUG] ||| run ||| Routing Edge from src_PE[33] -> dest_PE[82]
2026-06-12 01:18:20.276 - [DEBUG] ||| find_valid_port ||| FVP iteration[0] | n_pe = 33, n_opID = 5, child_id = 0, ch_pe = 82 | n_out_opID = [None, None], ch_in_opID = ['1', None]
2026-06-12 01:18:20.277 - [DEBUG] ||| find_valid_port ||| FVP iteration[0] | n_pe = 33, n_opID = 5, child_id = 0, ch_pe = 82 | n_out_opID = [None, None], ch_in_opID = ['1', None]
2026-06-12 01:18:20.277 - [DEBUG] ||| run ||| Routed = True | Result: src_PE[33], src_Node[fadd_18_4], out_opID = [None, '5']; dest_PE[82], dest_Node[fsub_36_4], ch_in_opID = ['1', '5']
2026-06-12 01:18:20.278 - [DEBUG] ||| run ||| Routing Edge from src_PE[33] -> dest_PE[83]
2026-06-12 01:18:20.278 - [DEBUG] ||| find_valid_port ||| FVP iteration[0] | n_pe = 33, n_opID = 5, child_id = 1, ch_pe = 83 | n_out_opID = [None, '5'], ch_in_opID = [None, '1']
2026-06-12 01:18:20.278 - [DEBUG] ||| run ||| Routed = True | Result: src_PE[33], src_Node[fadd_18_4], out_opID = ['5', '5']; dest_PE[83], dest_Node[fadd_37_4], ch_in_opID = ['5', '1']
2026-06-12 01:18:20.279 - [DEBUG] ||| run ||| Routing (node[fsub_21_4], opID[6]) placed @ PE[34]
2026-06-12 01:18:20.279 - [DEBUG] ||| run ||| Routing Edge from src_PE[34] -> dest_PE[80]
2026-06-12 01:18:20.279 - [DEBUG] ||| find_valid_port ||| FVP iteration[0] | n_pe = 34, n_opID = 6, child_id = 0, ch_pe = 80 | n_out_opID = [None, None], ch_in_opID = ['0', None]
2026-06-12 01:18:20.280 - [DEBUG] ||| find_valid_port ||| FVP iteration[0] | n_pe = 34, n_opID = 6, child_id = 0, ch_pe = 80 | n_out_opID = [None, None], ch_in_opID = ['0', None]
2026-06-12 01:18:20.280 - [DEBUG] ||| run ||| Routed = True | Result: src_PE[34], src_Node[fsub_21_4], out_opID = [None, '6']; dest_PE[80], dest_Node[fsub_34_4], ch_in_opID = ['0', '6']
2026-06-12 01:18:20.281 - [DEBUG] ||| run ||| Routing Edge from src_PE[34] -> dest_PE[81]
2026-06-12 01:18:20.281 - [DEBUG] ||| find_valid_port ||| FVP iteration[0] | n_pe = 34, n_opID = 6, child_id = 1, ch_pe = 81 | n_out_opID = [None, '6'], ch_in_opID = [None, '0']
2026-06-12 01:18:20.281 - [DEBUG] ||| run ||| Routed = True | Result: src_PE[34], src_Node[fsub_21_4], out_opID = ['6', '6']; dest_PE[81], dest_Node[fadd_35_4], ch_in_opID = ['6', '0']
2026-06-12 01:18:20.282 - [DEBUG] ||| run ||| Routing (node[fadd_20_4], opID[7]) placed @ PE[35]
2026-06-12 01:18:20.282 - [DEBUG] ||| run ||| Routing Edge from src_PE[35] -> dest_PE[86]
2026-06-12 01:18:20.283 - [DEBUG] ||| find_valid_port ||| FVP iteration[0] | n_pe = 35, n_opID = 7, child_id = 0, ch_pe = 86 | n_out_opID = [None, None], ch_in_opID = ['3', None]
2026-06-12 01:18:20.283 - [DEBUG] ||| find_valid_port ||| FVP iteration[0] | n_pe = 35, n_opID = 7, child_id = 0, ch_pe = 86 | n_out_opID = [None, None], ch_in_opID = ['3', None]
2026-06-12 01:18:20.283 - [DEBUG] ||| run ||| Routed = True | Result: src_PE[35], src_Node[fadd_20_4], out_opID = [None, '7']; dest_PE[86], dest_Node[fsub_38_4], ch_in_opID = ['3', '7']
2026-06-12 01:18:20.284 - [DEBUG] ||| run ||| Routing Edge from src_PE[35] -> dest_PE[87]
2026-06-12 01:18:20.284 - [DEBUG] ||| find_valid_port ||| FVP iteration[0] | n_pe = 35, n_opID = 7, child_id = 1, ch_pe = 87 | n_out_opID = [None, '7'], ch_in_opID = [None, '3']
2026-06-12 01:18:20.284 - [DEBUG] ||| run ||| Routed = True | Result: src_PE[35], src_Node[fadd_20_4], out_opID = ['7', '7']; dest_PE[87], dest_Node[fadd_39_4], ch_in_opID = ['7', '3']
2026-06-12 01:18:20.285 - [DEBUG] ||| run ||| Routing (node[fsub_34_4], opID[8]) placed @ PE[80]
2026-06-12 01:18:20.285 - [DEBUG] ||| run ||| Routing Edge from src_PE[80] -> dest_PE[153]
2026-06-12 01:18:20.286 - [DEBUG] ||| find_valid_port ||| FVP iteration[0] | n_pe = 80, n_opID = 8, child_id = 0, ch_pe = 153 | n_out_opID = [None, None], ch_in_opID = [None, None]
2026-06-12 01:18:20.286 - [DEBUG] ||| run ||| Routed = True | Result: src_PE[80], src_Node[fsub_34_4], out_opID = ['8', None]; dest_PE[153], dest_Node[fmul_26_4], ch_in_opID = ['8', None]
2026-06-12 01:18:20.286 - [DEBUG] ||| run ||| Routing Edge from src_PE[80] -> dest_PE[152]
2026-06-12 01:18:20.287 - [DEBUG] ||| find_valid_port ||| FVP iteration[0] | n_pe = 80, n_opID = 8, child_id = 1, ch_pe = 152 | n_out_opID = ['8', None], ch_in_opID = [None, None]
2026-06-12 01:18:20.287 - [DEBUG] ||| find_valid_port ||| FVP iteration[0] | n_pe = 80, n_opID = 8, child_id = 1, ch_pe = 152 | n_out_opID = ['8', None], ch_in_opID = [None, None]
2026-06-12 01:18:20.288 - [DEBUG] ||| run ||| Routed = True | Result: src_PE[80], src_Node[fsub_34_4], out_opID = ['8', '8']; dest_PE[152], dest_Node[fmul_30_4], ch_in_opID = [None, '8']
2026-06-12 01:18:20.288 - [DEBUG] ||| run ||| Routing (node[fadd_35_4], opID[9]) placed @ PE[81]
2026-06-12 01:18:20.288 - [DEBUG] ||| run ||| Routing Edge from src_PE[81] -> dest_PE[155]
2026-06-12 01:18:20.289 - [DEBUG] ||| find_valid_port ||| FVP iteration[0] | n_pe = 81, n_opID = 9, child_id = 0, ch_pe = 155 | n_out_opID = [None, None], ch_in_opID = [None, None]
2026-06-12 01:18:20.289 - [DEBUG] ||| run ||| Routed = True | Result: src_PE[81], src_Node[fadd_35_4], out_opID = ['9', None]; dest_PE[155], dest_Node[fmul_22_4], ch_in_opID = ['9', None]
2026-06-12 01:18:20.290 - [DEBUG] ||| run ||| Routing Edge from src_PE[81] -> dest_PE[154]
2026-06-12 01:18:20.290 - [DEBUG] ||| find_valid_port ||| FVP iteration[0] | n_pe = 81, n_opID = 9, child_id = 1, ch_pe = 154 | n_out_opID = ['9', None], ch_in_opID = [None, None]
2026-06-12 01:18:20.290 - [DEBUG] ||| find_valid_port ||| FVP iteration[0] | n_pe = 81, n_opID = 9, child_id = 1, ch_pe = 154 | n_out_opID = ['9', None], ch_in_opID = [None, None]
2026-06-12 01:18:20.291 - [DEBUG] ||| run ||| Routed = True | Result: src_PE[81], src_Node[fadd_35_4], out_opID = ['9', '9']; dest_PE[154], dest_Node[fmul_32_4], ch_in_opID = [None, '9']
2026-06-12 01:18:20.291 - [DEBUG] ||| run ||| Routing (node[fsub_36_4], opID[10]) placed @ PE[82]
2026-06-12 01:18:20.292 - [DEBUG] ||| run ||| Routing Edge from src_PE[82] -> dest_PE[156]
2026-06-12 01:18:20.292 - [DEBUG] ||| find_valid_port ||| FVP iteration[0] | n_pe = 82, n_opID = 10, child_id = 0, ch_pe = 156 | n_out_opID = [None, None], ch_in_opID = [None, None]
2026-06-12 01:18:20.292 - [DEBUG] ||| run ||| Routed = True | Result: src_PE[82], src_Node[fsub_36_4], out_opID = ['10', None]; dest_PE[156], dest_Node[fmul_24_4], ch_in_opID = ['10', None]
2026-06-12 01:18:20.293 - [DEBUG] ||| run ||| Routing Edge from src_PE[82] -> dest_PE[157]
2026-06-12 01:18:20.293 - [DEBUG] ||| find_valid_port ||| FVP iteration[0] | n_pe = 82, n_opID = 10, child_id = 1, ch_pe = 157 | n_out_opID = ['10', None], ch_in_opID = [None, None]
2026-06-12 01:18:20.293 - [DEBUG] ||| find_valid_port ||| FVP iteration[0] | n_pe = 82, n_opID = 10, child_id = 1, ch_pe = 157 | n_out_opID = ['10', None], ch_in_opID = [None, None]
2026-06-12 01:18:20.294 - [DEBUG] ||| run ||| Routed = True | Result: src_PE[82], src_Node[fsub_36_4], out_opID = ['10', '10']; dest_PE[157], dest_Node[fmul_28_4], ch_in_opID = [None, '10']
2026-06-12 01:18:20.294 - [DEBUG] ||| run ||| Routing (node[fadd_37_4], opID[11]) placed @ PE[83]
2026-06-12 01:18:20.295 - [DEBUG] ||| run ||| Routing (node[fadd_40_4], opID[12]) placed @ PE[84]
2026-06-12 01:18:20.295 - [DEBUG] ||| run ||| Routing Edge from src_PE[84] -> dest_PE[158]
2026-06-12 01:18:20.295 - [DEBUG] ||| find_valid_port ||| FVP iteration[0] | n_pe = 84, n_opID = 12, child_id = 0, ch_pe = 158 | n_out_opID = [None, None], ch_in_opID = [None, None]
2026-06-12 01:18:20.296 - [DEBUG] ||| run ||| Routed = True | Result: src_PE[84], src_Node[fadd_40_4], out_opID = ['12', None]; dest_PE[158], dest_Node[fmul_27_4], ch_in_opID = ['12', None]
2026-06-12 01:18:20.296 - [DEBUG] ||| run ||| Routing Edge from src_PE[84] -> dest_PE[159]
2026-06-12 01:18:20.297 - [DEBUG] ||| find_valid_port ||| FVP iteration[0] | n_pe = 84, n_opID = 12, child_id = 1, ch_pe = 159 | n_out_opID = ['12', None], ch_in_opID = [None, None]
2026-06-12 01:18:20.297 - [DEBUG] ||| find_valid_port ||| FVP iteration[0] | n_pe = 84, n_opID = 12, child_id = 1, ch_pe = 159 | n_out_opID = ['12', None], ch_in_opID = [None, None]
2026-06-12 01:18:20.297 - [DEBUG] ||| run ||| Routed = True | Result: src_PE[84], src_Node[fadd_40_4], out_opID = ['12', '12']; dest_PE[159], dest_Node[fmul_31_4], ch_in_opID = [None, '12']
2026-06-12 01:18:20.298 - [DEBUG] ||| run ||| Routing (node[fsub_41_4], opID[13]) placed @ PE[85]
2026-06-12 01:18:20.298 - [DEBUG] ||| run ||| Routing Edge from src_PE[85] -> dest_PE[160]
2026-06-12 01:18:20.298 - [DEBUG] ||| find_valid_port ||| FVP iteration[0] | n_pe = 85, n_opID = 13, child_id = 0, ch_pe = 160 | n_out_opID = [None, None], ch_in_opID = [None, None]
2026-06-12 01:18:20.299 - [DEBUG] ||| run ||| Routed = True | Result: src_PE[85], src_Node[fsub_41_4], out_opID = ['13', None]; dest_PE[160], dest_Node[fmul_23_4], ch_in_opID = ['13', None]
2026-06-12 01:18:20.299 - [DEBUG] ||| run ||| Routing Edge from src_PE[85] -> dest_PE[161]
2026-06-12 01:18:20.299 - [DEBUG] ||| find_valid_port ||| FVP iteration[0] | n_pe = 85, n_opID = 13, child_id = 1, ch_pe = 161 | n_out_opID = ['13', None], ch_in_opID = [None, None]
2026-06-12 01:18:20.300 - [DEBUG] ||| find_valid_port ||| FVP iteration[0] | n_pe = 85, n_opID = 13, child_id = 1, ch_pe = 161 | n_out_opID = ['13', None], ch_in_opID = [None, None]
2026-06-12 01:18:20.300 - [DEBUG] ||| run ||| Routed = True | Result: src_PE[85], src_Node[fsub_41_4], out_opID = ['13', '13']; dest_PE[161], dest_Node[fmul_33_4], ch_in_opID = [None, '13']
2026-06-12 01:18:20.301 - [DEBUG] ||| run ||| Routing (node[fsub_38_4], opID[14]) placed @ PE[86]
2026-06-12 01:18:20.301 - [DEBUG] ||| run ||| Routing Edge from src_PE[86] -> dest_PE[163]
2026-06-12 01:18:20.301 - [DEBUG] ||| find_valid_port ||| FVP iteration[0] | n_pe = 86, n_opID = 14, child_id = 0, ch_pe = 163 | n_out_opID = [None, None], ch_in_opID = [None, None]
2026-06-12 01:18:20.302 - [DEBUG] ||| run ||| Routed = True | Result: src_PE[86], src_Node[fsub_38_4], out_opID = ['14', None]; dest_PE[163], dest_Node[fmul_25_4], ch_in_opID = ['14', None]
2026-06-12 01:18:20.302 - [DEBUG] ||| run ||| Routing Edge from src_PE[86] -> dest_PE[162]
2026-06-12 01:18:20.302 - [DEBUG] ||| find_valid_port ||| FVP iteration[0] | n_pe = 86, n_opID = 14, child_id = 1, ch_pe = 162 | n_out_opID = ['14', None], ch_in_opID = [None, None]
2026-06-12 01:18:20.303 - [DEBUG] ||| find_valid_port ||| FVP iteration[0] | n_pe = 86, n_opID = 14, child_id = 1, ch_pe = 162 | n_out_opID = ['14', None], ch_in_opID = [None, None]
2026-06-12 01:18:20.303 - [DEBUG] ||| run ||| Routed = True | Result: src_PE[86], src_Node[fsub_38_4], out_opID = ['14', '14']; dest_PE[162], dest_Node[fmul_29_4], ch_in_opID = [None, '14']
2026-06-12 01:18:20.304 - [DEBUG] ||| run ||| Routing (node[fadd_39_4], opID[15]) placed @ PE[87]
2026-06-12 01:18:20.304 - [DEBUG] ||| run ||| Routing (node[fmul_30_4], opID[16]) placed @ PE[152]
2026-06-12 01:18:20.304 - [DEBUG] ||| run ||| Routing Edge from src_PE[152] -> dest_PE[220]
2026-06-12 01:18:20.305 - [DEBUG] ||| find_valid_port ||| FVP iteration[0] | n_pe = 152, n_opID = 16, child_id = 0, ch_pe = 220 | n_out_opID = [None, None], ch_in_opID = [None, None]
2026-06-12 01:18:20.305 - [DEBUG] ||| run ||| Routed = True | Result: src_PE[152], src_Node[fmul_30_4], out_opID = ['16', None]; dest_PE[220], dest_Node[fadd_47_4], ch_in_opID = ['16', None]
2026-06-12 01:18:20.306 - [DEBUG] ||| run ||| Routing (node[fmul_26_4], opID[17]) placed @ PE[153]
2026-06-12 01:18:20.306 - [DEBUG] ||| run ||| Routing Edge from src_PE[153] -> dest_PE[221]
2026-06-12 01:18:20.306 - [DEBUG] ||| find_valid_port ||| FVP iteration[0] | n_pe = 153, n_opID = 17, child_id = 0, ch_pe = 221 | n_out_opID = [None, None], ch_in_opID = [None, None]
2026-06-12 01:18:20.307 - [DEBUG] ||| run ||| Routed = True | Result: src_PE[153], src_Node[fmul_26_4], out_opID = ['17', None]; dest_PE[221], dest_Node[fsub_46_4], ch_in_opID = ['17', None]
2026-06-12 01:18:20.307 - [DEBUG] ||| run ||| Routing (node[fmul_32_4], opID[18]) placed @ PE[154]
2026-06-12 01:18:20.307 - [DEBUG] ||| run ||| Routing Edge from src_PE[154] -> dest_PE[222]
2026-06-12 01:18:20.308 - [DEBUG] ||| find_valid_port ||| FVP iteration[0] | n_pe = 154, n_opID = 18, child_id = 0, ch_pe = 222 | n_out_opID = [None, None], ch_in_opID = [None, None]
2026-06-12 01:18:20.308 - [DEBUG] ||| run ||| Routed = True | Result: src_PE[154], src_Node[fmul_32_4], out_opID = ['18', None]; dest_PE[222], dest_Node[fadd_43_4], ch_in_opID = ['18', None]
2026-06-12 01:18:20.309 - [DEBUG] ||| run ||| Routing (node[fmul_22_4], opID[19]) placed @ PE[155]
2026-06-12 01:18:20.309 - [DEBUG] ||| run ||| Routing Edge from src_PE[155] -> dest_PE[223]
2026-06-12 01:18:20.309 - [DEBUG] ||| find_valid_port ||| FVP iteration[0] | n_pe = 155, n_opID = 19, child_id = 0, ch_pe = 223 | n_out_opID = [None, None], ch_in_opID = [None, None]
2026-06-12 01:18:20.310 - [DEBUG] ||| run ||| Routed = True | Result: src_PE[155], src_Node[fmul_22_4], out_opID = ['19', None]; dest_PE[223], dest_Node[fsub_42_4], ch_in_opID = ['19', None]
2026-06-12 01:18:20.310 - [DEBUG] ||| run ||| Routing (node[fmul_24_4], opID[20]) placed @ PE[156]
2026-06-12 01:18:20.311 - [DEBUG] ||| run ||| Routing Edge from src_PE[156] -> dest_PE[224]
2026-06-12 01:18:20.311 - [DEBUG] ||| find_valid_port ||| FVP iteration[0] | n_pe = 156, n_opID = 20, child_id = 0, ch_pe = 224 | n_out_opID = [None, None], ch_in_opID = [None, None]
2026-06-12 01:18:20.312 - [DEBUG] ||| run ||| Routed = True | Result: src_PE[156], src_Node[fmul_24_4], out_opID = ['20', None]; dest_PE[224], dest_Node[fadd_44_4], ch_in_opID = ['20', None]
2026-06-12 01:18:20.312 - [DEBUG] ||| run ||| Routing (node[fmul_28_4], opID[21]) placed @ PE[157]
2026-06-12 01:18:20.312 - [DEBUG] ||| run ||| Routing Edge from src_PE[157] -> dest_PE[225]
2026-06-12 01:18:20.313 - [DEBUG] ||| find_valid_port ||| FVP iteration[0] | n_pe = 157, n_opID = 21, child_id = 0, ch_pe = 225 | n_out_opID = [None, None], ch_in_opID = [None, None]
2026-06-12 01:18:20.313 - [DEBUG] ||| run ||| Routed = True | Result: src_PE[157], src_Node[fmul_28_4], out_opID = ['21', None]; dest_PE[225], dest_Node[fsub_45_4], ch_in_opID = ['21', None]
2026-06-12 01:18:20.314 - [DEBUG] ||| run ||| Routing (node[fmul_27_4], opID[22]) placed @ PE[158]
2026-06-12 01:18:20.314 - [DEBUG] ||| run ||| Routing Edge from src_PE[158] -> dest_PE[220]
2026-06-12 01:18:20.315 - [DEBUG] ||| find_valid_port ||| FVP iteration[0] | n_pe = 158, n_opID = 22, child_id = 0, ch_pe = 220 | n_out_opID = [None, None], ch_in_opID = ['16', None]
2026-06-12 01:18:20.315 - [DEBUG] ||| find_valid_port ||| FVP iteration[0] | n_pe = 158, n_opID = 22, child_id = 0, ch_pe = 220 | n_out_opID = [None, None], ch_in_opID = ['16', None]
2026-06-12 01:18:20.315 - [DEBUG] ||| run ||| Routed = True | Result: src_PE[158], src_Node[fmul_27_4], out_opID = [None, '22']; dest_PE[220], dest_Node[fadd_47_4], ch_in_opID = ['16', '22']
2026-06-12 01:18:20.316 - [DEBUG] ||| run ||| Routing (node[fmul_31_4], opID[23]) placed @ PE[159]
2026-06-12 01:18:20.316 - [DEBUG] ||| run ||| Routing Edge from src_PE[159] -> dest_PE[221]
2026-06-12 01:18:20.317 - [DEBUG] ||| find_valid_port ||| FVP iteration[0] | n_pe = 159, n_opID = 23, child_id = 0, ch_pe = 221 | n_out_opID = [None, None], ch_in_opID = ['17', None]
2026-06-12 01:18:20.317 - [DEBUG] ||| find_valid_port ||| FVP iteration[0] | n_pe = 159, n_opID = 23, child_id = 0, ch_pe = 221 | n_out_opID = [None, None], ch_in_opID = ['17', None]
2026-06-12 01:18:20.318 - [DEBUG] ||| run ||| Routed = True | Result: src_PE[159], src_Node[fmul_31_4], out_opID = [None, '23']; dest_PE[221], dest_Node[fsub_46_4], ch_in_opID = ['17', '23']
2026-06-12 01:18:20.318 - [DEBUG] ||| run ||| Routing (node[fmul_23_4], opID[24]) placed @ PE[160]
2026-06-12 01:18:20.319 - [DEBUG] ||| run ||| Routing Edge from src_PE[160] -> dest_PE[222]
2026-06-12 01:18:20.319 - [DEBUG] ||| find_valid_port ||| FVP iteration[0] | n_pe = 160, n_opID = 24, child_id = 0, ch_pe = 222 | n_out_opID = [None, None], ch_in_opID = ['18', None]
2026-06-12 01:18:20.320 - [DEBUG] ||| find_valid_port ||| FVP iteration[0] | n_pe = 160, n_opID = 24, child_id = 0, ch_pe = 222 | n_out_opID = [None, None], ch_in_opID = ['18', None]
2026-06-12 01:18:20.320 - [DEBUG] ||| run ||| Routed = True | Result: src_PE[160], src_Node[fmul_23_4], out_opID = [None, '24']; dest_PE[222], dest_Node[fadd_43_4], ch_in_opID = ['18', '24']
2026-06-12 01:18:20.321 - [DEBUG] ||| run ||| Routing (node[fmul_33_4], opID[25]) placed @ PE[161]
2026-06-12 01:18:20.321 - [DEBUG] ||| run ||| Routing Edge from src_PE[161] -> dest_PE[223]
2026-06-12 01:18:20.322 - [DEBUG] ||| find_valid_port ||| FVP iteration[0] | n_pe = 161, n_opID = 25, child_id = 0, ch_pe = 223 | n_out_opID = [None, None], ch_in_opID = ['19', None]
2026-06-12 01:18:20.322 - [DEBUG] ||| find_valid_port ||| FVP iteration[0] | n_pe = 161, n_opID = 25, child_id = 0, ch_pe = 223 | n_out_opID = [None, None], ch_in_opID = ['19', None]
2026-06-12 01:18:20.323 - [DEBUG] ||| run ||| Routed = True | Result: src_PE[161], src_Node[fmul_33_4], out_opID = [None, '25']; dest_PE[223], dest_Node[fsub_42_4], ch_in_opID = ['19', '25']
2026-06-12 01:18:20.323 - [DEBUG] ||| run ||| Routing (node[fmul_29_4], opID[26]) placed @ PE[162]
2026-06-12 01:18:20.324 - [DEBUG] ||| run ||| Routing Edge from src_PE[162] -> dest_PE[224]
2026-06-12 01:18:20.324 - [DEBUG] ||| find_valid_port ||| FVP iteration[0] | n_pe = 162, n_opID = 26, child_id = 0, ch_pe = 224 | n_out_opID = [None, None], ch_in_opID = ['20', None]
2026-06-12 01:18:20.325 - [DEBUG] ||| find_valid_port ||| FVP iteration[0] | n_pe = 162, n_opID = 26, child_id = 0, ch_pe = 224 | n_out_opID = [None, None], ch_in_opID = ['20', None]
2026-06-12 01:18:20.326 - [DEBUG] ||| run ||| Routed = True | Result: src_PE[162], src_Node[fmul_29_4], out_opID = [None, '26']; dest_PE[224], dest_Node[fadd_44_4], ch_in_opID = ['20', '26']
2026-06-12 01:18:20.326 - [DEBUG] ||| run ||| Routing (node[fmul_25_4], opID[27]) placed @ PE[163]
2026-06-12 01:18:20.327 - [DEBUG] ||| run ||| Routing Edge from src_PE[163] -> dest_PE[225]
2026-06-12 01:18:20.327 - [DEBUG] ||| find_valid_port ||| FVP iteration[0] | n_pe = 163, n_opID = 27, child_id = 0, ch_pe = 225 | n_out_opID = [None, None], ch_in_opID = ['21', None]
2026-06-12 01:18:20.328 - [DEBUG] ||| find_valid_port ||| FVP iteration[0] | n_pe = 163, n_opID = 27, child_id = 0, ch_pe = 225 | n_out_opID = [None, None], ch_in_opID = ['21', None]
2026-06-12 01:18:20.329 - [DEBUG] ||| run ||| Routed = True | Result: src_PE[163], src_Node[fmul_25_4], out_opID = [None, '27']; dest_PE[225], dest_Node[fsub_45_4], ch_in_opID = ['21', '27']
2026-06-12 01:18:20.329 - [DEBUG] ||| run ||| Routing (node[fadd_47_4], opID[28]) placed @ PE[220]
2026-06-12 01:18:20.330 - [DEBUG] ||| run ||| Routing (node[fsub_46_4], opID[29]) placed @ PE[221]
2026-06-12 01:18:20.330 - [DEBUG] ||| run ||| Routing (node[fadd_43_4], opID[30]) placed @ PE[222]
2026-06-12 01:18:20.331 - [DEBUG] ||| run ||| Routing (node[fsub_42_4], opID[31]) placed @ PE[223]
2026-06-12 01:18:20.331 - [DEBUG] ||| run ||| Routing (node[fadd_44_4], opID[32]) placed @ PE[224]
2026-06-12 01:18:20.332 - [DEBUG] ||| run ||| Routing (node[fsub_45_4], opID[33]) placed @ PE[225]
2026-06-12 01:18:20.332 - [DEBUG] ||| run ||| Routing (node[fsub_14_5], opID[0]) placed @ PE[226]
2026-06-12 01:18:20.332 - [DEBUG] ||| run ||| Routing Edge from src_PE[226] -> dest_PE[272]
2026-06-12 01:18:20.333 - [DEBUG] ||| find_valid_port ||| FVP iteration[0] | n_pe = 226, n_opID = 0, child_id = 0, ch_pe = 272 | n_out_opID = [None, None], ch_in_opID = [None, None]
2026-06-12 01:18:20.333 - [DEBUG] ||| run ||| Routed = True | Result: src_PE[226], src_Node[fsub_14_5], out_opID = ['0', None]; dest_PE[272], dest_Node[fsub_34_5], ch_in_opID = ['0', None]
2026-06-12 01:18:20.334 - [DEBUG] ||| run ||| Routing Edge from src_PE[226] -> dest_PE[273]
2026-06-12 01:18:20.334 - [DEBUG] ||| find_valid_port ||| FVP iteration[0] | n_pe = 226, n_opID = 0, child_id = 1, ch_pe = 273 | n_out_opID = ['0', None], ch_in_opID = [None, None]
2026-06-12 01:18:20.335 - [DEBUG] ||| find_valid_port ||| FVP iteration[0] | n_pe = 226, n_opID = 0, child_id = 1, ch_pe = 273 | n_out_opID = ['0', None], ch_in_opID = [None, None]
2026-06-12 01:18:20.336 - [DEBUG] ||| run ||| Routed = True | Result: src_PE[226], src_Node[fsub_14_5], out_opID = ['0', '0']; dest_PE[273], dest_Node[fadd_35_5], ch_in_opID = [None, '0']
2026-06-12 01:18:20.336 - [DEBUG] ||| run ||| Routing (node[fadd_15_5], opID[1]) placed @ PE[227]
2026-06-12 01:18:20.336 - [DEBUG] ||| run ||| Routing Edge from src_PE[227] -> dest_PE[274]
2026-06-12 01:18:20.337 - [DEBUG] ||| find_valid_port ||| FVP iteration[0] | n_pe = 227, n_opID = 1, child_id = 0, ch_pe = 274 | n_out_opID = [None, None], ch_in_opID = [None, None]
2026-06-12 01:18:20.337 - [DEBUG] ||| run ||| Routed = True | Result: src_PE[227], src_Node[fadd_15_5], out_opID = ['1', None]; dest_PE[274], dest_Node[fsub_36_5], ch_in_opID = ['1', None]
2026-06-12 01:18:20.338 - [DEBUG] ||| run ||| Routing Edge from src_PE[227] -> dest_PE[275]
2026-06-12 01:18:20.338 - [DEBUG] ||| find_valid_port ||| FVP iteration[0] | n_pe = 227, n_opID = 1, child_id = 1, ch_pe = 275 | n_out_opID = ['1', None], ch_in_opID = [None, None]
2026-06-12 01:18:20.339 - [DEBUG] ||| find_valid_port ||| FVP iteration[0] | n_pe = 227, n_opID = 1, child_id = 1, ch_pe = 275 | n_out_opID = ['1', None], ch_in_opID = [None, None]
2026-06-12 01:18:20.339 - [DEBUG] ||| run ||| Routed = True | Result: src_PE[227], src_Node[fadd_15_5], out_opID = ['1', '1']; dest_PE[275], dest_Node[fadd_37_5], ch_in_opID = [None, '1']
2026-06-12 01:18:20.339 - [DEBUG] ||| run ||| Routing (node[fsub_17_5], opID[2]) placed @ PE[228]
2026-06-12 01:18:20.340 - [DEBUG] ||| run ||| Routing Edge from src_PE[228] -> dest_PE[276]
2026-06-12 01:18:20.341 - [DEBUG] ||| find_valid_port ||| FVP iteration[0] | n_pe = 228, n_opID = 2, child_id = 0, ch_pe = 276 | n_out_opID = [None, None], ch_in_opID = [None, None]
2026-06-12 01:18:20.341 - [DEBUG] ||| run ||| Routed = True | Result: src_PE[228], src_Node[fsub_17_5], out_opID = ['2', None]; dest_PE[276], dest_Node[fadd_40_5], ch_in_opID = ['2', None]
2026-06-12 01:18:20.342 - [DEBUG] ||| run ||| Routing Edge from src_PE[228] -> dest_PE[277]
2026-06-12 01:18:20.342 - [DEBUG] ||| find_valid_port ||| FVP iteration[0] | n_pe = 228, n_opID = 2, child_id = 1, ch_pe = 277 | n_out_opID = ['2', None], ch_in_opID = [None, None]
2026-06-12 01:18:20.342 - [DEBUG] ||| find_valid_port ||| FVP iteration[0] | n_pe = 228, n_opID = 2, child_id = 1, ch_pe = 277 | n_out_opID = ['2', None], ch_in_opID = [None, None]
2026-06-12 01:18:20.343 - [DEBUG] ||| run ||| Routed = True | Result: src_PE[228], src_Node[fsub_17_5], out_opID = ['2', '2']; dest_PE[277], dest_Node[fsub_41_5], ch_in_opID = [None, '2']
2026-06-12 01:18:20.344 - [DEBUG] ||| run ||| Routing (node[fadd_16_5], opID[3]) placed @ PE[229]
2026-06-12 01:18:20.344 - [DEBUG] ||| run ||| Routing Edge from src_PE[229] -> dest_PE[278]
2026-06-12 01:18:20.345 - [DEBUG] ||| find_valid_port ||| FVP iteration[0] | n_pe = 229, n_opID = 3, child_id = 0, ch_pe = 278 | n_out_opID = [None, None], ch_in_opID = [None, None]
2026-06-12 01:18:20.345 - [DEBUG] ||| run ||| Routed = True | Result: src_PE[229], src_Node[fadd_16_5], out_opID = ['3', None]; dest_PE[278], dest_Node[fsub_38_5], ch_in_opID = ['3', None]
2026-06-12 01:18:20.345 - [DEBUG] ||| run ||| Routing Edge from src_PE[229] -> dest_PE[279]
2026-06-12 01:18:20.346 - [DEBUG] ||| find_valid_port ||| FVP iteration[0] | n_pe = 229, n_opID = 3, child_id = 1, ch_pe = 279 | n_out_opID = ['3', None], ch_in_opID = [None, None]
2026-06-12 01:18:20.346 - [DEBUG] ||| find_valid_port ||| FVP iteration[0] | n_pe = 229, n_opID = 3, child_id = 1, ch_pe = 279 | n_out_opID = ['3', None], ch_in_opID = [None, None]
2026-06-12 01:18:20.347 - [DEBUG] ||| run ||| Routed = True | Result: src_PE[229], src_Node[fadd_16_5], out_opID = ['3', '3']; dest_PE[279], dest_Node[fadd_39_5], ch_in_opID = [None, '3']
2026-06-12 01:18:20.348 - [DEBUG] ||| run ||| Routing (node[fsub_19_5], opID[4]) placed @ PE[230]
2026-06-12 01:18:20.348 - [DEBUG] ||| run ||| Routing Edge from src_PE[230] -> dest_PE[276]
2026-06-12 01:18:20.349 - [DEBUG] ||| find_valid_port ||| FVP iteration[0] | n_pe = 230, n_opID = 4, child_id = 0, ch_pe = 276 | n_out_opID = [None, None], ch_in_opID = ['2', None]
2026-06-12 01:18:20.349 - [DEBUG] ||| find_valid_port ||| FVP iteration[0] | n_pe = 230, n_opID = 4, child_id = 0, ch_pe = 276 | n_out_opID = [None, None], ch_in_opID = ['2', None]
2026-06-12 01:18:20.350 - [DEBUG] ||| run ||| Routed = True | Result: src_PE[230], src_Node[fsub_19_5], out_opID = [None, '4']; dest_PE[276], dest_Node[fadd_40_5], ch_in_opID = ['2', '4']
2026-06-12 01:18:20.351 - [DEBUG] ||| run ||| Routing Edge from src_PE[230] -> dest_PE[277]
2026-06-12 01:18:20.351 - [DEBUG] ||| find_valid_port ||| FVP iteration[0] | n_pe = 230, n_opID = 4, child_id = 1, ch_pe = 277 | n_out_opID = [None, '4'], ch_in_opID = [None, '2']
2026-06-12 01:18:20.352 - [DEBUG] ||| run ||| Routed = True | Result: src_PE[230], src_Node[fsub_19_5], out_opID = ['4', '4']; dest_PE[277], dest_Node[fsub_41_5], ch_in_opID = ['4', '2']
2026-06-12 01:18:20.352 - [DEBUG] ||| run ||| Routing (node[fadd_18_5], opID[5]) placed @ PE[231]
2026-06-12 01:18:20.353 - [DEBUG] ||| run ||| Routing Edge from src_PE[231] -> dest_PE[274]
2026-06-12 01:18:20.353 - [DEBUG] ||| find_valid_port ||| FVP iteration[0] | n_pe = 231, n_opID = 5, child_id = 0, ch_pe = 274 | n_out_opID = [None, None], ch_in_opID = ['1', None]
2026-06-12 01:18:20.354 - [DEBUG] ||| find_valid_port ||| FVP iteration[0] | n_pe = 231, n_opID = 5, child_id = 0, ch_pe = 274 | n_out_opID = [None, None], ch_in_opID = ['1', None]
2026-06-12 01:18:20.354 - [DEBUG] ||| run ||| Routed = True | Result: src_PE[231], src_Node[fadd_18_5], out_opID = [None, '5']; dest_PE[274], dest_Node[fsub_36_5], ch_in_opID = ['1', '5']
2026-06-12 01:18:20.355 - [DEBUG] ||| run ||| Routing Edge from src_PE[231] -> dest_PE[275]
2026-06-12 01:18:20.355 - [DEBUG] ||| find_valid_port ||| FVP iteration[0] | n_pe = 231, n_opID = 5, child_id = 1, ch_pe = 275 | n_out_opID = [None, '5'], ch_in_opID = [None, '1']
2026-06-12 01:18:20.356 - [DEBUG] ||| run ||| Routed = True | Result: src_PE[231], src_Node[fadd_18_5], out_opID = ['5', '5']; dest_PE[275], dest_Node[fadd_37_5], ch_in_opID = ['5', '1']
2026-06-12 01:18:20.356 - [DEBUG] ||| run ||| Routing (node[fsub_21_5], opID[6]) placed @ PE[232]
2026-06-12 01:18:20.357 - [DEBUG] ||| run ||| Routing Edge from src_PE[232] -> dest_PE[272]
2026-06-12 01:18:20.357 - [DEBUG] ||| find_valid_port ||| FVP iteration[0] | n_pe = 232, n_opID = 6, child_id = 0, ch_pe = 272 | n_out_opID = [None, None], ch_in_opID = ['0', None]
2026-06-12 01:18:20.358 - [DEBUG] ||| find_valid_port ||| FVP iteration[0] | n_pe = 232, n_opID = 6, child_id = 0, ch_pe = 272 | n_out_opID = [None, None], ch_in_opID = ['0', None]
2026-06-12 01:18:20.358 - [DEBUG] ||| run ||| Routed = True | Result: src_PE[232], src_Node[fsub_21_5], out_opID = [None, '6']; dest_PE[272], dest_Node[fsub_34_5], ch_in_opID = ['0', '6']
2026-06-12 01:18:20.359 - [DEBUG] ||| run ||| Routing Edge from src_PE[232] -> dest_PE[273]
2026-06-12 01:18:20.359 - [DEBUG] ||| find_valid_port ||| FVP iteration[0] | n_pe = 232, n_opID = 6, child_id = 1, ch_pe = 273 | n_out_opID = [None, '6'], ch_in_opID = [None, '0']
2026-06-12 01:18:20.359 - [DEBUG] ||| run ||| Routed = True | Result: src_PE[232], src_Node[fsub_21_5], out_opID = ['6', '6']; dest_PE[273], dest_Node[fadd_35_5], ch_in_opID = ['6', '0']
2026-06-12 01:18:20.360 - [DEBUG] ||| run ||| Routing (node[fadd_20_5], opID[7]) placed @ PE[233]
2026-06-12 01:18:20.360 - [DEBUG] ||| run ||| Routing Edge from src_PE[233] -> dest_PE[278]
2026-06-12 01:18:20.361 - [DEBUG] ||| find_valid_port ||| FVP iteration[0] | n_pe = 233, n_opID = 7, child_id = 0, ch_pe = 278 | n_out_opID = [None, None], ch_in_opID = ['3', None]
2026-06-12 01:18:20.361 - [DEBUG] ||| find_valid_port ||| FVP iteration[0] | n_pe = 233, n_opID = 7, child_id = 0, ch_pe = 278 | n_out_opID = [None, None], ch_in_opID = ['3', None]
2026-06-12 01:18:20.362 - [DEBUG] ||| run ||| Routed = True | Result: src_PE[233], src_Node[fadd_20_5], out_opID = [None, '7']; dest_PE[278], dest_Node[fsub_38_5], ch_in_opID = ['3', '7']
2026-06-12 01:18:20.362 - [DEBUG] ||| run ||| Routing Edge from src_PE[233] -> dest_PE[279]
2026-06-12 01:18:20.363 - [DEBUG] ||| find_valid_port ||| FVP iteration[0] | n_pe = 233, n_opID = 7, child_id = 1, ch_pe = 279 | n_out_opID = [None, '7'], ch_in_opID = [None, '3']
2026-06-12 01:18:20.363 - [DEBUG] ||| run ||| Routed = True | Result: src_PE[233], src_Node[fadd_20_5], out_opID = ['7', '7']; dest_PE[279], dest_Node[fadd_39_5], ch_in_opID = ['7', '3']
2026-06-12 01:18:20.364 - [DEBUG] ||| run ||| Routing (node[fsub_34_5], opID[8]) placed @ PE[272]
2026-06-12 01:18:20.364 - [DEBUG] ||| run ||| Routing Edge from src_PE[272] -> dest_PE[345]
2026-06-12 01:18:20.365 - [DEBUG] ||| find_valid_port ||| FVP iteration[0] | n_pe = 272, n_opID = 8, child_id = 0, ch_pe = 345 | n_out_opID = [None, None], ch_in_opID = [None, None]
2026-06-12 01:18:20.366 - [DEBUG] ||| run ||| Routed = True | Result: src_PE[272], src_Node[fsub_34_5], out_opID = ['8', None]; dest_PE[345], dest_Node[fmul_26_5], ch_in_opID = ['8', None]
2026-06-12 01:18:20.366 - [DEBUG] ||| run ||| Routing Edge from src_PE[272] -> dest_PE[344]
2026-06-12 01:18:20.367 - [DEBUG] ||| find_valid_port ||| FVP iteration[0] | n_pe = 272, n_opID = 8, child_id = 1, ch_pe = 344 | n_out_opID = ['8', None], ch_in_opID = [None, None]
2026-06-12 01:18:20.367 - [DEBUG] ||| find_valid_port ||| FVP iteration[0] | n_pe = 272, n_opID = 8, child_id = 1, ch_pe = 344 | n_out_opID = ['8', None], ch_in_opID = [None, None]
2026-06-12 01:18:20.368 - [DEBUG] ||| run ||| Routed = True | Result: src_PE[272], src_Node[fsub_34_5], out_opID = ['8', '8']; dest_PE[344], dest_Node[fmul_30_5], ch_in_opID = [None, '8']
2026-06-12 01:18:20.368 - [DEBUG] ||| run ||| Routing (node[fadd_35_5], opID[9]) placed @ PE[273]
2026-06-12 01:18:20.369 - [DEBUG] ||| run ||| Routing Edge from src_PE[273] -> dest_PE[347]
2026-06-12 01:18:20.370 - [DEBUG] ||| find_valid_port ||| FVP iteration[0] | n_pe = 273, n_opID = 9, child_id = 0, ch_pe = 347 | n_out_opID = [None, None], ch_in_opID = [None, None]
2026-06-12 01:18:20.370 - [DEBUG] ||| run ||| Routed = True | Result: src_PE[273], src_Node[fadd_35_5], out_opID = ['9', None]; dest_PE[347], dest_Node[fmul_22_5], ch_in_opID = ['9', None]
2026-06-12 01:18:20.371 - [DEBUG] ||| run ||| Routing Edge from src_PE[273] -> dest_PE[346]
2026-06-12 01:18:20.371 - [DEBUG] ||| find_valid_port ||| FVP iteration[0] | n_pe = 273, n_opID = 9, child_id = 1, ch_pe = 346 | n_out_opID = ['9', None], ch_in_opID = [None, None]
2026-06-12 01:18:20.372 - [DEBUG] ||| find_valid_port ||| FVP iteration[0] | n_pe = 273, n_opID = 9, child_id = 1, ch_pe = 346 | n_out_opID = ['9', None], ch_in_opID = [None, None]
2026-06-12 01:18:20.372 - [DEBUG] ||| run ||| Routed = True | Result: src_PE[273], src_Node[fadd_35_5], out_opID = ['9', '9']; dest_PE[346], dest_Node[fmul_32_5], ch_in_opID = [None, '9']
2026-06-12 01:18:20.373 - [DEBUG] ||| run ||| Routing (node[fsub_36_5], opID[10]) placed @ PE[274]
2026-06-12 01:18:20.374 - [DEBUG] ||| run ||| Routing Edge from src_PE[274] -> dest_PE[348]
2026-06-12 01:18:20.374 - [DEBUG] ||| find_valid_port ||| FVP iteration[0] | n_pe = 274, n_opID = 10, child_id = 0, ch_pe = 348 | n_out_opID = [None, None], ch_in_opID = [None, None]
2026-06-12 01:18:20.375 - [DEBUG] ||| run ||| Routed = True | Result: src_PE[274], src_Node[fsub_36_5], out_opID = ['10', None]; dest_PE[348], dest_Node[fmul_24_5], ch_in_opID = ['10', None]
2026-06-12 01:18:20.376 - [DEBUG] ||| run ||| Routing Edge from src_PE[274] -> dest_PE[349]
2026-06-12 01:18:20.376 - [DEBUG] ||| find_valid_port ||| FVP iteration[0] | n_pe = 274, n_opID = 10, child_id = 1, ch_pe = 349 | n_out_opID = ['10', None], ch_in_opID = [None, None]
2026-06-12 01:18:20.377 - [DEBUG] ||| find_valid_port ||| FVP iteration[0] | n_pe = 274, n_opID = 10, child_id = 1, ch_pe = 349 | n_out_opID = ['10', None], ch_in_opID = [None, None]
2026-06-12 01:18:20.377 - [DEBUG] ||| run ||| Routed = True | Result: src_PE[274], src_Node[fsub_36_5], out_opID = ['10', '10']; dest_PE[349], dest_Node[fmul_28_5], ch_in_opID = [None, '10']
2026-06-12 01:18:20.378 - [DEBUG] ||| run ||| Routing (node[fadd_37_5], opID[11]) placed @ PE[275]
2026-06-12 01:18:20.378 - [DEBUG] ||| run ||| Routing (node[fadd_40_5], opID[12]) placed @ PE[276]
2026-06-12 01:18:20.379 - [DEBUG] ||| run ||| Routing Edge from src_PE[276] -> dest_PE[350]
2026-06-12 01:18:20.380 - [DEBUG] ||| find_valid_port ||| FVP iteration[0] | n_pe = 276, n_opID = 12, child_id = 0, ch_pe = 350 | n_out_opID = [None, None], ch_in_opID = [None, None]
2026-06-12 01:18:20.380 - [DEBUG] ||| run ||| Routed = True | Result: src_PE[276], src_Node[fadd_40_5], out_opID = ['12', None]; dest_PE[350], dest_Node[fmul_27_5], ch_in_opID = ['12', None]
2026-06-12 01:18:20.381 - [DEBUG] ||| run ||| Routing Edge from src_PE[276] -> dest_PE[351]
2026-06-12 01:18:20.381 - [DEBUG] ||| find_valid_port ||| FVP iteration[0] | n_pe = 276, n_opID = 12, child_id = 1, ch_pe = 351 | n_out_opID = ['12', None], ch_in_opID = [None, None]
2026-06-12 01:18:20.382 - [DEBUG] ||| find_valid_port ||| FVP iteration[0] | n_pe = 276, n_opID = 12, child_id = 1, ch_pe = 351 | n_out_opID = ['12', None], ch_in_opID = [None, None]
2026-06-12 01:18:20.383 - [DEBUG] ||| run ||| Routed = True | Result: src_PE[276], src_Node[fadd_40_5], out_opID = ['12', '12']; dest_PE[351], dest_Node[fmul_31_5], ch_in_opID = [None, '12']
2026-06-12 01:18:20.383 - [DEBUG] ||| run ||| Routing (node[fsub_41_5], opID[13]) placed @ PE[277]
2026-06-12 01:18:20.384 - [DEBUG] ||| run ||| Routing Edge from src_PE[277] -> dest_PE[352]
2026-06-12 01:18:20.384 - [DEBUG] ||| find_valid_port ||| FVP iteration[0] | n_pe = 277, n_opID = 13, child_id = 0, ch_pe = 352 | n_out_opID = [None, None], ch_in_opID = [None, None]
2026-06-12 01:18:20.385 - [DEBUG] ||| run ||| Routed = True | Result: src_PE[277], src_Node[fsub_41_5], out_opID = ['13', None]; dest_PE[352], dest_Node[fmul_23_5], ch_in_opID = ['13', None]
2026-06-12 01:18:20.385 - [DEBUG] ||| run ||| Routing Edge from src_PE[277] -> dest_PE[353]
2026-06-12 01:18:20.386 - [DEBUG] ||| find_valid_port ||| FVP iteration[0] | n_pe = 277, n_opID = 13, child_id = 1, ch_pe = 353 | n_out_opID = ['13', None], ch_in_opID = [None, None]
2026-06-12 01:18:20.386 - [DEBUG] ||| find_valid_port ||| FVP iteration[0] | n_pe = 277, n_opID = 13, child_id = 1, ch_pe = 353 | n_out_opID = ['13', None], ch_in_opID = [None, None]
2026-06-12 01:18:20.387 - [DEBUG] ||| run ||| Routed = True | Result: src_PE[277], src_Node[fsub_41_5], out_opID = ['13', '13']; dest_PE[353], dest_Node[fmul_33_5], ch_in_opID = [None, '13']
2026-06-12 01:18:20.388 - [DEBUG] ||| run ||| Routing (node[fsub_38_5], opID[14]) placed @ PE[278]
2026-06-12 01:18:20.388 - [DEBUG] ||| run ||| Routing Edge from src_PE[278] -> dest_PE[355]
2026-06-12 01:18:20.389 - [DEBUG] ||| find_valid_port ||| FVP iteration[0] | n_pe = 278, n_opID = 14, child_id = 0, ch_pe = 355 | n_out_opID = [None, None], ch_in_opID = [None, None]
2026-06-12 01:18:20.389 - [DEBUG] ||| run ||| Routed = True | Result: src_PE[278], src_Node[fsub_38_5], out_opID = ['14', None]; dest_PE[355], dest_Node[fmul_25_5], ch_in_opID = ['14', None]
2026-06-12 01:18:20.390 - [DEBUG] ||| run ||| Routing Edge from src_PE[278] -> dest_PE[354]
2026-06-12 01:18:20.390 - [DEBUG] ||| find_valid_port ||| FVP iteration[0] | n_pe = 278, n_opID = 14, child_id = 1, ch_pe = 354 | n_out_opID = ['14', None], ch_in_opID = [None, None]
2026-06-12 01:18:20.391 - [DEBUG] ||| find_valid_port ||| FVP iteration[0] | n_pe = 278, n_opID = 14, child_id = 1, ch_pe = 354 | n_out_opID = ['14', None], ch_in_opID = [None, None]
2026-06-12 01:18:20.391 - [DEBUG] ||| run ||| Routed = True | Result: src_PE[278], src_Node[fsub_38_5], out_opID = ['14', '14']; dest_PE[354], dest_Node[fmul_29_5], ch_in_opID = [None, '14']
2026-06-12 01:18:20.392 - [DEBUG] ||| run ||| Routing (node[fadd_39_5], opID[15]) placed @ PE[279]
2026-06-12 01:18:20.393 - [DEBUG] ||| run ||| Routing (node[fmul_30_5], opID[16]) placed @ PE[344]
2026-06-12 01:18:20.393 - [DEBUG] ||| run ||| Routing Edge from src_PE[344] -> dest_PE[36]
2026-06-12 01:18:20.394 - [DEBUG] ||| find_valid_port ||| FVP iteration[0] | n_pe = 344, n_opID = 16, child_id = 0, ch_pe = 36 | n_out_opID = [None, None], ch_in_opID = [None, None]
2026-06-12 01:18:20.395 - [DEBUG] ||| run ||| Routed = True | Result: src_PE[344], src_Node[fmul_30_5], out_opID = ['16', None]; dest_PE[36], dest_Node[fadd_47_5], ch_in_opID = ['16', None]
2026-06-12 01:18:20.395 - [DEBUG] ||| run ||| Routing (node[fmul_26_5], opID[17]) placed @ PE[345]
2026-06-12 01:18:20.396 - [DEBUG] ||| run ||| Routing Edge from src_PE[345] -> dest_PE[37]
2026-06-12 01:18:20.396 - [DEBUG] ||| find_valid_port ||| FVP iteration[0] | n_pe = 345, n_opID = 17, child_id = 0, ch_pe = 37 | n_out_opID = [None, None], ch_in_opID = [None, None]
2026-06-12 01:18:20.397 - [DEBUG] ||| run ||| Routed = True | Result: src_PE[345], src_Node[fmul_26_5], out_opID = ['17', None]; dest_PE[37], dest_Node[fsub_46_5], ch_in_opID = ['17', None]
2026-06-12 01:18:20.398 - [DEBUG] ||| run ||| Routing (node[fmul_32_5], opID[18]) placed @ PE[346]
2026-06-12 01:18:20.398 - [DEBUG] ||| run ||| Routing Edge from src_PE[346] -> dest_PE[38]
2026-06-12 01:18:20.399 - [DEBUG] ||| find_valid_port ||| FVP iteration[0] | n_pe = 346, n_opID = 18, child_id = 0, ch_pe = 38 | n_out_opID = [None, None], ch_in_opID = [None, None]
2026-06-12 01:18:20.399 - [DEBUG] ||| run ||| Routed = True | Result: src_PE[346], src_Node[fmul_32_5], out_opID = ['18', None]; dest_PE[38], dest_Node[fadd_43_5], ch_in_opID = ['18', None]
2026-06-12 01:18:20.400 - [DEBUG] ||| run ||| Routing (node[fmul_22_5], opID[19]) placed @ PE[347]
2026-06-12 01:18:20.401 - [DEBUG] ||| run ||| Routing Edge from src_PE[347] -> dest_PE[39]
2026-06-12 01:18:20.401 - [DEBUG] ||| find_valid_port ||| FVP iteration[0] | n_pe = 347, n_opID = 19, child_id = 0, ch_pe = 39 | n_out_opID = [None, None], ch_in_opID = [None, None]
2026-06-12 01:18:20.402 - [DEBUG] ||| run ||| Routed = True | Result: src_PE[347], src_Node[fmul_22_5], out_opID = ['19', None]; dest_PE[39], dest_Node[fsub_42_5], ch_in_opID = ['19', None]
2026-06-12 01:18:20.402 - [DEBUG] ||| run ||| Routing (node[fmul_24_5], opID[20]) placed @ PE[348]
2026-06-12 01:18:20.403 - [DEBUG] ||| run ||| Routing Edge from src_PE[348] -> dest_PE[40]
2026-06-12 01:18:20.404 - [DEBUG] ||| find_valid_port ||| FVP iteration[0] | n_pe = 348, n_opID = 20, child_id = 0, ch_pe = 40 | n_out_opID = [None, None], ch_in_opID = [None, None]
2026-06-12 01:18:20.404 - [DEBUG] ||| run ||| Routed = True | Result: src_PE[348], src_Node[fmul_24_5], out_opID = ['20', None]; dest_PE[40], dest_Node[fadd_44_5], ch_in_opID = ['20', None]
2026-06-12 01:18:20.405 - [DEBUG] ||| run ||| Routing (node[fmul_28_5], opID[21]) placed @ PE[349]
2026-06-12 01:18:20.406 - [DEBUG] ||| run ||| Routing Edge from src_PE[349] -> dest_PE[41]
2026-06-12 01:18:20.406 - [DEBUG] ||| find_valid_port ||| FVP iteration[0] | n_pe = 349, n_opID = 21, child_id = 0, ch_pe = 41 | n_out_opID = [None, None], ch_in_opID = [None, None]
2026-06-12 01:18:20.407 - [DEBUG] ||| run ||| Routed = True | Result: src_PE[349], src_Node[fmul_28_5], out_opID = ['21', None]; dest_PE[41], dest_Node[fsub_45_5], ch_in_opID = ['21', None]
2026-06-12 01:18:20.407 - [DEBUG] ||| run ||| Routing (node[fmul_27_5], opID[22]) placed @ PE[350]
2026-06-12 01:18:20.408 - [DEBUG] ||| run ||| Routing Edge from src_PE[350] -> dest_PE[36]
2026-06-12 01:18:20.409 - [DEBUG] ||| find_valid_port ||| FVP iteration[0] | n_pe = 350, n_opID = 22, child_id = 0, ch_pe = 36 | n_out_opID = [None, None], ch_in_opID = ['16', None]
2026-06-12 01:18:20.409 - [DEBUG] ||| find_valid_port ||| FVP iteration[0] | n_pe = 350, n_opID = 22, child_id = 0, ch_pe = 36 | n_out_opID = [None, None], ch_in_opID = ['16', None]
2026-06-12 01:18:20.410 - [DEBUG] ||| run ||| Routed = True | Result: src_PE[350], src_Node[fmul_27_5], out_opID = [None, '22']; dest_PE[36], dest_Node[fadd_47_5], ch_in_opID = ['16', '22']
2026-06-12 01:18:20.410 - [DEBUG] ||| run ||| Routing (node[fmul_31_5], opID[23]) placed @ PE[351]
2026-06-12 01:18:20.411 - [DEBUG] ||| run ||| Routing Edge from src_PE[351] -> dest_PE[37]
2026-06-12 01:18:20.411 - [DEBUG] ||| find_valid_port ||| FVP iteration[0] | n_pe = 351, n_opID = 23, child_id = 0, ch_pe = 37 | n_out_opID = [None, None], ch_in_opID = ['17', None]
2026-06-12 01:18:20.412 - [DEBUG] ||| find_valid_port ||| FVP iteration[0] | n_pe = 351, n_opID = 23, child_id = 0, ch_pe = 37 | n_out_opID = [None, None], ch_in_opID = ['17', None]
2026-06-12 01:18:20.412 - [DEBUG] ||| run ||| Routed = True | Result: src_PE[351], src_Node[fmul_31_5], out_opID = [None, '23']; dest_PE[37], dest_Node[fsub_46_5], ch_in_opID = ['17', '23']
2026-06-12 01:18:20.413 - [DEBUG] ||| run ||| Routing (node[fmul_23_5], opID[24]) placed @ PE[352]
2026-06-12 01:18:20.413 - [DEBUG] ||| run ||| Routing Edge from src_PE[352] -> dest_PE[38]
2026-06-12 01:18:20.413 - [DEBUG] ||| find_valid_port ||| FVP iteration[0] | n_pe = 352, n_opID = 24, child_id = 0, ch_pe = 38 | n_out_opID = [None, None], ch_in_opID = ['18', None]
2026-06-12 01:18:20.414 - [DEBUG] ||| find_valid_port ||| FVP iteration[0] | n_pe = 352, n_opID = 24, child_id = 0, ch_pe = 38 | n_out_opID = [None, None], ch_in_opID = ['18', None]
2026-06-12 01:18:20.414 - [DEBUG] ||| run ||| Routed = True | Result: src_PE[352], src_Node[fmul_23_5], out_opID = [None, '24']; dest_PE[38], dest_Node[fadd_43_5], ch_in_opID = ['18', '24']
2026-06-12 01:18:20.415 - [DEBUG] ||| run ||| Routing (node[fmul_33_5], opID[25]) placed @ PE[353]
2026-06-12 01:18:20.416 - [DEBUG] ||| run ||| Routing Edge from src_PE[353] -> dest_PE[39]
2026-06-12 01:18:20.416 - [DEBUG] ||| find_valid_port ||| FVP iteration[0] | n_pe = 353, n_opID = 25, child_id = 0, ch_pe = 39 | n_out_opID = [None, None], ch_in_opID = ['19', None]
2026-06-12 01:18:20.417 - [DEBUG] ||| find_valid_port ||| FVP iteration[0] | n_pe = 353, n_opID = 25, child_id = 0, ch_pe = 39 | n_out_opID = [None, None], ch_in_opID = ['19', None]
2026-06-12 01:18:20.417 - [DEBUG] ||| run ||| Routed = True | Result: src_PE[353], src_Node[fmul_33_5], out_opID = [None, '25']; dest_PE[39], dest_Node[fsub_42_5], ch_in_opID = ['19', '25']
2026-06-12 01:18:20.418 - [DEBUG] ||| run ||| Routing (node[fmul_29_5], opID[26]) placed @ PE[354]
2026-06-12 01:18:20.418 - [DEBUG] ||| run ||| Routing Edge from src_PE[354] -> dest_PE[40]
2026-06-12 01:18:20.419 - [DEBUG] ||| find_valid_port ||| FVP iteration[0] | n_pe = 354, n_opID = 26, child_id = 0, ch_pe = 40 | n_out_opID = [None, None], ch_in_opID = ['20', None]
2026-06-12 01:18:20.419 - [DEBUG] ||| find_valid_port ||| FVP iteration[0] | n_pe = 354, n_opID = 26, child_id = 0, ch_pe = 40 | n_out_opID = [None, None], ch_in_opID = ['20', None]
2026-06-12 01:18:20.420 - [DEBUG] ||| run ||| Routed = True | Result: src_PE[354], src_Node[fmul_29_5], out_opID = [None, '26']; dest_PE[40], dest_Node[fadd_44_5], ch_in_opID = ['20', '26']
2026-06-12 01:18:20.421 - [DEBUG] ||| run ||| Routing (node[fmul_25_5], opID[27]) placed @ PE[355]
2026-06-12 01:18:20.421 - [DEBUG] ||| run ||| Routing Edge from src_PE[355] -> dest_PE[41]
2026-06-12 01:18:20.422 - [DEBUG] ||| find_valid_port ||| FVP iteration[0] | n_pe = 355, n_opID = 27, child_id = 0, ch_pe = 41 | n_out_opID = [None, None], ch_in_opID = ['21', None]
2026-06-12 01:18:20.422 - [DEBUG] ||| find_valid_port ||| FVP iteration[0] | n_pe = 355, n_opID = 27, child_id = 0, ch_pe = 41 | n_out_opID = [None, None], ch_in_opID = ['21', None]
2026-06-12 01:18:20.423 - [DEBUG] ||| run ||| Routed = True | Result: src_PE[355], src_Node[fmul_25_5], out_opID = [None, '27']; dest_PE[41], dest_Node[fsub_45_5], ch_in_opID = ['21', '27']
2026-06-12 01:18:20.423 - [DEBUG] ||| run ||| Routing (node[fadd_47_5], opID[28]) placed @ PE[36]
2026-06-12 01:18:20.424 - [DEBUG] ||| run ||| Routing (node[fsub_46_5], opID[29]) placed @ PE[37]
2026-06-12 01:18:20.424 - [DEBUG] ||| run ||| Routing (node[fadd_43_5], opID[30]) placed @ PE[38]
2026-06-12 01:18:20.425 - [DEBUG] ||| run ||| Routing (node[fsub_42_5], opID[31]) placed @ PE[39]
2026-06-12 01:18:20.425 - [DEBUG] ||| run ||| Routing (node[fadd_44_5], opID[32]) placed @ PE[40]
2026-06-12 01:18:20.426 - [DEBUG] ||| run ||| Routing (node[fsub_45_5], opID[33]) placed @ PE[41]
2026-06-12 01:18:20.426 - [DEBUG] ||| run ||| Routing (node[fsub_14_6], opID[0]) placed @ PE[234]
2026-06-12 01:18:20.427 - [DEBUG] ||| run ||| Routing Edge from src_PE[234] -> dest_PE[280]
2026-06-12 01:18:20.428 - [DEBUG] ||| find_valid_port ||| FVP iteration[0] | n_pe = 234, n_opID = 0, child_id = 0, ch_pe = 280 | n_out_opID = [None, None], ch_in_opID = [None, None]
2026-06-12 01:18:20.428 - [DEBUG] ||| run ||| Routed = True | Result: src_PE[234], src_Node[fsub_14_6], out_opID = ['0', None]; dest_PE[280], dest_Node[fsub_34_6], ch_in_opID = ['0', None]
2026-06-12 01:18:20.429 - [DEBUG] ||| run ||| Routing Edge from src_PE[234] -> dest_PE[281]
2026-06-12 01:18:20.429 - [DEBUG] ||| find_valid_port ||| FVP iteration[0] | n_pe = 234, n_opID = 0, child_id = 1, ch_pe = 281 | n_out_opID = ['0', None], ch_in_opID = [None, None]
2026-06-12 01:18:20.430 - [DEBUG] ||| find_valid_port ||| FVP iteration[0] | n_pe = 234, n_opID = 0, child_id = 1, ch_pe = 281 | n_out_opID = ['0', None], ch_in_opID = [None, None]
2026-06-12 01:18:20.430 - [DEBUG] ||| run ||| Routed = True | Result: src_PE[234], src_Node[fsub_14_6], out_opID = ['0', '0']; dest_PE[281], dest_Node[fadd_35_6], ch_in_opID = [None, '0']
2026-06-12 01:18:20.431 - [DEBUG] ||| run ||| Routing (node[fadd_15_6], opID[1]) placed @ PE[235]
2026-06-12 01:18:20.431 - [DEBUG] ||| run ||| Routing Edge from src_PE[235] -> dest_PE[282]
2026-06-12 01:18:20.432 - [DEBUG] ||| find_valid_port ||| FVP iteration[0] | n_pe = 235, n_opID = 1, child_id = 0, ch_pe = 282 | n_out_opID = [None, None], ch_in_opID = [None, None]
2026-06-12 01:18:20.432 - [DEBUG] ||| run ||| Routed = True | Result: src_PE[235], src_Node[fadd_15_6], out_opID = ['1', None]; dest_PE[282], dest_Node[fsub_36_6], ch_in_opID = ['1', None]
2026-06-12 01:18:20.433 - [DEBUG] ||| run ||| Routing Edge from src_PE[235] -> dest_PE[283]
2026-06-12 01:18:20.433 - [DEBUG] ||| find_valid_port ||| FVP iteration[0] | n_pe = 235, n_opID = 1, child_id = 1, ch_pe = 283 | n_out_opID = ['1', None], ch_in_opID = [None, None]
2026-06-12 01:18:20.433 - [DEBUG] ||| find_valid_port ||| FVP iteration[0] | n_pe = 235, n_opID = 1, child_id = 1, ch_pe = 283 | n_out_opID = ['1', None], ch_in_opID = [None, None]
2026-06-12 01:18:20.434 - [DEBUG] ||| run ||| Routed = True | Result: src_PE[235], src_Node[fadd_15_6], out_opID = ['1', '1']; dest_PE[283], dest_Node[fadd_37_6], ch_in_opID = [None, '1']
2026-06-12 01:18:20.434 - [DEBUG] ||| run ||| Routing (node[fsub_17_6], opID[2]) placed @ PE[236]
2026-06-12 01:18:20.435 - [DEBUG] ||| run ||| Routing Edge from src_PE[236] -> dest_PE[284]
2026-06-12 01:18:20.435 - [DEBUG] ||| find_valid_port ||| FVP iteration[0] | n_pe = 236, n_opID = 2, child_id = 0, ch_pe = 284 | n_out_opID = [None, None], ch_in_opID = [None, None]
2026-06-12 01:18:20.436 - [DEBUG] ||| run ||| Routed = True | Result: src_PE[236], src_Node[fsub_17_6], out_opID = ['2', None]; dest_PE[284], dest_Node[fadd_40_6], ch_in_opID = ['2', None]
2026-06-12 01:18:20.436 - [DEBUG] ||| run ||| Routing Edge from src_PE[236] -> dest_PE[285]
2026-06-12 01:18:20.437 - [DEBUG] ||| find_valid_port ||| FVP iteration[0] | n_pe = 236, n_opID = 2, child_id = 1, ch_pe = 285 | n_out_opID = ['2', None], ch_in_opID = [None, None]
2026-06-12 01:18:20.437 - [DEBUG] ||| find_valid_port ||| FVP iteration[0] | n_pe = 236, n_opID = 2, child_id = 1, ch_pe = 285 | n_out_opID = ['2', None], ch_in_opID = [None, None]
2026-06-12 01:18:20.437 - [DEBUG] ||| run ||| Routed = True | Result: src_PE[236], src_Node[fsub_17_6], out_opID = ['2', '2']; dest_PE[285], dest_Node[fsub_41_6], ch_in_opID = [None, '2']
2026-06-12 01:18:20.438 - [DEBUG] ||| run ||| Routing (node[fadd_16_6], opID[3]) placed @ PE[237]
2026-06-12 01:18:20.438 - [DEBUG] ||| run ||| Routing Edge from src_PE[237] -> dest_PE[286]
2026-06-12 01:18:20.439 - [DEBUG] ||| find_valid_port ||| FVP iteration[0] | n_pe = 237, n_opID = 3, child_id = 0, ch_pe = 286 | n_out_opID = [None, None], ch_in_opID = [None, None]
2026-06-12 01:18:20.439 - [DEBUG] ||| run ||| Routed = True | Result: src_PE[237], src_Node[fadd_16_6], out_opID = ['3', None]; dest_PE[286], dest_Node[fsub_38_6], ch_in_opID = ['3', None]
2026-06-12 01:18:20.440 - [DEBUG] ||| run ||| Routing Edge from src_PE[237] -> dest_PE[287]
2026-06-12 01:18:20.440 - [DEBUG] ||| find_valid_port ||| FVP iteration[0] | n_pe = 237, n_opID = 3, child_id = 1, ch_pe = 287 | n_out_opID = ['3', None], ch_in_opID = [None, None]
2026-06-12 01:18:20.440 - [DEBUG] ||| find_valid_port ||| FVP iteration[0] | n_pe = 237, n_opID = 3, child_id = 1, ch_pe = 287 | n_out_opID = ['3', None], ch_in_opID = [None, None]
2026-06-12 01:18:20.441 - [DEBUG] ||| run ||| Routed = True | Result: src_PE[237], src_Node[fadd_16_6], out_opID = ['3', '3']; dest_PE[287], dest_Node[fadd_39_6], ch_in_opID = [None, '3']
2026-06-12 01:18:20.441 - [DEBUG] ||| run ||| Routing (node[fsub_19_6], opID[4]) placed @ PE[238]
2026-06-12 01:18:20.442 - [DEBUG] ||| run ||| Routing Edge from src_PE[238] -> dest_PE[284]
2026-06-12 01:18:20.442 - [DEBUG] ||| find_valid_port ||| FVP iteration[0] | n_pe = 238, n_opID = 4, child_id = 0, ch_pe = 284 | n_out_opID = [None, None], ch_in_opID = ['2', None]
2026-06-12 01:18:20.443 - [DEBUG] ||| find_valid_port ||| FVP iteration[0] | n_pe = 238, n_opID = 4, child_id = 0, ch_pe = 284 | n_out_opID = [None, None], ch_in_opID = ['2', None]
2026-06-12 01:18:20.443 - [DEBUG] ||| run ||| Routed = True | Result: src_PE[238], src_Node[fsub_19_6], out_opID = [None, '4']; dest_PE[284], dest_Node[fadd_40_6], ch_in_opID = ['2', '4']
2026-06-12 01:18:20.443 - [DEBUG] ||| run ||| Routing Edge from src_PE[238] -> dest_PE[285]
2026-06-12 01:18:20.444 - [DEBUG] ||| find_valid_port ||| FVP iteration[0] | n_pe = 238, n_opID = 4, child_id = 1, ch_pe = 285 | n_out_opID = [None, '4'], ch_in_opID = [None, '2']
2026-06-12 01:18:20.444 - [DEBUG] ||| run ||| Routed = True | Result: src_PE[238], src_Node[fsub_19_6], out_opID = ['4', '4']; dest_PE[285], dest_Node[fsub_41_6], ch_in_opID = ['4', '2']
2026-06-12 01:18:20.445 - [DEBUG] ||| run ||| Routing (node[fadd_18_6], opID[5]) placed @ PE[239]
2026-06-12 01:18:20.445 - [DEBUG] ||| run ||| Routing Edge from src_PE[239] -> dest_PE[282]
2026-06-12 01:18:20.446 - [DEBUG] ||| find_valid_port ||| FVP iteration[0] | n_pe = 239, n_opID = 5, child_id = 0, ch_pe = 282 | n_out_opID = [None, None], ch_in_opID = ['1', None]
2026-06-12 01:18:20.446 - [DEBUG] ||| find_valid_port ||| FVP iteration[0] | n_pe = 239, n_opID = 5, child_id = 0, ch_pe = 282 | n_out_opID = [None, None], ch_in_opID = ['1', None]
2026-06-12 01:18:20.447 - [DEBUG] ||| run ||| Routed = True | Result: src_PE[239], src_Node[fadd_18_6], out_opID = [None, '5']; dest_PE[282], dest_Node[fsub_36_6], ch_in_opID = ['1', '5']
2026-06-12 01:18:20.447 - [DEBUG] ||| run ||| Routing Edge from src_PE[239] -> dest_PE[283]
2026-06-12 01:18:20.448 - [DEBUG] ||| find_valid_port ||| FVP iteration[0] | n_pe = 239, n_opID = 5, child_id = 1, ch_pe = 283 | n_out_opID = [None, '5'], ch_in_opID = [None, '1']
2026-06-12 01:18:20.448 - [DEBUG] ||| run ||| Routed = True | Result: src_PE[239], src_Node[fadd_18_6], out_opID = ['5', '5']; dest_PE[283], dest_Node[fadd_37_6], ch_in_opID = ['5', '1']
2026-06-12 01:18:20.448 - [DEBUG] ||| run ||| Routing (node[fsub_21_6], opID[6]) placed @ PE[240]
2026-06-12 01:18:20.449 - [DEBUG] ||| run ||| Routing Edge from src_PE[240] -> dest_PE[280]
2026-06-12 01:18:20.449 - [DEBUG] ||| find_valid_port ||| FVP iteration[0] | n_pe = 240, n_opID = 6, child_id = 0, ch_pe = 280 | n_out_opID = [None, None], ch_in_opID = ['0', None]
2026-06-12 01:18:20.450 - [DEBUG] ||| find_valid_port ||| FVP iteration[0] | n_pe = 240, n_opID = 6, child_id = 0, ch_pe = 280 | n_out_opID = [None, None], ch_in_opID = ['0', None]
2026-06-12 01:18:20.450 - [DEBUG] ||| run ||| Routed = True | Result: src_PE[240], src_Node[fsub_21_6], out_opID = [None, '6']; dest_PE[280], dest_Node[fsub_34_6], ch_in_opID = ['0', '6']
2026-06-12 01:18:20.451 - [DEBUG] ||| run ||| Routing Edge from src_PE[240] -> dest_PE[281]
2026-06-12 01:18:20.451 - [DEBUG] ||| find_valid_port ||| FVP iteration[0] | n_pe = 240, n_opID = 6, child_id = 1, ch_pe = 281 | n_out_opID = [None, '6'], ch_in_opID = [None, '0']
2026-06-12 01:18:20.452 - [DEBUG] ||| run ||| Routed = True | Result: src_PE[240], src_Node[fsub_21_6], out_opID = ['6', '6']; dest_PE[281], dest_Node[fadd_35_6], ch_in_opID = ['6', '0']
2026-06-12 01:18:20.452 - [DEBUG] ||| run ||| Routing (node[fadd_20_6], opID[7]) placed @ PE[241]
2026-06-12 01:18:20.452 - [DEBUG] ||| run ||| Routing Edge from src_PE[241] -> dest_PE[286]
2026-06-12 01:18:20.453 - [DEBUG] ||| find_valid_port ||| FVP iteration[0] | n_pe = 241, n_opID = 7, child_id = 0, ch_pe = 286 | n_out_opID = [None, None], ch_in_opID = ['3', None]
2026-06-12 01:18:20.453 - [DEBUG] ||| find_valid_port ||| FVP iteration[0] | n_pe = 241, n_opID = 7, child_id = 0, ch_pe = 286 | n_out_opID = [None, None], ch_in_opID = ['3', None]
2026-06-12 01:18:20.454 - [DEBUG] ||| run ||| Routed = True | Result: src_PE[241], src_Node[fadd_20_6], out_opID = [None, '7']; dest_PE[286], dest_Node[fsub_38_6], ch_in_opID = ['3', '7']
2026-06-12 01:18:20.454 - [DEBUG] ||| run ||| Routing Edge from src_PE[241] -> dest_PE[287]
2026-06-12 01:18:20.455 - [DEBUG] ||| find_valid_port ||| FVP iteration[0] | n_pe = 241, n_opID = 7, child_id = 1, ch_pe = 287 | n_out_opID = [None, '7'], ch_in_opID = [None, '3']
2026-06-12 01:18:20.455 - [DEBUG] ||| run ||| Routed = True | Result: src_PE[241], src_Node[fadd_20_6], out_opID = ['7', '7']; dest_PE[287], dest_Node[fadd_39_6], ch_in_opID = ['7', '3']
2026-06-12 01:18:20.455 - [DEBUG] ||| run ||| Routing (node[fsub_34_6], opID[8]) placed @ PE[280]
2026-06-12 01:18:20.456 - [DEBUG] ||| run ||| Routing Edge from src_PE[280] -> dest_PE[357]
2026-06-12 01:18:20.456 - [DEBUG] ||| find_valid_port ||| FVP iteration[0] | n_pe = 280, n_opID = 8, child_id = 0, ch_pe = 357 | n_out_opID = [None, None], ch_in_opID = [None, None]
2026-06-12 01:18:20.457 - [DEBUG] ||| run ||| Routed = True | Result: src_PE[280], src_Node[fsub_34_6], out_opID = ['8', None]; dest_PE[357], dest_Node[fmul_26_6], ch_in_opID = ['8', None]
2026-06-12 01:18:20.457 - [DEBUG] ||| run ||| Routing Edge from src_PE[280] -> dest_PE[356]
2026-06-12 01:18:20.457 - [DEBUG] ||| find_valid_port ||| FVP iteration[0] | n_pe = 280, n_opID = 8, child_id = 1, ch_pe = 356 | n_out_opID = ['8', None], ch_in_opID = [None, None]
2026-06-12 01:18:20.458 - [DEBUG] ||| find_valid_port ||| FVP iteration[0] | n_pe = 280, n_opID = 8, child_id = 1, ch_pe = 356 | n_out_opID = ['8', None], ch_in_opID = [None, None]
2026-06-12 01:18:20.458 - [DEBUG] ||| run ||| Routed = True | Result: src_PE[280], src_Node[fsub_34_6], out_opID = ['8', '8']; dest_PE[356], dest_Node[fmul_30_6], ch_in_opID = [None, '8']
2026-06-12 01:18:20.459 - [DEBUG] ||| run ||| Routing (node[fadd_35_6], opID[9]) placed @ PE[281]
2026-06-12 01:18:20.459 - [DEBUG] ||| run ||| Routing Edge from src_PE[281] -> dest_PE[359]
2026-06-12 01:18:20.460 - [DEBUG] ||| find_valid_port ||| FVP iteration[0] | n_pe = 281, n_opID = 9, child_id = 0, ch_pe = 359 | n_out_opID = [None, None], ch_in_opID = [None, None]
2026-06-12 01:18:20.460 - [DEBUG] ||| run ||| Routed = True | Result: src_PE[281], src_Node[fadd_35_6], out_opID = ['9', None]; dest_PE[359], dest_Node[fmul_22_6], ch_in_opID = ['9', None]
2026-06-12 01:18:20.461 - [DEBUG] ||| run ||| Routing Edge from src_PE[281] -> dest_PE[358]
2026-06-12 01:18:20.461 - [DEBUG] ||| find_valid_port ||| FVP iteration[0] | n_pe = 281, n_opID = 9, child_id = 1, ch_pe = 358 | n_out_opID = ['9', None], ch_in_opID = [None, None]
2026-06-12 01:18:20.462 - [DEBUG] ||| find_valid_port ||| FVP iteration[0] | n_pe = 281, n_opID = 9, child_id = 1, ch_pe = 358 | n_out_opID = ['9', None], ch_in_opID = [None, None]
2026-06-12 01:18:20.462 - [DEBUG] ||| run ||| Routed = True | Result: src_PE[281], src_Node[fadd_35_6], out_opID = ['9', '9']; dest_PE[358], dest_Node[fmul_32_6], ch_in_opID = [None, '9']
2026-06-12 01:18:20.463 - [DEBUG] ||| run ||| Routing (node[fsub_36_6], opID[10]) placed @ PE[282]
2026-06-12 01:18:20.463 - [DEBUG] ||| run ||| Routing Edge from src_PE[282] -> dest_PE[360]
2026-06-12 01:18:20.464 - [DEBUG] ||| find_valid_port ||| FVP iteration[0] | n_pe = 282, n_opID = 10, child_id = 0, ch_pe = 360 | n_out_opID = [None, None], ch_in_opID = [None, None]
2026-06-12 01:18:20.464 - [DEBUG] ||| run ||| Routed = True | Result: src_PE[282], src_Node[fsub_36_6], out_opID = ['10', None]; dest_PE[360], dest_Node[fmul_24_6], ch_in_opID = ['10', None]
2026-06-12 01:18:20.465 - [DEBUG] ||| run ||| Routing Edge from src_PE[282] -> dest_PE[361]
2026-06-12 01:18:20.465 - [DEBUG] ||| find_valid_port ||| FVP iteration[0] | n_pe = 282, n_opID = 10, child_id = 1, ch_pe = 361 | n_out_opID = ['10', None], ch_in_opID = [None, None]
2026-06-12 01:18:20.466 - [DEBUG] ||| find_valid_port ||| FVP iteration[0] | n_pe = 282, n_opID = 10, child_id = 1, ch_pe = 361 | n_out_opID = ['10', None], ch_in_opID = [None, None]
2026-06-12 01:18:20.467 - [DEBUG] ||| run ||| Routed = True | Result: src_PE[282], src_Node[fsub_36_6], out_opID = ['10', '10']; dest_PE[361], dest_Node[fmul_28_6], ch_in_opID = [None, '10']
2026-06-12 01:18:20.467 - [DEBUG] ||| run ||| Routing (node[fadd_37_6], opID[11]) placed @ PE[283]
2026-06-12 01:18:20.468 - [DEBUG] ||| run ||| Routing (node[fadd_40_6], opID[12]) placed @ PE[284]
2026-06-12 01:18:20.468 - [DEBUG] ||| run ||| Routing Edge from src_PE[284] -> dest_PE[362]
2026-06-12 01:18:20.469 - [DEBUG] ||| find_valid_port ||| FVP iteration[0] | n_pe = 284, n_opID = 12, child_id = 0, ch_pe = 362 | n_out_opID = [None, None], ch_in_opID = [None, None]
2026-06-12 01:18:20.469 - [DEBUG] ||| run ||| Routed = True | Result: src_PE[284], src_Node[fadd_40_6], out_opID = ['12', None]; dest_PE[362], dest_Node[fmul_27_6], ch_in_opID = ['12', None]
2026-06-12 01:18:20.470 - [DEBUG] ||| run ||| Routing Edge from src_PE[284] -> dest_PE[363]
2026-06-12 01:18:20.470 - [DEBUG] ||| find_valid_port ||| FVP iteration[0] | n_pe = 284, n_opID = 12, child_id = 1, ch_pe = 363 | n_out_opID = ['12', None], ch_in_opID = [None, None]
2026-06-12 01:18:20.471 - [DEBUG] ||| find_valid_port ||| FVP iteration[0] | n_pe = 284, n_opID = 12, child_id = 1, ch_pe = 363 | n_out_opID = ['12', None], ch_in_opID = [None, None]
2026-06-12 01:18:20.472 - [DEBUG] ||| run ||| Routed = True | Result: src_PE[284], src_Node[fadd_40_6], out_opID = ['12', '12']; dest_PE[363], dest_Node[fmul_31_6], ch_in_opID = [None, '12']
2026-06-12 01:18:20.472 - [DEBUG] ||| run ||| Routing (node[fsub_41_6], opID[13]) placed @ PE[285]
2026-06-12 01:18:20.472 - [DEBUG] ||| run ||| Routing Edge from src_PE[285] -> dest_PE[364]
2026-06-12 01:18:20.473 - [DEBUG] ||| find_valid_port ||| FVP iteration[0] | n_pe = 285, n_opID = 13, child_id = 0, ch_pe = 364 | n_out_opID = [None, None], ch_in_opID = [None, None]
2026-06-12 01:18:20.473 - [DEBUG] ||| run ||| Routed = True | Result: src_PE[285], src_Node[fsub_41_6], out_opID = ['13', None]; dest_PE[364], dest_Node[fmul_23_6], ch_in_opID = ['13', None]
2026-06-12 01:18:20.474 - [DEBUG] ||| run ||| Routing Edge from src_PE[285] -> dest_PE[365]
2026-06-12 01:18:20.474 - [DEBUG] ||| find_valid_port ||| FVP iteration[0] | n_pe = 285, n_opID = 13, child_id = 1, ch_pe = 365 | n_out_opID = ['13', None], ch_in_opID = [None, None]
2026-06-12 01:18:20.475 - [DEBUG] ||| find_valid_port ||| FVP iteration[0] | n_pe = 285, n_opID = 13, child_id = 1, ch_pe = 365 | n_out_opID = ['13', None], ch_in_opID = [None, None]
2026-06-12 01:18:20.475 - [DEBUG] ||| run ||| Routed = True | Result: src_PE[285], src_Node[fsub_41_6], out_opID = ['13', '13']; dest_PE[365], dest_Node[fmul_33_6], ch_in_opID = [None, '13']
2026-06-12 01:18:20.476 - [DEBUG] ||| run ||| Routing (node[fsub_38_6], opID[14]) placed @ PE[286]
2026-06-12 01:18:20.476 - [DEBUG] ||| run ||| Routing Edge from src_PE[286] -> dest_PE[367]
2026-06-12 01:18:20.477 - [DEBUG] ||| find_valid_port ||| FVP iteration[0] | n_pe = 286, n_opID = 14, child_id = 0, ch_pe = 367 | n_out_opID = [None, None], ch_in_opID = [None, None]
2026-06-12 01:18:20.477 - [DEBUG] ||| run ||| Routed = True | Result: src_PE[286], src_Node[fsub_38_6], out_opID = ['14', None]; dest_PE[367], dest_Node[fmul_25_6], ch_in_opID = ['14', None]
2026-06-12 01:18:20.478 - [DEBUG] ||| run ||| Routing Edge from src_PE[286] -> dest_PE[366]
2026-06-12 01:18:20.478 - [DEBUG] ||| find_valid_port ||| FVP iteration[0] | n_pe = 286, n_opID = 14, child_id = 1, ch_pe = 366 | n_out_opID = ['14', None], ch_in_opID = [None, None]
2026-06-12 01:18:20.479 - [DEBUG] ||| find_valid_port ||| FVP iteration[0] | n_pe = 286, n_opID = 14, child_id = 1, ch_pe = 366 | n_out_opID = ['14', None], ch_in_opID = [None, None]
2026-06-12 01:18:20.479 - [DEBUG] ||| run ||| Routed = True | Result: src_PE[286], src_Node[fsub_38_6], out_opID = ['14', '14']; dest_PE[366], dest_Node[fmul_29_6], ch_in_opID = [None, '14']
2026-06-12 01:18:20.480 - [DEBUG] ||| run ||| Routing (node[fadd_39_6], opID[15]) placed @ PE[287]
2026-06-12 01:18:20.480 - [DEBUG] ||| run ||| Routing (node[fmul_30_6], opID[16]) placed @ PE[356]
2026-06-12 01:18:20.481 - [DEBUG] ||| run ||| Routing Edge from src_PE[356] -> dest_PE[42]
2026-06-12 01:18:20.481 - [DEBUG] ||| find_valid_port ||| FVP iteration[0] | n_pe = 356, n_opID = 16, child_id = 0, ch_pe = 42 | n_out_opID = [None, None], ch_in_opID = [None, None]
2026-06-12 01:18:20.482 - [DEBUG] ||| run ||| Routed = True | Result: src_PE[356], src_Node[fmul_30_6], out_opID = ['16', None]; dest_PE[42], dest_Node[fadd_47_6], ch_in_opID = ['16', None]
2026-06-12 01:18:20.482 - [DEBUG] ||| run ||| Routing (node[fmul_26_6], opID[17]) placed @ PE[357]
2026-06-12 01:18:20.483 - [DEBUG] ||| run ||| Routing Edge from src_PE[357] -> dest_PE[43]
2026-06-12 01:18:20.483 - [DEBUG] ||| find_valid_port ||| FVP iteration[0] | n_pe = 357, n_opID = 17, child_id = 0, ch_pe = 43 | n_out_opID = [None, None], ch_in_opID = [None, None]
2026-06-12 01:18:20.484 - [DEBUG] ||| run ||| Routed = True | Result: src_PE[357], src_Node[fmul_26_6], out_opID = ['17', None]; dest_PE[43], dest_Node[fsub_46_6], ch_in_opID = ['17', None]
2026-06-12 01:18:20.484 - [DEBUG] ||| run ||| Routing (node[fmul_32_6], opID[18]) placed @ PE[358]
2026-06-12 01:18:20.485 - [DEBUG] ||| run ||| Routing Edge from src_PE[358] -> dest_PE[44]
2026-06-12 01:18:20.485 - [DEBUG] ||| find_valid_port ||| FVP iteration[0] | n_pe = 358, n_opID = 18, child_id = 0, ch_pe = 44 | n_out_opID = [None, None], ch_in_opID = [None, None]
2026-06-12 01:18:20.486 - [DEBUG] ||| run ||| Routed = True | Result: src_PE[358], src_Node[fmul_32_6], out_opID = ['18', None]; dest_PE[44], dest_Node[fadd_43_6], ch_in_opID = ['18', None]
2026-06-12 01:18:20.486 - [DEBUG] ||| run ||| Routing (node[fmul_22_6], opID[19]) placed @ PE[359]
2026-06-12 01:18:20.486 - [DEBUG] ||| run ||| Routing Edge from src_PE[359] -> dest_PE[45]
2026-06-12 01:18:20.487 - [DEBUG] ||| find_valid_port ||| FVP iteration[0] | n_pe = 359, n_opID = 19, child_id = 0, ch_pe = 45 | n_out_opID = [None, None], ch_in_opID = [None, None]
2026-06-12 01:18:20.487 - [DEBUG] ||| run ||| Routed = True | Result: src_PE[359], src_Node[fmul_22_6], out_opID = ['19', None]; dest_PE[45], dest_Node[fsub_42_6], ch_in_opID = ['19', None]
2026-06-12 01:18:20.488 - [DEBUG] ||| run ||| Routing (node[fmul_24_6], opID[20]) placed @ PE[360]
2026-06-12 01:18:20.488 - [DEBUG] ||| run ||| Routing Edge from src_PE[360] -> dest_PE[46]
2026-06-12 01:18:20.489 - [DEBUG] ||| find_valid_port ||| FVP iteration[0] | n_pe = 360, n_opID = 20, child_id = 0, ch_pe = 46 | n_out_opID = [None, None], ch_in_opID = [None, None]
2026-06-12 01:18:20.489 - [DEBUG] ||| run ||| Routed = True | Result: src_PE[360], src_Node[fmul_24_6], out_opID = ['20', None]; dest_PE[46], dest_Node[fadd_44_6], ch_in_opID = ['20', None]
2026-06-12 01:18:20.490 - [DEBUG] ||| run ||| Routing (node[fmul_28_6], opID[21]) placed @ PE[361]
2026-06-12 01:18:20.490 - [DEBUG] ||| run ||| Routing Edge from src_PE[361] -> dest_PE[47]
2026-06-12 01:18:20.491 - [DEBUG] ||| find_valid_port ||| FVP iteration[0] | n_pe = 361, n_opID = 21, child_id = 0, ch_pe = 47 | n_out_opID = [None, None], ch_in_opID = [None, None]
2026-06-12 01:18:20.491 - [DEBUG] ||| run ||| Routed = True | Result: src_PE[361], src_Node[fmul_28_6], out_opID = ['21', None]; dest_PE[47], dest_Node[fsub_45_6], ch_in_opID = ['21', None]
2026-06-12 01:18:20.492 - [DEBUG] ||| run ||| Routing (node[fmul_27_6], opID[22]) placed @ PE[362]
2026-06-12 01:18:20.492 - [DEBUG] ||| run ||| Routing Edge from src_PE[362] -> dest_PE[42]
2026-06-12 01:18:20.493 - [DEBUG] ||| find_valid_port ||| FVP iteration[0] | n_pe = 362, n_opID = 22, child_id = 0, ch_pe = 42 | n_out_opID = [None, None], ch_in_opID = ['16', None]
2026-06-12 01:18:20.493 - [DEBUG] ||| find_valid_port ||| FVP iteration[0] | n_pe = 362, n_opID = 22, child_id = 0, ch_pe = 42 | n_out_opID = [None, None], ch_in_opID = ['16', None]
2026-06-12 01:18:20.494 - [DEBUG] ||| run ||| Routed = True | Result: src_PE[362], src_Node[fmul_27_6], out_opID = [None, '22']; dest_PE[42], dest_Node[fadd_47_6], ch_in_opID = ['16', '22']
2026-06-12 01:18:20.494 - [DEBUG] ||| run ||| Routing (node[fmul_31_6], opID[23]) placed @ PE[363]
2026-06-12 01:18:20.495 - [DEBUG] ||| run ||| Routing Edge from src_PE[363] -> dest_PE[43]
2026-06-12 01:18:20.495 - [DEBUG] ||| find_valid_port ||| FVP iteration[0] | n_pe = 363, n_opID = 23, child_id = 0, ch_pe = 43 | n_out_opID = [None, None], ch_in_opID = ['17', None]
2026-06-12 01:18:20.496 - [DEBUG] ||| find_valid_port ||| FVP iteration[0] | n_pe = 363, n_opID = 23, child_id = 0, ch_pe = 43 | n_out_opID = [None, None], ch_in_opID = ['17', None]
2026-06-12 01:18:20.496 - [DEBUG] ||| run ||| Routed = True | Result: src_PE[363], src_Node[fmul_31_6], out_opID = [None, '23']; dest_PE[43], dest_Node[fsub_46_6], ch_in_opID = ['17', '23']
2026-06-12 01:18:20.497 - [DEBUG] ||| run ||| Routing (node[fmul_23_6], opID[24]) placed @ PE[364]
2026-06-12 01:18:20.497 - [DEBUG] ||| run ||| Routing Edge from src_PE[364] -> dest_PE[44]
2026-06-12 01:18:20.498 - [DEBUG] ||| find_valid_port ||| FVP iteration[0] | n_pe = 364, n_opID = 24, child_id = 0, ch_pe = 44 | n_out_opID = [None, None], ch_in_opID = ['18', None]
2026-06-12 01:18:20.498 - [DEBUG] ||| find_valid_port ||| FVP iteration[0] | n_pe = 364, n_opID = 24, child_id = 0, ch_pe = 44 | n_out_opID = [None, None], ch_in_opID = ['18', None]
2026-06-12 01:18:20.498 - [DEBUG] ||| run ||| Routed = True | Result: src_PE[364], src_Node[fmul_23_6], out_opID = [None, '24']; dest_PE[44], dest_Node[fadd_43_6], ch_in_opID = ['18', '24']
2026-06-12 01:18:20.499 - [DEBUG] ||| run ||| Routing (node[fmul_33_6], opID[25]) placed @ PE[365]
2026-06-12 01:18:20.499 - [DEBUG] ||| run ||| Routing Edge from src_PE[365] -> dest_PE[45]
2026-06-12 01:18:20.500 - [DEBUG] ||| find_valid_port ||| FVP iteration[0] | n_pe = 365, n_opID = 25, child_id = 0, ch_pe = 45 | n_out_opID = [None, None], ch_in_opID = ['19', None]
2026-06-12 01:18:20.500 - [DEBUG] ||| find_valid_port ||| FVP iteration[0] | n_pe = 365, n_opID = 25, child_id = 0, ch_pe = 45 | n_out_opID = [None, None], ch_in_opID = ['19', None]
2026-06-12 01:18:20.500 - [DEBUG] ||| run ||| Routed = True | Result: src_PE[365], src_Node[fmul_33_6], out_opID = [None, '25']; dest_PE[45], dest_Node[fsub_42_6], ch_in_opID = ['19', '25']
2026-06-12 01:18:20.501 - [DEBUG] ||| run ||| Routing (node[fmul_29_6], opID[26]) placed @ PE[366]
2026-06-12 01:18:20.501 - [DEBUG] ||| run ||| Routing Edge from src_PE[366] -> dest_PE[46]
2026-06-12 01:18:20.502 - [DEBUG] ||| find_valid_port ||| FVP iteration[0] | n_pe = 366, n_opID = 26, child_id = 0, ch_pe = 46 | n_out_opID = [None, None], ch_in_opID = ['20', None]
2026-06-12 01:18:20.502 - [DEBUG] ||| find_valid_port ||| FVP iteration[0] | n_pe = 366, n_opID = 26, child_id = 0, ch_pe = 46 | n_out_opID = [None, None], ch_in_opID = ['20', None]
2026-06-12 01:18:20.502 - [DEBUG] ||| run ||| Routed = True | Result: src_PE[366], src_Node[fmul_29_6], out_opID = [None, '26']; dest_PE[46], dest_Node[fadd_44_6], ch_in_opID = ['20', '26']
2026-06-12 01:18:20.503 - [DEBUG] ||| run ||| Routing (node[fmul_25_6], opID[27]) placed @ PE[367]
2026-06-12 01:18:20.503 - [DEBUG] ||| run ||| Routing Edge from src_PE[367] -> dest_PE[47]
2026-06-12 01:18:20.504 - [DEBUG] ||| find_valid_port ||| FVP iteration[0] | n_pe = 367, n_opID = 27, child_id = 0, ch_pe = 47 | n_out_opID = [None, None], ch_in_opID = ['21', None]
2026-06-12 01:18:20.504 - [DEBUG] ||| find_valid_port ||| FVP iteration[0] | n_pe = 367, n_opID = 27, child_id = 0, ch_pe = 47 | n_out_opID = [None, None], ch_in_opID = ['21', None]
2026-06-12 01:18:20.505 - [DEBUG] ||| run ||| Routed = True | Result: src_PE[367], src_Node[fmul_25_6], out_opID = [None, '27']; dest_PE[47], dest_Node[fsub_45_6], ch_in_opID = ['21', '27']
2026-06-12 01:18:20.505 - [DEBUG] ||| run ||| Routing (node[fadd_47_6], opID[28]) placed @ PE[42]
2026-06-12 01:18:20.505 - [DEBUG] ||| run ||| Routing (node[fsub_46_6], opID[29]) placed @ PE[43]
2026-06-12 01:18:20.506 - [DEBUG] ||| run ||| Routing (node[fadd_43_6], opID[30]) placed @ PE[44]
2026-06-12 01:18:20.506 - [DEBUG] ||| run ||| Routing (node[fsub_42_6], opID[31]) placed @ PE[45]
2026-06-12 01:18:20.507 - [DEBUG] ||| run ||| Routing (node[fadd_44_6], opID[32]) placed @ PE[46]
2026-06-12 01:18:20.507 - [DEBUG] ||| run ||| Routing (node[fsub_45_6], opID[33]) placed @ PE[47]
2026-06-12 01:18:20.507 - [INFO] ||| run ||| Routing Phase-1: Complete
2026-06-12 01:18:20.795 - [INFO] ||| run ||| Routing Phase-2, Block[0], Path[0]: Complete
2026-06-12 01:18:21.075 - [INFO] ||| run ||| Routing Phase-2, Block[0], Path[1]: Complete
2026-06-12 01:18:21.313 - [INFO] ||| run ||| Routing Phase-2, Block[1], Path[0]: Complete
2026-06-12 01:18:21.540 - [INFO] ||| run ||| Routing Phase-2, Block[1], Path[1]: Complete
2026-06-12 01:18:21.787 - [INFO] ||| run ||| Routing Phase-2, Block[2], Path[0]: Complete
2026-06-12 01:18:22.019 - [INFO] ||| run ||| Routing Phase-2, Block[2], Path[1]: Complete
2026-06-12 01:18:22.274 - [INFO] ||| run ||| Routing Phase-2, Block[3], Path[0]: Complete
2026-06-12 01:18:22.458 - [INFO] ||| run ||| Routing Phase-2, Block[3], Path[1]: Complete
2026-06-12 01:18:22.634 - [INFO] ||| run ||| Routing Phase-2, Block[4], Path[0]: Complete
2026-06-12 01:18:22.822 - [INFO] ||| run ||| Routing Phase-2, Block[4], Path[1]: Complete
2026-06-12 01:18:23.117 - [INFO] ||| run ||| Routing Phase-2, Block[5], Path[0]: Complete
2026-06-12 01:18:23.348 - [INFO] ||| run ||| Routing Phase-2, Block[5], Path[1]: Complete
2026-06-12 01:18:23.349 - [INFO] ||| run ||| Routing: PASSED
